Kingdom,Phylum,Class,Order,Family,Genus,Species
k__Bacteria;,p__Acidobacteria;,c__Acidobacteria;,o__Acidobacteriales;,f__Acidobacteriaceae;,g__Acidobacterium;,_CP001472
k__Bacteria;,p__Actinobacteria;,c__Actinobacteridae;,o__Actinomycetales;,f__Actinomycetaceae;,g__Actinobaculum;,_FJ976344
k__Bacteria;,p__Actinobacteria;,c__Actinobacteridae;,o__Actinomycetales;,f__Actinomycetaceae;,g__Actinobaculum;,_FJ976277
k__Bacteria;,p__Actinobacteria;,c__Actinobacteridae;,o__Actinomycetales;,f__Actinomycetaceae;,g__Actinobaculum;,_GQ131416
k__Bacteria;,p__Actinobacteria;,c__Actinobacteridae;,o__Actinomycetales;,f__Actinomycetaceae;,g__Actinobaculum;,_GU430997
k__Bacteria;,p__Actinobacteria;,c__Actinobacteridae;,o__Actinomycetales;,f__Actinomycetaceae;,g__Actinomyces;,_AB308089
k__Bacteria;,p__Actinobacteria;,c__Actinobacteridae;,o__Actinomycetales;,f__Actinomycetaceae;,g__Actinomyces;,_NR_025521
k__Bacteria;,p__Actinobacteria;,c__Actinobacteridae;,o__Actinomycetales;,f__Actinomycetaceae;,g__Actinomyces;,_GU470888
k__Bacteria;,p__Actinobacteria;,c__Actinobacteridae;,o__Actinomycetales;,f__Actinomycetaceae;,g__Actinomyces;,_AJ697609
k__Bacteria;,p__Actinobacteria;,c__Actinobacteridae;,o__Actinomycetales;,f__Actinomycetaceae;,g__Actinomyces;,_DQ003632
k__Bacteria;,p__Actinobacteria;,c__Actinobacteridae;,o__Actinomycetales;,f__Actinomycetaceae;,g__Actinomyces;,_GQ051099
k__Bacteria;,p__Actinobacteria;,c__Actinobacteridae;,o__Actinomycetales;,f__Actinomycetaceae;,g__Actinomyces;,_X80413
k__Bacteria;,p__Actinobacteria;,c__Actinobacteridae;,o__Actinomycetales;,f__Actinomycetaceae;,g__Actinomyces;,_AF287750
k__Bacteria;,p__Actinobacteria;,c__Actinobacteridae;,o__Actinomycetales;,f__Actinomycetaceae;,g__Actinomyces;,_X80414
k__Bacteria;,p__Actinobacteria;,c__Actinobacteridae;,o__Actinomycetales;,f__Actinomycetaceae;,g__Actinomyces;,_GU227174
k__Bacteria;,p__Actinobacteria;,c__Actinobacteridae;,o__Actinomycetales;,f__Actinomycetaceae;,g__Actinomyces;,_GU418025
k__Bacteria;,p__Actinobacteria;,c__Actinobacteridae;,o__Actinomycetales;,f__Actinomycetaceae;,g__Actinomyces;,_AJ540309
k__Bacteria;,p__Actinobacteria;,c__Actinobacteridae;,o__Actinomycetales;,f__Actinomycetaceae;,g__Actinomyces;,_AY349364
k__Bacteria;,p__Actinobacteria;,c__Actinobacteridae;,o__Actinomycetales;,f__Actinomycetaceae;,g__Actinomyces;,_AY349365
k__Bacteria;,p__Actinobacteria;,c__Actinobacteridae;,o__Actinomycetales;,f__Actinomycetaceae;,g__Actinomyces;,_AF479270
k__Bacteria;,p__Actinobacteria;,c__Actinobacteridae;,o__Actinomycetales;,f__Actinomycetaceae;,g__Actinomyces;,_EF558367
k__Bacteria;,p__Actinobacteria;,c__Actinobacteridae;,o__Actinomycetales;,f__Actinomycetaceae;,g__Actinomyces;,_GQ073294
k__Bacteria;,p__Actinobacteria;,c__Actinobacteridae;,o__Actinomycetales;,f__Actinomycetaceae;,g__Actinomyces;,_X82451
k__Bacteria;,p__Actinobacteria;,c__Actinobacteridae;,o__Actinomycetales;,f__Actinomycetaceae;,g__Actinomyces;,_GU407314
k__Bacteria;,p__Actinobacteria;,c__Actinobacteridae;,o__Actinomycetales;,f__Actinomycetaceae;,g__Actinomyces;,_GQ017278
k__Bacteria;,p__Actinobacteria;,c__Actinobacteridae;,o__Actinomycetales;,f__Actinomycetaceae;,g__Actinomyces;,_GQ091958
k__Bacteria;,p__Actinobacteria;,c__Actinobacteridae;,o__Actinomycetales;,f__Actinomycetaceae;,g__Actinomyces;,_AJ271894
k__Bacteria;,p__Actinobacteria;,c__Actinobacteridae;,o__Actinomycetales;,f__Actinomycetaceae;,g__Actinomyces;,_AJ234037
k__Bacteria;,p__Actinobacteria;,c__Actinobacteridae;,o__Actinomycetales;,f__Actinomycetaceae;,g__Actinomyces;,_AJ234041
k__Bacteria;,p__Actinobacteria;,c__Actinobacteridae;,o__Actinomycetales;,f__Actinomycetaceae;,g__Actinomyces;,_AJ234040
k__Bacteria;,p__Actinobacteria;,c__Actinobacteridae;,o__Actinomycetales;,f__Actinomycetaceae;,g__Actinomyces;,_AY278611
k__Bacteria;,p__Actinobacteria;,c__Actinobacteridae;,o__Actinomycetales;,f__Actinomycetaceae;,g__Actinomyces;,_GU407081
k__Bacteria;,p__Actinobacteria;,c__Actinobacteridae;,o__Actinomycetales;,f__Actinomycetaceae;,g__Actinomyces;,_GU407114
k__Bacteria;,p__Actinobacteria;,c__Actinobacteridae;,o__Actinomycetales;,f__Actinomycetaceae;,g__Actinomyces;,_GU407131
k__Bacteria;,p__Actinobacteria;,c__Actinobacteridae;,o__Actinomycetales;,f__Actinomycetaceae;,g__Actinomyces;,_GU407143
k__Bacteria;,p__Actinobacteria;,c__Actinobacteridae;,o__Actinomycetales;,f__Actinomycetaceae;,g__Actinomyces;,_GU407164
k__Bacteria;,p__Actinobacteria;,c__Actinobacteridae;,o__Actinomycetales;,f__Actinomycetaceae;,g__Actinomyces;,_GU470901
k__Bacteria;,p__Actinobacteria;,c__Actinobacteridae;,o__Actinomycetales;,f__Actinomycetaceae;,g__Actinomyces;,_AJ507295
k__Bacteria;,p__Actinobacteria;,c__Actinobacteridae;,o__Actinomycetales;,f__Actinomycetaceae;,g__Actinomyces;,_AJ635359
k__Bacteria;,p__Actinobacteria;,c__Actinobacteridae;,o__Actinomycetales;,f__Actinomycetaceae;,g__Actinomyces;,_AB062278
k__Bacteria;,p__Actinobacteria;,c__Actinobacteridae;,o__Actinomycetales;,f__Actinomycetaceae;,g__Actinomyces;,_AJ234051
k__Bacteria;,p__Actinobacteria;,c__Actinobacteridae;,o__Actinomycetales;,f__Actinomycetaceae;,g__Actinomyces;,_AJ234048
k__Bacteria;,p__Actinobacteria;,c__Actinobacteridae;,o__Actinomycetales;,f__Actinomycetaceae;,g__Actinomyces;,_X81062
k__Bacteria;,p__Actinobacteria;,c__Actinobacteridae;,o__Actinomycetales;,f__Actinomycetaceae;,g__Actinomyces;,_X53225
k__Bacteria;,p__Actinobacteria;,c__Actinobacteridae;,o__Actinomycetales;,f__Actinomycetaceae;,g__Actinomyces;,_AF543286
k__Bacteria;,p__Actinobacteria;,c__Actinobacteridae;,o__Actinomycetales;,f__Actinomycetaceae;,g__Actinomyces;,_AF287747
k__Bacteria;,p__Actinobacteria;,c__Actinobacteridae;,o__Actinomycetales;,f__Actinomycetaceae;,g__Actinomyces;,_AF385553
k__Bacteria;,p__Actinobacteria;,c__Actinobacteridae;,o__Actinomycetales;,f__Actinomycetaceae;,g__Actinomyces;,_AB545935
k__Bacteria;,p__Actinobacteria;,c__Actinobacteridae;,o__Actinomycetales;,f__Actinomycetaceae;,g__Actinomyces;,_AF287749
k__Bacteria;,p__Actinobacteria;,c__Actinobacteridae;,o__Actinomycetales;,f__Actinomycetaceae;,g__Actinomyces;,_AJ234056
k__Bacteria;,p__Actinobacteria;,c__Actinobacteridae;,o__Actinomycetales;,f__Actinomycetaceae;,g__Actinomyces;,_AY008314
k__Bacteria;,p__Actinobacteria;,c__Actinobacteridae;,o__Actinomycetales;,f__Actinomycetaceae;,g__Actinomyces;,_DQ016919
k__Bacteria;,p__Actinobacteria;,c__Actinobacteridae;,o__Actinomycetales;,f__Actinomycetaceae;,g__Actinomyces;,_GQ113043
k__Bacteria;,p__Actinobacteria;,c__Actinobacteridae;,o__Actinomycetales;,f__Actinomycetaceae;,g__Actinomyces;,_GQ113810
k__Bacteria;,p__Actinobacteria;,c__Actinobacteridae;,o__Actinomycetales;,f__Actinomycetaceae;,g__Actinomyces;,_GQ421312
k__Bacteria;,p__Actinobacteria;,c__Actinobacteridae;,o__Actinomycetales;,f__Actinomycetaceae;,g__Actinomyces;,_GQ421320
k__Bacteria;,p__Actinobacteria;,c__Actinobacteridae;,o__Actinomycetales;,f__Actinomycetaceae;,g__Actinomyces;,_GQ101360
k__Bacteria;,p__Actinobacteria;,c__Actinobacteridae;,o__Actinomycetales;,f__Actinomycetaceae;,g__Actinomyces;,_GQ421314
k__Bacteria;,p__Actinobacteria;,c__Actinobacteridae;,o__Actinomycetales;,f__Corynebacteriaceae;,g__Corynebacterium;,_AF537589
k__Bacteria;,p__Actinobacteria;,c__Actinobacteridae;,o__Actinomycetales;,f__Corynebacteriaceae;,g__Corynebacterium;,_AF537593
k__Bacteria;,p__Actinobacteria;,c__Actinobacteridae;,o__Actinomycetales;,f__Corynebacteriaceae;,g__Corynebacterium;,_AF543285
k__Bacteria;,p__Actinobacteria;,c__Actinobacteridae;,o__Actinomycetales;,f__Corynebacteriaceae;,g__Corynebacterium;,_FJ976416
k__Bacteria;,p__Actinobacteria;,c__Actinobacteridae;,o__Actinomycetales;,f__Corynebacteriaceae;,g__Corynebacterium;,_GQ067896
k__Bacteria;,p__Actinobacteria;,c__Actinobacteridae;,o__Actinomycetales;,f__Corynebacteriaceae;,g__Corynebacterium;,_X84443
k__Bacteria;,p__Actinobacteria;,c__Actinobacteridae;,o__Actinomycetales;,f__Corynebacteriaceae;,g__Corynebacterium;,_AF543287
k__Bacteria;,p__Actinobacteria;,c__Actinobacteridae;,o__Actinomycetales;,f__Corynebacteriaceae;,g__Corynebacterium;,_X82065
k__Bacteria;,p__Actinobacteria;,c__Actinobacteridae;,o__Actinomycetales;,f__Corynebacteriaceae;,g__Corynebacterium;,_GQ002575
k__Bacteria;,p__Actinobacteria;,c__Actinobacteridae;,o__Actinomycetales;,f__Corynebacteriaceae;,g__Corynebacterium;,_AM420019
k__Bacteria;,p__Actinobacteria;,c__Actinobacteridae;,o__Actinomycetales;,f__Corynebacteriaceae;,g__Corynebacterium;,_AM420211
k__Bacteria;,p__Actinobacteria;,c__Actinobacteridae;,o__Actinomycetales;,f__Corynebacteriaceae;,g__Corynebacterium;,_GQ039328
k__Bacteria;,p__Actinobacteria;,c__Actinobacteridae;,o__Actinomycetales;,f__Corynebacteriaceae;,g__Corynebacterium;,_GQ116155
k__Bacteria;,p__Actinobacteria;,c__Actinobacteridae;,o__Actinomycetales;,f__Corynebacteriaceae;,g__Corynebacterium;,_GU429067
k__Bacteria;,p__Actinobacteria;,c__Actinobacteridae;,o__Actinomycetales;,f__Corynebacteriaceae;,g__Corynebacterium;,_X84438
k__Bacteria;,p__Actinobacteria;,c__Actinobacteridae;,o__Actinomycetales;,f__Corynebacteriaceae;,g__Corynebacterium;,_X84258
k__Bacteria;,p__Actinobacteria;,c__Actinobacteridae;,o__Actinomycetales;,f__Corynebacteriaceae;,g__Corynebacterium;,_X84442
k__Bacteria;,p__Actinobacteria;,c__Actinobacteridae;,o__Actinomycetales;,f__Dermabacteraceae;,g__Brachybacterium;,_AJ415376
k__Bacteria;,p__Actinobacteria;,c__Actinobacteridae;,o__Actinomycetales;,f__Dermacoccaceae;,g__Dermacoccus;,_GQ036304
k__Bacteria;,p__Actinobacteria;,c__Actinobacteridae;,o__Actinomycetales;,f__Microbacteriaceae;,g__Microbacterium;,_EU714343
k__Bacteria;,p__Actinobacteria;,c__Actinobacteridae;,o__Actinomycetales;,f__Microbacteriaceae;,g__Microbacterium;,_GU272293
k__Bacteria;,p__Actinobacteria;,c__Actinobacteridae;,o__Actinomycetales;,f__Microbacteriaceae;,g__Microbacterium;,_EU879962
k__Bacteria;,p__Actinobacteria;,c__Actinobacteridae;,o__Actinomycetales;,f__Microbacteriaceae;,g__Rathayibacter;,_EU539957
k__Bacteria;,p__Actinobacteria;,c__Actinobacteridae;,o__Actinomycetales;,f__Micrococcaceae;,g__Arthrobacter;,_DQ317590
k__Bacteria;,p__Actinobacteria;,c__Actinobacteridae;,o__Actinomycetales;,f__Micrococcaceae;,g__Micrococcus;,_HM358613
k__Bacteria;,p__Actinobacteria;,c__Actinobacteridae;,o__Actinomycetales;,f__Micrococcaceae;,g__Micrococcus_;,_AY730708
k__Bacteria;,p__Actinobacteria;,c__Actinobacteridae;,o__Actinomycetales;,f__Micrococcaceae;,g__Rothia;,_DQ673319
k__Bacteria;,p__Actinobacteria;,c__Actinobacteridae;,o__Actinomycetales;,f__Micrococcaceae;,g__Rothia;,_Y13025
k__Bacteria;,p__Actinobacteria;,c__Actinobacteridae;,o__Actinomycetales;,f__Micrococcaceae;,g__Rothia;,_AY594189
k__Bacteria;,p__Actinobacteria;,c__Actinobacteridae;,o__Actinomycetales;,f__Micrococcaceae;,g__Rothia;,_M59055
k__Bacteria;,p__Actinobacteria;,c__Actinobacteridae;,o__Actinomycetales;,f__Micrococcaceae;,g__Rothia;,_DQ409140
k__Bacteria;,p__Actinobacteria;,c__Actinobacteridae;,o__Actinomycetales;,f__Micrococcaceae;,g__Rothia;,_X87758
k__Bacteria;,p__Actinobacteria;,c__Actinobacteridae;,o__Actinomycetales;,f__Propionibacteriaceae;,g__Propionibacterium;,_AM157438
k__Bacteria;,p__Actinobacteria;,c__Actinobacteridae;,o__Actinomycetales;,f__Propionibacteriaceae;,g__Propionibacterium;,_AF287757
k__Bacteria;,p__Actinobacteria;,c__Actinobacteridae;,o__Actinomycetales;,f__Propionibacteriaceae;,g__Propionibacterium;,_AF287756
k__Bacteria;,p__Actinobacteria;,c__Actinobacteridae;,o__Actinomycetales;,f__Propionibacteriaceae;,g__Propionibacterium;,_AJ315953
k__Bacteria;,p__Actinobacteria;,c__Actinobacteridae;,o__Actinomycetales;,f__Propionibacteriaceae;,g__Propionibacterium;,_GQ074375
k__Bacteria;,p__Actinobacteria;,c__Actinobacteridae;,o__Actinomycetales_;,f__Dermabacteraceae;,g__Brachybacterium;,_GQ072160
k__Bacteria;,p__Actinobacteria;,c__Actinobacteridae;,o__Bifidobacteriales;,f__Bifidobacteriaceae;,g__Bifidobacterium;,_D86183
k__Bacteria;,p__Actinobacteria;,c__Actinobacteridae;,o__Bifidobacteriales;,f__Bifidobacteriaceae;,g__Bifidobacterium;,_AY850359
k__Bacteria;,p__Actinobacteria;,c__Actinobacteridae;,o__Bifidobacteriales;,f__Bifidobacteriaceae;,g__Bifidobacterium;,_AJ307005
k__Bacteria;,p__Actinobacteria;,c__Actinobacteridae;,o__Bifidobacteriales;,f__Bifidobacteriaceae;,g__Parascardovia;,_D89331
k__Bacteria;,p__Actinobacteria;,c__Actinobacteridae;,o__Bifidobacteriales;,f__Bifidobacteriaceae;,g__Scardovia;,_D89332
k__Bacteria;,p__Actinobacteria;,c__Actinobacteridae;,o__Bifidobacteriales;,f__Bifidobacteriaceae;,g__Scardovia;,_AF385524
k__Bacteria;,p__Actinobacteria;,c__Actinobacteridae;,o__Bifidobacteriales;,f__Bifidobacteriaceae;,g__Scardovia;,_AY278626
k__Bacteria;,p__Actinobacteria;,c__Coriobacteridae;,o__Coriobacteriales;,f__Coriobacteriaceae;,g__Atopobium;,_AF292372
k__Bacteria;,p__Actinobacteria;,c__Coriobacteridae;,o__Coriobacteriales;,f__Coriobacteriaceae;,g__Atopobium;,_AF292371
k__Bacteria;,p__Actinobacteria;,c__Coriobacteridae;,o__Coriobacteriales;,f__Coriobacteriaceae;,g__Cryptobacterium;,_CP001682
k__Bacteria;,p__Actinobacteria;,c__Coriobacteridae;,o__Coriobacteriales;,f__Coriobacteriaceae;,g__Olsenella;,_AY278623
k__Bacteria;,p__Actinobacteria;,c__Coriobacteridae;,o__Coriobacteriales;,f__Coriobacteriaceae;,g__Olsenella;,_EU592964
k__Bacteria;,p__Actinobacteria;,c__Coriobacteridae;,o__Coriobacteriales;,f__Coriobacteriaceae;,g__Olsenella;,_AF292374
k__Bacteria;,p__Actinobacteria;,c__Coriobacteridae;,o__Coriobacteriales;,f__Coriobacteriaceae;,g__Olsenella;,_AF292373
k__Bacteria;,p__Actinobacteria;,c__Coriobacteridae;,o__Coriobacteriales;,f__Coriobacteriaceae;,g__Slackia;,_AF101240
k__Bacteria;,p__Aquificae;,c__Aquificae;,o__Aquificales;,f__Aquificaceae;,g__Aquifex;,_M83548
k__Bacteria;,p__Bacteroidetes;,c__Bacteroidia;,o__Bacteroidales;,f__Bacteroidaceae;,g__unclassified_Bacteroidaceae;,_AY005071
k__Bacteria;,p__Bacteroidetes;,c__Bacteroidia;,o__Bacteroidales;,f__Bacteroidaceae;,g__unclassified_Bacteroidaceae;,_DQ003613
k__Bacteria;,p__Bacteroidetes;,c__Bacteroidia;,o__Bacteroidales;,f__Bacteroidaceae;,g__unclassified_Bacteroidaceae;,_DQ003615
k__Bacteria;,p__Bacteroidetes;,c__Bacteroidia;,o__Bacteroidales;,f__Bacteroidaceae;,g__unclassified_Bacteroidaceae;,_FJ976448
k__Bacteria;,p__Bacteroidetes;,c__Bacteroidia;,o__Bacteroidales;,f__Bacteroidaceae;,g__unclassified_Bacteroidaceae;,_AF481204
k__Bacteria;,p__Bacteroidetes;,c__Bacteroidia;,o__Bacteroidales;,f__Bacteroidaceae;,g__unclassified_Bacteroidaceae;,_AY005070
k__Bacteria;,p__Bacteroidetes;,c__Bacteroidia;,o__Bacteroidales;,f__Bacteroidaceae;,g__unclassified_Bacteroidaceae;,_DQ003626
k__Bacteria;,p__Bacteroidetes;,c__Bacteroidia;,o__Bacteroidales;,f__Bacteroidaceae;,g__unclassified_Bacteroidaceae;,_AY005072
k__Bacteria;,p__Bacteroidetes;,c__Bacteroidia;,o__Bacteroidales;,f__Bacteroidaceae;,g__unclassified_Bacteroidaceae;,_FJ577256
k__Bacteria;,p__Bacteroidetes;,c__Bacteroidia;,o__Bacteroidales;,f__Bacteroidaceae;,g__unclassified_Bacteroidaceae;,_GU409166
k__Bacteria;,p__Bacteroidetes;,c__Bacteroidia;,o__Bacteroidales;,f__Bacteroidaceae;,g__unclassified_Bacteroidaceae_;,_DQ003634
k__Bacteria;,p__Bacteroidetes;,c__Bacteroidia;,o__Bacteroidales;,f__Porphyromonadaceae;,g__Odoribacter;,_AY134906
k__Bacteria;,p__Bacteroidetes;,c__Bacteroidia;,o__Bacteroidales;,f__Porphyromonadaceae;,g__Porphyromonas;,_AM419980
k__Bacteria;,p__Bacteroidetes;,c__Bacteroidia;,o__Bacteroidales;,f__Porphyromonadaceae;,g__Porphyromonas;,_FJ976275
k__Bacteria;,p__Bacteroidetes;,c__Bacteroidia;,o__Bacteroidales;,f__Porphyromonadaceae;,g__Porphyromonas;,_AY008313
k__Bacteria;,p__Bacteroidetes;,c__Bacteroidia;,o__Bacteroidales;,f__Porphyromonadaceae;,g__Porphyromonas;,_AF366271
k__Bacteria;,p__Bacteroidetes;,c__Bacteroidia;,o__Bacteroidales;,f__Porphyromonadaceae;,g__Porphyromonas;,_AF393476
k__Bacteria;,p__Bacteroidetes;,c__Bacteroidia;,o__Bacteroidales;,f__Porphyromonadaceae;,g__Porphyromonas;,_AM420140
k__Bacteria;,p__Bacteroidetes;,c__Bacteroidia;,o__Bacteroidales;,f__Porphyromonadaceae;,g__Porphyromonas;,_FJ470477
k__Bacteria;,p__Bacteroidetes;,c__Bacteroidia;,o__Bacteroidales;,f__Porphyromonadaceae;,g__Porphyromonas;,_AM420179
k__Bacteria;,p__Bacteroidetes;,c__Bacteroidia;,o__Bacteroidales;,f__Porphyromonadaceae;,g__Porphyromonas;,_AM420209
k__Bacteria;,p__Bacteroidetes;,c__Bacteroidia;,o__Bacteroidales;,f__Porphyromonadaceae;,g__Porphyromonas;,_AY008310
k__Bacteria;,p__Bacteroidetes;,c__Bacteroidia;,o__Bacteroidales;,f__Porphyromonadaceae;,g__Porphyromonas;,_GU361860
k__Bacteria;,p__Bacteroidetes;,c__Bacteroidia;,o__Bacteroidales;,f__Porphyromonadaceae;,g__Porphyromonas;,_AY253728
k__Bacteria;,p__Bacteroidetes;,c__Bacteroidia;,o__Bacteroidales;,f__Porphyromonadaceae;,g__Porphyromonas;,_AY005068
k__Bacteria;,p__Bacteroidetes;,c__Bacteroidia;,o__Bacteroidales;,f__Porphyromonadaceae;,g__Porphyromonas;,_GU409157
k__Bacteria;,p__Bacteroidetes;,c__Bacteroidia;,o__Bacteroidales;,f__Porphyromonadaceae;,g__Porphyromonas;,_AB035459
k__Bacteria;,p__Bacteroidetes;,c__Bacteroidia;,o__Bacteroidales;,f__Porphyromonadaceae;,g__Porphyromonas;,_AB035458
k__Bacteria;,p__Bacteroidetes;,c__Bacteroidia;,o__Bacteroidales;,f__Porphyromonadaceae;,g__Porphyromonas;,_AB035457
k__Bacteria;,p__Bacteroidetes;,c__Bacteroidia;,o__Bacteroidales;,f__Porphyromonadaceae;,g__Porphyromonas;,_X73964
k__Bacteria;,p__Bacteroidetes;,c__Bacteroidia;,o__Bacteroidales;,f__Porphyromonadaceae;,g__Porphyromonas;,_AF285869
k__Bacteria;,p__Bacteroidetes;,c__Bacteroidia;,o__Bacteroidales;,f__Porphyromonadaceae;,g__Porphyromonas;,_DQ087194
k__Bacteria;,p__Bacteroidetes;,c__Bacteroidia;,o__Bacteroidales;,f__Porphyromonadaceae;,g__Porphyromonas;,_AJ583190
k__Bacteria;,p__Bacteroidetes;,c__Bacteroidia;,o__Bacteroidales;,f__Porphyromonadaceae;,g__Tannerella;,_AY008308
k__Bacteria;,p__Bacteroidetes;,c__Bacteroidia;,o__Bacteroidales;,f__Porphyromonadaceae;,g__Tannerella;,_AM420090
k__Bacteria;,p__Bacteroidetes;,c__Bacteroidia;,o__Bacteroidales;,f__Porphyromonadaceae;,g__Tannerella;,_AM420230
k__Bacteria;,p__Bacteroidetes;,c__Bacteroidia;,o__Bacteroidales;,f__Porphyromonadaceae;,g__Tannerella;,_DQ344918
k__Bacteria;,p__Bacteroidetes;,c__Bacteroidia;,o__Bacteroidales;,f__Porphyromonadaceae;,g__Tannerella;,_AB053947
k__Bacteria;,p__Bacteroidetes;,c__Bacteroidia;,o__Bacteroidales;,f__Porphyromonadaceae;,g__Tannerella;,_DQ344915
k__Bacteria;,p__Bacteroidetes;,c__Bacteroidia;,o__Bacteroidales;,f__Porphyromonadaceae;,g__Tannerella;,_AF385565
k__Bacteria;,p__Bacteroidetes;,c__Bacteroidia;,o__Bacteroidales;,f__Porphyromonadaceae;,g__Tannerella;,_AM420141
k__Bacteria;,p__Bacteroidetes;,c__Bacteroidia;,o__Bacteroidales;,f__Prevotellaceae;,g__Prevotella;,_FJ976307
k__Bacteria;,p__Bacteroidetes;,c__Bacteroidia;,o__Bacteroidales;,f__Prevotellaceae;,g__Prevotella;,_AM420076
k__Bacteria;,p__Bacteroidetes;,c__Bacteroidia;,o__Bacteroidales;,f__Prevotellaceae;,g__Prevotella;,_AF385564
k__Bacteria;,p__Bacteroidetes;,c__Bacteroidia;,o__Bacteroidales;,f__Prevotellaceae;,g__Prevotella;,_AM420097
k__Bacteria;,p__Bacteroidetes;,c__Bacteroidia;,o__Bacteroidales;,f__Prevotellaceae;,g__Prevotella;,_AM420222
k__Bacteria;,p__Bacteroidetes;,c__Bacteroidia;,o__Bacteroidales;,f__Prevotellaceae;,g__Prevotella;,_AM420262
k__Bacteria;,p__Bacteroidetes;,c__Bacteroidia;,o__Bacteroidales;,f__Prevotellaceae;,g__Prevotella;,_AY840553
k__Bacteria;,p__Bacteroidetes;,c__Bacteroidia;,o__Bacteroidales;,f__Prevotellaceae;,g__Prevotella;,_AF385554
k__Bacteria;,p__Bacteroidetes;,c__Bacteroidia;,o__Bacteroidales;,f__Prevotellaceae;,g__Prevotella;,_AY550997
k__Bacteria;,p__Bacteroidetes;,c__Bacteroidia;,o__Bacteroidales;,f__Prevotellaceae;,g__Prevotella;,_AY278625
k__Bacteria;,p__Bacteroidetes;,c__Bacteroidia;,o__Bacteroidales;,f__Prevotellaceae;,g__Prevotella;,_GU409548
k__Bacteria;,p__Bacteroidetes;,c__Bacteroidia;,o__Bacteroidales;,f__Prevotellaceae;,g__Prevotella;,_AF385558
k__Bacteria;,p__Bacteroidetes;,c__Bacteroidia;,o__Bacteroidales;,f__Prevotellaceae;,g__Prevotella;,_L16477
k__Bacteria;,p__Bacteroidetes;,c__Bacteroidia;,o__Bacteroidales;,f__Prevotellaceae;,g__Prevotella;,_X81876
k__Bacteria;,p__Bacteroidetes;,c__Bacteroidia;,o__Bacteroidales;,f__Prevotellaceae;,g__Prevotella;,_AY323524
k__Bacteria;,p__Bacteroidetes;,c__Bacteroidia;,o__Bacteroidales;,f__Prevotellaceae;,g__Prevotella;,_FJ976440
k__Bacteria;,p__Bacteroidetes;,c__Bacteroidia;,o__Bacteroidales;,f__Prevotellaceae;,g__Prevotella;,_AF385513
k__Bacteria;,p__Bacteroidetes;,c__Bacteroidia;,o__Bacteroidales;,f__Prevotellaceae;,g__Prevotella;,_AF481226
k__Bacteria;,p__Bacteroidetes;,c__Bacteroidia;,o__Bacteroidales;,f__Prevotellaceae;,g__Prevotella;,_NR_025281
k__Bacteria;,p__Bacteroidetes;,c__Bacteroidia;,o__Bacteroidales;,f__Prevotellaceae;,g__Prevotella;,_AY349394
k__Bacteria;,p__Bacteroidetes;,c__Bacteroidia;,o__Bacteroidales;,f__Prevotellaceae;,g__Prevotella;,_AY944134
k__Bacteria;,p__Bacteroidetes;,c__Bacteroidia;,o__Bacteroidales;,f__Prevotellaceae;,g__Prevotella;,_FJ545433
k__Bacteria;,p__Bacteroidetes;,c__Bacteroidia;,o__Bacteroidales;,f__Prevotellaceae;,g__Prevotella;,_AM419958
k__Bacteria;,p__Bacteroidetes;,c__Bacteroidia;,o__Bacteroidales;,f__Prevotellaceae;,g__Prevotella;,_GQ422742
k__Bacteria;,p__Bacteroidetes;,c__Bacteroidia;,o__Bacteroidales;,f__Prevotellaceae;,g__Prevotella;,_EU126662
k__Bacteria;,p__Bacteroidetes;,c__Bacteroidia;,o__Bacteroidales;,f__Prevotellaceae;,g__Prevotella;,_AY349401
k__Bacteria;,p__Bacteroidetes;,c__Bacteroidia;,o__Bacteroidales;,f__Prevotellaceae;,g__Prevotella;,_GQ087739
k__Bacteria;,p__Bacteroidetes;,c__Bacteroidia;,o__Bacteroidales;,f__Prevotellaceae;,g__Prevotella;,_GQ074466
k__Bacteria;,p__Bacteroidetes;,c__Bacteroidia;,o__Bacteroidales;,f__Prevotellaceae;,g__Prevotella;,_AY689226
k__Bacteria;,p__Bacteroidetes;,c__Bacteroidia;,o__Bacteroidales;,f__Prevotellaceae;,g__Prevotella;,_X73965
k__Bacteria;,p__Bacteroidetes;,c__Bacteroidia;,o__Bacteroidales;,f__Prevotellaceae;,g__Prevotella;,_AY278624
k__Bacteria;,p__Bacteroidetes;,c__Bacteroidia;,o__Bacteroidales;,f__Prevotellaceae;,g__Prevotella;,_AY836508
k__Bacteria;,p__Bacteroidetes;,c__Bacteroidia;,o__Bacteroidales;,f__Prevotellaceae;,g__Prevotella;,_AY005061
k__Bacteria;,p__Bacteroidetes;,c__Bacteroidia;,o__Bacteroidales;,f__Prevotellaceae;,g__Prevotella;,_EF534315
k__Bacteria;,p__Bacteroidetes;,c__Bacteroidia;,o__Bacteroidales;,f__Prevotellaceae;,g__Prevotella;,_AY005057
k__Bacteria;,p__Bacteroidetes;,c__Bacteroidia;,o__Bacteroidales;,f__Prevotellaceae;,g__Prevotella;,_AM420018
k__Bacteria;,p__Bacteroidetes;,c__Bacteroidia;,o__Bacteroidales;,f__Prevotellaceae;,g__Prevotella;,_AF481227
k__Bacteria;,p__Bacteroidetes;,c__Bacteroidia;,o__Bacteroidales;,f__Prevotellaceae;,g__Prevotella;,_GU420706
k__Bacteria;,p__Bacteroidetes;,c__Bacteroidia;,o__Bacteroidales;,f__Prevotellaceae;,g__Prevotella;,_L16469
k__Bacteria;,p__Bacteroidetes;,c__Bacteroidia;,o__Bacteroidales;,f__Prevotellaceae;,g__Prevotella;,_L16470
k__Bacteria;,p__Bacteroidetes;,c__Bacteroidia;,o__Bacteroidales;,f__Prevotellaceae;,g__Prevotella;,_AF432133
k__Bacteria;,p__Bacteroidetes;,c__Bacteroidia;,o__Bacteroidales;,f__Prevotellaceae;,g__Prevotella;,_AF481228
k__Bacteria;,p__Bacteroidetes;,c__Bacteroidia;,o__Bacteroidales;,f__Prevotellaceae;,g__Prevotella;,_AB182486
k__Bacteria;,p__Bacteroidetes;,c__Bacteroidia;,o__Bacteroidales;,f__Prevotellaceae;,g__Prevotella;,_AY689230
k__Bacteria;,p__Bacteroidetes;,c__Bacteroidia;,o__Bacteroidales;,f__Prevotellaceae;,g__Prevotella;,_AY689228
k__Bacteria;,p__Bacteroidetes;,c__Bacteroidia;,o__Bacteroidales;,f__Prevotellaceae;,g__Prevotella;,_AF414833
k__Bacteria;,p__Bacteroidetes;,c__Bacteroidia;,o__Bacteroidales;,f__Prevotellaceae;,g__Prevotella;,_L16471
k__Bacteria;,p__Bacteroidetes;,c__Bacteroidia;,o__Bacteroidales;,f__Prevotellaceae;,g__Prevotella;,_AF414838
k__Bacteria;,p__Bacteroidetes;,c__Bacteroidia;,o__Bacteroidales;,f__Prevotellaceae;,g__Prevotella;,_GU409467
k__Bacteria;,p__Bacteroidetes;,c__Bacteroidia;,o__Bacteroidales;,f__Prevotellaceae;,g__Prevotella;,_FJ577257
k__Bacteria;,p__Bacteroidetes;,c__Bacteroidia;,o__Bacteroidales;,f__Prevotellaceae;,g__Prevotella;,_GU409549
k__Bacteria;,p__Bacteroidetes;,c__Bacteroidia;,o__Bacteroidales;,f__Prevotellaceae;,g__Prevotella;,_GU227186
k__Bacteria;,p__Bacteroidetes;,c__Bacteroidia;,o__Bacteroidales;,f__Prevotellaceae;,g__Prevotella;,_AM420217
k__Bacteria;,p__Bacteroidetes;,c__Bacteroidia;,o__Bacteroidales;,f__Prevotellaceae;,g__Prevotella;,_AM419976
k__Bacteria;,p__Bacteroidetes;,c__Bacteroidia;,o__Bacteroidales;,f__Prevotellaceae;,g__Prevotella;,_FJ825149
k__Bacteria;,p__Bacteroidetes;,c__Bacteroidia;,o__Bacteroidales;,f__Prevotellaceae;,g__Prevotella;,_GQ422744
k__Bacteria;,p__Bacteroidetes;,c__Bacteroidia;,o__Bacteroidales;,f__Prevotellaceae;,g__Prevotella;,_L16480
k__Bacteria;,p__Bacteroidetes;,c__Bacteroidia;,o__Bacteroidales;,f__Prevotellaceae;,g__Prevotella;,_GU424791
k__Bacteria;,p__Bacteroidetes;,c__Bacteroidia;,o__Bacteroidales;,f__Prevotellaceae;,g__Prevotella;,_L16474
k__Bacteria;,p__Bacteroidetes;,c__Bacteroidia;,o__Bacteroidales;,f__Prevotellaceae;,g__Prevotella;,_AY005056
k__Bacteria;,p__Bacteroidetes;,c__Bacteroidia;,o__Bacteroidales;,f__Prevotellaceae;,g__Prevotella;,_GU409708
k__Bacteria;,p__Bacteroidetes;,c__Bacteroidia;,o__Bacteroidales;,f__Prevotellaceae;,g__Prevotella;,_L16472
k__Bacteria;,p__Bacteroidetes;,c__Bacteroidia;,o__Bacteroidales;,f__Prevotellaceae;,g__Prevotella;,_Y13106
k__Bacteria;,p__Bacteroidetes;,c__Bacteroidia;,o__Bacteroidales;,f__Prevotellaceae;,g__Prevotella;,_AB278593
k__Bacteria;,p__Bacteroidetes;,c__Bacteroidia;,o__Bacteroidales;,f__Prevotellaceae;,g__Prevotella;,_GU409572
k__Bacteria;,p__Bacteroidetes;,c__Bacteroidia;,o__Bacteroidales;,f__Prevotellaceae;,g__Prevotella;,_GU429320
k__Bacteria;,p__Bacteroidetes;,c__Bacteroidia;,o__Bacteroidales;,f__Prevotellaceae;,g__Prevotella;,_AY349396
k__Bacteria;,p__Bacteroidetes;,c__Bacteroidia;,o__Bacteroidales;,f__Prevotellaceae;,g__Prevotella;,_NR_024816
k__Bacteria;,p__Bacteroidetes;,c__Bacteroidia;,o__Bacteroidales;,f__Prevotellaceae;,g__Prevotella;,_AF183402
k__Bacteria;,p__Bacteroidetes;,c__Bacteroidia;,o__Bacteroidales;,f__Prevotellaceae;,g__Prevotella;,_AF183404
k__Bacteria;,p__Bacteroidetes;,c__Bacteroidia;,o__Bacteroidales;,f__Prevotellaceae;,g__Prevotella;,_AF183406
k__Bacteria;,p__Bacteroidetes;,c__Bacteroidia;,o__Bacteroidales;,f__Prevotellaceae;,g__Prevotella;,_FJ976221
k__Bacteria;,p__Bacteroidetes;,c__Bacteroidia;,o__Bacteroidales;,f__Prevotellaceae;,g__Prevotella;,_GU413056
k__Bacteria;,p__Bacteroidetes;,c__Bacteroidia;,o__Bacteroidales;,f__Prevotellaceae;,g__Prevotella;,_GU413057
k__Bacteria;,p__Bacteroidetes;,c__Bacteroidia;,o__Bacteroidales;,f__Prevotellaceae;,g__Prevotella;,_GQ006774
k__Bacteria;,p__Bacteroidetes;,c__Bacteroidia;,o__Bacteroidales;,f__Prevotellaceae;,g__Prevotella;,_L16473
k__Bacteria;,p__Bacteroidetes;,c__Bacteroidia;,o__Bacteroidales;,f__Prevotellaceae;,g__Prevotella;,_AM420069
k__Bacteria;,p__Bacteroidetes;,c__Bacteroidia;,o__Bacteroidales;,f__Prevotellaceae;,g__Prevotella;,_AY836507
k__Bacteria;,p__Bacteroidetes;,c__Bacteroidia;,o__Bacteroidales;,f__Prevotellaceae;,g__Prevotella;,_GQ131418
k__Bacteria;,p__Bacteroidetes;,c__Bacteroidia;,o__Bacteroidales;,f__Prevotellaceae;,g__Prevotella;,_AY005066
k__Bacteria;,p__Bacteroidetes;,c__Bacteroidia;,o__Bacteroidales;,f__Prevotellaceae;,g__Prevotella;,_GQ495892
k__Bacteria;,p__Bacteroidetes;,c__Flavobacteria;,o__Flavobacteriales;,f__Flavobacteriaceae;,g__Bergeyella;,_GQ101217
k__Bacteria;,p__Bacteroidetes;,c__Flavobacteria;,o__Flavobacteriales;,f__Flavobacteriaceae;,g__Bergeyella;,_AM420234
k__Bacteria;,p__Bacteroidetes;,c__Flavobacteria;,o__Flavobacteriales;,f__Flavobacteriaceae;,g__Bergeyella;,_DQ637897
k__Bacteria;,p__Bacteroidetes;,c__Flavobacteria;,o__Flavobacteriales;,f__Flavobacteriaceae;,g__Capnocytophaga;,_AM420204
k__Bacteria;,p__Bacteroidetes;,c__Flavobacteria;,o__Flavobacteriales;,f__Flavobacteriaceae;,g__Capnocytophaga;,_AM420149
k__Bacteria;,p__Bacteroidetes;,c__Flavobacteria;,o__Flavobacteriales;,f__Flavobacteriaceae;,g__Capnocytophaga;,_AF543294
k__Bacteria;,p__Bacteroidetes;,c__Flavobacteria;,o__Flavobacteriales;,f__Flavobacteriaceae;,g__Capnocytophaga;,_AF366270
k__Bacteria;,p__Bacteroidetes;,c__Flavobacteria;,o__Flavobacteriales;,f__Flavobacteriaceae;,g__Capnocytophaga;,_FJ773364
k__Bacteria;,p__Bacteroidetes;,c__Flavobacteria;,o__Flavobacteriales;,f__Flavobacteriaceae;,g__Capnocytophaga;,_AY278613
k__Bacteria;,p__Bacteroidetes;,c__Flavobacteria;,o__Flavobacteriales;,f__Flavobacteriaceae;,g__Capnocytophaga;,_U41346
k__Bacteria;,p__Bacteroidetes;,c__Flavobacteria;,o__Flavobacteriales;,f__Flavobacteriaceae;,g__Capnocytophaga;,_X67608
k__Bacteria;,p__Bacteroidetes;,c__Flavobacteria;,o__Flavobacteriales;,f__Flavobacteriaceae;,g__Capnocytophaga;,_AY005073
k__Bacteria;,p__Bacteroidetes;,c__Flavobacteria;,o__Flavobacteriales;,f__Flavobacteriaceae;,g__Capnocytophaga;,_GU410395
k__Bacteria;,p__Bacteroidetes;,c__Flavobacteria;,o__Flavobacteriales;,f__Flavobacteriaceae;,g__Capnocytophaga;,_GU410485
k__Bacteria;,p__Bacteroidetes;,c__Flavobacteria;,o__Flavobacteriales;,f__Flavobacteriaceae;,g__Capnocytophaga;,_AM420187
k__Bacteria;,p__Bacteroidetes;,c__Flavobacteria;,o__Flavobacteriales;,f__Flavobacteriaceae;,g__Capnocytophaga;,_U41348
k__Bacteria;,p__Bacteroidetes;,c__Flavobacteria;,o__Flavobacteriales;,f__Flavobacteriaceae;,g__Capnocytophaga;,_AY005074
k__Bacteria;,p__Bacteroidetes;,c__Flavobacteria;,o__Flavobacteriales;,f__Flavobacteriaceae;,g__Capnocytophaga;,_DQ009623
k__Bacteria;,p__Bacteroidetes;,c__Flavobacteria;,o__Flavobacteriales;,f__Flavobacteriaceae;,g__Capnocytophaga;,_AY134894
k__Bacteria;,p__Bacteroidetes;,c__Flavobacteria;,o__Flavobacteriales;,f__Flavobacteriaceae;,g__Capnocytophaga;,_AF543292
k__Bacteria;,p__Bacteroidetes;,c__Flavobacteria;,o__Flavobacteriales;,f__Flavobacteriaceae;,g__Capnocytophaga;,_U41354
k__Bacteria;,p__Bacteroidetes;,c__Flavobacteria;,o__Flavobacteriales;,f__Flavobacteriaceae;,g__Capnocytophaga;,_U41350
k__Bacteria;,p__Bacteroidetes;,c__Flavobacteria;,o__Flavobacteriales;,f__Flavobacteriaceae;,g__Capnocytophaga;,_FJ577260
k__Bacteria;,p__Bacteroidetes;,c__Flavobacteria;,o__Flavobacteriales;,f__Flavobacteriaceae;,g__Capnocytophaga;,_AM420227
k__Bacteria;,p__Bacteroidetes;,c__Flavobacteria;,o__Flavobacteriales;,f__Flavobacteriaceae;,g__Capnocytophaga;,_GU470889
k__Bacteria;,p__Bacteroidetes;,c__Flavobacteria;,o__Flavobacteriales;,f__Flavobacteriaceae;,g__Capnocytophaga;,_GU429112
k__Bacteria;,p__Bacteroidetes;,c__Flavobacteria;,o__Flavobacteriales;,f__Flavobacteriaceae;,g__Capnocytophaga;,_GU432261
k__Bacteria;,p__Bacteroidetes;,c__Flavobacteria;,o__Flavobacteriales;,f__Flavobacteriaceae;,g__Capnocytophaga;,_AF538853
k__Bacteria;,p__Bacteroidetes;,c__Flavobacteria;,o__Flavobacteriales;,f__Flavobacteriaceae;,g__Capnocytophaga;,_GU411032
k__Bacteria;,p__Bacteroidetes;,c__Flavobacteria;,o__Flavobacteriales;,f__Flavobacteriaceae;,g__Capnocytophaga;,_AF133536
k__Bacteria;,p__Bacteroidetes;,c__Flavobacteria;,o__Flavobacteriales;,f__Flavobacteriaceae;,g__Capnocytophaga;,_X67609
k__Bacteria;,p__Bacteroidetes;,c__Flavobacteria;,o__Flavobacteriales;,f__Flavobacteriaceae;,g__Capnocytophaga;,_AM420156
k__Bacteria;,p__Bacteroidetes;,c__Flavobacteria;,o__Flavobacteriales;,f__Flavobacteriaceae;,g__Capnocytophaga;,_U41352
k__Bacteria;,p__Bacteroidetes;,c__Flavobacteria;,o__Flavobacteriales;,f__Flavobacteriaceae;,g__Capnocytophaga;,_AY005080
k__Bacteria;,p__Bacteroidetes;,c__Flavobacteria;,o__Flavobacteriales;,f__Flavobacteriaceae;,g__Capnocytophaga;,_AY005079
k__Bacteria;,p__Bacteroidetes;,c__Flavobacteria;,o__Flavobacteriales;,f__Flavobacteriaceae;,g__Wautersiella;,_AM238680
k__Bacteria;,p__Bacteroidetes;,c__Flavobacteria;,o__Flavobacteriales;,f__Flavobacteriaceae;,g__Wautersiella;,_AM238689
k__Bacteria;,p__Bacteroidetes;,c__Flavobacteria;,o__Flavobacteriales;,f__Flavobacteriaceae;,g__Wautersiella;,_AM238672
k__Bacteria;,p__Bacteroidetes;,c__Sphingobacteria;,o__Sphingobacteriales;,f__Sphingobacteriaceae;,g__Sphingobacterium;,_AF515490
k__Bacteria;,p__Bacteroidetes;,c__Sphingobacteria;,o__Sphingobacteriales;,f__Sphingobacteriaceae;,g__Sphingobacterium;,_EU540592
k__Bacteria;,p__Bacteroidetes;,c__Sphingobacteria;,o__Sphingobacteriales;,f__Sphingobacteriaceae;,g__Sphingobacterium;,_GQ016564
k__Bacteria;,p__Bacteroidetes;,c__unclassified_Bacteroidetes;,o__unclassified_Bacteroidetes;,f__unclassified_Bacteroidetes;,g__unclassified_Bacteroidetes;,_GQ066992
k__Bacteria;,p__Bacteroidetes;,c__unclassified_Bacteroidetes;,o__unclassified_Bacteroidetes;,f__unclassified_Bacteroidetes;,g__unclassified_Bacteroidetes;,_HM358601
k__Bacteria;,p__Bacteroidetes;,c__unclassified_Bacteroidetes;,o__unclassified_Bacteroidetes;,f__unclassified_Bacteroidetes;,g__unclassified_Bacteroidetes;,_GU413619
k__Bacteria;,p__BRC1;,c__BRC1;,o__BRC1;,f__BRC1;,g__BRC1;,_AY114315
k__Bacteria;,p__Chlamydiae;,c__Chlamydiae;,o__Chlamydiales;,f__Chlamydiaceae;,g__Chlamydophila;,_D85716
k__Bacteria;,p__Chlorobi;,c__Chlorobia;,o__Chlorobiales;,f__Chlorobiaceae;,g__Chloroherpeton;,_CP001100
k__Bacteria;,p__Chloroflexi;,c__Chloroflexi_;,o__Chloroflexales;,f__Chloroflexaceae;,g__Choroflexus;,_AY331414
k__Bacteria;,p__Chloroflexi;,c__Dehalococcoidetes;,o__Dehalococcoides;,f__Dehalococcoides;,g__Dehalococcoides;,_EU169846
k__Bacteria;,p__Chloroflexi;,c__Thermomicrobia;,o__Thermomicrobiales;,f__Thermomicrobiaceae;,g__Thermomicrobium;,_M34115
k__Bacteria;,p__Chrysiogenetes;,c__Chrysiogenetes;,o__Chrysiogenales;,f__Chrysiogenaceae;,g__Chrysiogenes;,_X81319
k__Bacteria;,p__Cyanobacteria;,c__Cyanobacteria;,o__Nostocales;,f__Nostocaceae;,g__Anabaena;,_CP000117
k__Bacteria;,p__Cyanobacteria;,c__Cyanobacteria;,o__unclassified_Cyanobacteria;,f__unclassified_Cyanobacteria;,g__unclassified_Cyanobacteria;,_GQ109138
k__Bacteria;,p__Deinococcus-Thermus;,c__Deinococci;,o__Deinococcales;,f__Deinococcaceae;,g__Deinococcus;,_AB265180
k__Bacteria;,p__Deinococcus-Thermus;,c__Deinococci;,o__Deinococcales;,f__Deinococcaceae;,g__Deinococcus;,_AF385541
k__Bacteria;,p__Deinococcus-Thermus;,c__Deinococci;,o__Deinococcales;,f__Deinococcaceae;,g__Deinococcus;,_DQ130028
k__Bacteria;,p__Deinococcus-Thermus;,c__Deinococci;,o__Deinococcales;,f__Deinococcaceae;,g__Deinococcus;,_FM874323
k__Bacteria;,p__Deinococcus-Thermus;,c__Deinococci;,o__Deinococcales;,f__Deinococcaceae;,g__Deinococcus;,_HM358606
k__Bacteria;,p__Deinococcus-Thermus;,c__Deinococci;,o__Deinococcales;,f__Deinococcaceae;,g__Deinococcus;,_HM358607
k__Bacteria;,p__Deinococcus-Thermus;,c__Deinococci;,o__Deinococcales;,f__Deinococcaceae;,g__Deinococcus;,_AY569298
k__Bacteria;,p__Deinococcus-Thermus;,c__Deinococci;,o__Deinococcus-Thermus;,f__Deinococcus-Thermus;,g__Deinococcus;,_AB244334
k__Bacteria;,p__Dictyoglomi;,c__Dictyoglomi;,o__Dictyoglomales;,f__Dictyoglomaceae;,g__Dictyogloums;,_CP001146
k__Bacteria;,p__Fibrobacteres;,c__Fibrobacteres;,o__Fibrobacterales;,f__Fibrobacteraceae;,g__Fibrobacter;,_AJ496032
k__Bacteria;,p__Firmicutes;,c__Bacilli;,o__Bacillales;,f__Bacillaceae;,g__Exiguobacterium;,_GQ091740
k__Bacteria;,p__Firmicutes;,c__Bacilli;,o__Bacillales;,f__Bacillaceae;,g__Exiguobacterium;,_EU535553
k__Bacteria;,p__Firmicutes;,c__Bacilli;,o__Bacillales;,f__Bacillaceae;,g__Exiguobacterium;,_EU535570
k__Bacteria;,p__Firmicutes;,c__Bacilli;,o__Bacillales;,f__Bacillaceae;,g__Exiguobacterium;,_AB105164
k__Bacteria;,p__Firmicutes;,c__Bacilli;,o__Bacillales;,f__Paenibacillaceae;,g__Paenibacillus;,_AF385540
k__Bacteria;,p__Firmicutes;,c__Bacilli;,o__Bacillales;,f__Paenibacillaceae;,g__Paenibacillus;,_DQ816800
k__Bacteria;,p__Firmicutes;,c__Bacilli;,o__Bacillales;,f__Staphylococcaceae;,g__Gemella;,_Y13363
k__Bacteria;,p__Firmicutes;,c__Bacilli;,o__Bacillales;,f__Staphylococcaceae;,g__Gemella;,_AY005050
k__Bacteria;,p__Firmicutes;,c__Bacilli;,o__Bacillales;,f__Staphylococcaceae;,g__Gemella;,_NR_026420
k__Bacteria;,p__Firmicutes;,c__Bacilli;,o__Bacillales;,f__Staphylococcaceae;,g__Gemella;,_AM157450
k__Bacteria;,p__Firmicutes;,c__Bacilli;,o__Bacillales;,f__Staphylococcaceae;,g__Gemella;,_L14326
k__Bacteria;,p__Firmicutes;,c__Bacilli;,o__Bacillales;,f__Staphylococcaceae;,g__Gemella;,_L14327
k__Bacteria;,p__Firmicutes;,c__Bacilli;,o__Bacillales;,f__Staphylococcaceae;,g__Gemella;,_Y13366
k__Bacteria;,p__Firmicutes;,c__Bacilli;,o__Bacillales;,f__Staphylococcaceae;,g__Gemella;,_Y13364
k__Bacteria;,p__Firmicutes;,c__Bacilli;,o__Bacillales;,f__Staphylococcaceae;,g__Staphylococcus;,_EF463060
k__Bacteria;,p__Firmicutes;,c__Bacilli;,o__Bacillales;,f__Staphylococcaceae;,g__Staphylococcus;,_AE015929
k__Bacteria;,p__Firmicutes;,c__Bacilli;,o__Bacillales;,f__Staphylococcaceae;,g__Staphylococcus;,_L37603
k__Bacteria;,p__Firmicutes;,c__Bacilli;,o__Lactobacillales;,f__Aerococcaceae;,g__Abiotrophia;,_D50541
k__Bacteria;,p__Firmicutes;,c__Bacilli;,o__Lactobacillales;,f__Aerococcaceae;,g__Abiotrophia;,_AY879307
k__Bacteria;,p__Firmicutes;,c__Bacilli;,o__Lactobacillales;,f__Aerococcaceae;,g__Abiotrophia;,_AY879306
k__Bacteria;,p__Firmicutes;,c__Bacilli;,o__Lactobacillales;,f__Aerococcaceae;,g__Abiotrophia;,_AY207063
k__Bacteria;,p__Firmicutes;,c__Bacilli;,o__Lactobacillales;,f__Aerococcaceae;,g__Abiotrophia;,_GQ074447
k__Bacteria;,p__Firmicutes;,c__Bacilli;,o__Lactobacillales;,f__Aerococcaceae;,g__Abiotrophia;,_AY879308
k__Bacteria;,p__Firmicutes;,c__Bacilli;,o__Lactobacillales;,f__Aerococcaceae;,g__Aerococcus;,_FM875729
k__Bacteria;,p__Firmicutes;,c__Bacilli;,o__Lactobacillales;,f__Carnobacteriaceae;,g__Granulicatella;,_D50540
k__Bacteria;,p__Firmicutes;,c__Bacilli;,o__Lactobacillales;,f__Carnobacteriaceae;,g__Granulicatella;,_AY879305
k__Bacteria;,p__Firmicutes;,c__Bacilli;,o__Lactobacillales;,f__Carnobacteriaceae;,g__Granulicatella;,_AF016390
k__Bacteria;,p__Firmicutes;,c__Bacilli;,o__Lactobacillales;,f__Carnobacteriaceae;,g__Granulicatella;,_GQ018918
k__Bacteria;,p__Firmicutes;,c__Bacilli;,o__Lactobacillales;,f__Carnobacteriaceae;,g__Granulicatella;,_GU414239
k__Bacteria;,p__Firmicutes;,c__Bacilli;,o__Lactobacillales;,f__Enterococcaceae;,g__Enterococcus;,_GQ169683
k__Bacteria;,p__Firmicutes;,c__Bacilli;,o__Lactobacillales;,f__Enterococcaceae;,g__Enterococcus;,_AF039903
k__Bacteria;,p__Firmicutes;,c__Bacilli;,o__Lactobacillales;,f__Enterococcaceae;,g__Enterococcus;,_DQ411814
k__Bacteria;,p__Firmicutes;,c__Bacilli;,o__Lactobacillales;,f__Enterococcaceae;,g__Enterococcus;,_GU428796
k__Bacteria;,p__Firmicutes;,c__Bacilli;,o__Lactobacillales;,f__Lactobacillaceae;,g__Lactobacillus;,_AY299487
k__Bacteria;,p__Firmicutes;,c__Bacilli;,o__Lactobacillales;,f__Lactobacillaceae;,g__Lactobacillus;,_AJ621549
k__Bacteria;,p__Firmicutes;,c__Bacilli;,o__Lactobacillales;,f__Lactobacillaceae;,g__Lactobacillus;,_Y17362
k__Bacteria;,p__Firmicutes;,c__Bacilli;,o__Lactobacillales;,f__Lactobacillaceae;,g__Lactobacillus;,_EF015468
k__Bacteria;,p__Firmicutes;,c__Bacilli;,o__Lactobacillales;,f__Lactobacillaceae;,g__Lactobacillus;,_DQ208931
k__Bacteria;,p__Firmicutes;,c__Bacilli;,o__Lactobacillales;,f__Lactobacillaceae;,g__Lactobacillus;,_DQ486147
k__Bacteria;,p__Firmicutes;,c__Bacilli;,o__Lactobacillales;,f__Lactobacillaceae;,g__Lactobacillus;,_M58819
k__Bacteria;,p__Firmicutes;,c__Bacilli;,o__Lactobacillales;,f__Lactobacillaceae;,g__Lactobacillus;,_AF243154
k__Bacteria;,p__Firmicutes;,c__Bacilli;,o__Lactobacillales;,f__Lactobacillaceae;,g__Lactobacillus;,_EF533990
k__Bacteria;,p__Firmicutes;,c__Bacilli;,o__Lactobacillales;,f__Lactobacillaceae;,g__Lactobacillus;,_AF243156
k__Bacteria;,p__Firmicutes;,c__Bacilli;,o__Lactobacillales;,f__Lactobacillaceae;,g__Lactobacillus;,_M58820
k__Bacteria;,p__Firmicutes;,c__Bacilli;,o__Lactobacillales;,f__Lactobacillaceae;,g__Lactobacillus;,_AB517146
k__Bacteria;,p__Firmicutes;,c__Bacilli;,o__Lactobacillales;,f__Lactobacillaceae;,g__Lactobacillus;,_GU432305
k__Bacteria;,p__Firmicutes;,c__Bacilli;,o__Lactobacillales;,f__Lactobacillaceae;,g__Lactobacillus;,_X94229
k__Bacteria;,p__Firmicutes;,c__Bacilli;,o__Lactobacillales;,f__Lactobacillaceae;,g__Lactobacillus;,_AM157432
k__Bacteria;,p__Firmicutes;,c__Bacilli;,o__Lactobacillales;,f__Lactobacillaceae;,g__Lactobacillus;,_AY773957
k__Bacteria;,p__Firmicutes;,c__Bacilli;,o__Lactobacillales;,f__Lactobacillaceae;,g__Lactobacillus;,_AY675253
k__Bacteria;,p__Firmicutes;,c__Bacilli;,o__Lactobacillales;,f__Lactobacillaceae;,g__Lactobacillus;,_AB326353
k__Bacteria;,p__Firmicutes;,c__Bacilli;,o__Lactobacillales;,f__Lactobacillaceae;,g__Lactobacillus;,_EU559602
k__Bacteria;,p__Firmicutes;,c__Bacilli;,o__Lactobacillales;,f__Lactobacillaceae;,g__Lactobacillus;,_AY253660
k__Bacteria;,p__Firmicutes;,c__Bacilli;,o__Lactobacillales;,f__Lactobacillaceae;,g__Lactobacillus;,_AY005048
k__Bacteria;,p__Firmicutes;,c__Bacilli;,o__Lactobacillales;,f__Leuconostocaceae;,g__Leuconostoc;,_EU469745
k__Bacteria;,p__Firmicutes;,c__Bacilli;,o__Lactobacillales;,f__Streptococcaceae;,g__Lactococcus;,_GQ112896
k__Bacteria;,p__Firmicutes;,c__Bacilli;,o__Lactobacillales;,f__Streptococcaceae;,g__Lactococcus;,_GQ021122
k__Bacteria;,p__Firmicutes;,c__Bacilli;,o__Lactobacillales;,f__Streptococcaceae;,g__Streptococcus;,_AF459432
k__Bacteria;,p__Firmicutes;,c__Bacilli;,o__Lactobacillales;,f__Streptococcaceae;,g__Streptococcus;,_AY986764
k__Bacteria;,p__Firmicutes;,c__Bacilli;,o__Lactobacillales;,f__Streptococcaceae;,g__Streptococcus;,_AY986762
k__Bacteria;,p__Firmicutes;,c__Bacilli;,o__Lactobacillales;,f__Streptococcaceae;,g__Streptococcus;,_AF145242
k__Bacteria;,p__Firmicutes;,c__Bacilli;,o__Lactobacillales;,f__Streptococcaceae;,g__Streptococcus;,_AY923123
k__Bacteria;,p__Firmicutes;,c__Bacilli;,o__Lactobacillales;,f__Streptococcaceae;,g__Streptococcus;,_AY485604
k__Bacteria;,p__Firmicutes;,c__Bacilli;,o__Lactobacillales;,f__Streptococcaceae;,g__Streptococcus;,_AF385525
k__Bacteria;,p__Firmicutes;,c__Bacilli;,o__Lactobacillales;,f__Streptococcaceae;,g__Streptococcus;,_AF385545
k__Bacteria;,p__Firmicutes;,c__Bacilli;,o__Lactobacillales;,f__Streptococcaceae;,g__Streptococcus;,_AY584476
k__Bacteria;,p__Firmicutes;,c__Bacilli;,o__Lactobacillales;,f__Streptococcaceae;,g__Streptococcus;,_GU470899
k__Bacteria;,p__Firmicutes;,c__Bacilli;,o__Lactobacillales;,f__Streptococcaceae;,g__Streptococcus;,_AM420202
k__Bacteria;,p__Firmicutes;,c__Bacilli;,o__Lactobacillales;,f__Streptococcaceae;,g__Streptococcus;,_GU399179
k__Bacteria;,p__Firmicutes;,c__Bacilli;,o__Lactobacillales;,f__Streptococcaceae;,g__Streptococcus;,_AY188350
k__Bacteria;,p__Firmicutes;,c__Bacilli;,o__Lactobacillales;,f__Streptococcaceae;,g__Streptococcus;,_AF432132
k__Bacteria;,p__Firmicutes;,c__Bacilli;,o__Lactobacillales;,f__Streptococcaceae;,g__Streptococcus;,_DQ638272
k__Bacteria;,p__Firmicutes;,c__Bacilli;,o__Lactobacillales;,f__Streptococcaceae;,g__Streptococcus;,_FJ557816
k__Bacteria;,p__Firmicutes;,c__Bacilli;,o__Lactobacillales;,f__Streptococcaceae;,g__Streptococcus;,_AY134901
k__Bacteria;,p__Firmicutes;,c__Bacilli;,o__Lactobacillales;,f__Streptococcaceae;,g__Streptococcus;,_AY278609
k__Bacteria;,p__Firmicutes;,c__Bacilli;,o__Lactobacillales;,f__Streptococcaceae;,g__Streptococcus;,_AY349414
k__Bacteria;,p__Firmicutes;,c__Bacilli;,o__Lactobacillales;,f__Streptococcaceae;,g__Streptococcus;,_AY281088
k__Bacteria;,p__Firmicutes;,c__Bacilli;,o__Lactobacillales;,f__Streptococcaceae;,g__Streptococcus;,_D38483
k__Bacteria;,p__Firmicutes;,c__Bacilli;,o__Lactobacillales;,f__Streptococcaceae;,g__Streptococcus;,_AY944229
k__Bacteria;,p__Firmicutes;,c__Bacilli;,o__Lactobacillales;,f__Streptococcaceae;,g__Streptococcus;,_CP000725
k__Bacteria;,p__Firmicutes;,c__Bacilli;,o__Lactobacillales;,f__Streptococcaceae;,g__Streptococcus;,_AB355602
k__Bacteria;,p__Firmicutes;,c__Bacilli;,o__Lactobacillales;,f__Streptococcaceae;,g__Streptococcus;,_GQ113841
k__Bacteria;,p__Firmicutes;,c__Bacilli;,o__Lactobacillales;,f__Streptococcaceae;,g__Streptococcus;,_DQ232518
k__Bacteria;,p__Firmicutes;,c__Bacilli;,o__Lactobacillales;,f__Streptococcaceae;,g__Streptococcus;,_AY277941
k__Bacteria;,p__Firmicutes;,c__Bacilli;,o__Lactobacillales;,f__Streptococcaceae;,g__Streptococcus;,_AF104675
k__Bacteria;,p__Firmicutes;,c__Bacilli;,o__Lactobacillales;,f__Streptococcaceae;,g__Streptococcus;,_AF104671
k__Bacteria;,p__Firmicutes;,c__Bacilli;,o__Lactobacillales;,f__Streptococcaceae;,g__Streptococcus;,_AY769997
k__Bacteria;,p__Firmicutes;,c__Bacilli;,o__Lactobacillales;,f__Streptococcaceae;,g__Streptococcus;,_AY485603
k__Bacteria;,p__Firmicutes;,c__Bacilli;,o__Lactobacillales;,f__Streptococcaceae;,g__Streptococcus;,_AM157420
k__Bacteria;,p__Firmicutes;,c__Bacilli;,o__Lactobacillales;,f__Streptococcaceae;,g__Streptococcus;,_AY281077
k__Bacteria;,p__Firmicutes;,c__Bacilli;,o__Lactobacillales;,f__Streptococcaceae;,g__Streptococcus;,_AF003929
k__Bacteria;,p__Firmicutes;,c__Bacilli;,o__Lactobacillales;,f__Streptococcaceae;,g__Streptococcus;,_AY525794
k__Bacteria;,p__Firmicutes;,c__Bacilli;,o__Lactobacillales;,f__Streptococcaceae;,g__Streptococcus;,_AY525793
k__Bacteria;,p__Firmicutes;,c__Bacilli;,o__Lactobacillales;,f__Streptococcaceae;,g__Streptococcus;,_AY525790
k__Bacteria;,p__Firmicutes;,c__Bacilli;,o__Lactobacillales;,f__Streptococcaceae;,g__Streptococcus;,_AJ617796
k__Bacteria;,p__Firmicutes;,c__Bacilli;,o__Lactobacillales;,f__Streptococcaceae;,g__Streptococcus;,_AJ608938
k__Bacteria;,p__Firmicutes;,c__Bacilli;,o__Lactobacillales;,f__Streptococcaceae;,g__Streptococcus;,_AY281083
k__Bacteria;,p__Firmicutes;,c__Bacilli;,o__Lactobacillales;,f__Streptococcaceae;,g__Streptococcus;,_AF003930
k__Bacteria;,p__Firmicutes;,c__Bacilli;,o__Lactobacillales;,f__Streptococcaceae;,g__Streptococcus;,_AY485599
k__Bacteria;,p__Firmicutes;,c__Bacilli;,o__Lactobacillales;,f__Streptococcaceae;,g__Streptococcus;,_AY485602
k__Bacteria;,p__Firmicutes;,c__Bacilli;,o__Lactobacillales;,f__Streptococcaceae;,g__Streptococcus;,_AY005045
k__Bacteria;,p__Firmicutes;,c__Bacilli;,o__Lactobacillales;,f__Streptococcaceae;,g__Streptococcus;,_AY005040
k__Bacteria;,p__Firmicutes;,c__Bacilli;,o__Lactobacillales;,f__Streptococcaceae;,g__Streptococcus;,_AY134908
k__Bacteria;,p__Firmicutes;,c__Bacilli;,o__Lactobacillales;,f__Streptococcaceae;,g__Streptococcus;,_AY005041
k__Bacteria;,p__Firmicutes;,c__Bacilli;,o__Lactobacillales;,f__Streptococcaceae;,g__Streptococcus;,_CP001015
k__Bacteria;,p__Firmicutes;,c__Bacilli;,o__Lactobacillales;,f__Streptococcaceae;,g__Streptococcus;,_AY281082
k__Bacteria;,p__Firmicutes;,c__Bacilli;,o__Lactobacillales;,f__Streptococcaceae;,g__Streptococcus;,_FJ983115
k__Bacteria;,p__Firmicutes;,c__Bacilli;,o__Lactobacillales;,f__Streptococcaceae;,g__Streptococcus;,_FM873628
k__Bacteria;,p__Firmicutes;,c__Bacilli;,o__Lactobacillales;,f__Streptococcaceae;,g__Streptococcus;,_DQ677766
k__Bacteria;,p__Firmicutes;,c__Bacilli;,o__Lactobacillales;,f__Streptococcaceae;,g__Streptococcus;,_DQ677764
k__Bacteria;,p__Firmicutes;,c__Bacilli;,o__Lactobacillales;,f__Streptococcaceae;,g__Streptococcus;,_DQ677737
k__Bacteria;,p__Firmicutes;,c__Bacilli;,o__Lactobacillales;,f__Streptococcaceae;,g__Streptococcus;,_AJ243965
k__Bacteria;,p__Firmicutes;,c__Bacilli;,o__Lactobacillales;,f__Streptococcaceae;,g__Streptococcus;,_EF371928
k__Bacteria;,p__Firmicutes;,c__Bacilli;,o__Lactobacillales;,f__Streptococcaceae;,g__Streptococcus;,_GU399841
k__Bacteria;,p__Firmicutes;,c__Bacilli;,o__Lactobacillales;,f__Streptococcaceae;,g__Streptococcus;,_GU429188
k__Bacteria;,p__Firmicutes;,c__Bacilli;,o__Lactobacillales;,f__Streptococcaceae;,g__Streptococcus;,_AY281080
k__Bacteria;,p__Firmicutes;,c__Bacilli;,o__Lactobacillales;,f__Streptococcaceae;,g__Streptococcus;,_AY207051
k__Bacteria;,p__Firmicutes;,c__Bacilli;,o__Lactobacillales;,f__Streptococcaceae;,g__Streptococcus;,_DQ232537
k__Bacteria;,p__Firmicutes;,c__Bacilli;,o__Lactobacillales;,f__Streptococcaceae;,g__Streptococcus;,_DQ232536
k__Bacteria;,p__Firmicutes;,c__Bacilli;,o__Lactobacillales;,f__Streptococcaceae;,g__Streptococcus;,_AM157441
k__Bacteria;,p__Firmicutes;,c__Bacilli;,o__Lactobacillales;,f__Streptococcaceae;,g__Streptococcus;,_AF543299
k__Bacteria;,p__Firmicutes;,c__Bacilli;,o__Lactobacillales;,f__Streptococcaceae;,g__Streptococcus;,_AF003933
k__Bacteria;,p__Firmicutes;,c__Bacilli;,o__Lactobacillales;,f__Streptococcaceae;,g__Streptococcus;,_AB008314
k__Bacteria;,p__Firmicutes;,c__Bacilli;,o__Lactobacillales;,f__Streptococcaceae;,g__Streptococcus;,_DQ232538
k__Bacteria;,p__Firmicutes;,c__Bacilli;,o__Lactobacillales;,f__Streptococcaceae;,g__Streptococcus;,_AY281085
k__Bacteria;,p__Firmicutes;,c__Bacilli;,o__Lactobacillales;,f__Streptococcaceae;,g__Streptococcus;,_AF543290
k__Bacteria;,p__Firmicutes;,c__Bacilli;,o__Lactobacillales;,f__Streptococcaceae;,g__Streptococcus;,_AF543281
k__Bacteria;,p__Firmicutes;,c__Bacilli;,o__Lactobacillales;,f__Streptococcaceae;,g__Streptococcus;,_AF003928
k__Bacteria;,p__Firmicutes;,c__Bacilli;,o__Lactobacillales;,f__Streptococcaceae;,g__Streptococcus;,_FJ983036
k__Bacteria;,p__Firmicutes;,c__Bacilli;,o__Lactobacillales;,f__Streptococcaceae;,g__Streptococcus;,_AM420016
k__Bacteria;,p__Firmicutes;,c__Bacilli;,o__Lactobacillales;,f__Streptococcaceae;,g__Streptococcus;,_GQ009028
k__Bacteria;,p__Firmicutes;,c__Bacilli;,o__Lactobacillales;,f__Streptococcaceae;,g__Streptococcus;,_FJ773368
k__Bacteria;,p__Firmicutes;,c__Bacilli;,o__Lactobacillales;,f__Streptococcaceae;,g__Streptococcus;,_FJ773363
k__Bacteria;,p__Firmicutes;,c__Bacilli;,o__Lactobacillales;,f__Streptococcaceae;,g__Streptococcus;,_FJ773366
k__Bacteria;,p__Firmicutes;,c__Bacilli;,o__Lactobacillales;,f__Streptococcaceae;,g__Streptococcus;,_AB294731
k__Bacteria;,p__Firmicutes;,c__Bacilli;,o__Lactobacillales;,f__Streptococcaceae;,g__Streptococcus;,_DQ677792
k__Bacteria;,p__Firmicutes;,c__Bacilli;,o__Lactobacillales;,f__Streptococcaceae;,g__Streptococcus;,_AY691533
k__Bacteria;,p__Firmicutes;,c__Bacilli;,o__Lactobacillales;,f__Streptococcaceae;,g__Streptococcus;,_AY188349
k__Bacteria;,p__Firmicutes;,c__Bacilli;,o__Lactobacillales;,f__Streptococcaceae;,g__Streptococcus;,_FJ823151
k__Bacteria;,p__Firmicutes;,c__Bacilli;,o__Lactobacillales;,f__Streptococcaceae;,g__Streptococcus;,_AM157419
k__Bacteria;,p__Firmicutes;,c__Bacilli;,o__Lactobacillales;,f__Streptococcaceae;,g__Streptococcus;,_M58839
k__Bacteria;,p__Firmicutes;,c__Bacilli;,o__Lactobacillales;,f__Streptococcaceae;,g__Streptococcus;,_AY188353
k__Bacteria;,p__Firmicutes;,c__Bacilli;,o__Lactobacillales;,f__Streptococcaceae;,g__Streptococcus;,_AY807884
k__Bacteria;,p__Firmicutes;,c__Bacilli;,o__Lactobacillales;,f__Streptococcaceae;,g__Streptococcus;,_GU419876
k__Bacteria;,p__Firmicutes;,c__Bacilli;,o__unclassified_Bacilli;,f__unclassified_Bacilli;,g__unclassified_Bacilli;,_HM358600
k__Bacteria;,p__Firmicutes;,c__Clostridia;,o__Clostridiales;,f__Clostridiaceae;,g__Clostridium;,_EU435418
k__Bacteria;,p__Firmicutes;,c__Clostridia;,o__Clostridiales;,f__Clostridiaceae;,g__Clostridium;,_AY781385
k__Bacteria;,p__Firmicutes;,c__Clostridia;,o__Clostridiales;,f__Clostridiaceae;,g__Clostridium;,_M26494
k__Bacteria;,p__Firmicutes;,c__Clostridia;,o__Clostridiales;,f__Clostridiales_Family_XI._Incertae_Sedis;,g__Parvimonas;,_AY323523
k__Bacteria;,p__Firmicutes;,c__Clostridia;,o__Clostridiales;,f__Clostridiales_Family_XI._Incertae_Sedis;,g__Parvimonas;,_AM176521
k__Bacteria;,p__Firmicutes;,c__Clostridia;,o__Clostridiales;,f__Clostridiales_Family_XI._Incertae_Sedis;,g__Parvimonas;,_DQ087188
k__Bacteria;,p__Firmicutes;,c__Clostridia;,o__Clostridiales;,f__Clostridiales_Family_XI._Incertae_Sedis;,g__Parvimonas;,_AF385559
k__Bacteria;,p__Firmicutes;,c__Clostridia;,o__Clostridiales;,f__Clostridiales_Family_XI._Incertae_Sedis;,g__Parvimonas;,_AF287767
k__Bacteria;,p__Firmicutes;,c__Clostridia;,o__Clostridiales;,f__Clostridiales_Family_XI._Incertae_Sedis;,g__Parvimonas;,_AM420073
k__Bacteria;,p__Firmicutes;,c__Clostridia;,o__Clostridiales;,f__Clostridiales_Family_XI._Incertae_Sedis;,g__Parvimonas;,_DQ633486
k__Bacteria;,p__Firmicutes;,c__Clostridia;,o__Clostridiales;,f__Clostridiales_Family_XI._Incertae_Sedis;,g__Parvimonas;,_GQ106172
k__Bacteria;,p__Firmicutes;,c__Clostridia;,o__Clostridiales;,f__Clostridiales_Family_XI._Incertae_Sedis;,g__Parvimonas;,_HM358616
k__Bacteria;,p__Firmicutes;,c__Clostridia;,o__Clostridiales;,f__Clostridiales_Family_XI._Incertae_Sedis;,g__Parvimonas;,_HM358617
k__Bacteria;,p__Firmicutes;,c__Clostridia;,o__Clostridiales;,f__Clostridiales_Family_XI._Incertae_Sedis;,g__Parvimonas;,_HM358618
k__Bacteria;,p__Firmicutes;,c__Clostridia;,o__Clostridiales;,f__Clostridiales_Family_XI._Incertae_Sedis;,g__Parvimonas;,_GU431080
k__Bacteria;,p__Firmicutes;,c__Clostridia;,o__Clostridiales;,f__Clostridiales_Family_XI._Incertae_Sedis;,g__Parvimonas;,_GU431081
k__Bacteria;,p__Firmicutes;,c__Clostridia;,o__Clostridiales;,f__Clostridiales_Family_XI._Incertae_Sedis;,g__Parvimonas;,_AY207059
k__Bacteria;,p__Firmicutes;,c__Clostridia;,o__Clostridiales;,f__Clostridiales_Family_XI._Incertae_Sedis;,g__Peptoniphilus;,_DQ986463
k__Bacteria;,p__Firmicutes;,c__Clostridia;,o__Clostridiales;,f__Clostridiales_Family_XI._Incertae_Sedis;,g__Peptoniphilus;,_AY134899
k__Bacteria;,p__Firmicutes;,c__Clostridia;,o__Clostridiales;,f__Clostridiales_Family_XI._Incertae_Sedis;,g__Peptoniphilus;,_AF542230
k__Bacteria;,p__Firmicutes;,c__Clostridia;,o__Clostridiales;,f__Clostridiales_Family_XI._Incertae_Sedis;,g__Peptoniphilus;,_EU526292
k__Bacteria;,p__Firmicutes;,c__Clostridia;,o__Clostridiales;,f__Clostridiales_Family_XI._Incertae_Sedis;,g__Peptoniphilus;,_HM358621
k__Bacteria;,p__Firmicutes;,c__Clostridia;,o__Clostridiales;,f__Clostridiales_Family_XI._Incertae_Sedis;,g__Peptoniphilus;,_AF287766
k__Bacteria;,p__Firmicutes;,c__Clostridia;,o__Clostridiales;,f__Clostridiales_Family_XI._Incertae_Sedis;,g__Peptoniphilus;,_AB175072
k__Bacteria;,p__Firmicutes;,c__Clostridia;,o__Clostridiales;,f__Eubacteriaceae;,g__Eubacterium;,_Z36272
k__Bacteria;,p__Firmicutes;,c__Clostridia;,o__Clostridiales;,f__Eubacteriaceae;,g__Eubacterium;,_AM420050
k__Bacteria;,p__Firmicutes;,c__Clostridia;,o__Clostridiales;,f__Eubacteriaceae;,g__Eubacterium;,_U13037
k__Bacteria;,p__Firmicutes;,c__Clostridia;,o__Clostridiales;,f__Eubacteriaceae;,g__Eubacterium;,_U13041
k__Bacteria;,p__Firmicutes;,c__Clostridia;,o__Clostridiales;,f__Eubacteriaceae;,g__Eubacterium;,_U65987
k__Bacteria;,p__Firmicutes;,c__Clostridia;,o__Clostridiales;,f__Eubacteriaceae;,g__Eubacterium;,_U13039
k__Bacteria;,p__Firmicutes;,c__Clostridia;,o__Clostridiales;,f__Eubacteriaceae;,g__Eubacterium;,_AJ006963
k__Bacteria;,p__Firmicutes;,c__Clostridia;,o__Clostridiales;,f__Eubacteriaceae;,g__Eubacterium;,_GU411021
k__Bacteria;,p__Firmicutes;,c__Clostridia;,o__Clostridiales;,f__Eubacteriaceae;,g__Eubacterium;,_GU411018
k__Bacteria;,p__Firmicutes;,c__Clostridia;,o__Clostridiales;,f__Eubacteriaceae;,g__Eubacterium;,_AY533381
k__Bacteria;,p__Firmicutes;,c__Clostridia;,o__Clostridiales;,f__Eubacteriaceae;,g__Eubacterium;,_L34629
k__Bacteria;,p__Firmicutes;,c__Clostridia;,o__Clostridiales;,f__Eubacteriaceae;,g__Eubacterium;,_AY533382
k__Bacteria;,p__Firmicutes;,c__Clostridia;,o__Clostridiales;,f__Eubacteriaceae;,g__Mogibacterium;,_AB037875
k__Bacteria;,p__Firmicutes;,c__Clostridia;,o__Clostridiales;,f__Eubacteriaceae;,g__Mogibacterium;,_AB021702
k__Bacteria;,p__Firmicutes;,c__Clostridia;,o__Clostridiales;,f__Eubacteriaceae;,g__Mogibacterium;,_Z36296
k__Bacteria;,p__Firmicutes;,c__Clostridia;,o__Clostridiales;,f__Eubacteriaceae;,g__Pseudoramibacter;,_AF287778
k__Bacteria;,p__Firmicutes;,c__Clostridia;,o__Clostridiales;,f__Lachnospiraceae;,g__Catonella;,_AF287769
k__Bacteria;,p__Firmicutes;,c__Clostridia;,o__Clostridiales;,f__Lachnospiraceae;,g__Catonella;,_AF287772
k__Bacteria;,p__Firmicutes;,c__Clostridia;,o__Clostridiales;,f__Lachnospiraceae;,g__Catonella;,_AF385556
k__Bacteria;,p__Firmicutes;,c__Clostridia;,o__Clostridiales;,f__Lachnospiraceae;,g__Catonella;,_AY349369
k__Bacteria;,p__Firmicutes;,c__Clostridia;,o__Clostridiales;,f__Lachnospiraceae;,g__Catonella;,_AY349374
k__Bacteria;,p__Firmicutes;,c__Clostridia;,o__Clostridiales;,f__Lachnospiraceae;,g__Catonella;,_X87151
k__Bacteria;,p__Firmicutes;,c__Clostridia;,o__Clostridiales;,f__Lachnospiraceae;,g__Catonella;,_AF385577
k__Bacteria;,p__Firmicutes;,c__Clostridia;,o__Clostridiales;,f__Lachnospiraceae;,g__Catonella;,_AM420092
k__Bacteria;,p__Firmicutes;,c__Clostridia;,o__Clostridiales;,f__Lachnospiraceae;,g__Catonella;,_GU407023
k__Bacteria;,p__Firmicutes;,c__Clostridia;,o__Clostridiales;,f__Lachnospiraceae;,g__Clostridium;,_EU160006
k__Bacteria;,p__Firmicutes;,c__Clostridia;,o__Clostridiales;,f__Lachnospiraceae;,g__Johnsonella;,_AF287774
k__Bacteria;,p__Firmicutes;,c__Clostridia;,o__Clostridiales;,f__Lachnospiraceae;,g__Johnsonella;,_X87152
k__Bacteria;,p__Firmicutes;,c__Clostridia;,o__Clostridiales;,f__Lachnospiraceae;,g__Johnsonella_;,_GU227212
k__Bacteria;,p__Firmicutes;,c__Clostridia;,o__Clostridiales;,f__Lachnospiraceae;,g__Oribacterium;,_AM420101
k__Bacteria;,p__Firmicutes;,c__Clostridia;,o__Clostridiales;,f__Lachnospiraceae;,g__Oribacterium;,_AF287771
k__Bacteria;,p__Firmicutes;,c__Clostridia;,o__Clostridiales;,f__Lachnospiraceae;,g__Oribacterium;,_AF481218
k__Bacteria;,p__Firmicutes;,c__Clostridia;,o__Clostridiales;,f__Lachnospiraceae;,g__Oribacterium;,_AF481222
k__Bacteria;,p__Firmicutes;,c__Clostridia;,o__Clostridiales;,f__Lachnospiraceae;,g__Oribacterium;,_AF287770
k__Bacteria;,p__Firmicutes;,c__Clostridia;,o__Clostridiales;,f__Lachnospiraceae;,g__Oribacterium;,_FJ577261
k__Bacteria;,p__Firmicutes;,c__Clostridia;,o__Clostridiales;,f__Lachnospiraceae;,g__Oribacterium;,_FJ976347
k__Bacteria;,p__Firmicutes;,c__Clostridia;,o__Clostridiales;,f__Lachnospiraceae;,g__Shuttleworthia;,_AY278618
k__Bacteria;,p__Firmicutes;,c__Clostridia;,o__Clostridiales;,f__Lachnospiraceae;,g__Shuttleworthia;,_AF385510
k__Bacteria;,p__Firmicutes;,c__Clostridia;,o__Clostridiales;,f__Lachnospiraceae;,g__Shuttleworthia;,_FJ557684
k__Bacteria;,p__Firmicutes;,c__Clostridia;,o__Clostridiales;,f__Lachnospiraceae;,g__Shuttleworthia;,_AF481221
k__Bacteria;,p__Firmicutes;,c__Clostridia;,o__Clostridiales;,f__Lachnospiraceae;,g__Shuttleworthia;,_AF399956
k__Bacteria;,p__Firmicutes;,c__Clostridia;,o__Clostridiales;,f__Lachnospiraceae;,g__Uncultured_Lachnospiraceae;,_AM420198
k__Bacteria;,p__Firmicutes;,c__Clostridia;,o__Clostridiales;,f__Lachnospiraceae;,g__Uncultured_Lachnospiraceae;,_AF385562
k__Bacteria;,p__Firmicutes;,c__Clostridia;,o__Clostridiales;,f__Lachnospiraceae;,g__Uncultured_Lachnospiraceae;,_AF385557
k__Bacteria;,p__Firmicutes;,c__Clostridia;,o__Clostridiales;,f__Lachnospiraceae;,g__Uncultured_Lachnospiraceae;,_AF385508
k__Bacteria;,p__Firmicutes;,c__Clostridia;,o__Clostridiales;,f__Lachnospiraceae;,g__Uncultured_Lachnospiraceae;,_AY349376
k__Bacteria;,p__Firmicutes;,c__Clostridia;,o__Clostridiales;,f__Lachnospiraceae;,g__Uncultured_Lachnospiraceae;,_FJ976230
k__Bacteria;,p__Firmicutes;,c__Clostridia;,o__Clostridiales;,f__Lachnospiraceae;,g__Uncultured_Lachnospiraceae;,_FJ976273
k__Bacteria;,p__Firmicutes;,c__Clostridia;,o__Clostridiales;,f__Lachnospiraceae;,g__Uncultured_Lachnospiraceae;,_AY349379
k__Bacteria;,p__Firmicutes;,c__Clostridia;,o__Clostridiales;,f__Lachnospiraceae;,g__Uncultured_Lachnospiraceae;,_AY349389
k__Bacteria;,p__Firmicutes;,c__Clostridia;,o__Clostridiales;,f__Lachnospiraceae;,g__Uncultured_Lachnospiraceae;,_AM420271
k__Bacteria;,p__Firmicutes;,c__Clostridia;,o__Clostridiales;,f__Lachnospiraceae;,g__Uncultured_Lachnospiraceae;,_AF481219
k__Bacteria;,p__Firmicutes;,c__Clostridia;,o__Clostridiales;,f__Lachnospiraceae;,g__Uncultured_Lachnospiraceae;,_GQ069699
k__Bacteria;,p__Firmicutes;,c__Clostridia;,o__Clostridiales;,f__Lachnospiraceae;,g__Uncultured_Lachnospiraceae;,_HM358611
k__Bacteria;,p__Firmicutes;,c__Clostridia;,o__Clostridiales;,f__Lachnospiraceae;,g__Uncultured_Lachnospiraceae;,_HM358612
k__Bacteria;,p__Firmicutes;,c__Clostridia;,o__Clostridiales;,f__Lachnospiraceae;,g__Uncultured_Lachnospiraceae;,_AF287775
k__Bacteria;,p__Firmicutes;,c__Clostridia;,o__Clostridiales;,f__Lachnospiraceae;,g__Uncultured_Lachnospiraceae;,_DQ016677
k__Bacteria;,p__Firmicutes;,c__Clostridia;,o__Clostridiales;,f__Lachnospiraceae;,g__Uncultured_Lachnospiraceae;,_AF385573
k__Bacteria;,p__Firmicutes;,c__Clostridia;,o__Clostridiales;,f__Lachnospiraceae;,g__Uncultured_Lachnospiraceae;,_GU400774
k__Bacteria;,p__Firmicutes;,c__Clostridia;,o__Clostridiales;,f__Lachnospiraceae;,g__Uncultured_Lachnospiraceae;,_GU227217
k__Bacteria;,p__Firmicutes;,c__Clostridia;,o__Clostridiales;,f__Lachnospiraceae;,g__Uncultured_Lachnospiraceae;,_GU400818
k__Bacteria;,p__Firmicutes;,c__Clostridia;,o__Clostridiales;,f__Lachnospiraceae;,g__Uncultured_Lachnospiraceae;,_FJ577253
k__Bacteria;,p__Firmicutes;,c__Clostridia;,o__Clostridiales;,f__Lachnospiraceae;,g__Uncultured_Lachnospiraceae;,_AM420023
k__Bacteria;,p__Firmicutes;,c__Clostridia;,o__Clostridiales;,f__Lachnospiraceae;,g__Uncultured_Lachnospiraceae;,_GU428841
k__Bacteria;,p__Firmicutes;,c__Clostridia;,o__Clostridiales;,f__Lachnospiraceae;,g__Uncultured_Lachnospiraceae;,_GU428845
k__Bacteria;,p__Firmicutes;,c__Clostridia;,o__Clostridiales;,f__Lachnospiraceae;,g__Uncultured_Lachnospiraceae;,_GU432008
k__Bacteria;,p__Firmicutes;,c__Clostridia;,o__Clostridiales;,f__Lachnospiraceae;,g__Uncultured_Lachnospiraceae;,_FAUST1
k__Bacteria;,p__Firmicutes;,c__Clostridia;,o__Clostridiales;,f__Lachnospiraceae;,g__Uncultured_Lachnospiraceae;,_FJ705147
k__Bacteria;,p__Firmicutes;,c__Clostridia;,o__Clostridiales;,f__Peptococcaceae;,g__Desulfotomaculum;,_EU181055
k__Bacteria;,p__Firmicutes;,c__Clostridia;,o__Clostridiales;,f__Peptococcaceae;,g__Peptococcus;,_AF385563
k__Bacteria;,p__Firmicutes;,c__Clostridia;,o__Clostridiales;,f__Peptococcaceae;,g__Peptococcus;,_HM358619
k__Bacteria;,p__Firmicutes;,c__Clostridia;,o__Clostridiales;,f__Peptococcaceae;,g__Peptococcus;,_HM358620
k__Bacteria;,p__Firmicutes;,c__Clostridia;,o__Clostridiales;,f__Peptococcaceae;,g__Peptococcus;,_AF287779
k__Bacteria;,p__Firmicutes;,c__Clostridia;,o__Clostridiales;,f__Peptococcaceae;,g__Peptococcus;,_AF481224
k__Bacteria;,p__Firmicutes;,c__Clostridia;,o__Clostridiales;,f__Peptococcaceae;,g__Peptococcus;,_AM420144
k__Bacteria;,p__Firmicutes;,c__Clostridia;,o__Clostridiales;,f__Peptococcaceae;,g__Peptococcus;,_GU407063
k__Bacteria;,p__Firmicutes;,c__Clostridia;,o__Clostridiales;,f__Peptococcaceae;,g__Peptococcus;,_GQ422727
k__Bacteria;,p__Firmicutes;,c__Clostridia;,o__Clostridiales;,f__Peptostreptococcaceae;,g__Filifactor;,_AJ006962
k__Bacteria;,p__Firmicutes;,c__Clostridia;,o__Clostridiales;,f__Peptostreptococcaceae;,g__Filifactor;,_GU414913
k__Bacteria;,p__Firmicutes;,c__Clostridia;,o__Clostridiales;,f__Peptostreptococcaceae;,g__Filifactor;,_HM358609
k__Bacteria;,p__Firmicutes;,c__Clostridia;,o__Clostridiales;,f__Peptostreptococcaceae;,g__Peptostreptococcus;,_DQ160208
k__Bacteria;,p__Firmicutes;,c__Clostridia;,o__Clostridiales;,f__Peptostreptococcaceae;,g__unclassified_Peptostreptococcaceae;,_HM358622
k__Bacteria;,p__Firmicutes;,c__Clostridia;,o__Clostridiales;,f__Peptostreptococcaceae;,g__unclassified_Peptostreptococcaceae;,_AF287764
k__Bacteria;,p__Firmicutes;,c__Clostridia;,o__Clostridiales;,f__Peptostreptococcaceae;,g__unclassified_Peptostreptococcaceae;,_AY207060
k__Bacteria;,p__Firmicutes;,c__Clostridia;,o__Clostridiales;,f__Syntrophomonadaceae;,g__Syntrophomonas;,_AY341821
k__Bacteria;,p__Firmicutes;,c__Clostridia;,o__Clostridiales;,f__unclassified_Clostridiales;,g__unclassified_Clostridiales;,_AM420096
k__Bacteria;,p__Firmicutes;,c__Clostridia;,o__Clostridiales;,f__unclassified_Clostridiales;,g__unclassified_Clostridiales;,_AF287762
k__Bacteria;,p__Firmicutes;,c__Clostridia;,o__Clostridiales;,f__unclassified_Clostridiales;,g__unclassified_Clostridiales;,_AY134903
k__Bacteria;,p__Firmicutes;,c__Clostridia;,o__Clostridiales;,f__unclassified_Clostridiales;,g__unclassified_Clostridiales;,_AY134904
k__Bacteria;,p__Firmicutes;,c__Clostridia;,o__Clostridiales;,f__unclassified_Clostridiales;,g__unclassified_Clostridiales;,_AY349373
k__Bacteria;,p__Firmicutes;,c__Clostridia;,o__Clostridiales;,f__unclassified_Clostridiales;,g__unclassified_Clostridiales;,_AY349378
k__Bacteria;,p__Firmicutes;,c__Clostridia;,o__Clostridiales;,f__unclassified_Clostridiales;,g__unclassified_Clostridiales;,_AF481212
k__Bacteria;,p__Firmicutes;,c__Clostridia;,o__Clostridiales;,f__unclassified_Clostridiales;,g__unclassified_Clostridiales;,_AF481213
k__Bacteria;,p__Firmicutes;,c__Clostridia;,o__Clostridiales;,f__unclassified_Clostridiales;,g__unclassified_Clostridiales;,_HM358604
k__Bacteria;,p__Firmicutes;,c__Clostridia;,o__Clostridiales;,f__unclassified_Clostridiales;,g__unclassified_Clostridiales;,_HM358605
k__Bacteria;,p__Firmicutes;,c__Clostridia;,o__Clostridiales;,f__unclassified_Clostridiales;,g__unclassified_Clostridiales;,_GU432185
k__Bacteria;,p__Firmicutes;,c__Clostridia;,o__Clostridiales;,f__unclassified_Clostridiales;,g__unclassified_Clostridiales;,_GU432184
k__Bacteria;,p__Firmicutes;,c__Clostridia;,o__Clostridiales;,f__unclassified_Clostridiales;,g__unclassified_Clostridiales;,_AF538856
k__Bacteria;,p__Firmicutes;,c__Clostridia;,o__Clostridiales;,f__Veillonellaceae;,g__Centipeda;,_AJ010963
k__Bacteria;,p__Firmicutes;,c__Clostridia;,o__Clostridiales;,f__Veillonellaceae;,g__Centipeda;,_AF458222
k__Bacteria;,p__Firmicutes;,c__Clostridia;,o__Clostridiales;,f__Veillonellaceae;,g__Dialister;,_AF287786
k__Bacteria;,p__Firmicutes;,c__Clostridia;,o__Clostridiales;,f__Veillonellaceae;,g__Dialister;,_AY162469
k__Bacteria;,p__Firmicutes;,c__Clostridia;,o__Clostridiales;,f__Veillonellaceae;,g__Dialister;,_AF287788
k__Bacteria;,p__Firmicutes;,c__Clostridia;,o__Clostridiales;,f__Veillonellaceae;,g__Dialister;,_AF287787
k__Bacteria;,p__Firmicutes;,c__Clostridia;,o__Clostridiales;,f__Veillonellaceae;,g__Dialister;,_DQ905872
k__Bacteria;,p__Firmicutes;,c__Clostridia;,o__Clostridiales;,f__Veillonellaceae;,g__Dialister;,_AY850116
k__Bacteria;,p__Firmicutes;,c__Clostridia;,o__Clostridiales;,f__Veillonellaceae;,g__Dialister;,_X82500
k__Bacteria;,p__Firmicutes;,c__Clostridia;,o__Clostridiales;,f__Veillonellaceae;,g__Megasphaera;,_AF481223
k__Bacteria;,p__Firmicutes;,c__Clostridia;,o__Clostridiales;,f__Veillonellaceae;,g__Megasphaera;,_AF287783
k__Bacteria;,p__Firmicutes;,c__Clostridia;,o__Clostridiales;,f__Veillonellaceae;,g__Megasphaera;,_AF287785
k__Bacteria;,p__Firmicutes;,c__Clostridia;,o__Clostridiales;,f__Veillonellaceae;,g__Megasphaera;,_AF287784
k__Bacteria;,p__Firmicutes;,c__Clostridia;,o__Clostridiales;,f__Veillonellaceae;,g__Megasphaera;,_AF473834
k__Bacteria;,p__Firmicutes;,c__Clostridia;,o__Clostridiales;,f__Veillonellaceae;,g__Megasphaera;,_AY278622
k__Bacteria;,p__Firmicutes;,c__Clostridia;,o__Clostridiales;,f__Veillonellaceae;,g__Megasphaera;,_AF385566
k__Bacteria;,p__Firmicutes;,c__Clostridia;,o__Clostridiales;,f__Veillonellaceae;,g__Mitsuokella;,_AY278627
k__Bacteria;,p__Firmicutes;,c__Clostridia;,o__Clostridiales;,f__Veillonellaceae;,g__Mitsuokella;,_AF287795
k__Bacteria;,p__Firmicutes;,c__Clostridia;,o__Clostridiales;,f__Veillonellaceae;,g__Mitsuokella;,_DQ003628
k__Bacteria;,p__Firmicutes;,c__Clostridia;,o__Clostridiales;,f__Veillonellaceae;,g__Selenomonas;,_GU403445
k__Bacteria;,p__Firmicutes;,c__Clostridia;,o__Clostridiales;,f__Veillonellaceae;,g__Selenomonas;,_AM419993
k__Bacteria;,p__Firmicutes;,c__Clostridia;,o__Clostridiales;,f__Veillonellaceae;,g__Selenomonas;,_AM420017
k__Bacteria;,p__Firmicutes;,c__Clostridia;,o__Clostridiales;,f__Veillonellaceae;,g__Selenomonas;,_AM420190
k__Bacteria;,p__Firmicutes;,c__Clostridia;,o__Clostridiales;,f__Veillonellaceae;,g__Selenomonas;,_AF366273
k__Bacteria;,p__Firmicutes;,c__Clostridia;,o__Clostridiales;,f__Veillonellaceae;,g__Selenomonas;,_AF287800
k__Bacteria;,p__Firmicutes;,c__Clostridia;,o__Clostridiales;,f__Veillonellaceae;,g__Selenomonas;,_AF287797
k__Bacteria;,p__Firmicutes;,c__Clostridia;,o__Clostridiales;,f__Veillonellaceae;,g__Selenomonas;,_GQ422716
k__Bacteria;,p__Firmicutes;,c__Clostridia;,o__Clostridiales;,f__Veillonellaceae;,g__Selenomonas;,_AF287796
k__Bacteria;,p__Firmicutes;,c__Clostridia;,o__Clostridiales;,f__Veillonellaceae;,g__Selenomonas;,_AF287801
k__Bacteria;,p__Firmicutes;,c__Clostridia;,o__Clostridiales;,f__Veillonellaceae;,g__Selenomonas;,_AF385503
k__Bacteria;,p__Firmicutes;,c__Clostridia;,o__Clostridiales;,f__Veillonellaceae;,g__Selenomonas;,_AM420127
k__Bacteria;,p__Firmicutes;,c__Clostridia;,o__Clostridiales;,f__Veillonellaceae;,g__Selenomonas;,_AY349404
k__Bacteria;,p__Firmicutes;,c__Clostridia;,o__Clostridiales;,f__Veillonellaceae;,g__Selenomonas;,_AF385501
k__Bacteria;,p__Firmicutes;,c__Clostridia;,o__Clostridiales;,f__Veillonellaceae;,g__Selenomonas;,_AF385492
k__Bacteria;,p__Firmicutes;,c__Clostridia;,o__Clostridiales;,f__Veillonellaceae;,g__Selenomonas;,_AY349407
k__Bacteria;,p__Firmicutes;,c__Clostridia;,o__Clostridiales;,f__Veillonellaceae;,g__Selenomonas;,_AF287804
k__Bacteria;,p__Firmicutes;,c__Clostridia;,o__Clostridiales;,f__Veillonellaceae;,g__Selenomonas;,_AY349403
k__Bacteria;,p__Firmicutes;,c__Clostridia;,o__Clostridiales;,f__Veillonellaceae;,g__Selenomonas;,_AY341820
k__Bacteria;,p__Firmicutes;,c__Clostridia;,o__Clostridiales;,f__Veillonellaceae;,g__Selenomonas;,_AM420185
k__Bacteria;,p__Firmicutes;,c__Clostridia;,o__Clostridiales;,f__Veillonellaceae;,g__Selenomonas;,_AF287802
k__Bacteria;,p__Firmicutes;,c__Clostridia;,o__Clostridiales;,f__Veillonellaceae;,g__Selenomonas;,_AF366274
k__Bacteria;,p__Firmicutes;,c__Clostridia;,o__Clostridiales;,f__Veillonellaceae;,g__Selenomonas;,_AY349405
k__Bacteria;,p__Firmicutes;,c__Clostridia;,o__Clostridiales;,f__Veillonellaceae;,g__Selenomonas;,_AY349409
k__Bacteria;,p__Firmicutes;,c__Clostridia;,o__Clostridiales;,f__Veillonellaceae;,g__Selenomonas;,_GQ006840
k__Bacteria;,p__Firmicutes;,c__Clostridia;,o__Clostridiales;,f__Veillonellaceae;,g__Selenomonas;,_AF287799
k__Bacteria;,p__Firmicutes;,c__Clostridia;,o__Clostridiales;,f__Veillonellaceae;,g__Selenomonas;,_AF385495
k__Bacteria;,p__Firmicutes;,c__Clostridia;,o__Clostridiales;,f__Veillonellaceae;,g__Selenomonas;,_AF287798
k__Bacteria;,p__Firmicutes;,c__Clostridia;,o__Clostridiales;,f__Veillonellaceae;,g__Selenomonas;,_GU470909
k__Bacteria;,p__Firmicutes;,c__Clostridia;,o__Clostridiales;,f__Veillonellaceae;,g__Selenomonas;,_GU403263
k__Bacteria;,p__Firmicutes;,c__Clostridia;,o__Clostridiales;,f__Veillonellaceae;,g__Selenomonas;,_GU431386
k__Bacteria;,p__Firmicutes;,c__Clostridia;,o__Clostridiales;,f__Veillonellaceae;,g__Selenomonas;,_GU431796
k__Bacteria;,p__Firmicutes;,c__Clostridia;,o__Clostridiales;,f__Veillonellaceae;,g__Selenomonas;,_GU432406
k__Bacteria;,p__Firmicutes;,c__Clostridia;,o__Clostridiales;,f__Veillonellaceae;,g__Selenomonas;,_AF287793
k__Bacteria;,p__Firmicutes;,c__Clostridia;,o__Clostridiales;,f__Veillonellaceae;,g__Selenomonas;,_AF287794
k__Bacteria;,p__Firmicutes;,c__Clostridia;,o__Clostridiales;,f__Veillonellaceae;,g__Selenomonas;,_AM420282
k__Bacteria;,p__Firmicutes;,c__Clostridia;,o__Clostridiales;,f__Veillonellaceae;,g__Selenomonas;,_AM420051
k__Bacteria;,p__Firmicutes;,c__Clostridia;,o__Clostridiales;,f__Veillonellaceae;,g__Selenomonas;,_AM420279
k__Bacteria;,p__Firmicutes;,c__Clostridia;,o__Clostridiales;,f__Veillonellaceae;,g__Selenomonas;,_GQ422722
k__Bacteria;,p__Firmicutes;,c__Clostridia;,o__Clostridiales;,f__Veillonellaceae;,g__Veillonella;,_AY995768
k__Bacteria;,p__Firmicutes;,c__Clostridia;,o__Clostridiales;,f__Veillonellaceae;,g__Veillonella;,_AY995770
k__Bacteria;,p__Firmicutes;,c__Clostridia;,o__Clostridiales;,f__Veillonellaceae;,g__Veillonella;,_X84006
k__Bacteria;,p__Firmicutes;,c__Clostridia;,o__Clostridiales;,f__Veillonellaceae;,g__Veillonella;,_AY995769
k__Bacteria;,p__Firmicutes;,c__Clostridia;,o__Clostridiales;,f__Veillonellaceae;,g__Veillonella;,_AY995767
k__Bacteria;,p__Firmicutes;,c__Clostridia;,o__Clostridiales;,f__Veillonellaceae;,g__Veillonella;,_X84005
k__Bacteria;,p__Firmicutes;,c__Clostridia;,o__Clostridiales;,f__Veillonellaceae;,g__Veillonella;,_AF287781
k__Bacteria;,p__Firmicutes;,c__Clostridia;,o__Clostridiales;,f__Veillonellaceae;,g__Veillonella;,_X84007
k__Bacteria;,p__Firmicutes;,c__Clostridia;,o__Clostridiales;,f__Veillonellaceae;,g__Veillonella;,_EU071478
k__Bacteria;,p__Firmicutes;,c__Clostridia;,o__Clostridiales;,f__Veillonellaceae;,g__Veillonella;,_AF366266
k__Bacteria;,p__Firmicutes;,c__Clostridia;,o__Clostridiales;,f__Veillonellaceae;,g__Veillonella;,_AY995757
k__Bacteria;,p__Firmicutes;,c__Clostridia;,o__Clostridiales;,f__Veillonellaceae;,g__Veillonella;,_AF287782
k__Bacteria;,p__Firmicutes;,c__Clostridia;,o__Clostridiales;,f__Veillonellaceae;,g__Veillonella;,_DQ087189
k__Bacteria;,p__Firmicutes;,c__Clostridia;,o__Clostridiales;,f__Veillonellaceae;,g__Veillonella;,_GQ101676
k__Bacteria;,p__Firmicutes;,c__Clostridia;,o__Clostridiales;,f__Veillonellaceae;,g__Veillonella;,_EU989879
k__Bacteria;,p__Firmicutes;,c__Clostridia;,o__Clostridiales;,f__Veillonellaceae;,g__Veillonellaceae;,_OT129
k__Bacteria;,p__Firmicutes;,c__Clostridia;,o__Clostridiales;,f__Veillonellaceae;,g__Veillonellaceae;,_AF287791
k__Bacteria;,p__Firmicutes;,c__Clostridia;,o__Clostridiales;,f__Veillonellaceae;,g__Veillonellaceae;,_AY207052
k__Bacteria;,p__Firmicutes;,c__Clostridia;,o__Clostridiales;,f__Veillonellaceae;,g__Veillonellaceae;,_AF385502
k__Bacteria;,p__Firmicutes;,c__Clostridia;,o__Clostridiales;,f__Veillonellaceae;,g__Veillonellaceae;,_AF385578
k__Bacteria;,p__Firmicutes;,c__Clostridia;,o__Clostridiales;,f__Veillonellaceae;,g__Veillonellaceae;,_AF287789
k__Bacteria;,p__Firmicutes;,c__Clostridia;,o__Clostridiales;,f__Veillonellaceae;,g__Veillonellaceae;,_AF287790
k__Bacteria;,p__Firmicutes;,c__Clostridia;,o__Clostridiales;,f__Veillonellaceae;,g__Veillonellaceae;,_AY278628
k__Bacteria;,p__Firmicutes;,c__Erysipelotrichi;,o__Erysipelotrichales;,f__Erysipelotrichaceae;,g__Bulleidia;,_AF220064
k__Bacteria;,p__Firmicutes;,c__Erysipelotrichi;,o__Erysipelotrichales;,f__Erysipelotrichaceae;,g__Erysipelothrix;,_HM358608
k__Bacteria;,p__Firmicutes;,c__Erysipelotrichi;,o__Erysipelotrichales;,f__Erysipelotrichaceae;,g__Solobacterium;,_DQ634771
k__Bacteria;,p__Firmicutes;,c__Erysipelotrichi;,o__Erysipelotrichales;,f__Erysipelotrichaceae;,g__Solobacterium;,_AM238669
k__Bacteria;,p__Fusobacteria;,c__Fusobacteria;,o__Fusobacteriales;,f__Fusobacteriaceae;,g__Fusobacterium;,_GQ091889
k__Bacteria;,p__Fusobacteria;,c__Fusobacteria;,o__Fusobacteriales;,f__Fusobacteriaceae;,g__Fusobacterium;,_HM358610
k__Bacteria;,p__Fusobacteria;,c__Fusobacteria;,o__Fusobacteriales;,f__Fusobacteriaceae;,g__Fusobacterium;,_AF543300
k__Bacteria;,p__Fusobacteria;,c__Fusobacteria;,o__Fusobacteriales;,f__Fusobacteriaceae;,g__Fusobacterium;,_AY807905
k__Bacteria;,p__Fusobacteria;,c__Fusobacteria;,o__Fusobacteriales;,f__Fusobacteriaceae;,g__Fusobacterium;,_FJ471662
k__Bacteria;,p__Fusobacteria;,c__Fusobacteria;,o__Fusobacteriales;,f__Fusobacteriaceae;,g__Fusobacterium;,_FJ471664
k__Bacteria;,p__Fusobacteria;,c__Fusobacteria;,o__Fusobacteriales;,f__Fusobacteriaceae;,g__Fusobacterium;,_AJ006965
k__Bacteria;,p__Fusobacteria;,c__Fusobacteria;,o__Fusobacteriales;,f__Fusobacteriaceae;,g__Fusobacterium;,_AJ810277
k__Bacteria;,p__Fusobacteria;,c__Fusobacteria;,o__Fusobacteriales;,f__Fusobacteriaceae;,g__Fusobacterium;,_AM887529
k__Bacteria;,p__Fusobacteria;,c__Fusobacteria;,o__Fusobacteriales;,f__Fusobacteriaceae;,g__Fusobacterium;,_AF287805
k__Bacteria;,p__Fusobacteria;,c__Fusobacteria;,o__Fusobacteriales;,f__Fusobacteriaceae;,g__Fusobacterium;,_AF287810
k__Bacteria;,p__Fusobacteria;,c__Fusobacteria;,o__Fusobacteriales;,f__Fusobacteriaceae;,g__Fusobacterium;,_AM420075
k__Bacteria;,p__Fusobacteria;,c__Fusobacteria;,o__Fusobacteriales;,f__Fusobacteriaceae;,g__Fusobacterium;,_GU407918
k__Bacteria;,p__Fusobacteria;,c__Fusobacteria;,o__Fusobacteriales;,f__Fusobacteriaceae;,g__Fusobacterium;,_AJ133496
k__Bacteria;,p__Fusobacteria;,c__Fusobacteria;,o__Fusobacteriales;,f__Fusobacteriaceae;,g__Fusobacterium;,_AF287809
k__Bacteria;,p__Fusobacteria;,c__Fusobacteria;,o__Fusobacteriales;,f__Fusobacteriaceae;,g__Fusobacterium;,_AY162222
k__Bacteria;,p__Fusobacteria;,c__Fusobacteria;,o__Fusobacteriales;,f__Fusobacteriaceae;,g__Fusobacterium;,_FJ976328
k__Bacteria;,p__Fusobacteria;,c__Fusobacteria;,o__Fusobacteriales;,f__Fusobacteriaceae;,g__Fusobacterium;,_GU408370
k__Bacteria;,p__Fusobacteria;,c__Fusobacteria;,o__Fusobacteriales;,f__Fusobacteriaceae;,g__Fusobacterium;,_GU428575
k__Bacteria;,p__Fusobacteria;,c__Fusobacteria;,o__Fusobacteriales;,f__Fusobacteriaceae;,g__Fusobacterium;,_AF481217
k__Bacteria;,p__Fusobacteria;,c__Fusobacteria;,o__Fusobacteriales;,f__Fusobacteriaceae;,g__Fusobacterium;,_AB550231
k__Bacteria;,p__Fusobacteria;,c__Fusobacteria;,o__Fusobacteriales;,f__Fusobacteriaceae;,g__Fusobacterium;,_AY134900
k__Bacteria;,p__Fusobacteria;,c__Fusobacteria;,o__Fusobacteriales;,f__Fusobacteriaceae;,g__Fusobacterium;,_FJ471638
k__Bacteria;,p__Fusobacteria;,c__Fusobacteria;,o__Fusobacteriales;,f__Fusobacteriaceae;,g__Fusobacterium;,_FJ471646
k__Bacteria;,p__Fusobacteria;,c__Fusobacteria;,o__Fusobacteriales;,f__Fusobacteriaceae;,g__Fusobacterium;,_GQ015164
k__Bacteria;,p__Fusobacteria;,c__Fusobacteria;,o__Fusobacteriales;,f__Fusobacteriaceae;,g__Fusobacterium;,_GU470910
k__Bacteria;,p__Fusobacteria;,c__Fusobacteria;,o__Fusobacteriales;,f__Fusobacteriaceae;,g__Fusobacterium;,_GU428914
k__Bacteria;,p__Fusobacteria;,c__Fusobacteria;,o__Fusobacteriales;,f__Fusobacteriaceae;,g__Fusobacterium;,_AJ810271
k__Bacteria;,p__Fusobacteria;,c__Fusobacteria;,o__Fusobacteriales;,f__Fusobacteriaceae;,g__Leptotrichia;,_AM420095
k__Bacteria;,p__Fusobacteria;,c__Fusobacteria;,o__Fusobacteriales;,f__Fusobacteriaceae;,g__Leptotrichia;,_AM420173
k__Bacteria;,p__Fusobacteria;,c__Fusobacteria;,o__Fusobacteriales;,f__Fusobacteriaceae;,g__Leptotrichia;,_EU998569
k__Bacteria;,p__Fusobacteria;,c__Fusobacteria;,o__Fusobacteriales;,f__Fusobacteriaceae;,g__Leptotrichia;,_AY207053
k__Bacteria;,p__Fusobacteria;,c__Fusobacteria;,o__Fusobacteriales;,f__Fusobacteriaceae;,g__Leptotrichia;,_AY008309
k__Bacteria;,p__Fusobacteria;,c__Fusobacteria;,o__Fusobacteriales;,f__Fusobacteriaceae;,g__Leptotrichia;,_GQ103549
k__Bacteria;,p__Fusobacteria;,c__Fusobacteria;,o__Fusobacteriales;,f__Fusobacteriaceae;,g__Leptotrichia;,_AF385518
k__Bacteria;,p__Fusobacteria;,c__Fusobacteria;,o__Fusobacteriales;,f__Fusobacteriaceae;,g__Leptotrichia;,_AF287811
k__Bacteria;,p__Fusobacteria;,c__Fusobacteria;,o__Fusobacteriales;,f__Fusobacteriaceae;,g__Leptotrichia;,_AF385572
k__Bacteria;,p__Fusobacteria;,c__Fusobacteria;,o__Fusobacteriales;,f__Fusobacteriaceae;,g__Leptotrichia;,_AM420102
k__Bacteria;,p__Fusobacteria;,c__Fusobacteria;,o__Fusobacteriales;,f__Fusobacteriaceae;,g__Leptotrichia;,_AY134896
k__Bacteria;,p__Fusobacteria;,c__Fusobacteria;,o__Fusobacteriales;,f__Fusobacteriaceae;,g__Leptotrichia;,_AF432138
k__Bacteria;,p__Fusobacteria;,c__Fusobacteria;,o__Fusobacteriales;,f__Fusobacteriaceae;,g__Leptotrichia;,_FJ577259
k__Bacteria;,p__Fusobacteria;,c__Fusobacteria;,o__Fusobacteriales;,f__Fusobacteriaceae;,g__Leptotrichia;,_AY349385
k__Bacteria;,p__Fusobacteria;,c__Fusobacteria;,o__Fusobacteriales;,f__Fusobacteriaceae;,g__Leptotrichia;,_AY029803
k__Bacteria;,p__Fusobacteria;,c__Fusobacteria;,o__Fusobacteriales;,f__Fusobacteriaceae;,g__Leptotrichia;,_AF287813
k__Bacteria;,p__Fusobacteria;,c__Fusobacteria;,o__Fusobacteriales;,f__Fusobacteriaceae;,g__Leptotrichia;,_AY349387
k__Bacteria;,p__Fusobacteria;,c__Fusobacteria;,o__Fusobacteriales;,f__Fusobacteriaceae;,g__Leptotrichia;,_GQ072215
k__Bacteria;,p__Fusobacteria;,c__Fusobacteria;,o__Fusobacteriales;,f__Fusobacteriaceae;,g__Leptotrichia;,_GQ016227
k__Bacteria;,p__Fusobacteria;,c__Fusobacteria;,o__Fusobacteriales;,f__Fusobacteriaceae;,g__Leptotrichia;,_AF287807
k__Bacteria;,p__Fusobacteria;,c__Fusobacteria;,o__Fusobacteriales;,f__Fusobacteriaceae;,g__Leptotrichia;,_AF287814
k__Bacteria;,p__Fusobacteria;,c__Fusobacteria;,o__Fusobacteriales;,f__Fusobacteriaceae;,g__Leptotrichia;,_AM420110
k__Bacteria;,p__Fusobacteria;,c__Fusobacteria;,o__Fusobacteriales;,f__Fusobacteriaceae;,g__Leptotrichia;,_GQ422732
k__Bacteria;,p__Fusobacteria;,c__Fusobacteria;,o__Fusobacteriales;,f__Fusobacteriaceae;,g__Leptotrichia;,_FJ577250
k__Bacteria;,p__Fusobacteria;,c__Fusobacteria;,o__Fusobacteriales;,f__Fusobacteriaceae;,g__Leptotrichia;,_EU988280
k__Bacteria;,p__Fusobacteria;,c__Fusobacteria;,o__Fusobacteriales;,f__Fusobacteriaceae;,g__Leptotrichia;,_AY029806
k__Bacteria;,p__Fusobacteria;,c__Fusobacteria;,o__Fusobacteriales;,f__Fusobacteriaceae;,g__Leptotrichia;,_AM420220
k__Bacteria;,p__Fusobacteria;,c__Fusobacteria;,o__Fusobacteriales;,f__Fusobacteriaceae;,g__Leptotrichia;,_AF287816
k__Bacteria;,p__Fusobacteria;,c__Fusobacteria;,o__Fusobacteriales;,f__Fusobacteriaceae;,g__Leptotrichia;,_FJ717336
k__Bacteria;,p__Fusobacteria;,c__Fusobacteria;,o__Fusobacteriales;,f__Fusobacteriaceae;,g__Leptotrichia;,_EU993877
k__Bacteria;,p__Gemmatimonadetes;,c__Gemmatimonadetes;,o__Gemmatimonadales;,f__Gemmatimonadaceae;,g__Gemmatimonas;,_AB072735
k__Bacteria;,p__Lentisphaerae;,c__Lentisphaerae;,o__Victivallales;,f__Victivallaceae;,g__Victivallis;,_AY049713
k__Bacteria;,p__Nitrospira;,c__Nitrospira;,o__Nitrospirales;,f__Nitrospiraceae;,g__Nitrospira;,_X82558
k__Bacteria;,p__Nitrospira;,c__Nitrospira;,o__Nitrospirales;,f__Nitrospiraceae;,g__Thermodesulfovibrio;,_AB021304
k__Bacteria;,p__OD1;,c__OD1;,o__OD1;,f__OD1;,g__OD1;,_FJ482175
k__Bacteria;,p__OP10;,c__OP10;,o__OP10;,f__OP10;,g__OP10;,_AY948040
k__Bacteria;,p__OP11;,c__OP11;,o__OP11;,f__OP11;,g__OP11;,_HM358615
k__Bacteria;,p__OP11;,c__OP11;,o__OP11;,f__OP11;,g__OP11;,_FM207959
k__Bacteria;,p__Planctomycetes;,c__Planctomycetacia;,o__Planctomycetales;,f__Planctomycetaceae;,g__Pirellula;,_AF399914
k__Bacteria;,p__Proteobacteria;,c__Alphaproteobacteria;,o__Caulobacterales;,f__Caulobacteraceae;,g__Asticcacaulis;,_HM358599
k__Bacteria;,p__Proteobacteria;,c__Alphaproteobacteria;,o__Caulobacterales;,f__Caulobacteraceae;,g__Brevundimonas;,_AB016610
k__Bacteria;,p__Proteobacteria;,c__Alphaproteobacteria;,o__Caulobacterales;,f__Caulobacteraceae;,g__Brevundimonas;,_AB476703
k__Bacteria;,p__Proteobacteria;,c__Alphaproteobacteria;,o__Caulobacterales;,f__Caulobacteraceae;,g__Brevundimonas;,_AY328778
k__Bacteria;,p__Proteobacteria;,c__Alphaproteobacteria;,o__Caulobacterales;,f__Caulobacteraceae;,g__Brevundimonas;,_AB426562
k__Bacteria;,p__Proteobacteria;,c__Alphaproteobacteria;,o__Caulobacterales;,f__Caulobacteraceae;,g__Brevundimonas;,_EF697881
k__Bacteria;,p__Proteobacteria;,c__Alphaproteobacteria;,o__Caulobacterales;,f__Caulobacteraceae;,g__Brevundimonas;,_GQ028280
k__Bacteria;,p__Proteobacteria;,c__Alphaproteobacteria;,o__Caulobacterales;,f__Caulobacteraceae;,g__Brevundimonas;,_GQ046449
k__Bacteria;,p__Proteobacteria;,c__Alphaproteobacteria;,o__Caulobacterales;,f__Caulobacteraceae;,g__Brevundimonas;,_AJ227798
k__Bacteria;,p__Proteobacteria;,c__Alphaproteobacteria;,o__Caulobacterales;,f__Caulobacteraceae;,g__Caulobacter;,_NR_025319
k__Bacteria;,p__Proteobacteria;,c__Alphaproteobacteria;,o__Caulobacterales;,f__Caulobacteraceae;,g__Caulobacter;,_GQ076412
k__Bacteria;,p__Proteobacteria;,c__Alphaproteobacteria;,o__Caulobacterales;,f__Caulobacteraceae;,g__Caulobacter;,_GQ105571
k__Bacteria;,p__Proteobacteria;,c__Alphaproteobacteria;,o__Rhizobiales;,f__Methylobacteriaceae;,g__Methylobacterium;,_EU919766
k__Bacteria;,p__Proteobacteria;,c__Alphaproteobacteria;,o__Rhizobiales;,f__Methylobacteriaceae;,g__Methylobacterium;,_FM874456
k__Bacteria;,p__Proteobacteria;,c__Alphaproteobacteria;,o__Rhizobiales;,f__Methylobacteriaceae;,g__Methylobacterium;,_GQ057946
k__Bacteria;,p__Proteobacteria;,c__Alphaproteobacteria;,o__Rhizobiales;,f__Methylobacteriaceae;,g__Methylobacterium;,_GQ104743
k__Bacteria;,p__Proteobacteria;,c__Alphaproteobacteria;,o__Rhizobiales;,f__Methylobacteriaceae;,g__Methylobacterium;,_AM910533
k__Bacteria;,p__Proteobacteria;,c__Alphaproteobacteria;,o__Rhizobiales;,f__Methylobacteriaceae;,g__Mythylobacterium;,_AF531770
k__Bacteria;,p__Proteobacteria;,c__Alphaproteobacteria;,o__Rhizobiales;,f__Rhizobiaceae;,g__Agrobacterium;,_AB374486
k__Bacteria;,p__Proteobacteria;,c__Alphaproteobacteria;,o__Rhizobiales;,f__Rhizobiaceae;,g__Rhizobium;,_FJ719049
k__Bacteria;,p__Proteobacteria;,c__Alphaproteobacteria;,o__RhizobialesRhizobiaceae;,f__Rhizobium;,g__AKIW473;,_DQ129628
k__Bacteria;,p__Proteobacteria;,c__Alphaproteobacteria;,o__Rhizobiales_;,f__Xanthobacteraceae;,g__Azorhizobium;,_DQ664248
k__Bacteria;,p__Proteobacteria;,c__Alphaproteobacteria;,o__Rhodobacterales;,f__Rhodobacteraceae;,g__Paracoccus;,_AB185959
k__Bacteria;,p__Proteobacteria;,c__Alphaproteobacteria;,o__Rhodobacterales;,f__Rhodobacteraceae;,g__Paracoccus;,_GQ085802
k__Bacteria;,p__Proteobacteria;,c__Alphaproteobacteria;,o__Rhodobacterales;,f__Rhodobacteraceae;,g__Paracoccus;,_GQ115882
k__Bacteria;,p__Proteobacteria;,c__Alphaproteobacteria;,o__Rhodobacterales;,f__Rhodobacteraceae;,g__Paracoccus;,_DQ824516
k__Bacteria;,p__Proteobacteria;,c__Alphaproteobacteria;,o__Rhodospirillales;,f__Acetobacteraceae;,g__Acetobacter;,_FJ227313
k__Bacteria;,p__Proteobacteria;,c__Alphaproteobacteria;,o__Rhodovarius;,f__Rhodovarius;,g__Rhodovarius;,_NR_025629
k__Bacteria;,p__Proteobacteria;,c__Alphaproteobacteria;,o__Sphingomonadales;,f__Sphingomonadaceae;,g__Novosphingobium;,_EF421434
k__Bacteria;,p__Proteobacteria;,c__Alphaproteobacteria;,o__Sphingomonadales;,f__Sphingomonadaceae;,g__Novosphingobium;,_DQ354731
k__Bacteria;,p__Proteobacteria;,c__Alphaproteobacteria;,o__Sphingomonadales;,f__Sphingomonadaceae;,g__Novosphingobium;,_GQ115860
k__Bacteria;,p__Proteobacteria;,c__Alphaproteobacteria;,o__Sphingomonadales;,f__Sphingomonadaceae;,g__Novosphingobium;,_GQ115915
k__Bacteria;,p__Proteobacteria;,c__Alphaproteobacteria;,o__Sphingomonadales;,f__Sphingomonadaceae;,g__Novosphingobium;,_HM358614
k__Bacteria;,p__Proteobacteria;,c__Alphaproteobacteria;,o__Sphingomonadales;,f__Sphingomonadaceae;,g__Novosphingobium;,_AY349411
k__Bacteria;,p__Proteobacteria;,c__Alphaproteobacteria;,o__Sphingomonadales;,f__Sphingomonadaceae;,g__Novosphingobium;,_AB176241
k__Bacteria;,p__Proteobacteria;,c__Alphaproteobacteria;,o__Sphingomonadales;,f__Sphingomonadaceae;,g__Sphingomonas;,_GQ115855
k__Bacteria;,p__Proteobacteria;,c__Alphaproteobacteria;,o__Sphingomonadales;,f__Sphingomonadaceae;,g__Sphingomonas;,_AB033944
k__Bacteria;,p__Proteobacteria;,c__Alphaproteobacteria;,o__Sphingomonadales;,f__Sphingomonadaceae;,g__Sphingomonas;,_D84525
k__Bacteria;,p__Proteobacteria;,c__Alphaproteobacteria;,o__Sphingomonadales;,f__Sphingomonadaceae;,g__Sphingomonas;,_EU567045
k__Bacteria;,p__Proteobacteria;,c__Alphaproteobacteria;,o__Sphingomonadales;,f__Sphingomonadaceae;,g__Sphingomonas;,_GQ055398
k__Bacteria;,p__Proteobacteria;,c__Alphaproteobacteria;,o__Sphingomonadales;,f__Sphingomonadaceae;,g__Sphingomonas;,_DQ004817
k__Bacteria;,p__Proteobacteria;,c__Alphaproteobacteria;,o__Sphingomonadales;,f__Sphingomonadaceae;,g__Sphingomonas;,_AJ313019
k__Bacteria;,p__Proteobacteria;,c__Alphaproteobacteria;,o__Sphingomonadales;,f__Sphingomonadaceae;,g__Sphingomonas;,_GQ055834
k__Bacteria;,p__Proteobacteria;,c__Alphaproteobacteria;,o__Sphingomonadales;,f__Sphingomonadaceae;,g__Sphingomonas;,_GQ111695
k__Bacteria;,p__Proteobacteria;,c__Alphaproteobacteria;,o__Sphingomonadales;,f__Sphingomonadaceae;,g__Sphingomonas;,_GQ009002
k__Bacteria;,p__Proteobacteria;,c__Alphaproteobacteria;,o__Sphingomonadales;,f__SphingomonadaceaeNovosphingobium;,g__capsulatum;,_EU730916
k__Bacteria;,p__Proteobacteria;,c__Betaproteobacteria;,o__Burkholderiales;,f__Alcaligenaceae;,g__Achromobacter;,_DQ989213
k__Bacteria;,p__Proteobacteria;,c__Betaproteobacteria;,o__Burkholderiales;,f__Burkholderiaceae;,g__Burkholderia;,_AY741361
k__Bacteria;,p__Proteobacteria;,c__Betaproteobacteria;,o__Burkholderiales;,f__Burkholderiaceae;,g__Burkholderia;,_EU827472
k__Bacteria;,p__Proteobacteria;,c__Betaproteobacteria;,o__Burkholderiales;,f__Burkholderiaceae;,g__Lautropia;,_AY005030
k__Bacteria;,p__Proteobacteria;,c__Betaproteobacteria;,o__Burkholderiales;,f__Burkholderiaceae;,g__Lautropia;,_X73223
k__Bacteria;,p__Proteobacteria;,c__Betaproteobacteria;,o__Burkholderiales;,f__Burkholderiaceae;,g__Lautropia;,_DQ016725
k__Bacteria;,p__Proteobacteria;,c__Betaproteobacteria;,o__Burkholderiales;,f__Burkholderiaceae;,g__Lautropia;,_X97652
k__Bacteria;,p__Proteobacteria;,c__Betaproteobacteria;,o__Burkholderiales;,f__Burkholderiaceae;,g__Ralstonia;,_AF488779
k__Bacteria;,p__Proteobacteria;,c__Betaproteobacteria;,o__Burkholderiales;,f__Burkholderiaceae;,g__Ralstonia;,_AY005039
k__Bacteria;,p__Proteobacteria;,c__Betaproteobacteria;,o__Burkholderiales;,f__Burkholderiaceae;,g__Ralstonia;,_AY860249
k__Bacteria;,p__Proteobacteria;,c__Betaproteobacteria;,o__Burkholderiales;,f__Comamonadaceae;,g__Acidovorax;,_GU086421
k__Bacteria;,p__Proteobacteria;,c__Betaproteobacteria;,o__Burkholderiales;,f__Comamonadaceae;,g__unclassified_Comamonadaceae;,_FJ976309
k__Bacteria;,p__Proteobacteria;,c__Betaproteobacteria;,o__Burkholderiales;,f__Comamonadaceae;,g__unclassified_Comamonadaceae;,_AY258065
k__Bacteria;,p__Proteobacteria;,c__Betaproteobacteria;,o__Burkholderiales;,f__Comamonadaceae;,g__unclassified_Comamonadaceae;,_AY134902
k__Bacteria;,p__Proteobacteria;,c__Betaproteobacteria;,o__Burkholderiales;,f__Comamonadaceae;,g__unclassified_Comamonadaceae;,_GQ038062
k__Bacteria;,p__Proteobacteria;,c__Betaproteobacteria;,o__Burkholderiales;,f__Comamonadaceae;,g__unclassified_Comamonadaceae;,_GQ069777
k__Bacteria;,p__Proteobacteria;,c__Betaproteobacteria;,o__Burkholderiales;,f__Comamonadaceae;,g__unclassified_Comamonadaceae;,_GQ102018
k__Bacteria;,p__Proteobacteria;,c__Betaproteobacteria;,o__Burkholderiales;,f__Comamonadaceae;,g__unclassified_Comamonadaceae;,_GQ114303
k__Bacteria;,p__Proteobacteria;,c__Betaproteobacteria;,o__Burkholderiales;,f__Comamonadaceae;,g__unclassified_Comamonadaceae;,_GQ179675
k__Bacteria;,p__Proteobacteria;,c__Betaproteobacteria;,o__Burkholderiales;,f__Oxalobacteraceae;,g__Herbaspirillum;,_EU549858
k__Bacteria;,p__Proteobacteria;,c__Betaproteobacteria;,o__Burkholderiales;,f__Oxalobacteraceae;,g__unclassified_Oxalobacteraceae;,_AM989128
k__Bacteria;,p__Proteobacteria;,c__Betaproteobacteria;,o__Burkholderiales;,f__Oxalobacteraceae;,g__unclassified_Oxalobacteraceae;,_am989901
k__Bacteria;,p__Proteobacteria;,c__Betaproteobacteria;,o__Burkholderiales;,f__Oxalobacteraceae;,g__unclassified_Oxalobacteraceae;,_FM956635
k__Bacteria;,p__Proteobacteria;,c__Betaproteobacteria;,o__Burkholderiales;,f__unclassified_Burkholderiales;,g__Roseateles;,_GQ111262
k__Bacteria;,p__Proteobacteria;,c__Betaproteobacteria;,o__Burkholderiales;,f__unclassified_Burkholderiales;,g__unclassified_Burkholderiales;,_AF385528
k__Bacteria;,p__Proteobacteria;,c__Betaproteobacteria;,o__Burkholderiales;,f__unclassified_Burkholderiales;,g__unclassified_Burkholderiales;,_GQ249365
k__Bacteria;,p__Proteobacteria;,c__Betaproteobacteria;,o__Burkholderiales;,f__unclassified_Burkholderiales;,g__unclassified_Burkholderiales;,_DQ088807
k__Bacteria;,p__Proteobacteria;,c__Betaproteobacteria;,o__Burkholderiales;,f__unclassified_Burkholderiales;,g__unclassified_Burkholderiales;,_GQ060002
k__Bacteria;,p__Proteobacteria;,c__Betaproteobacteria;,o__Burkholderiales;,f__unclassified_Burkholderiales;,g__unclassified_Burkholderiales;,_GQ111212
k__Bacteria;,p__Proteobacteria;,c__Betaproteobacteria;,o__Burkholderiales;,f__unclassified_Burkholderiales;,g__unclassified_Burkholderiales;,_FJ665968
k__Bacteria;,p__Proteobacteria;,c__Betaproteobacteria;,o__Methylophilales;,f__Methylophilaceae;,g__Methylobacillus;,_FJ604679
k__Bacteria;,p__Proteobacteria;,c__Betaproteobacteria;,o__Neisserales;,f__Neisseriaceae;,g__Neisseria;,_GU427268
k__Bacteria;,p__Proteobacteria;,c__Betaproteobacteria;,o__Neisseriales;,f__Neisseriaceae;,g__Eikenella;,_AF320620
k__Bacteria;,p__Proteobacteria;,c__Betaproteobacteria;,o__Neisseriales;,f__Neisseriaceae;,g__Kingella;,_L06166
k__Bacteria;,p__Proteobacteria;,c__Betaproteobacteria;,o__Neisseriales;,f__Neisseriaceae;,g__Kingella;,_M22516
k__Bacteria;,p__Proteobacteria;,c__Betaproteobacteria;,o__Neisseriales;,f__Neisseriaceae;,g__Kingella;,_AF366267
k__Bacteria;,p__Proteobacteria;,c__Betaproteobacteria;,o__Neisseriales;,f__Neisseriaceae;,g__Kingella;,_AY349381
k__Bacteria;,p__Proteobacteria;,c__Betaproteobacteria;,o__Neisseriales;,f__Neisseriaceae;,g__Kingella;,_AY349388
k__Bacteria;,p__Proteobacteria;,c__Betaproteobacteria;,o__Neisseriales;,f__Neisseriaceae;,g__Kingella;,_L06164
k__Bacteria;,p__Proteobacteria;,c__Betaproteobacteria;,o__Neisseriales;,f__Neisseriaceae;,g__Kingella;,_FJ773360
k__Bacteria;,p__Proteobacteria;,c__Betaproteobacteria;,o__Neisseriales;,f__Neisseriaceae;,g__Neisseria;,_AY005023
k__Bacteria;,p__Proteobacteria;,c__Betaproteobacteria;,o__Neisseriales;,f__Neisseriaceae;,g__Neisseria;,_AY005027
k__Bacteria;,p__Proteobacteria;,c__Betaproteobacteria;,o__Neisseriales;,f__Neisseriaceae;,g__Neisseria;,_DQ117531
k__Bacteria;,p__Proteobacteria;,c__Betaproteobacteria;,o__Neisseriales;,f__Neisseriaceae;,g__Neisseria;,_DQ117530
k__Bacteria;,p__Proteobacteria;,c__Betaproteobacteria;,o__Neisseriales;,f__Neisseriaceae;,g__Neisseria;,_AY560519
k__Bacteria;,p__Proteobacteria;,c__Betaproteobacteria;,o__Neisseriales;,f__Neisseriaceae;,g__Neisseria;,_EU997044
k__Bacteria;,p__Proteobacteria;,c__Betaproteobacteria;,o__Neisseriales;,f__Neisseriaceae;,g__Neisseria;,_EU995836
k__Bacteria;,p__Proteobacteria;,c__Betaproteobacteria;,o__Neisseriales;,f__Neisseriaceae;,g__Neisseria;,_L06171
k__Bacteria;,p__Proteobacteria;,c__Betaproteobacteria;,o__Neisseriales;,f__Neisseriaceae;,g__Neisseria;,_AJ239282
k__Bacteria;,p__Proteobacteria;,c__Betaproteobacteria;,o__Neisseriales;,f__Neisseriaceae;,g__Neisseria;,_AJ239281
k__Bacteria;,p__Proteobacteria;,c__Betaproteobacteria;,o__Neisseriales;,f__Neisseriaceae;,g__Neisseria;,_AJ239301
k__Bacteria;,p__Proteobacteria;,c__Betaproteobacteria;,o__Neisseriales;,f__Neisseriaceae;,g__Neisseria;,_L06168
k__Bacteria;,p__Proteobacteria;,c__Betaproteobacteria;,o__Neisseriales;,f__Neisseriaceae;,g__Neisseria;,_AJ239314
k__Bacteria;,p__Proteobacteria;,c__Betaproteobacteria;,o__Neisseriales;,f__Neisseriaceae;,g__Neisseria;,_DQ201336
k__Bacteria;,p__Proteobacteria;,c__Betaproteobacteria;,o__Neisseriales;,f__Neisseriaceae;,g__Neisseria;,_AF310615
k__Bacteria;,p__Proteobacteria;,c__Betaproteobacteria;,o__Neisseriales;,f__Neisseriaceae;,g__Neisseria;,_AF382302
k__Bacteria;,p__Proteobacteria;,c__Betaproteobacteria;,o__Neisseriales;,f__Neisseriaceae;,g__Neisseria;,_L06167
k__Bacteria;,p__Proteobacteria;,c__Betaproteobacteria;,o__Neisseriales;,f__Neisseriaceae;,g__Neisseria;,_AF382273
k__Bacteria;,p__Proteobacteria;,c__Betaproteobacteria;,o__Rhizobiales;,f__Methylobacteriaceae;,g__Methylophilus;,_AY546500
k__Bacteria;,p__Proteobacteria;,c__Betaproteobacteria;,o__Rhizobiales;,f__Methylobacteriaceae;,g__Methylophilus;,_AB193725
k__Bacteria;,p__Proteobacteria;,c__Betaproteobacteria;,o__Rhodocyclales;,f__Rhodocyclaceae;,g__Propionivibrio;,_DQ087192
k__Bacteria;,p__Proteobacteria;,c__Deltaproteobacteria;,o__Desulfobacterales;,f__Desulfobulbaceae;,g__Desulfobulbus;,_AY005037
k__Bacteria;,p__Proteobacteria;,c__Deltaproteobacteria;,o__Desulfovibrionales;,f__Desulfomicrobiaceae;,g__Desulfomicrobium;,_AJ251624
k__Bacteria;,p__Proteobacteria;,c__Deltaproteobacteria;,o__Desulfovibrionales;,f__Desulfovibrionaceae;,g__Desulfovibrio;,_AJ251630
k__Bacteria;,p__Proteobacteria;,c__Deltaproteobacteria;,o__Desulfovibrionales;,f__Desulfovibrionaceae;,g__Desulfovibrio;,_AY005035
k__Bacteria;,p__Proteobacteria;,c__Epsilonproteobacteria;,o__Campylobacterales;,f__Campylobacteraceae;,g__Campylobacter;,_FJ557584
k__Bacteria;,p__Proteobacteria;,c__Epsilonproteobacteria;,o__Campylobacterales;,f__Campylobacteraceae;,g__Campylobacter;,_AY005038
k__Bacteria;,p__Proteobacteria;,c__Epsilonproteobacteria;,o__Campylobacterales;,f__Campylobacteraceae;,g__Campylobacter;,_L04322
k__Bacteria;,p__Proteobacteria;,c__Epsilonproteobacteria;,o__Campylobacterales;,f__Campylobacteraceae;,g__Campylobacter;,_L06977
k__Bacteria;,p__Proteobacteria;,c__Epsilonproteobacteria;,o__Campylobacterales;,f__Campylobacteraceae;,g__Campylobacter;,_DQ174165
k__Bacteria;,p__Proteobacteria;,c__Epsilonproteobacteria;,o__Campylobacterales;,f__Campylobacteraceae;,g__Campylobacter;,_AF550657
k__Bacteria;,p__Proteobacteria;,c__Epsilonproteobacteria;,o__Campylobacterales;,f__Campylobacteraceae;,g__Campylobacter;,_AY947499
k__Bacteria;,p__Proteobacteria;,c__Epsilonproteobacteria;,o__Campylobacterales;,f__Campylobacteraceae;,g__Campylobacter;,_EU991848
k__Bacteria;,p__Proteobacteria;,c__Epsilonproteobacteria;,o__Campylobacterales;,f__Campylobacteraceae;,g__Campylobacter;,_DQ087191
k__Bacteria;,p__Proteobacteria;,c__Epsilonproteobacteria;,o__Campylobacterales;,f__Campylobacteraceae;,g__Campylobacter;,_HM358603
k__Bacteria;,p__Proteobacteria;,c__Epsilonproteobacteria;,o__Campylobacterales;,f__Campylobacteraceae;,g__Campylobacter;,_GU432030
k__Bacteria;,p__Proteobacteria;,c__Epsilonproteobacteria;,o__Campylobacterales;,f__Campylobacteraceae;,g__Campylobacter;,_SEQF1614
k__Bacteria;,p__Proteobacteria;,c__Epsilonproteobacteria;,o__Campylobacterales;,f__Campylobacteraceae;,g__Campylobacter;,_GU425732
k__Bacteria;,p__Proteobacteria;,c__Epsilonproteobacteria;,o__Campylobacterales;,f__Campylobacteraceae;,g__Campylobacter;,_DQ174170
k__Bacteria;,p__Proteobacteria;,c__Epsilonproteobacteria;,o__Campylobacterales;,f__Campylobacteraceae;,g__Campylobacter;,_SEQF1091
k__Bacteria;,p__Proteobacteria;,c__Gammaproteobacteria;,o__Aeromonadales;,f__Aeromonadaceae;,g__Aeromonas;,_GQ179683
k__Bacteria;,p__Proteobacteria;,c__Gammaproteobacteria;,o__Alteromonadales;,f__Alteromonadaceae;,g__Alishewanella;,_GQ108919
k__Bacteria;,p__Proteobacteria;,c__Gammaproteobacteria;,o__Cardiobacteriales;,f__Cardiobacteriaceae;,g__Cardiobacterium;,_M35014
k__Bacteria;,p__Proteobacteria;,c__Gammaproteobacteria;,o__Cardiobacteriales;,f__Cardiobacteriaceae;,g__Cardiobacterium;,_AF506987
k__Bacteria;,p__Proteobacteria;,c__Gammaproteobacteria;,o__Enterobacteriales;,f__Enterobacteriaceae;,g__Buchnera;,_HM358602
k__Bacteria;,p__Proteobacteria;,c__Gammaproteobacteria;,o__Enterobacteriales;,f__Enterobacteriaceae;,g__Escherichia;,_EF620925
k__Bacteria;,p__Proteobacteria;,c__Gammaproteobacteria;,o__Enterobacteriales;,f__Enterobacteriaceae;,g__Escherichia;,_AM157436
k__Bacteria;,p__Proteobacteria;,c__Gammaproteobacteria;,o__Enterobacteriales;,f__Enterobacteriaceae;,g__Escherichia;,_AF403733
k__Bacteria;,p__Proteobacteria;,c__Gammaproteobacteria;,o__Enterobacteriales;,f__Enterobacteriaceae;,g__Escherichia;,_AB045731
k__Bacteria;,p__Proteobacteria;,c__Gammaproteobacteria;,o__Enterobacteriales;,f__Enterobacteriaceae;,g__unclassified_Enterobacteriaceae;,_GQ102089
k__Bacteria;,p__Proteobacteria;,c__Gammaproteobacteria;,o__Enterobacteriales;,f__Enterobacteriaceae;,g__unclassified_Enterobacteriaceae;,_GQ098970
k__Bacteria;,p__Proteobacteria;,c__Gammaproteobacteria;,o__Enterobacteriales;,f__Enterobacteriaceae;,g__unclassified_Enterobacteriaceae;,_GQ114905
k__Bacteria;,p__Proteobacteria;,c__Gammaproteobacteria;,o__Enterobacteriales;,f__Enterobacteriaceae;,g__unclassified_Enterobacteriaceae;,_GQ064519
k__Bacteria;,p__Proteobacteria;,c__Gammaproteobacteria;,o__Enterobacteriales;,f__Enterobacteriaceae;,g__unclassified_Enterobacteriaceae;,_GQ070628
k__Bacteria;,p__Proteobacteria;,c__Gammaproteobacteria;,o__Pasteurellales;,f__Pasteurellaceae;,g__Aggregatibacter;,_M75038
k__Bacteria;,p__Proteobacteria;,c__Gammaproteobacteria;,o__Pasteurellales;,f__Pasteurellaceae;,g__Aggregatibacter;,_M75039
k__Bacteria;,p__Proteobacteria;,c__Gammaproteobacteria;,o__Pasteurellales;,f__Pasteurellaceae;,g__Aggregatibacter;,_AB512009
k__Bacteria;,p__Proteobacteria;,c__Gammaproteobacteria;,o__Pasteurellales;,f__Pasteurellaceae;,g__Aggregatibacter;,_AF224299
k__Bacteria;,p__Proteobacteria;,c__Gammaproteobacteria;,o__Pasteurellales;,f__Pasteurellaceae;,g__Aggregatibacter;,_GU470905
k__Bacteria;,p__Proteobacteria;,c__Gammaproteobacteria;,o__Pasteurellales;,f__Pasteurellaceae;,g__Aggregatibacter;,_AY349380
k__Bacteria;,p__Proteobacteria;,c__Gammaproteobacteria;,o__Pasteurellales;,f__Pasteurellaceae;,g__Aggregatibacter;,_AY538693
k__Bacteria;,p__Proteobacteria;,c__Gammaproteobacteria;,o__Pasteurellales;,f__Pasteurellaceae;,g__Aggregatibacter;,_DQ003635
k__Bacteria;,p__Proteobacteria;,c__Gammaproteobacteria;,o__Pasteurellales;,f__Pasteurellaceae;,g__Haemophilus;,_FJ976233
k__Bacteria;,p__Proteobacteria;,c__Gammaproteobacteria;,o__Pasteurellales;,f__Pasteurellaceae;,g__Haemophilus;,_DQ404359
k__Bacteria;,p__Proteobacteria;,c__Gammaproteobacteria;,o__Pasteurellales;,f__Pasteurellaceae;,g__Haemophilus;,_AY613590
k__Bacteria;,p__Proteobacteria;,c__Gammaproteobacteria;,o__Pasteurellales;,f__Pasteurellaceae;,g__Haemophilus;,_X87976
k__Bacteria;,p__Proteobacteria;,c__Gammaproteobacteria;,o__Pasteurellales;,f__Pasteurellaceae;,g__Haemophilus;,_GQ074286
k__Bacteria;,p__Proteobacteria;,c__Gammaproteobacteria;,o__Pasteurellales;,f__Pasteurellaceae;,g__Haemophilus;,_GQ116312
k__Bacteria;,p__Proteobacteria;,c__Gammaproteobacteria;,o__Pasteurellales;,f__Pasteurellaceae;,g__Haemophilus;,_AY005033
k__Bacteria;,p__Proteobacteria;,c__Gammaproteobacteria;,o__Pasteurellales;,f__Pasteurellaceae;,g__Haemophilus;,_EF509196
k__Bacteria;,p__Proteobacteria;,c__Gammaproteobacteria;,o__Pasteurellales;,f__Pasteurellaceae;,g__Haemophilus;,_AY005034
k__Bacteria;,p__Proteobacteria;,c__Gammaproteobacteria;,o__Pasteurellales;,f__Pasteurellaceae;,g__Haemophilus;,_FJ939592
k__Bacteria;,p__Proteobacteria;,c__Gammaproteobacteria;,o__Pasteurellales;,f__Pasteurellaceae;,g__Haemophilus;,_GQ074516
k__Bacteria;,p__Proteobacteria;,c__Gammaproteobacteria;,o__Pasteurellales;,f__Pasteurellaceae;,g__Haemophilus;,_AY365450
k__Bacteria;,p__Proteobacteria;,c__Gammaproteobacteria;,o__Pasteurellales;,f__Pasteurellaceae;,g__Haemophilus;,_GU431986
k__Bacteria;,p__Proteobacteria;,c__Gammaproteobacteria;,o__Pasteurellales;,f__Pasteurellaceae;,g__Haemophilus;,_EF511066
k__Bacteria;,p__Proteobacteria;,c__Gammaproteobacteria;,o__Pasteurellales;,f__Pasteurellaceae;,g__Haemophilus;,_FJ470432
k__Bacteria;,p__Proteobacteria;,c__Gammaproteobacteria;,o__Pasteurellales;,f__Pasteurellaceae;,g__Haemophilus;,_GQ087809
k__Bacteria;,p__Proteobacteria;,c__Gammaproteobacteria;,o__Pasteurellales;,f__Pasteurellaceae;,g__Haemophilus;,_AJ290755
k__Bacteria;,p__Proteobacteria;,c__Gammaproteobacteria;,o__Pseudomonadales;,f__Moraxellaceae;,g__Acinetobacter;,_GU124492
k__Bacteria;,p__Proteobacteria;,c__Gammaproteobacteria;,o__Pseudomonadales;,f__Moraxellaceae;,g__Acinetobacter;,_AY959072
k__Bacteria;,p__Proteobacteria;,c__Gammaproteobacteria;,o__Pseudomonadales;,f__Moraxellaceae;,g__Acinetobacter;,_U10874
k__Bacteria;,p__Proteobacteria;,c__Gammaproteobacteria;,o__Pseudomonadales;,f__Moraxellaceae;,g__Acinetobacter;,_DQ130041
k__Bacteria;,p__Proteobacteria;,c__Gammaproteobacteria;,o__Pseudomonadales;,f__Moraxellaceae;,g__Acinetobacter;,_EU337121
k__Bacteria;,p__Proteobacteria;,c__Gammaproteobacteria;,o__Pseudomonadales;,f__Moraxellaceae;,g__Acinetobacter;,_FJ263917
k__Bacteria;,p__Proteobacteria;,c__Gammaproteobacteria;,o__Pseudomonadales;,f__Moraxellaceae;,g__Acinetobacter;,_GQ072876
k__Bacteria;,p__Proteobacteria;,c__Gammaproteobacteria;,o__Pseudomonadales;,f__Moraxellaceae;,g__Acinetobacter;,_GQ072927
k__Bacteria;,p__Proteobacteria;,c__Gammaproteobacteria;,o__Pseudomonadales;,f__Moraxellaceae;,g__Acinetobacter;,_GQ076357
k__Bacteria;,p__Proteobacteria;,c__Gammaproteobacteria;,o__Pseudomonadales;,f__Moraxellaceae;,g__Acinetobacter;,_GQ106263
k__Bacteria;,p__Proteobacteria;,c__Gammaproteobacteria;,o__Pseudomonadales;,f__Moraxellaceae;,g__Acinetobacter;,_GQ096655
k__Bacteria;,p__Proteobacteria;,c__Gammaproteobacteria;,o__Pseudomonadales;,f__Moraxellaceae;,g__Acinetobacter;,_FJ193928
k__Bacteria;,p__Proteobacteria;,c__Gammaproteobacteria;,o__Pseudomonadales;,f__Moraxellaceae;,g__Acinetobacter;,_GQ076326
k__Bacteria;,p__Proteobacteria;,c__Gammaproteobacteria;,o__Pseudomonadales;,f__Moraxellaceae;,g__Acinetobacter;,_GU566341
k__Bacteria;,p__Proteobacteria;,c__Gammaproteobacteria;,o__Pseudomonadales;,f__Moraxellaceae;,g__Acinetobacter;,_Z93441
k__Bacteria;,p__Proteobacteria;,c__Gammaproteobacteria;,o__Pseudomonadales;,f__Moraxellaceae;,g__Acinetobacter;,_GQ069690
k__Bacteria;,p__Proteobacteria;,c__Gammaproteobacteria;,o__Pseudomonadales;,f__Moraxellaceae;,g__Acinetobacter;,_GQ104909
k__Bacteria;,p__Proteobacteria;,c__Gammaproteobacteria;,o__Pseudomonadales;,f__Moraxellaceae;,g__Acinetobacter;,_HM358598
k__Bacteria;,p__Proteobacteria;,c__Gammaproteobacteria;,o__Pseudomonadales;,f__Moraxellaceae;,g__Acinetobacter;,_Z93447
k__Bacteria;,p__Proteobacteria;,c__Gammaproteobacteria;,o__Pseudomonadales;,f__Moraxellaceae;,g__Acinetobacter;,_GQ115526
k__Bacteria;,p__Proteobacteria;,c__Gammaproteobacteria;,o__Pseudomonadales;,f__Moraxellaceae;,g__Acinetobacter;,_GQ114910
k__Bacteria;,p__Proteobacteria;,c__Gammaproteobacteria;,o__Pseudomonadales;,f__Moraxellaceae;,g__Acinetobacter;,_AJ303011
k__Bacteria;,p__Proteobacteria;,c__Gammaproteobacteria;,o__Pseudomonadales;,f__Moraxellaceae;,g__Acinetobacter;,_GQ179717
k__Bacteria;,p__Proteobacteria;,c__Gammaproteobacteria;,o__Pseudomonadales;,f__Moraxellaceae;,g__Acinetobacter;,_GU560165
k__Bacteria;,p__Proteobacteria;,c__Gammaproteobacteria;,o__Pseudomonadales;,f__Moraxellaceae;,g__Moraxella;,_AM420053
k__Bacteria;,p__Proteobacteria;,c__Gammaproteobacteria;,o__Pseudomonadales;,f__Moraxellaceae;,g__Moraxella;,_GQ069079
k__Bacteria;,p__Proteobacteria;,c__Gammaproteobacteria;,o__Pseudomonadales;,f__Moraxellaceae;,g__Moraxella;,_AF443790
k__Bacteria;,p__Proteobacteria;,c__Gammaproteobacteria;,o__Pseudomonadales;,f__Moraxellaceae;,g__Moraxella;,_Y15855
k__Bacteria;,p__Proteobacteria;,c__Gammaproteobacteria;,o__Pseudomonadales;,f__Moraxellaceae;,g__Moraxella;,_X95304
k__Bacteria;,p__Proteobacteria;,c__Gammaproteobacteria;,o__Pseudomonadales;,f__Moraxellaceae;,g__Moraxella;,_GQ098177
k__Bacteria;,p__Proteobacteria;,c__Gammaproteobacteria;,o__Pseudomonadales;,f__Moraxellaceae;,g__Moraxella;,_GQ109759
k__Bacteria;,p__Proteobacteria;,c__Gammaproteobacteria;,o__Pseudomonadales;,f__Moraxellaceae;,g__Moraxella;,_GQ110320
k__Bacteria;,p__Proteobacteria;,c__Gammaproteobacteria;,o__Pseudomonadales;,f__Moraxellaceae;,g__Moraxella;,_GQ115939
k__Bacteria;,p__Proteobacteria;,c__Gammaproteobacteria;,o__Pseudomonadales;,f__Pseudomonadaceae;,g__Pseudomonas;,_AB175652
k__Bacteria;,p__Proteobacteria;,c__Gammaproteobacteria;,o__Pseudomonadales;,f__Pseudomonadaceae;,g__Pseudomonas;,_AB021409
k__Bacteria;,p__Proteobacteria;,c__Gammaproteobacteria;,o__Pseudomonadales;,f__Pseudomonadaceae;,g__Pseudomonas;,_AY958805
k__Bacteria;,p__Proteobacteria;,c__Gammaproteobacteria;,o__Pseudomonadales;,f__Pseudomonadaceae;,g__Pseudomonas;,_GQ099075
k__Bacteria;,p__Proteobacteria;,c__Gammaproteobacteria;,o__Pseudomonadales;,f__Pseudomonadaceae;,g__Pseudomonas;,_AY486386
k__Bacteria;,p__Proteobacteria;,c__Gammaproteobacteria;,o__Xanthomonadales;,f__Xanthomonadaceae;,g__Xanthomonas;,_GQ076113
k__Bacteria;,p__Proteobacteria;,c__Gammaproteobacteria;,o__Xanthomonadales;,f__Xanthomonadaceae;,g__Xanthomonas;,_GQ093294
k__Bacteria;,p__Spirochaetes;,c__Spirochaetes;,o__Spirochaetales;,f__Spirochaetaceae;,g__Treponema;,_AF182838
k__Bacteria;,p__Spirochaetes;,c__Spirochaetes;,o__Spirochaetales;,f__Spirochaetaceae;,g__Treponema;,_AF182836
k__Bacteria;,p__Spirochaetes;,c__Spirochaetes;,o__Spirochaetales;,f__Spirochaetaceae;,g__Treponema;,_AF182835
k__Bacteria;,p__Spirochaetes;,c__Spirochaetes;,o__Spirochaetales;,f__Spirochaetaceae;,g__Treponema;,_GQ068970
k__Bacteria;,p__Spirochaetes;,c__Spirochaetes;,o__Spirochaetales;,f__Spirochaetaceae;,g__Treponema;,_AF023044
k__Bacteria;,p__Spirochaetes;,c__Spirochaetes;,o__Spirochaetales;,f__Spirochaetaceae;,g__Treponema;,_Y09959
k__Bacteria;,p__Spirochaetes;,c__Spirochaetes;,o__Spirochaetales;,f__Spirochaetaceae;,g__Treponema;,_EU998053
k__Bacteria;,p__Spirochaetes;,c__Spirochaetes;,o__Spirochaetales;,f__Spirochaetaceae;,g__Treponema;,_AF385536
k__Bacteria;,p__Spirochaetes;,c__Spirochaetes;,o__Spirochaetales;,f__Spirochaetaceae;,g__Treponema;,_NC_002967
k__Bacteria;,p__Spirochaetes;,c__Spirochaetes;,o__Spirochaetales;,f__Spirochaetaceae;,g__Treponema;,_GU416640
k__Bacteria;,p__Spirochaetes;,c__Spirochaetes;,o__Spirochaetales;,f__Spirochaetaceae;,g__Treponema;,_GU416611
k__Bacteria;,p__Spirochaetes;,c__Spirochaetes;,o__Spirochaetales;,f__Spirochaetaceae;,g__Treponema;,_FJ470946
k__Bacteria;,p__Spirochaetes;,c__Spirochaetes;,o__Spirochaetales;,f__Spirochaetaceae;,g__Treponema;,_AF023042
k__Bacteria;,p__Spirochaetes;,c__Spirochaetes;,o__Spirochaetales;,f__Spirochaetaceae;,g__Treponema;,_AY369247
k__Bacteria;,p__Spirochaetes;,c__Spirochaetes;,o__Spirochaetales;,f__Spirochaetaceae;,g__Treponema;,_DQ003618
k__Bacteria;,p__Spirochaetes;,c__Spirochaetes;,o__Spirochaetales;,f__Spirochaetaceae;,g__Treponema;,_AF023031
k__Bacteria;,p__Spirochaetes;,c__Spirochaetes;,o__Spirochaetales;,f__Spirochaetaceae;,g__Treponema;,_FJ976410
k__Bacteria;,p__Spirochaetes;,c__Spirochaetes;,o__Spirochaetales;,f__Spirochaetaceae;,g__Treponema;,_AF023037
k__Bacteria;,p__Spirochaetes;,c__Spirochaetes;,o__Spirochaetales;,f__Spirochaetaceae;,g__Treponema;,_AF056340
k__Bacteria;,p__Spirochaetes;,c__Spirochaetes;,o__Spirochaetales;,f__Spirochaetaceae;,g__Treponema;,_AF182833
k__Bacteria;,p__Spirochaetes;,c__Spirochaetes;,o__Spirochaetales;,f__Spirochaetaceae;,g__Treponema;,_AF061348
k__Bacteria;,p__Spirochaetes;,c__Spirochaetes;,o__Spirochaetales;,f__Spirochaetaceae;,g__Treponema;,_AY349416
k__Bacteria;,p__Spirochaetes;,c__Spirochaetes;,o__Spirochaetales;,f__Spirochaetaceae;,g__Treponema;,_AM420109
k__Bacteria;,p__Spirochaetes;,c__Spirochaetes;,o__Spirochaetales;,f__Spirochaetaceae;,g__Treponema;,_NR_026247
k__Bacteria;,p__Spirochaetes;,c__Spirochaetes;,o__Spirochaetales;,f__Spirochaetaceae;,g__Treponema;,_GU420696
k__Bacteria;,p__Spirochaetes;,c__Spirochaetes;,o__Spirochaetales;,f__Spirochaetaceae;,g__Treponema;,_GU420700
k__Bacteria;,p__Spirochaetes;,c__Spirochaetes;,o__Spirochaetales;,f__Spirochaetaceae;,g__Treponema;,_FJ976302
k__Bacteria;,p__Spirochaetes;,c__Spirochaetes;,o__Spirochaetales;,f__Spirochaetaceae;,g__Treponema;,_HM358627
k__Bacteria;,p__Spirochaetes;,c__Spirochaetes;,o__Spirochaetales;,f__Spirochaetaceae;,g__Treponema;,_HM358628
k__Bacteria;,p__Spirochaetes;,c__Spirochaetes;,o__Spirochaetales;,f__Spirochaetaceae;,g__Treponema;,_HM358629
k__Bacteria;,p__Spirochaetes;,c__Spirochaetes;,o__Spirochaetales;,f__Spirochaetaceae;,g__Treponema;,_HM358630
k__Bacteria;,p__Spirochaetes;,c__Spirochaetes;,o__Spirochaetales;,f__Spirochaetaceae;,g__Treponema;,_HM358631
k__Bacteria;,p__Spirochaetes;,c__Spirochaetes;,o__Spirochaetales;,f__Spirochaetaceae;,g__Treponema;,_HM358632
k__Bacteria;,p__Spirochaetes;,c__Spirochaetes;,o__Spirochaetales;,f__Spirochaetaceae;,g__Treponema;,_HM358633
k__Bacteria;,p__Spirochaetes;,c__Spirochaetes;,o__Spirochaetales;,f__Spirochaetaceae;,g__Treponema;,_HM358634
k__Bacteria;,p__Spirochaetes;,c__Spirochaetes;,o__Spirochaetales;,f__Spirochaetaceae;,g__Treponema;,_HM358635
k__Bacteria;,p__Spirochaetes;,c__Spirochaetes;,o__Spirochaetales;,f__Spirochaetaceae;,g__Treponema;,_AY005081
k__Bacteria;,p__Spirochaetes;,c__Spirochaetes;,o__Spirochaetales;,f__Spirochaetaceae;,g__Treponema;,_AM419987
k__Bacteria;,p__Spirochaetes;,c__Spirochaetes;,o__Spirochaetales;,f__Spirochaetaceae;,g__Treponema;,_AF061347
k__Bacteria;,p__Spirochaetes;,c__Spirochaetes;,o__Spirochaetales;,f__Spirochaetaceae;,g__Treponema;,_AF023056
k__Bacteria;,p__Spirochaetes;,c__Spirochaetes;,o__Spirochaetales;,f__Spirochaetaceae;,g__Treponema;,_AF023063
k__Bacteria;,p__Spirochaetes;,c__Spirochaetes;,o__Spirochaetales;,f__Spirochaetaceae;,g__Treponema;,_AF182831
k__Bacteria;,p__Spirochaetes;,c__Spirochaetes;,o__Spirochaetales;,f__Spirochaetaceae;,g__Treponema;,_GU408602
k__Bacteria;,p__Spirochaetes;,c__Spirochaetes;,o__Spirochaetales;,f__Spirochaetaceae;,g__Treponema;,_GU408840
k__Bacteria;,p__Spirochaetes;,c__Spirochaetes;,o__Spirochaetales;,f__Spirochaetaceae;,g__Treponema;,_GU413615
k__Bacteria;,p__Spirochaetes;,c__Spirochaetes;,o__Spirochaetales;,f__Spirochaetaceae;,g__Treponema;,_GU413616
k__Bacteria;,p__Spirochaetes;,c__Spirochaetes;,o__Spirochaetales;,f__Spirochaetaceae;,g__Treponema;,_AM420103
k__Bacteria;,p__Spirochaetes;,c__Spirochaetes;,o__Spirochaetales;,f__Spirochaetaceae;,g__Treponema;,_DQ003624
k__Bacteria;,p__Spirochaetes;,c__Spirochaetes;,o__Spirochaetales;,f__Spirochaetaceae;,g__Treponema;,_GU413637
k__Bacteria;,p__Spirochaetes;,c__Spirochaetes;,o__Spirochaetales;,f__Spirochaetaceae;,g__Treponema;,_GU432024
k__Bacteria;,p__Spirochaetes;,c__Spirochaetes;,o__Spirochaetales;,f__Spirochaetaceae;,g__Treponema;,_AF033304
k__Bacteria;,p__Spirochaetes;,c__Spirochaetes;,o__Spirochaetales;,f__Spirochaetaceae;,g__Treponema;,_AF302940
k__Bacteria;,p__Spirochaetes;,c__Spirochaetes;,o__Spirochaetales;,f__Spirochaetaceae;,g__Treponema;,_EU988892
k__Bacteria;,p__Spirochaetes;,c__Spirochaetes;,o__Spirochaetales;,f__Spirochaetaceae;,g__Treponema;,_AF033305
k__Bacteria;,p__Spirochaetes;,c__Spirochaetes;,o__Spirochaetales;,f__Spirochaetaceae;,g__Treponema;,_AB015889
k__Bacteria;,p__Spirochaetes;,c__Spirochaetes;,o__Spirochaetales;,f__Spirochaetaceae;,g__Treponema;,_AY369254
k__Bacteria;,p__Spirochaetes;,c__Spirochaetes;,o__Spirochaetales;,f__Spirochaetaceae;,g__Treponema;,_AF033303
k__Bacteria;,p__Spirochaetes;,c__Spirochaetes;,o__Spirochaetales;,f__Spirochaetaceae;,g__Treponema;,_AY005083
k__Bacteria;,p__Spirochaetes;,c__Spirochaetes;,o__Spirochaetales;,f__Spirochaetaceae;,g__Treponema;,_AY369246
k__Bacteria;,p__Spirochaetes;,c__Spirochaetes;,o__Spirochaetales;,f__Spirochaetaceae;,g__Treponema;,_AF033310
k__Bacteria;,p__Spirochaetes;,c__Spirochaetes;,o__Spirochaetales;,f__Spirochaetaceae;,g__Treponema;,_AF023055
k__Bacteria;,p__Spirochaetes;,c__Spirochaetes;,o__Spirochaetales;,f__Spirochaetaceae;,g__Treponema;,_EU993654
k__Bacteria;,p__Spirochaetes;,c__Spirochaetes;,o__Spirochaetales;,f__Spirochaetaceae;,g__Treponema;,_GU397952
k__Bacteria;,p__Spirochaetes;,c__Spirochaetes;,o__Spirochaetales;,f__Spirochaetaceae;,g__Treponema;,_GU408631
k__Bacteria;,p__Spirochaetes;,c__Spirochaetes;,o__Spirochaetales;,f__Spirochaetaceae;,g__Treponema;,_GU420876
k__Bacteria;,p__Spirochaetes;,c__Spirochaetes;,o__Spirochaetales;,f__Spirochaetaceae;,g__Treponema;,_AF061350
k__Bacteria;,p__Spirochaetes;,c__Spirochaetes;,o__Spirochaetales;,f__Spirochaetaceae;,g__Treponema;,_AM420154
k__Bacteria;,p__Spirochaetes;,c__Spirochaetes;,o__Spirochaetales;,f__Spirochaetaceae;,g__Treponema;,_AY005082
k__Bacteria;,p__Spirochaetes;,c__Spirochaetes;,o__Spirochaetales;,f__Spirochaetaceae;,g__Treponema;,_AY341822
k__Bacteria;,p__Spirochaetes;,c__Spirochaetes;,o__Spirochaetales;,f__Spirochaetaceae;,g__Treponema;,_FJ976395
k__Bacteria;,p__Spirochaetes;,c__Spirochaetes;,o__Spirochaetales;,f__Spirochaetaceae;,g__Treponema;,_FJ983027
k__Bacteria;,p__Spirochaetes;,c__Spirochaetes;,o__Spirochaetales;,f__Spirochaetaceae;,g__Treponema;,_GU408694
k__Bacteria;,p__Spirochaetes;,c__Spirochaetes;,o__Spirochaetales;,f__Spirochaetaceae;,g__Treponema;,_GU420877
k__Bacteria;,p__Spirochaetes;,c__Spirochaetes;,o__unclassified_Spirochaetes;,f__Spirochaetes;,g__unclassified_Spirochaetes;,_HM358623
k__Bacteria;,p__SR1;,c__SR1;,o__SR1;,f__SR1;,g__SR1;,_AF125207
k__Bacteria;,p__SR1;,c__SR1;,o__SR1;,f__SR1;,g__SR1;,_DQ639513
k__Bacteria;,p__SR1;,c__SR1;,o__SR1;,f__SR1;,g__SR1;,_HM358624
k__Bacteria;,p__SR1;,c__SR1;,o__SR1;,f__SR1;,g__SR1;,_AY193169
k__Bacteria;,p__Synergistetes;,c__Synergistia;,o__Synergistales;,f__Synergistaceae;,g__Jonquetella;,_FJ577258
k__Bacteria;,p__Synergistetes;,c__Synergistia;,o__Synergistales;,f__Synergistaceae;,g__Pyramidobacter;,_AY005444
k__Bacteria;,p__Synergistetes;,c__Synergistia;,o__Synergistales;,f__Synergistaceae;,g__Synergistes;,_AY005447
k__Bacteria;,p__Synergistetes;,c__Synergistia;,o__Synergistales;,f__Synergistaceae;,g__Synergistes;,_AF125199
k__Bacteria;,p__Synergistetes;,c__Synergistia;,o__Synergistales;,f__Synergistaceae;,g__Synergistes;,_AY349371
k__Bacteria;,p__Synergistetes;,c__Synergistia;,o__Synergistales;,f__Synergistaceae;,g__Synergistes;,_AF125201
k__Bacteria;,p__Synergistetes;,c__Synergistia;,o__Synergistales;,f__Synergistaceae;,g__Synergistes;,_AY349372
k__Bacteria;,p__Synergistetes;,c__Synergistia;,o__Synergistales;,f__Synergistaceae;,g__Synergistes;,_AF125200
k__Bacteria;,p__Synergistetes;,c__Synergistia;,o__Synergistales;,f__Synergistaceae;,g__Synergistes;,_AF125202
k__Bacteria;,p__Synergistetes;,c__Synergistia;,o__Synergistales;,f__Synergistaceae;,g__Synergistes;,_AF125203
k__Bacteria;,p__Synergistetes;,c__Synergistia;,o__Synergistales;,f__Synergistaceae;,g__Synergistes;,_AF481215
k__Bacteria;,p__Synergistetes;,c__Synergistia;,o__Synergistales;,f__Synergistaceae;,g__Synergistes;,_GU410783
k__Bacteria;,p__Synergistetes;,c__Synergistia;,o__Synergistales;,f__Synergistaceae;,g__Synergistes;,_GU432015
k__Bacteria;,p__Tenericutes;,c__Mollicutes;,o__Acholeplasmatales;,f__Acholeplasmataceae;,g__Acholeplasma;,_HM358597
k__Bacteria;,p__Tenericutes;,c__Mollicutes;,o__Mycoplasmatales;,f__Mycoplasmataceae;,g__Mycoplasma;,_GQ039219
k__Bacteria;,p__Tenericutes;,c__Mollicutes;,o__Mycoplasmatales;,f__Mycoplasmataceae;,g__Mycoplasma;,_DQ003614
k__Bacteria;,p__Tenericutes;,c__Mollicutes;,o__Mycoplasmatales;,f__Mycoplasmataceae;,g__Mycoplasma;,_L43967
k__Bacteria;,p__Tenericutes;,c__Mollicutes;,o__Mycoplasmatales;,f__Mycoplasmataceae;,g__Mycoplasma;,_EF510865
k__Bacteria;,p__Thermodesulfobacteria;,c__Thermodesulfobacteria;,o__Thermodesulfobacteriales;,f__Thermodesulfobacteriaceae;,g__Thermodesulfobacterium;,_AF334601
k__Bacteria;,p__Thermotogae;,c__Thermotogae;,o__Thermotogales;,f__Thermotogaceae;,g__Fervidobacterium;,_M59177
k__Bacteria;,p__TM7;,c__TM7;,o__TM7;,f__TM7;,g__TM7;,_AM420132
k__Bacteria;,p__TM7;,c__TM7;,o__TM7;,f__TM7;,g__TM7;,_FJ976257
k__Bacteria;,p__TM7;,c__TM7;,o__TM7;,f__TM7;,g__TM7;,_FJ976270
k__Bacteria;,p__TM7;,c__TM7;,o__TM7;,f__TM7;,g__TM7;,_GU227161
k__Bacteria;,p__TM7;,c__TM7;,o__TM7;,f__TM7;,g__TM7;,_DQ632967
k__Bacteria;,p__TM7;,c__TM7;,o__TM7;,f__TM7;,g__TM7;,_DQ847442
k__Bacteria;,p__TM7;,c__TM7;,o__TM7;,f__TM7;,g__TM7;,_AY349415
k__Bacteria;,p__TM7;,c__TM7;,o__TM7;,f__TM7;,g__TM7;,_GQ056894
k__Bacteria;,p__TM7;,c__TM7;,o__TM7;,f__TM7;,g__TM7;,_GQ116270
k__Bacteria;,p__TM7;,c__TM7;,o__TM7;,f__TM7;,g__TM7;,_HM358625
k__Bacteria;,p__TM7;,c__TM7;,o__TM7;,f__TM7;,g__TM7;,_HM358626
k__Bacteria;,p__TM7;,c__TM7;,o__TM7;,f__TM7;,g__TM7;,_AY005446
k__Bacteria;,p__TM7;,c__TM7;,o__TM7;,f__TM7;,g__TM7;,_AY144355
k__Bacteria;,p__TM7;,c__TM7;,o__TM7;,f__TM7;,g__TM7;,_FJ470435
k__Bacteria;,p__TM7;,c__TM7;,o__TM7;,f__TM7;,g__TM7;,_EU988793
k__Bacteria;,p__TM7;,c__TM7;,o__TM7;,f__TM7;,g__TM7;,_GU410602
k__Bacteria;,p__TM7;,c__TM7;,o__TM7;,f__TM7;,g__TM7;,_AF385568
k__Bacteria;,p__TM7;,c__TM7;,o__TM7;,f__TM7;,g__TM7;,_AF385506
k__Bacteria;,p__TM7;,c__TM7;,o__TM7;,f__TM7;,g__TM7;,_EU985310
k__Bacteria;,p__TM7;,c__TM7;,o__TM7;,f__TM7;,g__TM7;,_AF385520
k__Bacteria;,p__TM7;,c__TM7;,o__TM7;,f__TM7;,g__TM7;,_AF125205
k__Bacteria;,p__TM7;,c__TM7;,o__TM7;,f__TM7;,g__TM7;,_AY331416
k__Bacteria;,p__TM7;,c__TM7;,o__TM7;,f__TM7;,g__TM7;,_AY134895
k__Bacteria;,p__TM7;,c__TM7;,o__TM7;,f__TM7;,g__TM7;,_DQ248260
k__Bacteria;,p__Verrucomicrobia;,c__Verucomicrobiae;,o__Verrucomicrobiales;,f__Verrucomicrobiaceae;,g__Akkermansia;,_CP001071
k__Bacteria;,p__WS3;,c__WS3;,o__WS3;,f__WS3;,g__WS3;,_AY114311
