SampleID,s__Prevotella_copri_clade_C,s__Escherichia_coli,s__Oscillibacter_sp_ER4,s__Alistipes_finegoldii,s__Ruminococcus_gnavus,s__GGB9634_SGB15093,s__Alistipes_shahii,s__Anaerotignum_faecicola,s__Clostridiaceae_bacterium,s__Eubacterium_siraeum,s__Parabacteroides_distasonis,s__Phocaeicola_dorei,s__Eubacterium_rectale,s__Odoribacter_splanchnicus,s__GGB1495_SGB2071,s__Bacteroides_uniformis,s__GGB3256_SGB4303,s__Faecalibacterium_prausnitzii,s__Phascolarctobacterium_succinatutens,s__GGB9707_SGB15229,s__Negativibacillus_massiliensis,s__GGB9342_SGB14306,s__Firmicutes_bacterium_AF16_15,s__Dysosmobacter_sp_BX15,s__Merdimonas_faecis,s__Sellimonas_intestinalis,s__Phocaeicola_vulgatus,s__Roseburia_inulinivorans,s__Bacteroides_ovatus,s__Erysipelatoclostridium_ramosum,s__Bacteroides_thetaiotaomicron,s__Alistipes_putredinis,s__Parabacteroides_goldsteinii,s__Bacteroides_finegoldii,s__Alistipes_onderdonkii,s__Lachnospira_eligens,s__Sanguibacter_SGB15121,s__Anaerobutyricum_hallii,s__GGB14025_SGB14906,s__Collinsella_SGB14861,s__Parabacteroides_merdae,s__Dysosmobacter_welbionis,s__Pseudoflavonifractor_sp_An184,s__GGB9699_SGB15216,s__Ruthenibacterium_lactatiformans,s__Blautia_wexlerae,s__Bacteroides_xylanisolvens,s__Paraprevotella_clara,s__Clostridium_leptum,s__Bifidobacterium_longum,s__Bacteroides_nordii,s__Clostridiaceae_bacterium_Marseille_Q4149,s__Clostridium_fessum,s__Clostridiaceae_bacterium_Marseille_Q4143,s__Streptococcus_salivarius,s__Streptococcus_parasanguinis,s__GGB9770_SGB15390,s__GGB9534_SGB14937,s__GGB4684_SGB6478,s__Ruminococcus_bromii,s__Collinsella_aerofaciens,s__Dorea_longicatena,s__Clostridium_SGB4750,s__Clostridium_sp_AM22_11AC,s__Lawsonibacter_asaccharolyticus,s__Dorea_sp_AF36_15AT,s__Flavonifractor_plautii,s__Sutterella_wadsworthensis,s__Blautia_faecis,s__GGB2998_SGB3988,s__Haemophilus_parainfluenzae,s__Hydrogenoanaerobacterium_saccharovorans,s__Enterocloster_bolteae,s__GGB9712_SGB15244,s__Ruminococcus_bicirculans,s__Clostridium_sp_AF36_4,s__GGB3005_SGB3996,s__Methylobacterium_SGB15164,s__Clostridiaceae_bacterium_AF18_31LB,s__Alistipes_indistinctus,s__Clostridium_sp_AM33_3,s__Veillonella_dispar,s__Rheinheimera_SGB14999,s__GGB3746_SGB5089,s__GGB9453_SGB14844,s__GGB3463_SGB4621,s__Bifidobacterium_adolescentis,s__GGB9501_SGB14898,s__Coprococcus_comes,s__Intestinimonas_butyriciproducens,s__Parvimonas_micra,s__Roseburia_hominis,s__Gemmiger_SGB15295,s__Lachnospiraceae_bacterium,s__Clostridiales_bacterium_KLE1615,s__GGB9453_SGB14845,s__Slackia_isoflavoniconvertens,s__Bilophila_wadsworthia,s__Desulfovibrio_piger,s__Holdemania_filiformis,s__Alistipes_ihumii,s__Dysosmobacter_sp_NSJ_60,s__Streptococcus_mitis,s__Holdemanella_porci,s__Senegalimassilia_anaerobia,s__GGB9619_SGB15067,s__Lacrimispora_saccharolytica,s__GGB3109_SGB4119,s__Eggerthella_lenta,s__Paratractidigestivibacter_faecalis,s__Clostridiales_Family_XIII_bacterium_BX16,s__GGB2653_SGB3574,s__Clostridium_symbiosum,s__Anaerostipes_hadrus,s__Fusobacterium_nucleatum,s__Clostridiaceae_bacterium_Marseille_Q4145,s__Bifidobacterium_pseudocatenulatum,s__Clostridium_butyricum,s__GGB3619_SGB4894,s__Phocaeicola_SGB6473,s__GGB9719_SGB15272,s__GGB3653_SGB4964,s__Clostridiales_bacterium,s__Rothia_mucilaginosa,s__Streptococcus_oralis,s__GGB9708_SGB15234,s__Blautia_massiliensis,s__Veillonella_parvula,s__GGB9760_SGB15373,s__Prevotella_copri_clade_A,s__Fusicatenibacter_saccharivorans,s__Streptococcus_thermophilus,s__Hungatella_hathewayi,s__Enterocloster_aldenensis,s__Vescimonas_coprocola,s__GGB2982_SGB3964,s__Anaerobutyricum_soehngenii,s__Agathobaculum_butyriciproducens,s__Clostridium_sp_AF20_17LB,s__Lachnospira_pectinoschiza,s__Streptococcus_gordonii,s__Anaeromassilibacillus_sp_An250,s__Veillonella_atypica,s__Streptococcus_anginosus,s__Clostridium_spiroforme,s__Enterocloster_citroniae,s__Ellagibacter_isourolithinifaciens,s__GGB9614_SGB15049,s__Parasutterella_excrementihominis,s__Lacrimispora_amygdalina,s__Anaerotruncus_massiliensis,s__Staphylococcus_SGB6340,s__Phocaeicola_plebeius,s__Butyricimonas_SGB15260,s__Eisenbergiella_tayi,s__Waltera_intestinalis,s__Streptococcus_mutans,s__Veillonella_rogosae,s__Gemella_morbillorum,s__GGB3033_SGB4029,s__Ruminococcus_torques,s__Tyzzerella_nexilis,s__Bacteroides_caccae,s__Blautia_obeum,s__GGB3345_SGB9340,s__Barnesiella_intestinihominis,s__Evtepia_gabavorous,s__Blautia_glucerasea,s__Adlercreutzia_equolifaciens,s__Collinsella_SGB4121,s__Enterocloster_clostridioformis,s__Clostridium_scindens,s__Blautia_producta,s__GGB47687_SGB2286,s__Lactococcus_lactis,s__Bacteroides_cellulosilyticus,s__Butyricimonas_faecihominis,s__Intestinimonas_massiliensis,s__GGB9621_SGB15073,s__Peptostreptococcus_stomatis,s__Alistipes_senegalensis,s__Anaerotruncus_colihominis,s__Clostridium_sp_AF12_28,s__GGB51647_SGB4348,s__Bacteroides_salyersiae,s__Akkermansia_muciniphila,s__GGB9602_SGB15031,s__Bifidobacterium_bifidum,s__GGB79734_SGB15291,s__Butyricimonas_paravirosa,s__Gemmiger_formicilis,s__Alistipes_communis,s__GGB9359_SGB14334,s__Blautia_caecimuris,s__GGB4566_SGB6305,s__Coprobacter_fastidiosus,s__Faecalibacillus_intestinalis,s__Eubacterium_ramulus,s__Clostridium_sp_AF34_10BH,s__Lachnospiraceae_bacterium_Marseille_Q4251,s__Oscillibacter_valericigenes,s__Dialister_invisus,s__GGB3277_SGB4327,s__Clostridium_sp_1001270H_150608_G6,s__GGB9758_SGB15368,s__GGB3304_SGB4367,s__Coprococcus_eutactus,s__Lachnospira_sp_NSJ_43,s__Roseburia_intestinalis,s__Roseburia_faecis,s__Ruminococcus_callidus,s__Eubacterium_ventriosum,s__Candidatus_Cibionibacter_quicibialis,s__GGB3321_SGB4394,s__Bacteroides_stercoris,s__Catenibacterium_SGB4425,s__Faecalibacterium_SGB15346,s__Desulfovibrio_SGB5077,s__GGB9345_SGB14311,s__GGB80011_SGB15265,s__GGB3175_SGB4191,s__GGB9747_SGB15356,s__Lachnospiraceae_bacterium_BX3,s__Vescimonas_fastidiosa,s__Eubacteriaceae_bacterium,s__Clostridium_sp_1001270J_160509_D11,s__GGB9616_SGB15051,s__Dorea_formicigenerans,s__Lachnospiraceae_bacterium_AM48_27BH,s__GGB9713_SGB15249,s__GGB1420_SGB1957,s__GGB80140_SGB15224,s__Phocaeicola_massiliensis,s__Clostridium_sp_AM49_4BH,s__Clostridium_sp_AF34_13,s__Roseburia_sp_AF02_12,s__Eubacterium_sp_AF16_48,s__Lacrimispora_celerecrescens,s__Eubacterium_SGB6276,s__GGB9293_SGB14250,s__Ruminococcaceae_bacterium_AM28_23LB,s__GGB9636_SGB15107,s__Blautia_sp_Marseille_P3087,s__Lachnospiraceae_bacterium_OM04_12BH,s__Coprococcus_catus,s__GGB9524_SGB14924,s__Blautia_faecicola,s__Alistipes_sp_AF17_16,s__Dorea_sp_AF24_7LB,s__Faecalibacillus_faecis,s__Dialister_pneumosintes,s__GGB9302_SGB14263,s__Bifidobacterium_dentium,s__GGB33469_SGB15236,s__Bacteroides_fragilis,s__Eubacteriales_unclassified_SGB15145,s__Monoglobus_pectinilyticus,s__GGB9559_SGB14969,s__Clostridium_saudiense,s__Blautia_SGB4815,s__GGB9708_SGB15233,s__Clostridium_sp_AF27_2AA,s__Faecalicatena_fissicatena,s__Coprococcus_SGB4669,s__Romboutsia_timonensis,s__Turicibacter_bilis,s__Oscillospiraceae_bacterium_Marseille_Q3528,s__GGB9775_SGB15395,s__Ruminococcus_sp_AF46_10NS,s__Alistipes_dispar,s__Butyricimonas_virosa,s__GGB9627_SGB15081,s__Klebsiella_pneumoniae,s__Faecalibacterium_SGB15315,s__Clostridium_SGB6179,s__GGB33512_SGB15201,s__Turicibacter_sanguinis,s__GGB13493_SGB15238,s__GGB51269_SGB5062,s__Butyricicoccus_sp_AM29_23AC,s__Ruminococcus_lactaris,s__GGB33928_SGB15225,s__Allisonella_histaminiformans,s__Clostridium_SGB4909,s__Clostridiaceae_unclassified_SGB4771,s__GGB3730_SGB5060,s__Phocaeicola_coprocola,s__Desulfovibrio_SGB5076,s__GGB3570_SGB4777,s__Blautia_stercoris,s__Bacteroides_eggerthii,s__Streptococcus_australis,s__Megamonas_funiformis,s__Holdemanella_biformis,s__Clostridium_sp_AT4,s__Mediterraneibacter_glycyrrhizinilyticus,s__Faecalitalea_cylindroides,s__Phascolarctobacterium_faecium,s__Intestinibacter_bartlettii,s__Clostridia_bacterium,s__Streptococcus_vestibularis,s__Candidatus_Gastranaerophilales_bacterium,s__Acidaminococcus_intestini,s__Bacteroides_intestinalis,s__Coprobacter_secundus,s__Bacteroides_clarus,s__GGB16040_SGB9347,s__Ruminococcus_sp_BSD2780120874_150323_B10,s__GGB9635_SGB15106,s__GGB9760_SGB15374,s__Parasutterella_SGB9260,s__Coprobacillus_cateniformis,s__GGB9719_SGB15273,s__Clostridiales_bacterium_Choco116,s__Dialister_hominis,s__Bacteroides_faecis,s__Eubacterium_sp_AF34_35BH,s__GGB42994_SGB4746,s__Eisenbergiella_massiliensis,s__Ruminococcus_SGB4421,s__GGB3614_SGB4886,s__GGB9512_SGB14909,s__GGB9642_SGB15119,s__Enterocloster_SGB14313,s__GGB2998_SGB3989,s__GGB9677_SGB15180,s__GGB3819_SGB5184,s__GGB9602_SGB15028,s__Collinsella_bouchesdurhonensis,s__GGB9759_SGB15370,s__Blautia_luti,s__GGB9767_SGB15385,s__GGB3612_SGB4882,s__Candidatus_Catenibacterium_tridentinum,s__Vescimonas_SGB15087,s__Clostridia_bacterium_UC5_1_1E11,s__GGB79973_SGB14341,s__GGB9176_SGB14114,s__Clostridiaceae_unclassified_SGB15090,s__GGB80011_SGB15267,s__GGB9608_SGB15041,s__GGB33512_SGB15203,s__Gemmiger_SGB15299,s__GGB3321_SGB4395,s__Clostridium_SGB4648,s__Bifidobacterium_catenulatum,s__GGB34797_SGB14322,s__Ruminococcus_sp_AF41_9,s__GGB3363_SGB4447,s__Oscillospiraceae_bacterium,s__Clostridium_sp_NSJ_42,s__Blautia_sp_MSK_20_85,s__Oscillospiraceae_unclassified_SGB15256,s__GGB9697_SGB15213,Group
ERR688590,0,0.001703406,0.006196624,0.007268768,0.00487114,0,0.005059106,0,0.004209786,0.039035319,0.003770922,0,0.037697787,0.000835142,0,0.098235807,0,0.053420607,0,0,0,0,0.006509436,0,0,0.000153886,0.0741046,0.012286015,0.012881528,0,0.002795399,0.014801528,0,0,0.003427554,0.008258945,0,0.001372807,0,0,0.026981572,0.001706892,0,0.018338281,0.003062407,0.003048353,0.001286796,0,0.002011516,0.006606713,0,0,0.00449984,0,0.027015481,0.028296177,0.011126582,8.17E-05,0,0.000231407,0.007720791,0.005001706,0.000566152,0.003229371,0.000758806,0.000191659,0.001445696,0,0.000806718,0,0.000427102,0,0.000677105,0,0.000831239,0.00074712,0.007117545,0.00181959,0.000897504,0,0,0.000401588,0.000509818,0.001155663,0.000531439,8.84E-05,0,0,0.00055664,9.17E-06,0,0.008394267,0,0,0.00064075,0.000935376,0,3.22E-05,0,0,0.003088928,0.000126525,0,0,0.000987113,0,0,0,0.000369796,0,0.000538916,0.000383093,0,0.003083591,0,0,0,3.83E-05,0,0,0.000782446,0,0.000123517,0,6.32E-05,0.009256381,0.00317167,0.000894339,0.001492742,0,0.001690183,8.67E-05,1.67E-05,8.04E-05,0.002061621,0,0.000203504,0.00022738,0,0.007195707,8.02E-05,0.003634546,2.06E-05,0.000963708,7.37E-05,8.83E-05,0,0,0,0.001429407,0,0,0,0.000226762,0.000410043,0.009862648,0,0,0,0,0.004654427,0,0.005818344,0.000555462,0,0.011720875,0.001677181,0.000922717,0.001439774,0.002041476,0,0,0.000217748,0,0.00048473,0.005272478,6.63E-05,0.000103345,0,0,0,8.53E-05,0,0,0,0.006739535,0,0,0,0.000125934,0.006168589,0.001174886,0.002332059,0.003600911,0,0,0.001362699,0.000368717,0.016779912,0.000226675,0.000505193,0.019274092,0.018907937,0.001583838,0,0,0.01385124,0,0.013872788,0.01655317,0.002176024,8.83E-05,0.005166142,0,0.037722818,0,0.002493323,0,0,0,0,0,0.000499817,0,0.000526552,2.12E-05,0,0.001264119,0,0,0,6.38E-05,0,0,0,3.16E-05,0.00035575,0,0,0,0,0,0,0,0.000594798,0.001956798,0,0,0.000305678,0,0,0.004601561,0,0.002283618,0.002723325,0,0,0,4.82E-05,0.000533558,0,0.00022748,0.004575291,0,0.000461767,0.002807957,0,0.000741415,0,0.000574604,0,0.003084067,0.000988578,0,0,0,0.001105687,0,0,0,0.00062279,0.000942139,0,0,0,0,0.081630727,0,0,0.00095002,0,0,0,0,0.000814068,7.37E-05,0.023098889,0,0.002329244,0,0.000617193,0,0,0,0,0,0,0,0,0,0.000923995,0,0.000360759,1.12E-05,0,0,0,0,0.000348502,0,0,0.01223289,0,0,0,0,0,0,0,0,0.000197959,0,0,0,0,0,0.002631812,0,0,0.000550294,0,0,0.001842771,0,0,0,0,0,0,0,0.001578877,0,0,0,CTR
ERR688562,0.021057674,0.174297137,0,0,0.001545501,0,0,0,0.00528081,0,0,0,0.008154928,0,0,2.07E-05,0,0.043420904,0,0,0,0,0.001377968,0,0,0,0,0,0,0.001939897,0,6.31E-06,0,0,0,0,0,0.010899717,0,0,0,0,0,0,0,0.070969192,0,0,0,0.04655548,0,0,0,0,0.003850294,0.0014741,0,0,0,3.59E-05,0.017247611,0.026148143,0,0,0,0.003179622,0,0,0.004007357,0,0,0,0,0,0,0,0,0,0,0,0,0,0,0,0,0,0.262515133,0,0.025392611,0,0,0,0,0,0,0,0,0,0,0,0,0,0.000697672,0,0,0,0,0,0.001298526,0,0,0,0,0.019466818,0,0,0,0,0,0,0,0,0,0,0,0,0.027239305,0,1.07E-05,0.001454776,0.012904561,2.27E-05,0,0,0,0,0.003702464,0.007727661,0,0,0.000716068,0,0,2.58E-05,0,0,0,0,0,0,0,0,0,0,0,0,0.000704685,0,3.57E-05,0,0.007138954,0,0,0.006161191,0,0,0,0.001127252,0.007099309,0.000272732,0,0,0,0,0,0,0,0,0,0,0,0,0,0,0,0,0,0.091243599,0,0,0.011175215,0,0,0,0,0,0,0.000218116,0,0.000958776,0,0.000114751,0.015353173,0,0,0,0,0,0.000203548,0.003973663,0,0.001042382,0.01292311,0,0,0,0,0,0,0,0,0,0,0,0,0,0,0.007452939,0,0,0,0,0,0,0,0,0,0.004886174,0,0,0,0,0,0,0.000917293,0,0,0,0.003286088,0,0,0,0,0,0,0,0,0,0,0.000569966,0,0,0.006385514,0,1.46E-05,0,0,0,0,0,0,0,0,0,0,0,0,0,0,0,0,0,0,0,0,0,0,0,0,0,0,0,0,0,0,0,0,0,0,0,0.000182834,0,0,0,0,0,0,0.000154483,0,0,0,0,0,0,0,0,0,0,0,0,0,0,0,0,0,0,0,0,0,0,0.000367852,0,0,0,0,0,0,0,0,0,0,0,0.001517452,0,0,5.86E-05,0,0,0,0,0,0.006725741,0,0,CTR
ERR688594,0,0,0,0,0.001877743,0,0,0,0.000891861,0,0.001019429,0,0.029902021,0.000171909,0,0.005915874,0,0.008134363,0,0,0,0,0.000639656,0,0,0,0.0099581,0.001946892,0.000297701,0.001743155,0,0.001645529,0,0.000427009,0,0.001623862,0,0.016368145,0,0,0.00227966,0,0,0,0.001518902,0.047053658,0,0,0,0.171795753,0,0,0,0,0.001449049,0.001744153,0,0,0,0.000371196,0,0.017614701,0,0,0.000607692,0,0.000250845,0,0.007820327,0,9.37E-05,0,0,0,0.005864248,0,0,0,0,0,0,0,0,0,0,0,0,0,0.008598655,0,0,0,0,3.59E-05,0.000629794,0,0,0,0,0.000140729,0,0,0.000124369,0,0,0,0,0,0.009877353,0,0,0,0,0.021127904,0,0,0.000237215,0.004075762,0,0,0,0,0,0.000314031,0,0,0.029919081,0,0,0,0.044245262,0,0,0,0,0,0,0.004510664,0,0,0.000911624,0,0,0.004307844,0,0,0,0,0,0,0,0,0,0,0,0,0.007430622,0,0,0,0.038182416,0,0.00091563,0.011613968,0,0,0,0,0,0.001298466,0,0,8.78E-05,0,0,0,0,0,0,0,0,0,0,0,0,0.012390604,0,0.169144525,0,0,0,0.000140881,0,0.000490405,0,0,0,0.003587906,6.80E-05,0,0,0,0,0,0,0,0,0,0.00247485,0,0,0,6.70E-05,0,0.002523507,0,0.003816368,0,0,0,0,0,0.001823052,0,0,0.001708594,0,0.003202165,0,0,0,0,0,0,0,0,0,0,0,0,0,0,0,0,0,0,0,0,0.001155019,0,0,0,0.008172465,0,0,0,0,0,0.00271719,0,0,0,0,0,0.006373648,0.000933943,0,0,0,0,0,0,0,0,0.000748909,0,0.001093249,0,0,0,0.001265298,0,0,0,0,0,0,0,0,0,0.001417237,0,0,0,0,0,0,0,0.003263919,0,0.000313277,0,0,0,0,0,0,0,0,0,0,0,0,0,0,0,0,0,0,0,0,0,0,0,0,0,0,0,0,0,0.000770416,0,0,0,0,0,0,0,0,0,0,0,0,0,0,0.240725401,0,0,0,0,0,0,0,0,CTR
ERR688619,0,7.98E-05,0.057765877,0.002239461,0,0,0,0.000740875,0.001607901,0.001337248,0.048793195,0,0.064519026,0.00953898,0,0.068472619,0.015542724,0.042859633,0,0,0.000394585,0.045040567,0.001193261,0,0,0,5.61E-05,0.002733717,0,0,0.000109198,0.073790025,0,0,0.022053597,0.010736853,0.00062715,0.000467922,0,0,0,0.012208831,0.000598353,0.000796537,0.002501127,0.000899487,0.009002428,0,0.000114006,0,0,0.004941879,0.00342314,0.000337311,0.000153882,5.96E-05,0.001210301,0.00057429,0.017864156,0.012612901,0.001591075,0.001716518,0.000365999,0.004273971,0.004530384,9.37E-05,0.0033916,0,0.0002474,0,0,0.000887732,0.00024009,0,0.085347624,0.000478452,0.000480573,0.000520778,0.001063511,0,0.000757421,0,0.001412481,0.001505907,0.000408661,3.45E-05,0,0,0.004299507,0.000684456,0,0.001013879,0.001654164,9.61E-05,0.002626915,0.000142404,0,0,0,0,0.004631247,0.001230917,0,0,0,0.001451641,0,0,0.000124916,0,0,0.000146321,0,0.000497966,0,0,0,0,0,0.007626586,0.00017614,0.001023085,0.001963889,0,0,0,0.001169604,4.39E-05,0.000740138,0,0.002169313,0.000669203,9.00E-05,0,0,0.000249365,4.71E-05,0.001928718,2.75E-05,0.00894394,2.25E-06,0.000106781,0,0,6.17E-05,0,0,0.000580862,8.02E-06,0.001914307,0.001337184,0,0,7.09E-05,6.07E-06,0,0,0,0,0,0.002869782,0,0.011010593,0.000430765,0.028828001,0.010467303,0,0.000411022,0.000326334,0.001213957,0,0,0,0.004303616,0,0.003943633,0,0.000392282,0.000706641,0,0,0.000275863,0,0.000160611,0,0.01916498,0,0,0.0003134,0,0.003677315,0.004138554,0,0,0,0,0.000231387,0.001274387,0.003365168,4.21E-05,0.000514556,0.002486802,0,0.004687168,0,0.006632331,0.008774971,0.010958588,0.000512476,0.004580153,0,0,0.00044118,0.000539824,0.000168998,7.16E-05,0.001296335,0,0,0.017291643,0,0,0.00034937,0,8.64E-05,1.64E-06,0,0.000208343,0,0,0,0,0,0,0,0,0,0,0,0,0,0,0,1.61E-05,0.00018067,0.001505387,0,0,3.21E-05,0,0,0,0,0,0.027191035,0,0.00062992,0,0,3.90E-06,0,0.000100416,0.000708519,0.000125381,2.83E-05,3.89E-06,0.000415717,0.000690728,0,0.01018472,0,0.0039804,0,0,0,0.002109079,0,0,0,0,0.004376674,0,0,0,0,0,0,0,0.000126115,0.000518968,1.04E-05,0,0,0,0.000212664,3.64E-05,0,0,0.000123948,0,0,0,0,0,0,0.013234134,0,0.000921472,0,0,0.029880139,0,0,0,0,0.031526941,0.000203756,2.86E-05,0,0,0,0.004880427,0,0,0,0,0.001144254,0,0,0,0.000167563,0,0,0.005100079,0,0,3.46E-05,0,0,0,0,4.40E-05,0.000110161,0,0.001099284,0,0.001398952,0,0.002849188,0,0,0,1.11E-05,0,CTR
ERR688532,0,0.010177627,0,0,0,0,0,0,0.000433144,0,0.028682011,0,0.001775678,0.005410013,0,0.071309911,0,0.050265388,0,0,0,0,0.000256175,0,0,0,0.084432729,0.001025067,0.082396924,0,0.025976674,0.085191548,0,0,0.020538138,0,0,0.004894097,0,0,0.020489367,0.000446082,0,0,0.00096276,0.003417062,1.07E-05,0,8.60E-06,0.187628588,0,0,0.002440683,0,0,0.043651263,0,0,0,0.000261923,1.83E-05,0.003144978,0.000314303,0.005881893,0.000219534,0.000271563,0.000834178,0,0.000321866,0,0,0,0.000306465,0,0,0,1.28E-05,0,0,0,0,0,0,0,0,0,0.000198368,0,0.001199381,0,0,0,0,8.39E-05,0.000587617,0,0,0,0,0,0,0,0.000486067,0,0,0,6.16E-05,0,0.003113836,0,0,0,0,0.002227384,0,0,0,4.99E-05,0,0,0,0,0.00071697,0.000382928,4.48E-05,0,0.000465177,0.000348304,0,0,0.002771257,0.000100864,0,7.70E-05,0,0,0.001316858,0.004653396,0,0,0,0,0,0.000612262,0,0,0,0,0,0.004622032,0,0,0,0,0,0,0.001627382,0,0,0,0.002811921,0,0,0.001825171,0,0.014562093,0,0,0,0,0,0,0.001187129,0,0,0,0,0,0,0,0,0,0,0,0,0,0,0.07907802,0,0,0,0.001990142,0,0,0,0,0.000460733,0.000957586,0,0.000131201,0,0,0.004523237,0,0,0,0,0,0,0.024167944,0,0,0.008747425,0,0,0,0,0,0,0.000145706,0,0,0,0,0.000212012,0,0,0.002089305,0,0,0,0,0,0,0,0,0,0.001735725,0,0,0,0,0,0,8.71E-05,0,0,0,0.00015789,0,0,0,0.00162974,0,0,0,0,0,0,9.12E-05,0,0,0,0,0,0,0,0,0,0.000792548,0.00093954,0,0,0,0,0,0,0,0,0,0,0,0,0,0,0,0,0,6.49E-05,0,0,0.010386629,0,0,0,0,0,0.006776879,0,0,0,0,0,0.003524019,0.001012085,0,0,0,0,0,0,0,0,0,0,0,0.000295939,0,0.000103039,0,0,0,0,0,0,0,0,0,0,0,0,0,0,0,0,0,0.001958301,0,0,0,0,0,0,0,0,0,0,0,0,0,0,0.014770665,0,0,CTR
ERR688543,0,0.00010178,0.000839674,0,0.020748551,0,0.001441485,0.019344791,3.17E-05,0,0.02444065,0,0,0,0,0.027622995,0,0.000853892,0,0,0,0,0.00228626,0.001592813,0,0,0.329447254,0.000934397,0.001001209,0.004383096,0.019723684,0.000132947,0,0,0.000941538,0,0,0,0,0,0,0,0,4.79E-05,0.003322846,0.005493291,0.010631682,0,0,0.000243961,0,0,0.002570031,0,1.19E-05,0,0,0,0,5.81E-05,0.01875381,0.002907873,0,0.006745123,0,0.000159371,0.004737317,0,0.001882656,0,4.77E-05,4.59E-05,0.006466596,0,0,0,0,0,0,0.00037698,0,0,0.000329999,0,0,0,3.99E-05,0,0,0.001539153,0,0,0,0,0.001349153,0,0,0.006680774,0,0,0,0,0,0,0,0,0,0,0.005698217,0,0,0,0.01683879,0,0,0,0,0.007694496,0,0,0,0,0,0,0,0,0.002260497,0,0,0,0,0,0.012544395,0.017371149,1.77E-05,0,0.003159798,0,0,0,0,0,0,0,0,0.000940501,0,0,0.000132378,0.000412724,0,0,0,0,0.000502537,0,0,0,0,0,0.003496217,0,0,0.001455956,0,0,1.77E-05,0,4.72E-05,0.000765806,9.70E-05,0.000170139,0.001008184,0,0,0,0,0.000269625,0,0,0,7.09E-06,0.013729748,0,0,0.000275763,0,0,0,0,0,0,0,0.000144839,0,0,0,0.000290736,0.001404594,0.000509818,0,0,0,0,0,0,0,0,0,0,0,0,0,0,0,0,0,0,0,0,0,0,0,0,0,0,0,0.000255009,0,0,0,0,0.13967526,0,0,0,0,0,0,0,0,0,0,0,0,0,0,0.000448495,0,0,0,0,0,0,0,0,0,0,0,0,0,0,0.001027941,0,0,0,8.08E-06,0,0,0,0,0,0.138345656,0.018747286,0,0,0,0,0,0,0.003486108,0,0,0,0,0,0,0,0,0,0,0,0,0,0,0.000895182,0,0.050512973,6.18E-06,0.000761709,0,0,0,0,0,0,0,0,0,0,0,0,0,0,0,0,0,6.47E-05,0.001764158,0,0,0,0,0,0,0,0,0,0,0,0,0,0,0,0,0,0,0,0,0,0,0,0,0,0,0,0,0,0,0,0,0,0,0,CTR
ERR688595,0,0.288759759,0.01186492,0,0.007408897,0.00013991,0.000167197,0.000308001,0.014202323,0.002935329,0.001496559,0.015026489,0.049971652,0.000583583,0,0.0424423,0,0.059804622,0.000859141,0.000156859,0,0,0.002751762,0.000189005,0,0,0.009555885,0.013112693,0.007360111,0,0.00296105,0.016683182,0,0,0,0.005391846,0,0.00257463,0,0.001753783,0.001027311,0,0,8.48E-05,0.000381396,0.009771439,0.004437205,0,4.93E-05,0.002164123,0,0,0.015222606,0,0.001202666,0.001141559,5.31E-05,0,0.004940768,0.050388202,0.009752571,0.009068332,0.001479003,0.015146493,0.000517544,0.001176077,0.000714516,0,0.007082212,0,0,0,0,0.000360857,0.000692857,0.000494397,2.79E-05,0,0,0,5.58E-05,0,0.000234968,0,3.68E-06,0,0.002566587,0,0.006234755,0,0,0.001755602,0.006476612,0.000355752,0.001754512,0,0.002035958,0,0,0.000291895,0,0,4.04E-05,0.01739339,0.000927745,0,0,0,8.76E-05,0,0.000343337,0,0,0.000132081,0,0,0,0,0,0.002743415,0,0.000297085,0,0,0,0,0.002918084,0,0.001448127,0,0.012103364,0.000577396,0,0,0.000130699,0.000326319,0.001642586,0.006916379,0,0.00194715,0,0,0,0,0.000270844,0,0.001076568,4.69E-05,0,0.00061424,0,0,0,0.000719839,0,0.000297662,0,0,0,0,0.008197736,0,0.00409741,0.00216758,0.000521691,0.001935898,0.001141863,0.000285093,0.001290819,0,0,0,0,0.001085708,0,0.00027799,0,0,0,0,0,0,0,0.00450753,0,0.001336913,0.0005491,0,0.001217748,0,0.008216039,0,0,0,0,0,0.00637263,0.001747649,0.001141933,0.000514301,0,0,0.011572098,0,0.010434157,0,0.009525987,0.000970169,0.014640423,0.019053447,0,0.001196228,0.002217097,0,0,0,0.013938439,0,0,0.002265601,0.001319042,0.000526618,0.000369161,0,0.000392334,0,0,0.00531595,0.000932704,5.95E-06,0,0.000201747,0,0.003974762,0.001069736,0.001094035,0.000111024,0.003324399,0.000216032,0,0,0,0.00046169,0,0.001394004,0,0,0.000500711,0.000144122,0.000255106,0,0,0,0.004452895,0,0,8.05E-05,0.00030048,0,0.000382341,5.02E-06,1.33E-05,0.000534529,0,8.09E-06,0,0.000354291,0,0,0,0,0.000757898,0,0,0.00174946,0,0,0,0.000836637,0,0.000615821,0,0,0.000486892,0,0.000419609,0,0,0.000911628,0.002146653,0,0.000228383,0,0,0,0.001142875,6.49E-05,0,0,0,0,0.001042416,0,0.007376836,0,0.001122065,0,0.008104737,0.000139245,0.002701818,0,0,0.000110521,0,0,0.007091608,0,0.004449104,0,0,0,0,0,0,0,0,0.000481422,6.45E-05,0,0,0.000694559,0,0,0,0,7.03E-05,0,0,0,0,0,0,0.009642415,0,0,0,0.00600342,0.000396783,0,0.004707785,1.65E-05,0.003929688,0.001669828,0,CTR
ERR688582,0,0.000201274,0.000836093,0.001148851,0,0.002837934,0.003452599,0.005101139,0.000487428,0.000485696,0.007856129,0.008787372,0.001146771,0.003176978,0,0.005913475,0,0.004519528,0,0.000662477,0,0.12965794,0.000123364,0.001689195,0,0,0.02762166,0.006491321,0.000426546,0,0.003734139,0.019339585,0,0,0.00172706,0.001347011,0,0.000851553,0,0.000674878,0.010157727,0.001279148,5.93E-05,0.003781587,0.002457613,0.000889557,0.000900485,0.000652219,0.000386517,0.003722311,0.002101362,0.075749858,0.001231358,0.000290177,0.000502303,8.33E-05,0.006848579,0.000498963,0.144746382,0.037819579,0.002996742,0.000976667,0.000981864,0.000249936,0.000466094,0.000156751,0.000293773,0.000602569,0.000368523,0.000219497,0,0,2.50E-05,0.003105849,0.007919669,0.001017759,0.000376616,0.000317724,0.000254285,0.002225332,0,0,0.000149944,0.000670527,0,0,0.011564277,0.001439334,0.000162093,6.82E-06,0,0.000226255,0,7.45E-05,3.51E-05,5.80E-05,0,0.003057033,0,0,0.001455801,0.000231644,0,0.009313362,0.000231372,7.14E-05,3.99E-05,0,4.50E-05,0.001292162,0.000727457,3.05E-05,0.000419016,0.00570703,0.000962722,0,0,6.64E-05,0,0.039674278,0.000572735,0.000165092,0.000232817,0,0,0.010504195,0.0017274,0,0.000112828,0.012390685,0.000924632,0.000328368,0.00198435,0.000218276,0.007253784,0,0.001158716,1.06E-05,0,0.003895012,0,8.02E-05,0,8.49E-05,0.000148831,0,0.001395713,0,0.000178764,0.000259408,0,0,0.000534144,0.002821618,1.98E-05,0.00118399,8.17E-05,0,0.000182861,7.62E-05,0.011211653,0,0.012343168,0.00135846,0,0.003333604,0.000994932,4.63E-05,0.000135716,0,0.000536084,0,0,0,0,0,0,0.000692131,0,0,0.000234681,0.000131788,0,0.000841309,0,0.008270377,0.003514542,0,0.000248977,0,0.006016381,0.00079722,0,0,0,0,0.000257064,3.15E-05,0.000135908,7.68E-05,0,0,0,0,0.015360303,0.003394407,0.007895421,0.000577552,0.000790997,0.00032359,0,0.001807234,0.000143282,0,0.00059861,0,0.000551613,3.21E-05,0.02684258,0.004553387,0,0,0,0,0.00038929,5.05E-05,0,0.000628107,0,0,0.001602723,0.005931888,0.007379738,0.001567342,0,0,0.000138135,0.00029588,0,0,0,0,0,2.77E-05,0.000733085,0.004188196,0,0,0,0,0,0.001791596,0,0.014090995,0,1.07E-05,0,0,0,0.000142863,0,0,0,0.000335795,0.001224141,0,0.000123637,6.11E-05,0,0,0.001605945,0,0,0,0.000283359,0.001710711,6.92E-06,0.000441061,0,0,0.000695366,0.004083479,0,0,0,0.000840612,0,0,6.14E-05,0,0.001771453,0,0.00076313,6.50E-05,0,0,0,0,0.000431829,0,0,0,0,0,0.000441909,0,0,0,0.013086389,0,0,0.000691401,0,0.000862585,0,0,0.001122499,0,0,0,9.26E-05,0.000601492,0,0.108570274,0.003587582,0,0.000536464,0.00016597,0.00090953,0,0.00078511,0.008827123,0,0.000756751,0,0,0,0,0,0.000529581,0.000469523,0.000609279,0.000198878,0.004686397,0.000386343,0,0.001119285,0,5.54E-05,0,0,0.000103781,0,0,CRC
ERR688553,0,0.000189949,0.004905441,0.000822648,0.000129531,0.000165667,0.002831339,2.54E-05,0.028718356,0.001051493,0.003258264,0.002012634,0.067480213,0.000615437,0.001820755,0.011608147,0,0.029860844,0,5.62E-05,0,0.006787986,0.002097537,0,0,0,0.016114326,0.002286424,0.003583524,0,0.000268761,0.00015652,0,0,0.00113314,0.001301324,0.004645076,0.013148472,0,0.007281253,0.006663094,0.000749836,0,0.000688311,0.00055006,0.030014437,0.000419295,0.003083098,0.000989217,0.000504248,0,0.000809449,0.000760722,3.78E-05,0.000265808,9.10E-05,3.20E-05,0,0.001401074,0.003301845,0.009000026,0.020993188,0.000835482,0.002161751,0.000465342,0.001027194,5.49E-05,0,0.005771251,3.86E-05,0,0.000338766,0,0.001977893,0.005852217,0.00707382,2.14E-05,9.37E-06,2.35E-05,0,0.000929939,0,0,0.002253225,0.000128407,0,0.022258735,9.14E-05,0.001677961,0,0,0.000195497,0.056767254,0.00567026,0.000279845,0,0.001058098,5.68E-05,0,8.05E-05,0.000681499,0,0,4.21E-05,0,0,0,0,0.000196204,0.005274275,0.003172019,9.30E-05,0,0.003589065,0,0,0,0,0.000276015,0.000174253,0,0.005858097,0,4.03E-06,0,0.002562018,0.003661055,0,0.000672623,0.001133683,0.003150909,0,0,0,0.001674516,0,0.001434399,0.002340574,0,0.000358316,0,0.000231773,0,0.000141367,0,0,0.002370824,0,0.000713518,0.000283257,0,0,0,0.001974411,0,0.001026387,0,0,0,0.000110386,0.03738771,0,0.005100464,0.008365477,0,0.002091983,0,0.00023223,0.002665008,0,0,0,0,0,0,0,0,0,0,0,0,0,0,0.057889283,0,0.000139638,8.97E-05,0,0.002166107,0,0.012680699,0.001059781,0,0,0,0,0.001930822,0.002737668,0.004949293,0.00045315,5.97E-05,0.011866663,0.00021043,0.000198942,0.003739036,0,0,0,0.000455398,0.008447024,0.007296921,0,0.03945208,6.69E-05,0.003215262,0.000317062,0.003618783,0,0.000639143,0.000214402,0.003688572,0.000207544,1.48E-05,0.00045338,0.001589896,0.002481046,0,0.006684025,0.002011027,0.0002739,0,0.000144462,0.003900946,7.17E-05,0,0.000284404,0.000147884,0.00506613,0,0,0,0,0.003479274,0.000384051,0.001941461,3.38E-05,0.004133199,0,0.00151267,0.000546578,0,0.000124003,0,0.000170621,0.001779267,0,0.003549833,0.000143787,0.000811105,0.001278933,0,0.000458075,0.000944955,0,0.01106368,0.00018426,0.001143943,4.70E-05,0,0.000319748,0.000548142,0,0,0.001297772,0.00022108,0,0.001400463,0.000113982,0,0.001113126,0.00085735,8.15E-05,0,0,0,0.00092485,0,0,0,0,0.001342659,0,0,0,0,0,0,0.001054675,0.000883294,0,0,0.001203095,0,0,0,0,0,0.167871001,0.003749766,0.004058182,0,0,0,0,0,0,0.004445014,0,0,0,0,0,3.71E-05,0.001407183,0,0,0,5.46E-05,0.003375353,0.000413847,0.001010026,0.001994527,0,0,0,0,0.002150019,0,0.002331072,0.001867627,0,0,0.00041001,0,0.000121918,0,0,0,0.045830871,0.000770135,0.003074266,0.007789147,4.45E-05,0.000300971,CRC
ERR688579,0,0,0.009832096,0.009530918,3.29E-06,0.002381436,0.012246979,0.002441917,0.00141821,0.006920246,0.006273025,0.100190651,0.013278987,0.005990134,0,0.033926798,0,0.065844588,0,0.002333717,0,1.36E-05,0.001128799,0.002421684,0,0,0.034734878,0.008289188,0.004392759,0,0.004642015,0.037264497,0,0,0.041998372,0.008617033,0,0.00070364,0.001840411,0.002354776,0.017955355,0.002023955,8.50E-06,0.003632268,0.000918935,0.001274161,0.000139851,0,0.002016706,0.000631697,0.004823196,0,0.004568678,0.000266971,1.91E-05,1.55E-05,5.31E-05,0.000167294,0,0.000262458,0.001113089,0.001527851,0.000177866,0.001246578,0.001655049,0.000132099,0.000404043,0.003228999,0.003080943,0.000283285,0,0.000470572,7.19E-05,0.004819213,0.00813396,0.002388224,0,8.62E-05,0.001695031,0,0.000495938,0,0,0.007149169,5.86E-05,0,0.001493094,0,0.001862523,0,0.000358287,0.000839213,0,0.000527949,0.000593397,0,0.000775592,0.005921011,0,0.000177234,0.00037502,0.000449909,0,0,0,0,0,0,4.24E-05,0,0.000330192,0.00016377,0,0.000108254,5.79E-05,0.000103349,0,0,0.000181871,0.001542444,0,0.000201989,0.000985894,0,0,0.002784421,0.002020248,0,0.002360321,0.019650042,0.003833449,0,3.61E-05,0,0.003407184,0,0.000206379,0.000851071,0.0003918,0.002972988,0,2.14E-06,0,1.59E-05,0,1.57E-05,0,0.000211244,0.000167527,0.000776196,0,0,0.027535533,0.012766581,5.62E-06,0.000226613,0,0,0.00036259,0,0.013956069,0,0.014074095,0.001556884,0.001731287,0.012363555,0.00107114,0.001237532,0.00079522,0,0,0,0,0.016165127,0,0,0.001919977,1.66E-05,0.00015221,0,0.001583727,0,0.000284035,0,0,0.023673659,0.001947007,0,0.001018045,0,0.006205136,0.003173149,0,0,0.000831268,0.001577233,0.00046182,0.00138086,0.016156367,0.000277458,0,0.008085315,0,0.011752853,0.020212965,0.019565813,0.019116045,0.000139359,0.001284856,0.018965258,0,7.40E-05,0.006242099,0,0.008288501,0.001282586,0.013854606,0,0.001252174,0.005883206,0.008913904,0,0,0.001389767,0.000251517,4.72E-05,0.000483755,0.000695899,0.00064896,0.008895667,0,0.000877067,0,6.52E-05,0,0.006340949,0,0.000499307,0.002747079,0.001925746,0,0.00185128,0.000192696,0,0.000477557,0.003074947,0,0,0.000141628,0,0,0,0,0.002449199,0,0.00012559,0.000328623,0.00072833,0,4.59E-05,0.004860483,0.000387158,0.005198702,0.000716798,8.57E-05,8.12E-05,0.000206978,0,0.000791836,0,0.001161621,0.000560719,0,0.000766635,0,0,0,0,0,0.000890556,0,0.000740326,5.70E-05,0.001491733,8.86E-05,0.000150105,0,0,0.000293695,0.00029327,0,0,0,7.03E-05,0,0,0,0.000355746,0.000173526,0,0,0.000842905,0,0.000335931,0,0,0,0.042009384,0.016487802,3.20E-06,0,0,0,0,0,0,0.000432736,0,0,0.003808174,0,0,0,0,0.000989391,0.000515083,0,0,0,0,7.64E-05,0,0.000539562,0,0.000208689,0,0,0,0.013395229,5.03E-05,0.001070935,0,0,0,0,2.14E-05,0,0,0,0,0,0.001234857,0,3.20E-05,CRC
ERR688640,0,0.000129133,0.009155434,1.96E-05,0.053471407,0,0,0.00269299,0.005670222,6.63E-05,0.000272666,0.014750241,0.053414764,0.000144901,0,0.009847103,0,0.017788955,0.00258605,0,0.000169777,0,0.000629296,0,0.000306136,0.00049519,0.004188784,0.033959345,0.000193814,0.003300735,0.000384149,0.0014996,0,0,0.00016722,0.036696113,0,0.002767444,0,0.000808035,0.000707958,0.000460526,0,0,0.00051752,0.003836805,0.006034335,0,0,0.036608326,0,0,0.016631581,0.001056684,0.061787299,0.00333344,0,0,0.000128319,0.118525048,0.005642001,0.013373521,0.000598143,0,0.000213235,0.000922036,0.000404755,0,0.001234624,0,0.040238894,4.27E-05,0,0,0.000641546,0,0,0,0.000412487,0,0,0,9.99E-05,0,0,0,0.039890978,0,0,0,0,1.17E-05,0,0.000435533,0,0,0,0,0,0.000944465,0,0,0.007807059,0,0,0,2.09E-05,0.003438067,0.001425714,0,0.000119599,1.63E-05,0,0.001781033,0,0.000384385,0,0.00012136,0,0,0,0,4.22E-05,0.000511461,0.003696794,0,0.003141764,0.005614068,7.68E-05,0.000175283,0.007352789,0.001087896,0,0,0.00020318,0.000180475,0,0.003506239,0,0,0,0,0.01544788,0,0.00095622,0,0,0,0.001588688,0.005273761,0,0,0,0,0,0,0,0.004196015,0,0,0.074619011,0,0.000611839,0.007286314,0,0.00022556,0.000997958,0.000286779,0,0,0,0,8.37E-05,0,2.46E-05,0,0,0,0,0,0,0,0,0.005679027,0,0.000906585,0,0,0.003431911,0,0.039201853,1.12E-05,0,0.000368514,0,0,0,0.002121416,0.000382158,0.000142382,0,4.76E-05,0,0,0,0,0,0,0.05317857,0.001995543,0,0,8.55E-05,0,0.040217805,0,0,0,0,0.002260912,0,0,0,0,0,0.000145715,0,0.008399382,0,0,0,0,0.000506151,0.000625973,0,0,0,0,0,0,0,0,0.000976807,0,0.004091108,0,0,0,0,0,0,0,2.69E-05,0,9.04E-06,0,0,0,0.0095156,0,0,0,0,0,0.024380669,0.001007619,0.000130835,0,0,0,0,0.000993589,0,0.000435406,6.29E-05,0,0.004791832,0,0,0,0.01378751,0,0,0,0,0,0,0,0,0,0,0.000759492,0,0,0,0.000352455,0,0,0.002883965,0,9.13E-05,0,0,5.69E-05,0,0,0,0,2.81E-05,0,0,0.000283985,0,0,0,0,0,0,0.000252742,0,0,0,0,0,0,0,0,0,0,0,0,0,0,0,0,5.87E-05,0.001787262,0,0,0,0,0,0.005500426,0,0,0,0,0,0,0,0,0.001939091,0,0,CRC
ERR688618,0,0.000679547,0,0.000664871,0.000404458,0,0.005438551,0,0.003068449,0.003675853,0,0.035313704,0.01712086,0.001955092,0,0,0.011267175,0.053688134,0,0,0.000346859,0.015898016,0.000982793,0.00086091,0.003124921,1.44E-05,0.000145507,0.000173506,0.010755644,5.36E-05,0,0,0,0,0.018263745,0.117994421,0.001499442,0.001423891,0.008024221,0.002084055,0,0.001983818,0.00150446,0,6.73E-05,0.001321538,0.004265683,0,3.22E-05,0.011322449,0,0,0,5.51E-05,0.001777586,0.000705575,0.002008691,0.000516408,0.002051048,0.000192657,0,0,0.002694519,0,0.001724176,0,3.54E-05,0.001396912,0.001018284,0,0,0.001279757,0.000416614,0,0.045030688,0.001936206,0,0,0.000406562,0,0,0,0,0.016244666,0.002072364,0.001926969,0,0.00108044,0,0,0,0.004016802,8.35E-05,2.96E-05,0.000966518,0.000327883,0,0,0,0.000236825,0.00044979,0.000238465,8.36E-05,0,0,0.000184401,0.000132508,0.000588658,0.000125457,0,0,0.000562422,0.000429372,0.000422463,4.27E-05,0,0,0,0,0,0.000856172,0.00285953,0.00020337,0,0,0,0.000907593,0,0.000535516,0,0.00272601,0.003091244,0.000714928,0.000290135,0,0,0,0.000970766,0,0.117057857,0,0.000735745,0,1.88E-05,0,2.49E-05,0,0,8.04E-05,0.005476548,0.000167203,0,0,0,0.001298626,0,0,0,0.004070837,0,0.002872637,0,0,7.01E-05,0,0.005482979,0,0,0,0,0,0,0,0.015599789,6.35E-06,0.004629729,0,2.73E-05,0,0.0015869,0,0.000120484,0,0,0,0.04070277,0,0,1.40E-05,0,0.001641385,0.002277115,0,3.66E-05,0.000146024,0.000371586,0,0.000602825,0,0,2.35E-05,0.005130732,0,0,0.003177411,0,0.018230519,0,0.001231822,0.036532022,0,0,0.002797091,0,0,0,0.003134097,0.011114734,0,0.006975599,0,0,0,0,0,0,0,0.001073516,0,0.002864251,0,0,0,0.001891265,0,0,0,0,0,0,0,0,0.000313301,0,0.000642951,0,0,0,0,0,0,0,0,0,0.040908535,0,0,0.000102715,0,0,0,0,0,0,0.000298502,0.000232517,0.000352333,0.000413991,0,7.86E-05,0,0,0,0,0,0.003213547,0,0,0,0,0,0,0,0.008752427,0,0,0,0,0.000154723,0,0.001884812,1.08E-05,0,0.021543962,0,6.58E-06,0,0,0.000119355,0,7.61E-05,0,0,0,0,0,0.007814204,0.066088305,0,0,0,0,0,0,0,0,0,0,0,0.005200531,0.00016257,0,0,0,0,0,1.20E-05,0,0,0,3.46E-05,0,0,0,0.002208845,0,0,0,0.039100169,0.000230816,0,0.056421574,0.000124337,0,0,0,0,0,0,0,0.000164072,0,0,0,CRC
ERR688636,0,0.001213382,0.000303941,0.000695224,0.003133869,0,0.000551292,0,0.006142553,0.000496969,0.000480929,0.003163272,0.108611409,0.001200942,0,0.01052334,0.000268746,0.062949855,0,0,0,0.000163955,0.022248692,0,0,0.001323056,0.016294929,0.010873931,0.001571892,0.000150207,0.000627347,0.008107502,0,0.000968167,0.001942788,0.000678934,0,0.003992946,0,0.013297071,0.003028705,0.002933211,0,0.00083141,0.000416524,0.006584887,0.001566758,0,0.00035531,0.004690746,0,0,0.003269216,0,0.000836403,0.000645002,0,0,0,0.068020085,0.005090227,0.011739427,0.002606334,0.002507529,0.000420494,0,0.002938654,0,0.003178027,0,0.000325338,6.14E-06,0,0,7.74E-05,0.000170835,0.000395545,0.000109238,0,0,0.000156442,0,0.000316788,0,0,0,0.001820294,0,3.97E-05,0,0,0.000870807,0,8.52E-05,0.002264612,0,3.70E-05,0.001080242,0,0.000306739,0,0,0.000544887,0,0,0,0,3.43E-05,0.000814162,0,0,0,0,0.007278304,0.000181494,0,0.010662401,0.000322029,0,0,0,0.000564426,1.59E-05,9.97E-05,0,0,0.005211745,0.000211144,0,0.007488987,0.005504836,0.02643178,0,0,0.002519719,0.000268744,0,0.008694112,0,0.000256454,5.92E-05,0,0.001630261,0,0,0,0,0,0.000648268,0,0,0.001340332,0,0,0,0,0.000237194,0,2.35E-05,0,0.066135651,0,0.011519458,0.006373442,0,0.009084589,0.002671147,0,0.001415274,0.001617235,0,0.000398646,1.62E-05,1.15E-05,0,0,0,0,0,0,0,0,0,0.000106846,0,0.003171176,0,0,0.015998429,0,0.012661773,0.000187689,0,8.45E-05,5.32E-05,0,0.008220992,0.002531216,0.000266296,0.00152748,0,0.021787451,0,0.000330718,0.036613279,0,0,0,0.006342802,0.159355424,0,0.001238437,0.000958749,0,0.00435354,0,0.027651752,0.0004021,0,0.001336459,0.001360921,0,0,0,0.019598471,0.011275351,0,0.010484406,0,0.000463301,0,0,0.001567683,0.009320348,0.000139561,0,0.003173793,0,0,0,0,0,0,0,0,0,0,0,0,0,0,0,0,0,0.000295512,0,0,0,0,0.000221311,0,0.000132161,0,0,0,0,0,0,0,0,0,0,2.77E-05,0.001148594,0,0,0.005163156,0,0,0,0.013280051,0,0,0,0,0,0,0,0,0.000543071,0,0,0,0,0,0.001767511,0,0,0.000363718,0,0,0,0,0.000571574,0,0,0,0,0,0,0,0,0.00032809,0,0,0,0,0.004321532,0.000558088,0,0,0,0,1.71E-05,0,0,0,0,0,0,0.000513991,7.38E-05,0.002354262,0,0,0.00113259,0.010722116,0,0,0.00014158,0,0,0.000523539,0,0,0,0,0,0,7.13E-05,0.00039319,0,0,0,CRC
ERR688651,0,0.014394074,0,0,0.023653937,0,0.00395819,0,0.022045251,2.13E-05,0.006460261,0,0.025719742,0,0,0.001293187,0,0.064304648,0,0,5.35E-05,0,0.017958166,0,5.71E-05,0,0.027721874,0,0,0.007302485,0,0.025073332,0,0,0.000110212,6.07E-05,0.002025433,8.81E-06,0,0,0.000297659,0.004572496,0,0.003072238,0.004660173,0.004332392,0.005409274,0,0.001466081,0,0,0.095246259,0.013266073,0,0.001229278,0.000366981,0,9.19E-05,0,0.000567295,0,0.003147077,0.006756315,0,0.003923908,0.001305844,0.008005007,0,0.000559768,0,0,0.003130849,0.000191866,0,0.000232464,0.001350825,0,0.000126224,0,0,0,0.000927545,0.001670779,0.010920492,7.53E-05,0,6.45E-05,0,0.001319896,0,0,0.018475241,0,0,0.004224193,0,0,0,0,0.004018387,0,0.000401976,3.15E-05,0,0,2.90E-05,0.00116775,0,0.001136614,0,0,0.000747683,0,0.009046345,0,0,0,0.001062315,0.000116786,0,4.64E-06,0,0.008988061,0,0,0,6.36E-06,0.008859448,0,0.001718293,0.012186711,8.50E-05,0.000642647,6.11E-05,0.001875856,0,0.003816122,0.004712324,0.00034677,0,9.94E-05,0.000188532,0.00032057,0,0.001017712,0.000103043,0,0,0,0,0,0,0,0,0.001546032,0,0,0,0.000233232,0,0.061996786,0.052503273,0.009504157,0,0,6.60E-05,0,0.004309128,0.005314497,0.000483233,0.000327503,0.000359541,5.10E-05,0,0.00012738,0.001421632,0,0,0,0,0,7.05E-05,0.000580735,0.132940158,0.003002869,3.26E-05,0,0,0,0,0.000186048,0,0,0.007119927,0.001207207,0,0,0,0.007054944,0.000719982,0,0.035642071,0,0,0,0,0,0,0,0.000113628,0,0.04472881,0.000163194,0,0.000237329,0,2.38E-05,0,0,0,0,0,0.00226372,0,0.014107557,0,0,0.002463027,5.35E-05,0,0,0,0.000418925,0,0,0,0,0,0.002776743,0,0,0,0,0,0,0,0,0,0,0,0,0,0,0,0.00877749,0,0,0,0,0,0,0,0.001047285,0,0.000897289,1.38E-05,0,0,0,0,0,0,0,0,0,0,0,0,0,0,5.10E-05,0,0,0,0,0,0,0,0,0,0.000104849,2.40E-05,0,0,0,0.002579236,0,0,0.000199835,1.29E-05,6.12E-05,0,0,0,0,0,0,0,0,0,0,0.000139788,0.003044132,0.016364736,0,0,0,0.033751416,0.00050956,0,0,0.008544727,0,0,0,0,0,0,0,0,0.000722192,0,0,0,0,0,0,0,0,0,0,0.000495646,0,0,0,0,0,0,0,0,0,0,0,0,CRC
ERR688568,0,0.000416154,0,0.00107393,0.030005105,0,0.000258885,0.000121181,0.006106638,8.92E-05,0.001284197,0.021530887,0.001293848,0.000710052,0,0.009092444,0,0.005405913,0.000603221,0,0,0.000242159,0.005779509,0,0,0.000272697,0.007530314,0.002179412,0.001472793,0.000241529,0.000883479,0.000349312,0,0,0.000214443,0.000962037,0,0.011535271,0,0.007672476,0.001884425,0.001133488,0,0.0003073,0.000470997,0.072299358,0.001111241,0.001951535,0.010052764,0.011114045,0,0,0.001201244,0.000151077,0.002438527,0.00117421,0,0,2.55E-05,0.161282962,0.000139627,7.01E-05,0,0.002895542,0.000324777,0,0.000967688,0.007539331,0.002672531,0,0,0,0,0,0.002072337,0.000144096,0.001256527,6.63E-05,0,0,0,0.002357172,0,8.40E-05,0,0,0.000196132,0,2.33E-05,0,0,0.000395769,8.46E-05,0,9.15E-05,0.000380066,0,0,0,0.000668941,0,0,0.000398252,0.000272692,0,0,0.00022451,0,0.004810585,0,0.001213589,0,0,0.026151974,0,0,0.063146101,2.81E-05,0,0,6.57E-05,0.000210967,0,0,0.000570744,0,0.000117394,0.001499104,0,0.001002987,0.006938595,0.00608093,9.20E-05,0,0.000133966,0,0,0.002860944,0,0.010755836,0.001230031,0,0.002555719,0.000133286,9.91E-05,0,0,0,0,0,0,0,0,0,0,0,0.000222269,0,1.98E-05,0,0.062497585,0,0.000774417,0.000214337,0,0.002048367,0.004309686,5.55E-05,0.012590445,0.004524659,0,0.00143434,0.002556071,0.004166516,8.23E-05,0.000182153,0,0,0,0,0,0,0,0.000500157,0,5.01E-05,0,0,0,0,0.033418799,4.47E-05,0,0.037538604,0,0,0.030943002,0.023748757,0.000765693,0,0,0.000132701,0,0,6.50E-05,0,0.000129505,0,0.014958352,0.052987666,0,0.012737091,0.037546433,0,0,0,0.000116634,0,0.000234069,0,0,0,0,0,5.23E-05,0,0,0.018644127,0,8.34E-05,0,0,0.000530468,0,0.000120504,0,0,0,0,0,0,0,0,0,0,0,0,0,0,0,0,0,0,0,0.001740113,0,0.015909021,0,7.57E-05,0,0,0.001296937,0.000254221,0,0.001118143,0.000180739,0,0,0.024208569,0,0,0,0,0.000322178,0,0,0,0,0,0,0.002524221,0,0,0,0,0,0,0,0,0,0.002606108,4.66E-05,0,3.82E-05,0.000342622,0.004927241,0,0,1.72E-05,0.002004122,0.000248926,0.005957545,0,0,0,0,0,0.000865599,7.89E-05,2.75E-05,0,0,0.002075459,0,0,0,0,0.000266535,0.000365888,0,0,0.00114704,0,0,0,0,0,0,0,0,0,0,0,0,0,0.004171828,0.00483696,0,0,0,0,0,1.32E-05,0,0,3.23E-05,9.03E-05,0,0.000151119,0,0,1.43E-05,0,0,CRC
ERR688517,0,0.001953121,0.019041756,0,0,0.003209099,0.002296146,0.019293365,9.30E-06,0,0.005103219,0.010784228,0.001426497,0.004499112,0.001291348,0.005096555,0.022663674,0.009988224,0.025142496,7.23E-05,0,0.122966272,0.000774879,0.005199947,0,0,0.014970225,8.22E-05,0.001572771,0,0.003197329,0.003078967,7.27E-05,0,0.000122046,0.012772166,0,8.64E-05,0,0.005283482,0.003717111,0,0,0.002521684,0.000836207,0.001213255,0.001220853,0.000814069,0.001300017,0.003162394,0.001584297,0.001516004,0.000521855,0,6.75E-06,0,0.000532876,0,0.004077339,0.00165457,0.005402947,1.47E-05,0.00018417,0.000420391,0.003087076,7.69E-05,0,0,9.07E-05,0,0,0,0,0.00270953,0,0.000737491,0,1.58E-05,0,0,9.62E-05,0,0,0,0,0,0.005478522,0,0,0.001891985,0.002005471,0.000493137,0.021750867,0.000173021,0.000980645,0,0.000565176,0.000420056,0.000812447,5.41E-05,0,0,0,0.004041496,0.000569388,0,0,0,7.46E-06,0.000468798,0.000360069,0,0.000626976,0.002853339,0,0,0.000438458,0,0.001315461,0.001748078,0,0.001816903,0.000325464,0,3.86E-05,0.000842847,0.000176576,0,0.000540477,0.040210287,0.001043403,0.000213793,0,0,0.001481108,0,0.00203365,9.42E-05,0,0.009493141,0,0.000693765,0,0,0,0,0.002073063,0,0,0.000773855,0,0,0.006795605,0.0039063,0.000181385,0.000773971,0,0,0.002564967,0,0.003545417,0,0.006895314,0.00632161,0,0.008768917,0,9.76E-05,0.000124829,0,0,0,0,0.000347145,0,0,0,0.002146699,0,0.000107409,0,0,0,0.032575806,0,0,0.001915429,0,0.000523097,0,0.001109904,0.000542226,0,0.000109578,0.000148472,0.000431433,0.001387779,5.50E-05,0.000498466,1.13E-05,0,0,0,0,0.002194598,0.030769074,0.000735352,0.004159252,0.000109044,0.000418394,0,0.000102557,0.002371818,0.000635709,0,0.001798958,0.001448717,0,0.148331352,0.000548649,0,0.005921284,0,0.000716346,0.00171274,0,0.00013321,0.000538158,0,0.024887374,0,0.00149212,0,0,0,0,0.000213917,0.002254475,0.00412353,0.003640328,0.000222995,0.022649214,5.79E-05,8.36E-05,0.001753699,0,0.000688454,0,0,0.000224076,0,0.004062569,0,0.003362788,0,0.00070459,0,6.03E-05,0,0.00114885,0.014438283,0,0.000886902,0.00322888,5.20E-05,0,6.97E-05,0,0.000300186,0,0.000608609,0.001016019,0,0.000134187,0,0,0,0.000662293,0.000146575,0,0.000666195,0.000103024,0,4.17E-05,0,0.001573545,0,0,0.000344963,0,0,0,0,0,0,0,0,0,0,0,0,0,0,0,0.000125382,0,0,0.036895589,0.010033863,0.004237199,0,1.31E-05,1.56E-05,0,0,0,0,0,0,0,0,0,0.003258526,0.051256092,0.012607619,0,0,0.003314642,0.00199796,0.001238451,6.99E-05,0.001276019,0.000168664,0,0.008888921,0,7.69E-05,0.00125342,0.002191913,0,0.002262797,0,0.004303118,0.004339428,0,0.009549856,0.002270081,2.12E-05,0,0.000289467,3.26E-05,0.00061352,0.007934038,0.000558052,CRC
ERR688649,0,0.000658702,0,0.00132511,0.00046182,0,0.001389938,0.008194549,0.002460234,0.000275877,0.000381837,6.45E-06,0.005580944,0.007101538,0,0.011898117,0,0.005402267,0.024817812,0,0,0,0.013268637,0.00638411,0,0.002324844,0.275037775,0.038637458,0.034867476,0.001420386,0,0.015078015,0.001549498,0,0.000706938,0.013813267,0.001198428,0.000957029,0,0.001389357,0.033294781,0.000790221,0.000558204,0.010961538,0.001657114,0.004798688,3.19E-05,0,6.20E-05,1.02E-05,0,0.000115964,0,0.002357934,0.001640411,4.84E-05,2.45E-05,0.000595611,0,0.049905677,2.68E-05,0.001494375,0.000478816,0.009951547,0.000736362,0.001496024,0.001790575,0,0.002602669,0.001448231,0.005335945,0.000432746,7.86E-05,0,0.044967991,0.00698326,0.000194336,0.000383686,0.002910425,0,0,0.000102143,2.49E-05,0.008629769,0,0,6.33E-05,0.000170846,0.001143838,0.000511011,0.000480118,0.009470541,0,0,0,0.000114643,0,0.001706751,0,0.000564002,0,0.000246364,0.000794866,5.04E-05,0,0.000355026,0,0.000247954,0.000908646,0,5.60E-05,6.97E-05,0.001016959,0.002535282,1.37E-05,0.000872415,0,0.000296734,0,0,0.00064581,9.43E-05,0.000857263,4.73E-05,0.000198315,0,0.002651678,0.001281259,0,0.001236325,0.005623244,0.008602969,0,0.000282335,0.007035541,0,8.65E-06,0.002166454,0.000672064,0,0.000178839,0,0,0.000295744,0.000168892,1.61E-05,0,0.000450983,0.002891471,0.003789366,0,0,0,0,0.001142417,0.000472308,0,0.00155317,0,0,0.006384829,0.000142811,0.000206096,0.014643844,0.023813837,0.005198498,0,0.002987545,7.84E-05,0,0,0,0.000146656,0,0.000359435,0.01526232,0,0.000493509,0,0.000274511,0,2.92E-05,0,0.000360437,0,7.87E-06,0,0,0,0.001074997,7.91E-05,0,0,2.78E-06,0,0,0.00117253,0,0.016198136,0,0,0.000191666,0,0,0,0,0,0,0.009665644,0.05193946,0,0.022870119,0.021212291,0,0.000171847,0,3.42E-05,4.21E-05,0,0,0.002922727,0,0,0,0.001833375,1.50E-05,0,0.001276798,0.000519938,0.005769793,0,0,0.000139851,0,0,0,0,0,0,0,0,0,0,0,0,0.002442648,0,0.000170715,0,0,0.000346886,0,0,0,0.000166716,0,0,0,2.69E-06,0,0,0.00320568,0.009284229,0,0.000156714,4.32E-05,0,0,0,0,0,0,0,0.016636574,0,0,0,0,0,0,0.009604743,0,0,0,0,0,0,0,0,0,8.12E-05,7.04E-05,0,0,0,0.000230601,0,0,0,0,0.000441009,0,0,0,0,0,0,0,0,0.002396838,0.00098317,8.52E-05,0,0,0,0,0,1.83E-05,0.003294926,0,0,0,0,0,0,0,0.000811468,0,0,0,0,0,0,0,0,0,0,0,0,0,0,0,0,0,0.000493972,0,0,0,0,0,0,9.42E-06,0,0,CRC
ERR688525,0.019111122,0.000879519,0.005116756,0.000543462,0,0.007914905,0.001819239,0.006562319,0.003096744,0.004151753,0.00353643,0,0.009504647,1.99E-05,0.003718578,0.002248638,0.010828042,0.07341684,0,0.000105041,0,0.001267724,0.001292354,0.00242073,0,0,0.024433074,0.000304553,0.001935733,0,0.001190293,0.00351927,0,0.000161834,0.000254609,0.036560861,0,0.004835951,0,0.00258944,0.004076066,0.0001905,0,0.003006347,0.000167763,0.005062815,0.000753208,0.001168163,0.000369911,0.000236423,0,0,0.00587851,0.001140729,0.000347541,7.13E-05,0,0,0.012810979,0.123072792,0.006810078,0.006169742,0.000231409,0.00823674,2.13E-05,0.000518333,0,0,0.001363784,0.000444703,0,0,0.000449855,0.00189849,0.0003838,0.001152881,0,2.68E-05,0.000786902,0.000149367,9.90E-05,0,0,0.000277094,0,0,0.007038895,0,0.001768206,0,0,0.000182865,0.001310988,0.001142167,0.0066919,0,0.000901284,0.002787223,0,5.80E-05,6.97E-05,9.13E-05,0,0.000566903,0.000142639,0,0,0,2.82E-05,0,0.000343359,0.000156127,0,0.0084113,0,0.000296988,0.000139628,0,0.000433091,0,0,0.002403924,0,3.96E-05,0,0,0.001144597,0,9.90E-05,0.050241038,0.000900213,0,0.000103473,0,0.00172305,0,0.000318212,0.001169428,0.000251209,0.039545117,0,2.47E-05,0,0,0,0,0.000516773,0,0,0.002323153,3.27E-05,0.022336391,0,0.001607319,0,0.007237523,0,0,0,0,0.005238351,0,0.001282306,0.007213962,0,0.000946091,0,0.000822506,0.000176765,0,0,0,0,0,0,3.78E-05,0,5.58E-06,0,0,0,0,0,0.031664614,0,0.017174233,0.000725115,0,0.001115075,0,0.00728123,0.00083253,0,0,0.00159884,9.82E-05,0.001055744,0.000434933,0.000476312,0.00026595,0,0.000257149,0.022837144,0.002204494,0.000710553,0.085666223,0.018593981,0.000952075,0,0.000277835,0.000186167,0.001109001,0.003594099,0.000443196,0.000286406,0.005521453,0.007289498,0,0.005338875,0.020792103,0,0.012491746,0,0.004773756,0.000160013,0.000256755,0.000110885,0.002507899,0.000139035,0.002205444,0,0.000420501,0,8.55E-06,0,0.014086581,0.000576852,0.001493501,0.005319081,0.000375566,0,0.003934974,0.004173187,0.000215249,0.002840618,0,0.000886298,0,0,0,0,5.40E-05,0,0.001271753,0,0,0,0.000540118,0.000739336,0.00112914,0.000635999,0.000618505,0.002536018,0,0.001317435,5.18E-05,0.000171662,0.000389195,0,0,0.000146199,3.80E-05,0,0.000323187,0,0,0,8.89E-05,0,0,0.002608608,0.000291703,0,0.000507455,0,0.001764704,0.00289836,0.000202418,0.000141725,0,0.000459901,0,0.000400528,0,0,0,0,0,0.000240473,1.73E-05,0,0,0,0,0,0,0,5.08E-05,0.006589698,0.000769089,0,0,3.00E-05,0,0,0,0.002229514,0,0,4.84E-05,0.008988946,0.000444524,0.002242749,0.015078249,0.001118397,0.001373088,0,0.000947815,0,0.00011153,0.003466764,0,0,0,0.000318746,0,0,0,0.018254495,0,0.001068955,3.95E-05,0.002987137,0,0,0,0.001166364,0.000486988,0.009978006,0,0.000220019,0.003021639,0.000457371,0.001824579,CRC
ERR688641,0,0.003225353,0,0.003057905,0.010538905,0,0,0.010155325,0.013537465,0,0.001808749,0.014366082,0.155132469,0.00088977,0,0.013687249,8.53E-05,0.003501188,0,0,0,0,0,0,0,0,0.025478421,0.00239255,0.008049966,0.00111126,0.00174571,0.014911912,0,0,6.87E-05,0,0,0.010925328,0,0,0.001158272,0.013291463,0,0,0.001477771,0.032300715,0,0,0.000134181,0.000193962,0,0,0.036639096,0.005894473,0.00056492,0.00020127,0,0,0,0.00113428,0.000170143,0.006824305,0.04171685,4.35E-05,0.003187172,0.00027462,0.02624985,0,0.003355551,0,0,0,0.053947543,0,0,0,0.003866697,0,0,0,0,1.44E-05,0.000890123,0,0,0,0.001025222,0,0,0,0,0.000160449,0,0,0.002363775,0,0,0.015527377,0,0,0,0.001256139,1.49E-05,0,0,0,0.001723969,0.000309394,0.00209155,0,0.000693191,0.00680062,0.007026388,0.011247964,0,0,0,0.001833282,0,0,1.07E-05,0,0.014022944,0,0,0,5.78E-05,0,0,0.001103763,0.004785355,0,0.000715463,0.006287305,3.04E-05,0.001084548,7.33E-06,9.76E-05,0,0.002196508,0,0.000524953,0,0,0.000210028,0.000945946,0,0,0,0,0,0,0,0,0.000223234,0,0,0,0,0,0.0040435,0,0,0.018098549,0,8.50E-06,0.003373923,0,0.001120529,0,0.066567758,0.004562343,0.000748344,0,0,0,0,0,7.05E-05,0,0,0.00171271,0,0.000148712,0,0.150126124,0,0,0,0,0.000112748,0,0,0.00210639,0,0,0,0.018199427,0.000288394,8.28E-05,0,0.000155662,0,0,0,0.000347307,0,0,0,0.003405503,0,0,0.032848624,0,0,0,4.33E-05,0,0,9.88E-05,0,0,2.52E-05,0,0.002138683,0,0,0.002787375,0,0,0,0,0,0,0,0,0,0.009865368,0,0,0,0,0,0,0.000763208,0,0,0,0,0,0,0,9.94E-06,0,0,0,0,0,0,0,0,0,0.000192647,0,0,0,0,0,0,0,0,0,0,0,0,0,0,0,0,0,0.01271035,0,0,0,0,0,0,0,0,0,0.000342016,0,0,0,0,0.000967758,0,0,0.000466921,0.000264801,0,0,0,0,0,0,0,0.000578089,0,0,0,3.59E-06,0.002997152,0,0,0.001344638,0,0,9.24E-06,3.61E-05,0,0.011595827,0,0,0,0,0.003248348,0,0,0,0,0,0,0,0,0,0,0,0.013222608,0,0,0,3.10E-05,0,0,0,0,0,0,0,0,0.001079405,0,0,CRC
ERR688634,0,0.00208587,0.001422278,0.000122008,0.004121488,0,0.009803552,0,0.002815984,9.93E-05,0.00373123,0.031500717,0.028998189,0.002358747,0,0.017694075,0.008733783,0.051771397,0.014534281,0,0,0.000323324,0.002842708,0.003629638,0,0,0.004438089,0.012263497,0.00524877,0,0.002315284,0.000474647,0,0.004819742,0.005414825,0.011774784,0,0.002292777,0.00016114,0.002530458,0.007209698,0.001924226,8.21E-05,9.36E-05,0.001409571,0.002340428,0.005468781,0,0.000738444,0.002627306,0.000175843,7.95E-05,0.000944425,9.37E-05,0.002355449,0.001419518,0.00125799,0.000160126,0,0.058180232,0.007273538,0.00489765,0,0.000536588,0.001399707,0.000431076,0.000717318,0.010665839,0.003791104,0.000109784,6.68E-05,0.000635027,0,0,0.003320039,0.00508406,0.001226453,0.000504417,0.000902991,0.000137341,4.96E-05,0.00017411,0.000138921,0.000869707,0,0,0.008407517,2.17E-05,0.008807377,2.75E-06,0,0.002548338,0,0.000455037,0.002736162,8.45E-05,0,0.000112892,0,0,0.002445835,0.000145399,0,0.018629073,0,0.000121513,0,0,0,0,0.000270822,0.00030365,0,0.001145975,0,0,0.0077603,2.68E-06,5.07E-05,0.009014083,0.000519386,0.002397182,0.000159459,0,0,0.000943935,0.003459956,0.003091699,0.000733072,0,0.006419567,0,0.000200768,0,0.00028751,0.001134736,0.000137423,0.002819283,7.31E-05,0,3.78E-05,0.00026212,0.001063077,0.000454842,0,0,0.00124587,2.80E-05,0,6.37E-05,0,0,0,0.002373694,1.01E-05,0.000987717,0.000515171,0,0,0,0.018251179,0,0.001294559,0.001379879,0,0.003552565,0.001382509,7.32E-05,0.000449614,0,0,0,0,0,0.000101284,0,0.00031254,0.000370547,7.27E-05,0,0,6.22E-06,0,0,0,0.001747591,0.001623037,0,0.00070849,0.000523791,9.59E-05,0.001225608,0,0.000358484,0,0.000723275,0.001440095,0.00142473,0.018410223,0.000256806,0.000148499,0,0,0.046663163,0.005712153,0.008276003,0.003500842,0.002261049,0.015716115,0.006513516,0,0.006773269,0.006106463,0.000194185,0.215474318,0,0.010999904,0.003874266,0.001419877,0,0,8.06E-05,0,0,0.000893232,0.001305776,0,0.001204764,9.91E-05,0.000451729,0,0.000648696,0.010090167,0.010846902,0.000224259,0.000881527,0.000180305,0.001471497,0.003564353,0.000283569,0,0,0.000683331,0,0.001384934,0.000528992,0.000366578,0,0.000432219,0,0,0,0.000841665,0.002634897,9.62E-05,0,0.000385771,0.000843619,0.000855348,0.000136281,0.000289984,9.56E-05,0.00472141,0,0.001786443,2.26E-05,0,0.000148869,0,0,0.000106961,9.57E-05,0,0.00312193,0.000207391,0.000315176,0.000420762,0,0,0,0.009244609,2.87E-05,0.000897864,0.000109217,0.000105137,0.001433225,0,0,0.00089556,0.000298187,0.033922993,0,0,5.64E-05,0,2.37E-06,0.001587109,0,0.000493575,0,0.000334767,0,0,0.001530329,0.000154952,1.46E-05,0,0.004251443,0.014005558,6.24E-05,0,0,0,0.008133367,0,0,0,0,0,0.003026588,0,0.002217086,3.03E-05,0.000335736,0,0,0,0,0,0,2.50E-05,0,0,4.65E-05,0,0,0.000126047,0.00025862,0,0.000716,2.51E-05,0,0.001703847,0,0,6.84E-06,0.002416159,1.57E-06,6.28E-06,0,9.75E-05,0.000151704,0.004057278,0,CRC
ERR688572,0,0,0.001238046,0,0.000298766,0.000198619,6.11E-05,0,0.0088264,0.000489402,0,0.004445268,0.035242439,0,0,0.003171885,0,0.08044956,0,0,0,0,0.000309629,0,0.000525461,4.32E-05,0.008540553,0.000523489,0.000177868,7.68E-05,0,0.003140493,0,0.00101436,0,0.000192142,0.002269624,0.01237855,0,0.00364385,0.002301328,0,0,0,0.000202338,0.024222627,0.00011336,0.000369449,9.83E-05,0.013126013,0,0,0,0,0.000290578,2.61E-05,0,0,0,0.207416524,0.016610011,0.010743579,0.000266266,0.000726839,0,0.001543302,0,0,0.008675467,0,0,0,0,0,0.004719003,0.000246979,0.000112984,0,0,0,0,0,0,0,0,0,0.099772144,0,0.030541285,0,0,0,0.005576853,0.000833473,0.000201772,0,0.002319177,0,0,4.40E-05,4.61E-05,0,0.000274439,0,0,0,0,0,5.63E-05,0,0.000451872,0,0,0.00856503,0,0,0,2.64E-05,0,0.00782915,0.000357707,0,0,0,5.96E-05,0,0.009705185,0,0.000758296,0.000320786,0.014130516,0,0,0,0,0,0.000526173,0.001977094,0,0.001099762,5.08E-05,0,0,0,0,0,0.001418182,0,0,0,0,0,0,0.004383371,0,0,0,0,0,0,0.038030743,0,0.001679348,0.003656142,0,1.46E-05,0,0.0003786,0.00040806,0.000135082,0,0,0,0.000301355,0,9.82E-05,0,0,0,0,0,0,0,0,0,0.005414494,0,0,0.008754524,0,0.026107021,0,0,0,0,0,0,0.00760061,0,0.002183555,0,0.011209307,0,0,0,0.000691681,0,0,0.001340046,0.004815655,0,0.000114859,0.032332379,0,0,0,0.009112071,0,0,0,0,0,0,0,0,0,0,0.00513974,0,0,0,0,0,0,0,0,0,1.63E-05,0,0,0,0,0.000229326,0,0.000922773,0,0.020251684,0,0.002129916,0.000116478,0,0,0,0,0,0,0,4.09E-05,0,0.000167691,0,0,0,0,0.001625228,0,0,0,0,0,0,0,0,0.000104533,0.000338988,0,0,0,0,0,0,0,0,0,0,0,0,0,0.000390317,0,0,0.000293251,0,0,0,0,0,0,0,0,0,0,0,1.84E-05,0,0,0.000524275,0,0,0,0,0,0,0,0,0,0,0,0,7.87E-05,0,0,0,0,0,0,0,0,0,0.000596357,0.013932577,0,0,0.135215784,0,0.000691193,0,0,1.98E-05,0,0,0,3.78E-05,0,0,0,0.009661695,0,0,0,0,0.002234732,0,0,CRC
ERR688515,0,0.000404251,0.034532672,0,0,0.018090595,0.000650009,0.00663547,0.003205575,0.088340031,0.003632409,0,0.006544479,0.001018193,0,0.039851315,0,0.027566961,0.004605984,0.009488953,0,0.01084297,0.000250415,0.005320381,0,0,0.0481633,0.001589069,0.000433055,0,0.001942474,0.0022344,0,0,0,0.001831746,0,0.003544503,0,0.001626974,0.004429657,0.000250242,0,0.004045446,0.00031897,0.00057312,0.001094152,0.005556248,0.000114169,4.11E-05,0,0.006882469,0.002241715,0.000520027,0.0001455,3.31E-05,0,0.00111646,0.009510915,0.005743578,0.003417755,0.010783821,0.001193033,0.001380808,0.000851489,0.000522172,0.000146778,0,0.000944778,0.004805057,0,0,0,0.003938098,0.000198961,0.005977334,0.000505688,0,0.000456694,0,0.000684035,0,9.12E-05,0,0,0,0.000677849,0,0.006457323,0.000127142,0.000103869,0,0,0.000429524,0.00508461,0,0.002348422,0,0.000882938,5.77E-05,0,2.27E-05,0,0.006711784,0.000125284,0,0,0,0,0.00138195,0.001285087,9.81E-05,0,0.004103683,0,0.000259972,0,0,0.001797462,4.33E-06,0,0.001223091,0.000284747,0,0,0.003809484,0.002122079,0,0.000279757,0.077508148,0.010264754,0,0,0,0.000430793,0.001594276,0.000624856,0.000552358,0.000785582,0.000453486,0,0,0,0,0,0,0.001538712,8.08E-05,0,0,0,0,0,0.058826772,0,0.01933868,0,1.59E-05,0,0,0.001228234,0,0.000142172,0.001863305,0,0.000311805,0,0.000501418,0,0,0,0,0,0,0,0,0.000683508,4.83E-05,0.000159965,9.61E-06,0.000473661,0,0,0.000710024,1.18E-05,0,0.003691697,0,0.000694631,0,0.000171678,0,0,0,0,0,0.000232307,0.008291807,0.000188472,0.000233706,0,7.01E-06,0.00638308,0.012290909,0.009417728,0.101217347,0.006390496,0.00010088,0,0.000955327,0.002309303,4.65E-05,0.00293178,0,0,0.007539399,0.021765089,0,0.002740397,0.000869438,0.003195043,0.002055854,8.91E-05,0.00799481,0.000435527,0,0.000861687,0.000406838,0.000415862,0.013121971,0.000476648,0.004388556,7.56E-05,0,0,0,2.54E-05,0.002414014,0,0.00686383,0,0.001736404,0,0.001007546,0.001111303,0,8.29E-05,0,0.000311628,0,0,0.003767274,0,0.003000801,0,0.000125567,0,0.000182661,0,0.000157555,0.006420019,9.34E-05,0.000154039,0.001086194,7.13E-05,0,0.000761979,0,0.000269035,0,0.000221176,0.00408193,0,0,0.001145937,0,0,0.001843357,0,0.003582202,0,0.002031669,0,0.000155476,0,0.000513502,0.001498621,0,0.001149907,0.004283772,0.000206311,0,0,0.009021523,0,0,0,0,3.09E-05,0,0,0,0,0,0,0,0,0,0.033240237,0.002116878,0,0,9.18E-06,0,0,0.000121142,0,0,0,0,0.002893866,0,0.003297935,0.015008475,0.001540639,0.002513595,0,0.000199967,0.000237335,6.25E-05,0.000324711,0,0.003175822,0.000787262,0.007444592,0,0,0,0,0.005696155,0.003700776,0,0.000134961,5.06E-05,0,0,0.005196588,0,0,0,0,0.008874014,0.002893295,0.000385049,CRC
ERR688547,0.004185029,0.000135421,0.003418499,0,0.000334457,0.000320413,0.000245716,0,0.008926003,0.004012452,0.001448897,0.001212204,0.040266087,0.00017542,0,0.011537313,0.000946067,0.012350044,0,1.54E-05,0,0.003381477,0.000155262,0.000747607,0,0,0.003955035,0.00119178,1.76E-05,0,0,0.003790621,0,0,0.010283425,0.00366185,0,0.001809236,0,0.014794504,0.00027113,0.000424378,0,4.38E-05,0.000145972,0.003643606,0.000430806,0.000718156,4.76E-05,0.006109594,0,0.001287249,0.001850776,0,0.000165135,0,0.000647545,7.50E-05,0.057156143,0.179922328,0.011239058,0.013403995,0,0,0.000184431,0.000262865,0,0,0.001736431,0,0,0,0,5.82E-05,0.001162274,0.000707791,0.000102158,5.75E-05,0.000343206,0,0,3.55E-05,0,0.0012314,0.000750301,0,0.01203601,0,0.006515205,0,0.008431396,0.002144862,0.01039112,0.001310962,0.001216558,0,0,0,0,4.66E-05,0,0,0,0.000238978,0,0,7.15E-06,0,7.54E-06,0,0.000938418,0,0,0.004889857,0,0,0,0,0,0.004168345,0.000416614,0.003821304,0,0,0,0.000140229,0.002527322,2.78E-05,0.000733157,0.114814319,0.003240603,0,0,0,0.000599662,3.10E-05,0.009445157,8.79E-05,0,0.000254866,2.99E-05,6.67E-05,0,0.003905489,0,0,0,0,0,0,0,0.000441321,0,7.57E-05,0,0.001786139,0,0,0.002628258,0.000458761,0.023214706,0.001099332,0,0.001760778,0,0.002852695,8.20E-05,0.001004453,0.000937643,0.000189895,0,0,0,0.000167916,0,0,0,0.000140118,0,0.003369394,0,0,0,0.003615893,0,0.00125448,0.005041407,0,0.001266646,0,0.000806593,0.00014684,0,0,0,0,0.005125405,0.000640125,0.001124879,0.000754282,0,0.015141096,0.054058068,0.003050621,0.003796772,0.000953225,0.01272674,0.00170767,0.001339694,0.002377905,0,0.003705814,0.057814912,0,0.005552681,0,0.002904855,0.001260544,0.018278204,0.001609111,0.000470762,0.002168127,0,0.000344415,0.00440246,0.00665413,0,0.003559523,8.53E-05,0.001236312,0,7.79E-05,0.000271849,0.012875257,0,0.000795647,0.000633303,0.002118173,0.001475608,0,8.45E-06,0.003647895,0.001253954,0,0.003663029,0.000225829,0.000512569,0,0.001147195,4.43E-05,0,0.000908304,0.000157455,0.001446774,0.003081027,0,0.004237491,1.18E-05,0.015369257,0.00612503,0.000169388,0,0.000348077,0.000407335,0.004514719,0.000157629,0.000399318,0.000137246,0.001930049,9.70E-05,0,0,0,0,0.00569211,2.62E-05,0.002485927,0,0.001234504,0,0.001174014,0,0,0,0,0.000674791,0,0,0.000392053,0,0,0,0,0,0,0,0,0,0.003649837,0.002006699,0,0,0,9.95E-06,0,0,0,0.0001519,0.008075307,0.004100014,0,0,0.000348537,0,0,0.001621565,0.000952942,0,0,0,0,0.000783395,0.002074808,9.56E-05,0,0.000300278,0,0.000558872,0.002575732,9.22E-05,0.000258994,0.000580541,0,0,0,0,0,0.000187471,0.005140762,0.000293438,0,0,4.26E-05,0,0.000336583,0,0.004091045,0,0,0.002005363,0,0.00017005,0.002648922,0.000168805,CRC
ERR688558,0,0.000119236,0.004191205,0.000917515,0,0,0.000199496,0,0.002814192,0.029882467,0.002484467,0.004960323,0.007086997,0.000901545,0.007123274,0.011929718,0.074665606,0.003928273,0.001614348,6.45E-05,0,0.010625926,0.00041575,0.001552129,0.000190394,0,0.025056061,0.003893267,0.000306473,0,0.006660644,0.006884659,0,0.000559035,0.002133002,0.002333471,0,0.000477068,0,0.009224797,0.006651326,0.00085931,0,0.000817538,0.000700297,0.000164336,0,0,0.000614888,0.010135812,0,0,0.000223916,0,1.47E-05,2.09E-05,0.02836579,0,0.076630039,0.153078569,0.012276091,0.003551945,0,0,0.000737495,0.001086714,0.0002797,0,0.000847057,3.25E-05,0,0,0,0,0.001272399,0.004910347,0.000275791,0.000607496,0,3.67E-05,0,0,0,0,0,0,0.002093236,0,0.000247292,0,0,0.000746682,0,0.000588835,2.46E-05,0,0,0,0.000679086,0.000155172,0.00010909,2.59E-05,0,0,0.000791491,0,0,0,0.000170132,0,0.003817998,0.000184216,0,0.006618679,0,0,0,0.000373036,0.000234306,0.006017603,0.00262699,0.0075578,3.30E-05,0,0,8.69E-05,5.24E-05,0,0.000559033,0.001220478,0.000423746,0,0.000411118,0,0.00744778,0.000283937,0.014200011,0.000316824,0,0.000466034,0,0.000389173,0,0,0.000216136,0,0.005326174,0,0,0,0,0.000457215,0.001360782,4.55E-05,6.19E-05,0,0,0,0,0,0.011467562,0,0.027994938,0.001005509,0,0.005033867,0,1.15E-05,0.002472894,0.001153338,0,0,0,0.002000347,0,0.000592784,0,0.000155133,0,0,0.000123806,0,0,0,0,0,0.0001563,0,0.00020503,0,0,0.002112548,0,0,0.013525762,0,0.000259007,3.05E-05,0.003548701,0.000216573,0,0,0,0,0,0,0.028722474,0.000457882,0.000610635,0.003333355,0,0.000195686,0.069041679,0,0.002022758,0,0.000562628,0,0.050951335,6.63E-05,0.001023072,0.003010411,0,0,0.001972722,0.000796805,0,0.003464328,4.87E-05,0.000494932,0,0.000183012,0,0.000824712,0,0.001055966,5.13E-05,0.00126932,0.000460754,0,0,0.000372231,0,0,0.004371356,0.000257706,0,0.000622959,0.001940838,0.000335769,0,0,0,0,0.000497177,0,0.005104164,0,0.002710517,0.002413716,0,0,2.83E-05,0.001124898,0,0,2.14E-05,0.000145709,0.001236016,0,0.000123739,4.82E-05,0,0,0,0.00075386,0.000291964,2.22E-05,0,0,0,6.07E-05,0,0,0,0,0,0,0.000117312,0,0,0,0,0,0,0,0,0,0.000127625,5.48E-05,0,0.000188796,0,0,0,0,0,0,0.004502104,0.006176206,0,0.00126787,0.000135843,0,0,0,0,0,0,0,0.006239215,0,0.005681509,0.000617805,0.001768083,0,0,0,0.002581571,0,0.00037358,0,0.000476193,0,0,0.000179715,0,0.004185028,0.068654042,0.017150324,0,9.82E-05,0,0,0.003566693,0,0.011880127,0,0,0.000463223,0,0.000923995,0.003612315,0,CRC
ERR710427,0.000725897,0,0.017528746,0.001089334,0,0,0.010765629,0.004123342,0.004108751,0.036207997,0.010801884,0.019384568,0.044777361,0.01042573,0,0.044842041,0.00131392,0.050496123,0,0.00227097,0,0,0.001675343,0.004841694,0,0,0.166333057,0.000114674,0.004817513,0,0.017434374,0.0355433,0,0.016874374,0.00049258,0.001944467,0,0.000202376,0,0.00073813,0.032459253,0.000427095,0,0.003016838,0.000208109,0.000151983,0.001622524,0,0,0.000292088,0,0,0.00337156,0.000831288,0,0,3.60E-05,0.000266244,0.002430227,0.000358069,0.000761748,0.000244836,0.001355844,0.003702838,0.000256702,0.000129175,0.000465689,0,0.000202454,0.00022206,0.000220184,0,0,0,0,0.013415522,0,0,0.004040058,9.72E-05,0.002110958,0,0,0.00822553,0,0,0.00132454,0,0.001516051,0,0,4.95E-05,0.002160422,5.29E-05,0.001067681,0,0.000980613,0,0,0.000139034,1.00E-05,0.000108847,0,0,0,0,0.000188637,0,0,0,1.25E-05,0.000127608,0,0.000426541,0,0.000339045,0.004426918,0,0.000598401,0,5.73E-05,0.000330841,0.00052232,0,0,0.000516101,5.11E-05,0,0,0,0.001581515,0.003528587,3.38E-05,0,0.001806517,0,0,0.000178453,0.005972109,0,0,1.78E-05,0,0,0,0,0.00022294,0.002339744,0.007052329,0.004229527,0,0.005006041,0,0,0,0.001097409,0,1.76E-05,0,0,0.000633231,0,0,7.83E-05,0,0.015511497,0.000304007,0.002107946,1.10E-05,0,0,0,0,0,0,0,0.000157122,0,0,0,0.001118867,0,0.00094273,0,0.011460755,0.00076801,0.000118524,0,0.000414846,0,0.000713195,0.002802161,0,0,0.001234477,0.000375398,0.004602271,2.80E-05,0.002647415,0.000178822,0,0.007961388,0.004766745,0.001604628,0.029937424,0,0.001095635,0.00362495,0.001110783,0.028592718,0.000163796,0.009637978,0.005688638,0.001312434,0,0,0.001227425,0,0.000389844,0.000485064,0.013126648,0.001498243,0.000401177,0,0.00042993,0,0.002336422,0.00059962,0.001939646,0.001408648,0,0.00185875,0,0,0,0.004229071,0.00032829,5.69E-05,0.015374026,4.82E-06,0,0.000155041,0,0.001156775,0.00011686,0,5.28E-05,0,0,0,0,0,0,0.002229318,0.014739328,0.00113148,0,0.000395278,0,6.34E-06,0.000876678,0.001418192,0.00288376,0.000364587,0.00025364,6.17E-06,0.000468761,6.98E-05,0,0,0.001835647,0.000427037,0,0.008617118,0.000534132,0,0,0,0.022042433,0.000870146,0.006098136,0.000682584,0,2.37E-05,0.001555413,0.000649322,0,0.0166179,0.000153839,0.00019753,0,0,0,0,0.000174903,0,0,0,0,0,0,0.003738854,0,0,0.00010832,0.005692452,0,0.049605662,0,0.001643272,0,0,2.94E-06,0,0,0.009199003,0,0,0,0,0,0,0,0,0,0,0,4.08E-05,0,0.000490298,1.52E-05,0,0,0,0,0,0.000245739,0,0,0.002730846,0,0,5.47E-05,0.000138824,0.005124265,0,0,0.000488663,0,0,0.004747803,0,0.000245206,0,CTR
ERR710428,0.000393399,0.000231909,0,0.004858887,0.000548246,0,0,0,0.004012346,0.000171124,0.00955796,0.005217201,0.024047012,0.005212457,0,0.028310637,0,0.053611071,0,0,0,0,0.003363842,0,0,0.000456397,0.05817762,0.000644532,0.006442536,0,0.007717799,0.000403127,0.000298403,0,0.049312615,0,0.00094427,0.001322525,0,0.000515179,0.017107233,0.004189116,0,0.001336273,0.003111121,0.001703582,0.000478258,0.004008774,0.000292215,0.000754966,0,0,0.005589879,0.000298623,0.000496384,0.000495909,0,0.000210309,0,0.024278266,0.001649158,0.000923872,0.000440756,0.009320273,0.001426898,0.000385345,0.00284912,0,0.001472127,0,0,0.000191736,0.000453653,0,0.020159115,0.002621832,0.002908085,0.003841819,0.000845802,0,0,2.20E-05,0.000432237,0.000586165,0.000398104,0,0.004962895,0,0.003528673,0.001507895,0,0.007203277,0,0,0.000832555,0.000958437,0,0.003664767,0,0.00084163,0.000155094,6.34E-05,1.69E-05,0,0,1.16E-05,4.55E-06,0,5.49E-05,0,0,0.000230512,5.46E-05,0.00283978,0,0.000183978,0,3.02E-06,0,0,0.00031429,0.001297985,0.000907904,0,0,0,0.001097376,0.003014028,0,0,0.002492521,0.000301562,0.000622519,9.18E-05,0.004815384,0.00065185,0.000118335,0.000666082,0.000618861,0,0.001394605,0.000819849,0,0.000232823,0.00026755,0.000126691,0.00069466,0,0.002249971,0,0,0,0,0,0.000644082,0,3.08E-05,0,0,0.000139456,0.000814301,0,0.027424273,0.00180038,0,0.015353476,0,0.000249014,0.000347492,0.001869829,0.000113896,4.05E-05,0,0.071185427,0,0.012733401,0.003943139,0,0.000462639,0,0,0.000200281,0,0.041690977,0,0.022857545,0,0.006747242,0.002014539,0,0.023265047,0.002597716,0,0,0.005322628,0.001340967,0.003884852,0,0.000177019,0,3.79E-05,0.061308392,0,0,0.000776325,0,0,0,0.006685226,0.00472766,0.003248052,0,0.030309972,0,0.060510253,0,0,0,0,0,0,0,0,0,8.78E-05,0,0,0.000473866,0,0.001460005,0,0,0,0.009177873,0.001567383,0.00080339,0.000882568,0,0,0,0,0,0.000162991,0,0.000564023,0.001300041,0,0.00150642,0,3.60E-05,0,0,0,0,0.00020199,0,0.001088048,0,0,0.000294164,0,0.001592199,0,0,0,0,0,0.000726797,0,0,0.000845182,0,0,0,0.000254474,0,0,0,0,0.002272491,0.00099834,0,0,0,0,0,0,0.000701716,0,0,0.029013555,0,0,0,0.000171988,3.40E-05,0,0,0,0.06231039,0,0,0.009008298,0,0,0,0,0,0,0,0.002631804,0.000146169,8.93E-05,0.000348162,0,0,0,0.001126966,0,0,0.000980581,0.000871548,0,0,0,0,0.002053817,0,0,0,0.000115323,0,0.001732984,0,0,0.003129971,0,0,0,0,0,0,0.009459537,0,0,0.000619725,0.000642574,0,0.001599316,0,0,0.001002209,0,0,CTR
ERR478962,0,0,0,0.00017901,0,0,0,0.007290582,0.007351957,0.00177586,0.001744859,0.000906444,0.000900163,0.000551164,0,0.012355901,0,0.010896537,0.007503056,0,0,0,0.022208274,0,0,0,0.051133987,0.026215326,0.00540675,0,0.003209973,0.00887045,0,0.006251029,0.000134141,0.005519552,0,9.13E-06,0,0,0.008326077,0,0,0,3.09E-05,0.002269516,0.012810761,0,0,0,0.000264849,0,0.013702856,0.00142449,2.17E-05,0,0,0,0,0,0,0.001746115,0.003449367,0.006101687,0,0,0,0,0.000522388,0.000569164,0,0,0.000149094,0,0,0,0,0,0.000313173,0,0.00281436,0,0,0,0,0,0,0,0.005584308,0,0,0,0,0,0.000319196,0,0,0.001072695,0,0,0,0,0,0,0,0,0,0.001823232,0,0,0,0,0,0.001717487,0,0,0,0,0.000533245,0,0,0.000358389,0,0,0,0,0.002049288,0.000577969,0,0.477040689,0.000957817,0.000592583,0,0,0,0,0,0.000636045,0.001223294,0.014650089,0,0,0,0,0,5.78E-05,0,0,0.000263716,0.000504625,0,0,0,0.001684543,0,0.005610562,0,0,0,0,0.010008626,0,0.007952136,0.000918137,0,0.001648151,0.00012929,0,0,0,0,0,0,0,0,0.000127321,0.000425566,0,0,0,0,0,0,0,0,0.000604627,0,0,0,0,0,0,0,0,0,0.001039699,0.000317413,0.005441079,0.006805373,0,0,0,0.006014868,0,0,0.000344804,0.009184856,0,0.033696553,0.016614154,0,0.009306607,0.000640427,0,0,0.006910638,0.000356067,0.001988869,0,0,0,0,0,0,0,0,0,0.00037621,0,0,0,0,0.032562279,0.000839064,0,0.001405283,0.000303636,0.000918158,0.012462708,0,0,0,0,0,0.001190827,0,0,0,0,0.000507526,0,0,0,0,0,0,0,0,0,0,0,0,0.001092466,0,0,0,0,0,0,0,0,1.22E-05,0,0,0,0,0,0,0,0,0.005250719,0,0,0.000514651,0.001247343,0,0,0,0,0,0,0,0,0,0.000177297,0,0,0,0,0,0,0,0,0,0,0,0,0.065323274,0,0,0,0,0,0,0,0,0,0.000745412,0,0,0,0.002191079,0,0,0,0,0,0,0,0.000208131,0,0,0,0,0,0,0,0,0,0,0,0,0,0,0,0,0,0,0,0,8.27E-06,0,0,0,CTR
ERR479004,0,0,0.001370711,0,0,0,0.000364672,0.000260464,0.005858919,0.000254244,0.001363449,0,0.053571286,0.001581495,0,0.01466902,0.003620982,0.013806197,0.006211606,0,0,0,0.001578828,0.000172204,0,0,0.069624936,0.01454513,0.004090844,0,0.000718962,0.003572454,0,0,0.000388623,0.112353938,0,0.000134925,0,0.000386265,0.004092372,0,0,0.000161498,0,0.000435386,0.00030796,0.00381847,0,0.000414461,2.40E-05,0,0.00196553,0.000755124,0.000435796,0.000372459,0,0,0,0.001683451,0.000272105,0.000202182,0.000993721,0.004151422,0,7.63E-05,0,0.005571206,0.0006818,0,0.004438636,0.000100683,0,0,0.05429283,0.009280724,0,0,0.002546035,0,0.002226281,0,0,0.002926054,0,0,0.001778748,0,0.001746812,0,0,0.006674378,0,0.000964019,0.000350241,0,0,8.80E-05,0,0,0,0,0,0.000872986,0,0,0,0,0,0,0,0,0,0.00354794,0,0.000520347,0,0,0,0.001899154,0,0,0,0,0,0,0.000158903,0.000178087,7.47E-05,0,0.000770287,0.002333067,0,0,1.72E-05,0,0,0,0.001196751,0,0,0,5.54E-05,0,0,0,0,0.000314351,2.44E-05,0.003627241,0,0.023356049,0.322045355,0.000130929,0,0.010313873,0,0.001228992,0,0,0.000800326,0,0,0.0004617,0,0,0,0.000209304,0,0,0,0,0,0,0,0,0,0,9.38E-05,0,4.69E-05,0,0.000405595,0,0,0,0,0,0,0.000305702,0.000124195,0.000224639,0,0,0,0.000271064,0.000299722,9.92E-05,0.001881096,0.000139191,0,0,0,0,0.005894547,0,0.033004597,0,0.001964845,0.024378827,0,0.000937456,0.006810277,0,0,0.001631215,0.000137066,0.055528557,0,0.000193958,0,0,0.003457414,0,0,0,0,0.000199244,0.001344761,0,0,1.92E-05,0,0.015904605,0.025113981,3.02E-05,0,2.37E-05,0,0,0,0,0,0,0.001144858,0,6.29E-05,2.34E-05,0,0.000143318,0,0,0,0,0,0.000229771,0,5.00E-05,0,3.36E-05,0,0.002302295,0.000368189,0,0,1.56E-05,7.09E-05,0,0,0,0,0,0,0.000112468,0,0,0,0,0,0,0,0,0,0,0.000288377,0.001889068,0,0,0,6.67E-06,0.002037296,0,0,0,0,0,0,0,0,0,0,0,0,0,0,0.000684247,0,0,0,0,0,0,0,0,0.000727788,0.001169231,0,0,0,0.006665003,0,0,0,0,0,0,0,0,0,0.000292569,0.000230187,0,0.000195215,0,0,0,0.000146937,0,0.001245294,0.000223507,0,0,0,0,0,3.31E-05,0,0.000134997,0,0,0,0.000541488,0,0,CTR
ERR479022,0,0,0.00751813,0.000748355,0,0.001719238,0.001863022,0,0.000851366,0.0009513,0.008597709,0.017795598,0.020407889,0.002224976,0,0.033184155,0.001368708,0.014663664,0.010996533,8.33E-05,0.000604821,0,0.001772162,0.002463006,0,0,0.054317971,0.003882336,0.015641935,0,0,0.017282692,0,0,0.004900764,0.005334335,0,4.84E-05,0,0.001129703,0.015154215,0.001381139,0,0.001275437,0,0.00049893,0,0,0,0,0,0.000951105,0.00417103,0.000142863,0.000611439,0.0001573,0,0,0,0.001002632,0.000412286,0.000308688,0.000321507,0.002475203,0.001313928,0,0.000372938,0.005123518,6.32E-05,0,0,0,0,0,0.00444648,0.000151965,0,0.000199304,0.00135242,0,0.000673823,0,0.000132329,0.001197498,0,0,0,0,0.001573827,0,0,0,0,0,0.000191468,0,0,0,0.000305026,0,0,0,0,0,0,0,0,0,0,0,0,0,0,0.000553795,0,0.000893253,0,0,0,0,0,0,0.000219085,0,0,0,0.000419725,0,9.48E-05,0,0.001010654,0,0,0,0.000307477,0.000106382,0,0.000711791,0,0.014015002,0,0,0,0,0.000115195,0,0,0.00250421,0.000327245,0.001483558,0,0.002378342,0.490058515,0.000363362,0,8.11E-05,0,0,0,0,0.003543571,0,0.00478501,0.000216016,0.001322377,0.006961233,0,0,0,0,0,0,0,0.003748953,1.05E-05,0.000175108,0.003088369,0,0.000744824,0,0,0,0.000542424,0,0.001430508,2.05E-05,0.000492155,0,0.000551728,0,0.000211268,0.000353957,9.29E-05,0,0.000292489,0.000198095,0.001249689,0.000626241,0.00158261,0,0,0,0,0,0.000178804,0,0,0.002101074,0.005676173,0.00041199,0,0.000239261,0.000909929,0,0.014773244,0,0.009100896,0,0,0,0.003111604,0.000220272,0,0,0.000934993,0,0,0.000218943,0,2.63E-05,0,0,0.079250883,0,0,0.001912491,0,0.002083198,0,0,0.000623926,0,0,0,0.000238402,0,0,0.00013927,0,0,0,0,0,0,0,0.000597745,0,0,0.00034053,0,7.12E-05,0.000382631,0.00202558,0,0,0.001516419,0,0,0,0,0,0,0,0.008552951,0.000326396,0,0.000587191,0,0,0.000219133,0,0,0,0.006698692,9.70E-05,0,0,0,3.94E-05,0.000173591,0.00130062,0,0,0.004059685,0,0,0,0,5.68E-05,0,0,0,0,0,0,0,0.007684382,0,0.000530427,9.86E-05,0,0,0,0,0,0.013269331,0,0.000203595,0,0,0,0.001393931,7.57E-05,0,0,0,0,0,0,0.000224162,0,0,0.000605125,0,0,0,0,0,0,0,0,0,5.61E-05,0,0,0,0,0,0,0.001920021,0,0,0.000183904,0,CTR
ERR479039,0,0.007413511,0,0,0.087431822,0,0,0,0,0,0,0,0.004132273,0,0,2.90E-05,0,0,0,0,0,0,0,0,0,0.006619534,4.19E-05,0,0,0.012381931,0,0,0,0,0,0,0,0,0,0,0,0.038406261,0,0,0,0,0,0,0,0,0,0,0,0,0,0.001966383,0,0,0,0,0,0,0,0,0,0,0.091008563,0,0,0,0.001299377,0,0.167960599,0,0,0,0,0,0,0,0,0.00235108,0,0,0,0,0,0,0,0,0,0,0,0,0,0,0,0,0,0,0,0,0.000204864,0,0,0.013024669,0,0,0.000169574,0,0,0,0,0,0.000355591,0,0,0.025595225,0,0,0,0,0,0,0,0,0,0.049582664,0,0,0,0.005300416,0.080227076,0.000292907,0,0,0,0,0,0,0,0,0.000423898,0,0.001949795,0,0,0,0,0,0,0,0.000161023,0,0,0,0,0.000702585,0,0,0.013379211,0,0,0,0,0,0,0,0,0,0.038512614,0,0.009438863,0,6.50E-05,0,0,0,0,0,0,0,0,0,0,0,0,0,0,0,0,0,0,0,0,0,0,0,0,0,0,0.000149539,0,0,0,0,0,0,0,0,0,0,0,0,0,0,0,0,0,0,0,0,0,0,0,4.75E-06,0,0,0,0,0,0,0,0,0,0,0,0,0,0,0,0,0,0,0,0,0,0,0,0,0,0,0.003451758,0,0,0,0,0,0.001966234,0,0,0,0,0,0.001235648,0.000442792,0,0,0,0,0,0,0,0,0.00143779,0,0.000480569,0,0,0,0,0,0.002503568,0,0,0,0,0,0,0,0,0,0,0,0,0,0,0,0.000365232,0,0,0,0.326872181,0,0,0,0,0,0,0,0,0,0,0,0,0,0,0,0,0,0,0,0,0,0,0,0,0,0,0,0,0,0,0,0,0,0,0,0,0,0,0,0,0,0,0,0,0,0,0,0.000661807,0,0,0,CRC
ERR479043,0.006654275,0,0.017901174,0,0,0,0.004983341,0,0.000201613,0,0.000111176,4.41E-06,0.000201543,0,0,0.072959467,0,0.062110981,0.022329363,0,0,0.000447121,0.000501442,0,0.011673104,0.006177994,0.073626526,0.000159191,0.005977688,0,0.010255129,0.000101521,0,0,0.004608626,0.010030161,0.004151938,0.004340057,0,0.009941284,0.025073587,5.06E-05,0,0.019668376,0.001859549,0.002895677,0,0,0.000368547,0.008033199,0.000284354,0,0.003663233,9.56E-05,0.000283414,0,0,0.000339009,0.000796854,0.000397759,0.003089064,0.000131223,0,0.001252434,0.000687186,5.68E-05,0,0,0.000549897,0.000471254,0,0,0.000270457,0.000160962,0,0.001020612,0.001525429,0,0,0,0,0,0,0.002875008,0,0,0.063596063,0,0.002077913,0,0,0.002557033,0,0.0001399,0.001590614,0,0.00202024,0,0,0.000317377,0,6.64E-06,0,0,0,0,0.000631385,0,0.000551844,0,0.000693933,0.000120836,0.000202939,0.001307732,0,0.000276026,0,0,0,9.22E-05,0.000746456,0.000560914,0,0,0,0,0.000274619,0,0,0.045572357,0.002951944,0.000330304,0.000374986,0,0.023420772,0.000114547,0,0.000689565,0,0.000537964,0,0,0,0,4.77E-06,7.86E-06,0,0,0.010186763,0.00055705,0,0,0.041670618,0,0.000458696,0.000149391,0,0,0,0.000488135,0.009390706,0,0.050084015,0.005539608,0,2.28E-05,0,0.000259901,0.001875144,0.003721782,0,0.000211567,1.07E-05,0,0,0.000470682,0,0,0,0,0,0.000480212,0,0,0,0.061189714,0,0.016678463,0.000162724,0,0.006147444,0.001703312,0.002456298,0,0,0,0.005313187,0.005392864,6.18E-05,0.000164183,0,0,0.000661139,0,0,0.000185479,0.000352172,0,0,0.000988345,0,0,0.005997312,0,0,0,0.020990974,0,0.000530446,0,0,0.000105443,0,0.00193259,0,0,0,0.000860004,0.000365014,0.000189085,0,0,0,0,0,0.002134818,0.001043667,0.002172266,0,0,0.001835385,0,0.000119176,0,0.002267026,0,0,0,0,0,0,0,0,3.53E-05,0,0,0,0,0,5.70E-05,0,1.24E-05,1.24E-05,0.000893532,0.000155837,0,0,0,0,0,0,0,0,0.000835853,0,0,0,0,0,0,0.000140972,0,0,0,0,0,0,0,0,0,0,0,0,0,0,7.49E-05,0,0,0.003196534,1.42E-05,0.000114378,0,0,0,0.000407005,0,0,0.106893693,0,0,0,0,0,0.000285525,0.000996502,0,0,0,0.003197821,0.000207774,0,0,0,0.000454803,0,0,0,0,0,0,0,0,0,0,0,0,0,3.39E-05,0.050841787,6.27E-05,0,0,0,0,0,0,0,0,0,0.000111957,7.91E-05,0.000256678,0,0,CTR
ERR479045,0.000919884,0.016886395,0.033442798,0.010982747,0,0,0.00762659,0.00537412,0.002866726,0,0.015008012,0.001970119,0.019050749,0.0010627,0.053708746,0.011784967,0.03087271,0.006332619,0.007293175,0,0,0,0,0.014401113,0,0,0.074306259,0.001636334,0.008260997,0,3.35E-05,0.002053183,6.40E-05,0.000140787,0.043459112,0.00212636,0,0.004064811,0,0.000170054,0.003857065,0.000368248,0,0.001923546,0,0.002919797,0.002653625,0.000301201,3.69E-05,0.002700261,0,0,0.013660553,0,0.117340237,0.017160838,0,0,0,0.006561743,0.010469004,0.002050808,0.011594009,0.002646232,1.91E-05,0.001355762,0,0.002969412,0.001336566,0.00073156,0,0,0.000886478,0,0,0,0,0,0.003228673,0.000239385,0.000482808,0.000332258,0,0.00071021,0,0,0.001519123,0,0.000289229,0,0,0.011302009,0.005068252,0.000251817,0.000364831,0,0.00436521,0.000106953,0.004678486,0,0.00066289,0,0,0.006099567,0.000375213,0,0,0,0,0.001691901,0.002038441,0,0,0.000854955,0,2.64E-05,0,0,0,0,0,0.008692575,0.005770347,0,0,0.000615088,0.000246598,0,0,0.053182632,0.001837437,0.000332522,0,0,0.026850329,0,0.000463226,0.00051966,0,0.006852707,0.001515332,0,0.00020176,0.003975914,0,0.000548637,0.001008856,8.81E-05,0,0.000594636,0,0,0,6.92E-06,0,0,0.003818261,0,0,0,0.001498215,0,0.001569711,0.000946893,0,0.000217653,0,0,0,0,0,0,0,0,0,0.000142482,0.000202608,0,0,0,0.002650291,0.000492138,0,0,0,0,0.000778602,0.001437692,8.32E-05,0,0.00181004,0.000178239,0,0,0,0,0,0.003199022,0.007757278,0.000165943,0,0,6.75E-06,0.008779186,0,4.95E-05,0,0.004578292,0.001556563,0.016600327,0.001339173,0.000131855,0.002962442,0.003586166,0.000224102,0.000363321,0,0.002766933,0,0.016852238,0,0,0,0,0,0,0,0.005244744,3.82E-05,0,0,0.000359448,0.003503533,0.000219388,8.69E-05,0.002059845,0,0.003351759,0,0,0,0,0.000213861,0,0.000190063,0,0,0.001252943,0.000376974,0,0,0,0,0,0,0,0,2.98E-05,0,0.001045547,0,0,0,0,0,0,0.000254643,0,0,0,0.000226625,0,0.003649396,0,0,0,0,0,0,0.000553265,0,0.000571643,0.001156872,0,0,0.000664405,0,0,0.000360751,0,0.001171384,0,0.033811921,0.003033105,0,0,0,0,0,0,0.010632026,0,0.020399066,0,0,0.00034471,0,0,0,0,0,0,0,0,0,0,0,0,0,0.000286706,0,0.001256771,0.004041927,0,0,0,0,0,0.00210213,0.000359315,6.98E-05,0,2.77E-06,0.007944528,0,0,0,0,0,0.060917583,0,0,0,0.00029447,0,0,0.000903216,0,0,0,0,0.002838283,0,0,CTR
ERR479053,0,0.002562673,0,0,0.001420621,0,0.00071786,0,0.003655225,0.000657887,0.014612894,0.006025458,0.000327129,0.000366442,0,0.035433121,0.009388364,0.011766613,0,0,0,0.014902359,0.001066555,0,0,0.002629463,0.014306536,0,0.002004854,0,0.000309826,0.00165771,0,0,0,4.79E-05,0,0.001454666,0.015329155,0,0.019931752,0.000414998,0.000983833,0.006319782,0.000922907,0.008455533,0,0.0034035,7.25E-05,0.002982495,0,0,0,0.000162084,0.033761793,0.031039823,0.000713391,0,0,0.032807796,0.001543345,0.000340326,0,0,0.002962664,0.000750432,0.002968656,0,0.001095314,0,0,0.001291103,0,0,0.112135754,0,0.000855139,0.000199512,0,0,0,1.56E-05,0.000402798,0.001678599,0.001326195,0.000255285,0.003304156,0.003574071,0,0,0,0.010337624,0,0,0,0.000706852,0.000278466,0,0,0,9.90E-05,0,0,0,0,0,0.001380855,0,0,0,0.000429118,0.00014254,0,0.003067575,0,0.000250527,0.000358001,0,0,0,0.000160101,0,0,0,7.43E-05,0.013098972,0.001096084,0.000900181,0,0,0.003389547,0.000590844,0.000103759,0,0.004419537,0.000322763,0,0.000921689,0,0.008175317,0.003243677,0.002562673,0,0.001349743,0,0,0,0,0,0,0,0,0.002616126,0,0,0,0,0,0,0.001321045,0,0.000135884,0.0030094,0.00565904,0,0.003297669,0.000470137,0,0,0.008518534,0,0,0,0.00332311,0,0,0.000127072,0,0,0,0,0,0,0.000771969,0,0.002040318,0,0.00118191,0,0,0,0.000276925,0.003855061,0,0,0,0.004149748,0,0.013270727,0,0.000155372,0,0,0.217059684,0,0.155806902,0.000127794,0,0,0.035547587,0,0.016542342,0.006151117,0.000334243,0.007440981,0.001512888,0,0,0,0,0,0,0,0,0,0.000196431,0,0,0,0,0,0,0.001342419,0,0,0,0,0,0,0,0,0,0.000635244,0,0.001802593,0.000204371,0,0,0,0,0,0,0,0,0,0,0,0,0,0.00141109,0,0,0,0,0.001696615,0,0.001344763,0.002612444,0,0,0,0,0,0,0,0.005909103,0,0,0,0,0,0,0,0,0,0,0,0,0,0,0,0,0,0,0,0,0,0,0.001515039,0,0,0,0,0,0,0,0,0,0,0,0,0,0,0,0,0.000720145,0,0,0,0.006448973,0,0,0,0,0,0,0,0,7.81E-05,0,0,0,0,0,0,0,0.000785753,0,0,0,0,0.000398175,0,0,0,0,0,0,0.001825372,0,9.30E-06,0,0,0,CRC
ERR479059,0,0,0.004745598,0.002223624,0,0,0.004426223,0,0.005464852,0,0.006199724,0,0.010943914,0.002923772,0,0.02088378,0,0.02371236,0,0.001006879,0,0.024917783,0.003379036,0.000964827,0,0,0.01791094,0.000282539,0.000134874,0,0.00025327,0.002424434,0.001715195,0,0.000349192,0.002119176,0,0.000611666,0,0.006055837,0,0.000767135,0,8.10E-06,0.000225784,0.007685055,0.003937611,0.001495238,0,0.14170848,0.001615028,9.45E-05,0.00169701,0.000333203,0,0,0.001260553,0,0.009472292,0.065466988,0.018476575,0.000354405,0.000544225,0.000344406,0.000635895,0.001973915,0,0,0.00036666,0,0,0.000334687,0,0.013309573,0.001112018,4.81E-06,0,0,7.52E-05,0.000441485,0.000234807,0,0,0.001757104,0.000375269,0,0.107882806,0,0.001512788,0,0,0,0,0.000183945,0.0009066,0,0,0.003296821,0,0,0,0,0,8.81E-05,0.000831114,0,0,0,0,0,0.001914645,0,0,0.016955585,0,0.00058234,0,0,0.003535302,0.001023157,0,0.001528627,0,0,0,0.003076896,8.34E-05,0,8.66E-05,0,0.00340098,9.91E-05,0,0,0.004958267,0,0.003189856,0.002111942,0,0,0,5.91E-05,0,0,0,0,0,1.57E-05,0,0.000354129,0,0,0.010270945,0.003744185,0,0,0,0,0,0.001678731,0.000853294,0,0,0.000547232,0,0,0,0,0.000341338,0.001229139,0,0,0,0,0,0.010781813,0.001516372,0.000122382,0.000514773,0,0,0,0,0.034252239,0,0.000353321,0.001664873,0.005353582,0.000111238,0.000302777,0.004422536,0.011639793,0,0,0,0.000236869,0.000859154,1.72E-05,0.000201886,0,0,0.001307764,0.015013632,0,0.021266378,0,0.024810512,0,4.29E-05,0.001032642,0,0,0.027095304,0.000237916,0,0,0.003559965,0.00212937,0.024947396,0.003340431,0.003894292,0.005694054,8.38E-05,0,0.000564399,0.001249457,0,0.001842805,0.000192408,0.010676621,0,0.000607065,0.005625542,0,0,0,0,0.001726625,0.000196373,0.000214676,0,0,0,4.76E-05,0.005936408,0.000363014,0,0,7.99E-05,0,0,0.002574992,0,0.000244757,0.004215408,0,0,0.000659454,0.000351983,0,0.00072285,0,0,0.002405344,0,0.000266827,0.000125305,0,0,0,0,4.83E-05,0,0,0,0,0,0,0,0.0004454,0,0,0,0,0,0,0,0,7.74E-05,0,0,0,0,0,0,0,0.000778753,0.014171346,0.00040207,0,0,0.004311539,0,3.35E-05,0,0,0,0,0.002317291,0.003558427,0.002298225,0,0,0,0,0.001829102,0,0,0,4.27E-05,0.000601791,0,0.001295723,0.034374293,0.000451708,0,0,0.002694748,0,0.000842054,0.000971852,0,0,0,0.001783624,0,0.000450666,0.028924102,0,0,0.004934558,6.76E-05,0.000902629,0,0.001836059,0.038419405,0,0,0,0,0,0.000758117,0.000152948,4.86E-05,CTR
ERR479065,0,0,0.001096442,0,0,0,0.011609701,0.001251869,0.002157548,0.044264542,0.003432007,0.003347782,0.010932518,0.00185229,0.00331474,0.005087349,0.015239535,0.090115901,0.020447856,0,0,0.078800173,0.002556709,0.009054256,0,0,0.03529833,0.002749608,0,0,0.000841435,0.000823098,0.000343607,0,0.002587838,0.027457809,0,0.001989994,0,0.007201771,0.001256826,7.73E-05,0,2.11E-05,0,0.008874489,0.001836164,0.009188679,0,0.00376334,0.001951351,0.042916059,0.002958082,0.000164593,0.000114251,0,0.002465499,7.13E-05,0,0.000157832,0.00960399,0.004417068,0.000511791,4.98E-05,0.003028699,0.000288105,0,0,0.00049201,0,0,0.001036582,0,0.005697335,0,0.001344602,0,0.00076727,0.00138494,1.04E-05,0.000110679,0,0,0.001339402,0.001049087,0,0.001052958,0,0.000398022,0,0.001687018,0.003471512,0.000730825,0.00110647,0.000942526,0,0.001014124,0.001784307,0.004644156,0,0,0,0,0.01760938,0,0,0,0,0,0,9.10E-05,0,0,0.001198425,0.00054464,0.001244117,0,0,0.000121254,0,0,0.007863592,0,0,0,0.022855183,0.003533965,0,0,0.027916314,0.0046409,0,5.69E-05,0,0,0,0.003807074,0.002164881,0,0.003063526,0,0.000322349,0,0.000131144,0,0,0.000486711,0,0.000425631,0.000258096,9.22E-05,0,0,0.005115458,0,0.023751368,0,0,0,0,0.012100725,0,0,0.001480543,0,0.001006776,0,0.001425067,4.40E-05,0,0,0,0,0.00084949,0.001906746,0.000723409,0.000149706,6.21E-05,0.00032356,0,0.000165082,0,0.00015095,0,0,0.015799535,0.012792393,0,0.00192682,0,0.002468645,0.001159941,0.001581223,0,0.000387946,0,0.000101077,0.000567931,0.000116076,0.000131882,0.000349439,0,0,0,0,0,0.003108847,0.000449808,6.83E-05,0.005536061,0,0,0.007611762,0.000243694,0,0,0.019961014,0,0.031387028,0.038122593,0,5.64E-05,0,0,0.000116792,0,0,0.001983915,0.000614237,0.003563999,0,0.000636498,0,0,0.000491129,0.001517891,0.000364053,0.004722112,0.002667851,0.002278074,0.000651861,0,0.002490607,0,0.001706807,0,0,0,0,0.000312053,0.000530556,0,0,0.006922027,0,0,0,0.000597796,0,0.00493572,0.011988807,9.48E-05,0.001507823,0.00220131,0.000264395,6.38E-05,0.000269339,0,0.000661603,0,0.001311238,0,0,0.000363513,0,0.000300455,0,2.41E-05,0,0.000216043,5.80E-05,0,0,0,0,0.001378066,0,0,0.000665776,0,0,0,0,0,0,0,0,0,0,0,0,0,0,0,0,0,0,0.037035207,0.000786147,0.004780433,0,0,0,0,0,0,0,0,0,0,0.003091188,0.003402364,0.002820083,0,0.001596679,0.01273073,0,0.000431871,0,9.20E-05,4.95E-05,0,0,0.000636738,0,0,0.00029254,0.012482102,0,0.00068139,0.001999663,0.005150053,0.000197651,0,0.002393721,0,0,0,0,0.004924808,0,0.000333891,0.040588439,0.004848268,CRC
ERR479071,0,0,0.004562999,0,4.11E-05,0,0.001422828,0,0.000354817,0.020648256,0.004172344,0,0.001306875,0.00155322,0,0.053913587,0,0.16369013,0,0,0,0,0.023913297,0,0,4.65E-06,0.030693761,5.61E-05,0.001409985,0.000176674,0.010025839,0.01432807,0,0,0.018839932,0.003877695,0.001188732,0.008717649,0,0,0.0113718,0.002194813,0.000334849,0.003830879,0.000649544,0.038016737,0.002113408,0,0.001247401,0.007609147,0,0,0.004939138,0.003255935,0,0,0,0,0,0,0,0.003646631,0.002923585,0,0.001503667,0.001606602,7.78E-05,0,0.005814129,0,0,8.80E-05,0.000536844,0,0,0.001533107,0.002462146,0.001496861,0.001626308,0.000443328,0,0,0,0,0.000931976,0,0.081374266,0.001307728,0.01215171,0.00025744,0,0.006727017,0,0.001131592,0.001083422,0.000788167,0,0,0,0,0.003019682,0.000186174,0,0,0,0.000271239,0,0,0,0,0.000191677,0.005185435,0,0.013506401,0,0,0,0,0.000579047,0,0.00070566,0.004571005,0.001267043,0,0,0,0.020076088,0,0,0,0.001879619,0,0,0,0,0,0,0.003702232,0,0,0,0,0,0,0,7.77E-05,0,0,0.002616725,0,0,0,0,0.012222116,7.48E-05,0.020773086,0,0,0,0,0.077826134,0,0,0.004691978,0,0.017748607,0.00012661,0,0.000589448,0.000532884,0,0,0,0,0,0,0,0.000536506,0,0,0,0.001002663,0,0,0,0,0,0,0,0,0,0.001105012,0.002598134,0,1.34E-05,0,0.001206604,0,0.000387798,0,0.001209157,0,0,0,0,0,0,0,0,0,0,0,0.034369317,0,0,0,0,0,0,0,0,0,0,0,0,0,0,0.001012247,0.00045609,0,0.002322861,0,7.15E-06,0,0,0.000787687,0.000816641,0.019840546,0,0,0,0,6.03E-05,0,0,0,0,0,0,0,0,0,0,0.006273941,0.000747753,0,0,0,0,0.001167045,0,0,0,0,0,0,0,0,0,0,0.008188884,0,0,0.002659855,0,4.07E-05,0,0,0,0,0.00014929,0,0,0,0,0,0,0,0,0,0.016053312,0,0,0,0,0.000184167,0.09740521,0.007256942,0,0,0,0,0,0,0.000862907,0,0,0,0,0,0,0,0.000346665,0.000347552,0,0,0,0,0,0,0,0.001679425,0,0,0,0,0,0,0,0,0.001518665,0,0,0,0,0.00036851,0,0,0.011816139,0,0,7.52E-05,0,0,0.002952695,0,0,0,0,0,0,0,0,0,CRC
ERR479077,0,0.001847023,0.007016089,0,0,0.000958037,0.000505676,0.015805525,0.0096462,0.000982653,0.093979619,0.010398382,0.003894006,0.005021795,0,0.015529864,0.021196622,0.006408729,0.016953453,0,0,0,2.13E-05,0.016699325,0,0,0.025760114,0.002774752,0.004257923,0,0.011922651,0,0,0.000866797,0.004008433,0,0,9.68E-05,0,4.05E-05,0.009143428,0,0,0,0,0.015844174,6.37E-05,0.002833065,4.71E-05,0,0,0,0.008471441,0.001313442,0.001311527,0.001522158,0,0,0,0.032149322,0.002721711,0.031567776,0.002460579,0.049372771,2.91E-05,0.002239849,0,0,0.003431551,0.000579287,9.83E-05,0.000473078,0.001204151,0,0.000144085,0.00132578,0,0,0.010150085,0,0.002577634,0,0,0.02161429,0,0,0,0,0.006993237,0.00015207,0,0.055403462,0.021627234,0.00098077,0.000996061,0,0.000930222,0.003473891,0.000697311,0,0,0,0,0.016601192,0.000575113,0,0,0,0,0.000123543,0.000532798,0,0.000549135,0.005060738,2.58E-05,0.001279965,0,0,8.12E-05,0,0,0.009702008,0.000825495,0,0,0,0.000478652,0,0,0,0.000899836,7.54E-05,1.30E-05,0.000186956,0.004124592,0,0.007731822,0.004575695,0.005114423,0.003227811,0,0,0,8.13E-05,0,0.001667263,0.000994001,0.000296581,0,0.000696798,0,0,0.016475895,0.011424358,0,0.0003665,0.000219674,0,2.67E-05,0,0.000555298,0,0.002631695,0.001375456,0,0.000865967,0,0.005257541,0,0,0,0,0,0,0,0,0,0,7.67E-05,1.07E-05,0.000158613,0.000922094,0.002308877,0,0,0.018076912,0,0,0.000241585,0,0,0.000149715,0,0,0,0.001816195,0.002865322,0.005296057,0.00020689,0.00044326,0,0,0,0.013291227,0,0.001195892,0.001080633,0.010293176,0,0.046508402,0.018115129,0.000130233,0.000326389,0.000290284,0,0,0.000142319,0,0,0,0,0,0,9.83E-05,0.012119213,0,0.000305266,0.005688882,0.001770165,0,0,0,0,0.000869722,0,0.003172361,0.004105305,0.003306563,0,0,0,0,0.001557203,0.000144498,0.00316033,0,0.001257075,0,0.002288271,5.54E-05,0.000384523,0,0,0,0.002041829,0.00164454,0,0,0.000332946,4.27E-05,0,0.000748483,0,0.002252432,0,0,0.001273197,0,0.000334159,0,0.003431128,0.000586747,0,0.017250441,0,0,0,0,0,0,0,0.000106833,0,0.001381682,5.07E-06,0.001203273,0,0,0.000853032,0.0077521,0.004027604,0,0,0,0,0,0,0,0,0,0,0.006263899,0,0,0.000205367,0,0.010769977,0.044369021,0.000398144,0.002905542,0,0,0,0,0,0,0.000378598,0,0,0,0.01613658,0,0.005959007,0,0,0,0,0,0.000333751,0.000569381,0.000105083,0,0,0,0,0,0,0,0,0,0,0,0.000525002,0,0.000722733,0.001762025,0.000635468,0.003629576,0,0,4.51E-05,0.001003437,8.15E-05,0,CRC
ERR479093,0,0,0,0,0.000156525,0,0,0,0.001501743,0,0.000234065,0,0,0,0,0.000791033,0,0.004353548,0,0.012621277,0,0,0,0,5.30E-05,0.00144977,0.000114266,0.001290896,0,0,4.69E-05,0,0,0,0.000342308,0,0,0.004066907,0.000177775,0,0.000253307,0,0,0,0.012135144,0.005377481,0,0,0.000453996,0.372816248,0,0,0,0,0.000146882,0,0.000863111,0.000358211,0.005205241,0.192407016,0,0.004098951,0,0,4.86E-05,0.001076595,0,0,5.87E-06,0,0,0.000165292,0,0,0.019766194,0.005430595,0.000505572,0.000534327,0,0,0,0,9.58E-05,0,0.001629548,9.07E-05,0,0.000179268,0,3.29E-06,0,0,0,0,0,0.007202459,0,0.000304228,0,0.000201004,9.11E-05,2.24E-05,0,0,0,0,0.000748539,0.001515424,0.000104935,0,0.000837788,9.43E-05,0,0.039729871,0,0,0.109884151,0,0,0.007930029,8.62E-05,0,0,0,0,0,0.022549494,0,0,0,0.00186232,0,0.000206591,0,0.000150728,0,0,0,0,0,0,0.000320931,0,0,0,0,0,0,0,0,0,0,0,0,0,0,0,0,0,0.000291036,0.016003878,0,0,0.003115653,0,0.00022683,0.002244759,0,0,0,0,0,0,0,5.69E-06,0.000113903,0,0,0,0,0,0,0,0.094715699,0,0.002689671,0,0,0,0,0,0.000168577,0.006155243,0,0,0,0,0.000926257,0.000617234,0,0,6.32E-06,0,0,1.46E-05,0,4.62E-05,0.001403778,0,0,0,0,4.12E-05,0,0,0.002034243,0,0.004098742,0,0,0,0,0,0,7.03E-06,0,0,0.003683086,0,0.000343751,0,0,0,0,0,0,0,0,0,0,0,0,0,0,0,0,0,0,0,0,0,0,0,0,0,0,0,0,0,0,0,0,0,0,0,0,0,0,0,0.000259369,0,0,0,0,6.83E-05,0,0,0,0,0,0,0,0,0,0,0,0,0,0,0,0,0,0,0,0,0,0,0.011193958,3.10E-05,0,0,0,0.000410731,0,0,0,0,0.000424316,0,0,0,0,0,0,0,0,0,0,9.63E-05,0,0,0,0,0,0,0,0,0,0,0,0.00109109,0,0,0,0,0,0,0,0,0,0,0.000282097,0,0,0,1.91E-05,0,0.000394604,0,4.67E-05,0,0,0,0,CTR
ERR479099,0,0,0,0,0.017886082,0,0,0,0,0,0.034064668,0.079084795,0,0.000419912,0,0.074592898,0,0.017016001,0,0,0,0,0,0,0,0.00027046,0.107863465,0.000438883,0.016754209,0.000198454,0,0.010562062,0,0.014978404,0.005998505,0,0,0,0,0,0,0.001335153,0,0,0.0005742,0.029609362,0.048684268,0,2.96E-05,0.002065013,0,0,0,0,6.31E-05,1.00E-05,0,0,0,0.033837107,0.010521711,0.008869675,0,0,0.000790137,0.001319454,0.002029561,0.014830994,0,0,0,0.00048532,0.000724096,0,0,0,0,0.001985469,0.000378456,0,0,0,0,0,0,0,0,0,0.001065546,0,0,0,0,0,0,0,0,0.003620928,0,0,0.000163765,1.90E-05,6.44E-05,0,0.000398442,0,0,0.000923609,0.000280247,0,0,0,0,5.35E-05,0,0,0,0.000320124,0,0,0,0,0,0,0,0,0,0,0,0,0.001611169,0.000511698,0,0.000615435,0,0,0,0.008701602,0,0,0,0,0,0,0,5.75E-05,0,0,0,0,0,0,0,0,0,0,0,0,0,0,0.006093867,0,0.020853821,0.001634295,0,0.003145497,0.00031533,0,0,0,0,0,0.000569948,0,2.87E-05,0.002234953,0,0,0.0002562,0,0,0,0,0,0,0.004666636,0,0,0,0.000912812,0.000630959,0,0.000125548,0.000548513,0,0.002126493,0.011827728,0,0.00054626,0,0,0,0,0,0,0,0,0,0.008681624,0,0,0.00843296,0.002790572,0,0,0,0,0,0,0,0,0,0,0,0,0,0,0.005105393,0,0,0,0,0,0,0,2.29E-05,0,0,0,0,0,0,0,0,0,0,0,0,0,0,0,0,0,0,0.001603594,0,0,0,0,0,0,0,0,0,0.000451147,4.73E-05,0,0,0,7.29E-05,0,0,0,0,0,0,0,0,0,0,0,0,0.000770643,0,0,0,0,0,0,0,0,0,0.257904708,0,0.043018264,0.000595988,0,0,0,0,0,0,0,0,0,0.027316147,0.013044704,0,0,0,0,0,0,0,0,0,0,0,0,0,0,0,0,0,0,0,0,0,0,0,0,0,0,0,0,0,0,0,0,0,0,0,0,0,0,0.002817602,0,0,0,0,0,0,0,0,CTR
ERR479124,0,8.61E-05,0.004812888,0.005532766,0,0,0.00265645,0.009488668,0.000972778,0,0.003633611,0.025885895,0,0.021734358,0.001872898,0.005325123,0,0.187028653,0.034754641,0.001554658,0,0.001428171,0.007103961,0.007792645,0,0,0.005632622,0.038402143,0,0.000664052,0.005439862,0.014505764,0,0,0,0,0,0.000948676,0,0.000876608,0.0043803,0,0,0.001811811,0,0.014171598,0.00399092,0,0,8.87E-05,0.000375754,0,0.004511062,0.000586532,0.015862517,0.016605748,0.0001669,0,0,6.07E-05,0.001050075,0.005186292,0.000511954,0.015418649,0,0.000389402,0,0.005885408,0.007499059,0.000264557,0.006872994,0.000480008,0,0.003114177,0,0.006546362,0,0,0.004200622,0,0.001784824,0.002246327,0,0,0,0,0,0,0.004115064,0,0.003439828,0,0,0.001744222,0.004240294,0,0,0.000906546,0.004793727,0,0,0,0,0.009491706,0,0,0,0,0,0,0.000176267,6.38E-05,0,0.000629441,0.005588956,0.000203232,0,0,0.0038075,0.006530188,0,0.000272107,0.00052613,0.000376415,0.000668477,0,0.002509552,0.001782423,0,0.037306373,0.003188325,0,0,0,0.004642821,0,0.003181853,0.000475785,9.16E-05,0.042739208,0.004751514,0,0.001415762,0.001241824,0,0,0,0,0,0.002663443,0,0,0.00097979,0.000162815,0,0.025825275,0,0,5.36E-05,0,0.006911921,0,0.002889271,0.006497801,0,0.007702631,0,0.000332911,0,0,0,0,0,0,0,0,0.000564345,0,0,0.005619984,0.000123512,0,0.000409869,0.025190207,0.002237256,0,0,0,0.000223641,0,0.004627205,0,0.000140232,0,0,0,0.006082194,0.001906097,0.000266294,0,0,0,0,0.001049187,0.001297804,0.005199199,0.000575918,0,1.82E-05,0.005718406,0,0,0.004206152,0,0,0,0.003917982,0,0.003003546,0,0,0.00422027,0.001081672,0,0.000273605,0.004665126,0,0.003366765,0.000515336,0.022031935,0,0,0,0.001604872,0,0,0.002838131,0.000725759,0.001747426,0,0,0.001961648,0,0.017404161,0,0,0,0,0,0,0.002324026,0,0.00044225,0.00039158,0.020674172,0.000380829,0,0,0.003216425,0.002355491,0.005944754,3.15E-05,0.014092463,0.007671175,0,0.000743955,0.001683803,0,0,0,0.006284463,0,0,0.006007822,0,0,0.001253251,0,0,0,0.024133104,0,0,0,0.001182775,0,0.01011416,0,0,0,0,0.000216907,0,0,0,0,0,0,0,0,0,0,0,0,0.000280903,0,0,0,0.015027994,0.00245775,0,0,0,0,0,0,0,0,0,0,0.012172386,0,0.001553126,0,0.000599821,0,0,0,0,0,5.60E-05,0,0.001914589,0,0.00390555,0,0,3.36E-05,0,0,0,0,0,0,0,0,0,0,0,0,0,1.32E-05,0,0,CRC
ERR479132,0.003268508,0.008197345,0.000729819,0.01370415,0.002424395,0,0.003501009,0,0,0,0.085377386,0,8.52E-05,0.002601319,0.003003617,0.008127915,0,0.014264356,0,0,0,0.065443068,0,0.001812377,0,0,0.04076089,3.76E-05,0.006289135,0,0.006988483,0,0.014833017,0,0,0,0,0.00025514,0,0,0,0.004824682,0,0.001402709,0.003650382,0.001098155,0.001851514,0.008733741,0.005515094,0.004211329,0.001468044,0.001026459,0.000160749,0,0,0,0,0.000200911,0.000309641,0,0.022823016,0.001875961,0,0,0,0,0.000224126,0,0.000229444,0,0,0,0,0.010557172,0.007606391,0.001264138,0,0,0,0.037166827,0,0,0,0,0,0,0.070563334,0,0.000207362,0,0,0,0.00175726,0.00010516,0.000192773,0,0.000692929,3.22E-05,0,0,0,0.000112474,0,0.00025829,0.000983839,0,0,0,0,0.002898579,0.004031471,0,0,0.0007495,0,0,0,0.003804835,0,0,0,0,0,0,0,0,0,0,0.013316693,0.000513728,0,0,0.000514159,0,0.000806188,0,9.62E-05,0,0,2.98E-05,0,0,0,0,0,0,0,0,0,0,0.00071893,0,0,0,0.000889243,0,0,0,0,0,0.012909769,0,0.000240028,0,0,0.001933252,0,0.001356571,0,0,0,0.001758732,0,0,0,0.000220632,0.000743591,0.000777702,0,0,0.008318052,0,0,0.000551181,0,0.071608213,0,0,0.000930082,0,0.00701613,0,0,0,0,0,0,0,9.02E-05,0,0,0,0,0,0,1.09E-05,0.011597943,0,0,0,0,0,0.009966964,0.000538129,0.000202727,0,0,0,0.009839827,0.003559649,0,0.000181084,0,0,0,0,0,0.000433646,6.57E-05,0,0.004940763,0,0,0,0,0.000261699,0,0,0,0.000340173,0,0,0,0.002023684,0.0001316,0,0,0,0,0,0,0.002960072,0,0,0,0,0,0.000797631,0,0,0.017105091,0,0,0.000401049,0.000267453,0,0,0.000300868,0,0,0.006051618,0,0,0,0,0,0,0,0,0,0,0.000984824,0.000286513,0,0,0.00188187,0,0,0,0,0.010458579,0,0,5.71E-05,0,0,0,0,0,0,0,0,0,0.013304996,0,0,0,0,0,0,0,0,0,0,0,0,0,0,0,0,0,0,0,0.094748745,0.000505844,0,0,0.000706577,0.000791536,0,5.34E-05,0,0,0.004246937,0.000367581,0,0,0,0.181499119,0,0.000671577,0,0,0,0,1.89E-05,0,0,0,0,0,0.000217092,0.007389781,0,CTR
ERR479138,0,0.008510828,0.000271131,0.001859897,0,0,0.00637173,0.003803281,0.004219984,0.017007341,0.008668006,0.002954555,0,0.007429816,0,0.012720226,0,0.040841958,0.004627109,9.03E-06,0.000445793,0,0.000153282,0.003429952,0.007550895,0,0.058347419,0.014809866,0,0,0.003771132,0.036952336,3.98E-05,0,2.75E-05,0.023659127,8.57E-05,0,0.001611476,0.000418052,0.001933499,0,0,0.001023016,1.96E-05,0.013393071,0.007265377,0.001309273,0,0.001543637,0.003159584,0,0.001711416,0.000343424,0.000356935,0.000641628,0.009179549,0,0.007548487,0.01627714,0.009787742,0.001209098,0,0,0.001626691,0.000437734,0,0.000996953,0.000480445,0.005170194,0,0.001475287,0,0.000370161,0,0.004370214,0,4.88E-05,0.000102921,0.000640964,0,0,1.49E-05,0.001454336,0.001230095,0,0.000167512,0.000507835,0.012009096,0.000137804,0.000102983,0.000567602,0.006600647,0.00143366,0.001159559,0,0,0.000456469,0.010404454,0.000225778,0.000160062,0,0,0,0,0.000593548,0,0,0,0,0.000214869,0.000154698,0,0.009447281,0.000829282,0,0,0,0,0.000332778,0.000120233,0.000250144,0,0,0,0.005210657,0.001811114,3.52E-05,0.00077543,0,0.004756042,0.001412923,0,0,0,0,0.009842014,0.000472222,0,0.009576549,0,0.000735949,0,0.000980614,0,0,0.003330801,0,0.000154148,0,6.95E-06,0.008658871,0.02332914,0,0,0.002133984,0,0,0.007122114,0.00269111,0.03283711,0.000563353,0.003244576,0.005606765,0,0.00840211,0,0.008006138,0,0.001091035,0,0,0,0.003310278,0,0.005346983,0,0.00247091,0,0.002865158,0.001053657,0,0.00053555,0.010800555,0,0,0.017484039,0,0.00173503,0,0.007614975,0.000347563,0,0,0,0,0.000863043,0.001512639,0.003767719,0.000836791,0,0,0.007467177,0.020629003,0.007829106,0.006209533,0.002932933,0.001152796,0.008059668,0.000319057,0,0,0.042361531,5.87E-05,0.000189438,0,0.010582244,0,0.012244471,0.000738647,0.000120204,0,0,0.000100047,0,0.000192969,0,0.005211428,0.000424856,0.00333216,0.017485516,0,0.00967519,0.020195556,0,0,0.000379854,0.001084039,0.000222512,0,0,0,0,0.008202116,0.000193057,0.000847749,0,0.001650372,0,0,0.000351982,0,0.002622997,0.000448382,0.00453976,0,0,0,0.001849581,0.001749755,0.000500028,0,0.000331257,0.001901317,0.001122137,0.000553861,0,0,0,0,0.00171411,0,0,0,0.00039012,0.001560212,0.000999756,0,0,0,0.023373049,0,0.000199685,0.031793183,0,0,0,0,0.000383255,0,0.018524676,0,0,0,0,0,0.000807234,0,0,0,0,0.004382447,0.001109732,0,1.99E-05,0,0.000509569,0,0.007550376,0,0,0,0,0.001572853,0,0,0,0,0,0,0.004989476,0.001728284,0.000503326,0.004993309,0,0.000277587,0,0,0.000593383,0,9.45E-05,0,3.91E-05,0.003424204,0,0,0,0.001370171,0.004704385,0,0.000216145,0.002332931,0,0.001000645,0.00689718,0,0,9.60E-05,0,0.028544999,0.000535785,0.002160746,0.017073801,0,CRC
ERR479142,0,0,0,0.014109882,0.000102891,0,0,0.006590253,0.013474584,0.025066196,0.003226008,0.074286968,0.108863853,0,0,0.070068863,0.038177172,0.044033257,0,0.00146275,0,0.00606105,0.002368776,0.000391964,0,0,0.005647304,0.005063167,0,0,0,0.014730092,0,0,0.015352094,0,0,0.007475593,0,0.000361691,0,0,0,0.005527087,0.001421121,0.014824615,0,0,0.000731319,8.93E-05,0,0.001142137,0.006317013,0.001088663,0.000845024,0.000110419,0,0.000169137,0,0.067514093,0.000836216,0.011640978,0.000320421,0.004308965,0.000181033,0.002894884,0,0,0.004505067,0,0,0.000184717,0,0,0,0,0.00016427,0,0.001348813,0.000589658,3.31E-05,0,0,0.018462166,0,0,0,0,0.003289909,0,0,0.000545781,0,0.001050077,0.000526985,0,0,0.003346464,0,0,0,0.000148905,0,0,0,0,0,0,0,0,0.001996939,0.000302524,0,0.016470499,0,0,0,0,6.48E-05,0,0,0.000643415,0.000296457,0,0,0.00625426,0,0,0,0,0.005696119,0.0054439,0,0,0.003089956,0,0,0.000528677,0.001012555,0,0,0.000146704,0,0,0.000326148,1.09E-05,0,0,0,0.000410975,0,0,0.010664859,0.023794293,0,0.007484232,0,0,0,0,0.003010218,0,0,0.007123175,0,0,0.000992443,0.001397152,0.003117877,0,0,0,0,0,0,0,0,0,0,0,0,0,0,0,0,0.005029641,0.005611817,0.00010775,0.0025164,0,0.011423927,0.003079842,0,0,0,0,0.00356173,0.003951235,0.001234577,0,0,0,0,0,0,0,0.070788168,0.002695877,0.000445705,0.005098213,0,0.000274077,0.014693047,0,0,0,0,0,1.34E-05,0,0,0,0.003071039,0.017488213,0,0,0,0.004971347,0.000127101,0.006472517,0,0.002302486,0,0.002623289,0,0.003930228,0,0.010614155,0,0.00290059,0.000209223,0,0.000500981,0,0.002302461,0,0,0,0,0.009957953,0,0,0,0,0.011002362,0,0,0.001537276,0,0,0,0.000683901,0,0.001859085,0.000669642,0,0.000671689,0,0,0,0,0.004927939,0,0,0,0.000187918,0,0,0.001828039,0.004185682,0,0,0,0,0,0,0,0,0.000774059,0,0,0,0,0,0,0,0.000195863,0,0,0,0,0,0,0,0,0,0,0.000181191,0,0.001569506,0,2.59E-05,0,0,0,0,0.005694419,0,0.000223068,0,0,0,0,0,0.001837791,0,0,0,0,0,0.017639796,0,0.000611978,0,0,0,0,0,0.002835367,0,0.000486974,0,0.005785527,0,0.005943269,0,0,0,0,0,0,0.003851708,0,0,CRC
ERR479148,0,0.000217086,0,0,0,0.012968901,0,0.001734351,0.001945043,0.025056653,0.004141563,0.002765954,0.006366416,0.004323794,0.041693364,0.022794259,0.000940413,0.046581999,0,0.000211435,0,0.06213905,8.17E-05,0.000185897,0,0,0.072509336,0.000884935,0.00195866,0,0,0.059623311,0.000287379,0,0.003399043,0.022081216,0.000551285,5.59E-05,0,0.000833529,0.010513771,0.001010117,0,0.003092539,0.001422192,0.000262401,0.00017391,0.006491837,0,0.002288512,0,0.000642962,0.00206535,5.20E-05,0,0,0.000346322,0.000172538,0,0.007357638,0,0.001213081,0,0.000736369,0.002880685,4.61E-05,0,0.012237092,0.000316226,2.09E-05,1.72E-05,0.00099311,1.65E-05,0,0.000868919,0.012344575,0,3.30E-06,0.000688852,0.000650726,0,0,0,0.000691508,0,0,0.008076032,0.000810312,0.000123637,0.000144388,0,0.002892663,0,6.14E-05,0.00064094,0,0,0.003519464,0,0.000112985,0.003041179,5.24E-05,0,0,0,0,0,0,0,0,0,0.000233634,0,0.000473829,0,0.000112551,0.001923265,0,0.001261832,0.002495225,0,0.000754096,0,0,0,0.050722351,0,0,0.006113635,0,0.013697104,0,0,5.89E-05,0.008711397,0,0,0.013403325,0.001416731,0.007577498,0,0,0,0,0,0.000261907,0,0,0.001063469,0.001112091,0,0,0,0.008908694,0,0.000235588,0,0,0,0,0.005343575,0,0.025254211,0.000494443,0,0.003012929,0,0,0,0,0,0,0,0.000652782,0,0.002388588,0,0.000199015,0,0,0,0.000491631,0,0.011293912,0,0.001663441,0.00089951,0.009650036,0,0,0.034118839,0.015952872,0.000197687,0,0,0.000921844,0,0,0.015624222,0.000496997,0,0,0,0,0.044237038,0.021271017,0,0.002837181,0.00070659,0.002265518,0,0,0.026755837,0,0,0,0.002393858,0,0.014001103,0.007368139,0.000444251,0,0,0.00069463,0,0,0,0,0,0.014159304,0,0,0,0,0.000143046,0.002112083,0.00147487,2.02E-06,0,0.001379819,0,0.001167612,0,0,0.00032135,0.000552823,0,0,1.10E-05,0,0,0.000716241,0,0.009721226,0,0,0,0.000127491,0,0,0,0.001145286,0,0.000260589,0,0,0.000147781,0.000133371,0,0,0,0.003964925,0,0.010896289,0,0.00011893,0,0,0,0.000495819,0.003321853,0.003851834,0,0,0,4.25E-05,0,0.000184948,0.000108305,0,0.014125733,0,0,0,0,0,0,0,0,0,0,0,0,0,0,0.000109273,0,0,0.01739618,0,0,0,0,0,0,0,0,0,1.96E-05,0,0,0,0,0,0,0.004082453,0,0,0,0,0,0.002349953,0.000631475,0,0,0,0,0.013518565,0,0,0,0,0.008589065,0,0.001408811,0,0,0,0,0.004703581,0,0,0.01888367,2.64E-05,CRC
ERR479157,0,0.001050555,0,0,0.000118378,0,0.006529561,0.000329119,0.002386,0,0.049833618,0,0,0.004847835,0,0.00017295,7.10E-05,0,0,0,0,0,0,0,0,0,0.23766862,0,0.020706879,0.015351671,0.182156062,0.019766807,0,0,0,0,0,0,0,0,0,0.001252196,0,0,0,0.035831297,0.089973115,0,0.000701426,0,5.36E-05,0,0,0,0.000630446,0.000250027,0,0,0,0.00058583,0,0.00486037,0,0,0.006849778,0.00013688,0.008477602,0,0,0,0,0.001399924,0.014548745,0,0,0,0,0,0,0,0,0,0,0,0,0,0,0,0,0,0,0,0,0,0,0,0,0.000312856,0,0.000804996,0,0,0,0,0,0,0,0,0.005426884,0,0,0,0,0.037200717,0,0,0,0.000405462,0,0,0,0,0.004261197,0,0,0,0,0,0,0,0,0.000129302,0.000448951,0.00669867,0,0,0,0.009552253,0,0,0,0,0,0,0,0,0,0,0,0.017513788,0,0,0,0,0.005592629,0,0,0,0,0,0.023999637,0,0,0.000861892,0,0,0.001075234,0,0,0,0.000446682,0,0.001154408,0,0,0.000110117,0,0,0,0,0,0,0,0,0,0,0,0,0,0,0,0,0.016134703,0.004061353,0,0.00441253,0,0,0.06242605,0,0,0,0,0,0,0,0,0,0,0,0,0,0,0,0,0,0,0,0,0,0,0,0,0,0,0,0,0.002172628,0,0,0,0,0,0,0,0,0,0,0,0,0,0,0,0,0,0,0,0,0,0,0,0,0,0,0,0,0,0,0,0,0,0,0,0,0,0,0,0,0,0,0.006740439,0,0,0,0,0,0,0,0,0,0,0,9.23E-05,0,0,0,0,0,0,0,0,0,0,0,0,0.013660834,0,0.022075068,0,0,0,0,0,0,0,0,0,0,0,0,0,0.004187293,0,0,0,2.25E-05,0,0,0,0,0,0,0,0,0,0,0.000440187,0,0,0,0,0,0,0,0,0,0,0,0,0,0,0,0,0,0,0,0,0,0,0,0,0.024075365,0,0,CTR
ERR479193,0,0,0.004809937,0.000493167,0,0.001263233,0.001401962,0,0.015765408,0,0.004006601,0,0.07742145,0.001374005,0,0.025445914,0,0.103949976,0,0.000474371,0,4.53E-05,0.004570591,0.00075953,0,0,0.054016177,0.022450974,0.005650795,0,0.010828797,0,0.000582977,0,0,0.015220733,0,0.011131299,0.000154497,0.007811849,0,0,0,0.001044802,0,0.010671896,0,0,0,0.000539502,0.000599207,0,0.004193521,0.00026429,2.60E-05,0,0,7.37E-05,0.007303848,0.000600408,0.003158255,0.007248239,0.000742267,0.000591364,0,0.001030503,0,0,0.002998924,0.000100929,0.013372106,0.00011808,0,0.000367702,0.049937669,0.007322474,0,0,0.001334241,1.04E-05,0.000276222,0,0,0.000107378,0,0,0.002304789,0,0.006843373,0,0,0,0,0.001670831,0.009663171,0,0.003188271,5.24E-05,0.000432746,4.68E-05,0,0,0.000256728,0,0,0,0,0,0,0,0.000398704,0,0,0.021315969,0,4.26E-05,0,0,0,0,0,0,0,0,0.000160763,7.89E-05,0.00033888,0.000965004,0.002245372,0,0.009113083,6.63E-05,0,0,0.001086418,0.000251852,0.000187221,0.002326382,0.000382927,0.020304862,0.000868398,0,0,0,0,0,0,2.27E-05,0.000642402,0.0032373,0,0.002580381,0,0,0,0.053456789,0,0.002477434,0,0,0.006581671,0,0,0.003396339,0,0.00673397,0.001075365,0.009044392,0.002729684,0,0,0,0,0.005266284,0.000139773,0.00198364,0,0,0,0,0.000169568,0,0,0.021358045,0,0.000229249,0.002671445,0,0.000629088,9.88E-05,0.002741369,0.001359561,0,0,0,0.000153095,0.012661674,0.002819442,0.001480512,0.000563967,0,0.017319439,0,0.001433188,0.016647873,0,0.011236579,0.000534032,0.027740413,0.016296527,0.000744081,0.001253364,0.043356995,0,0,0.009114724,0.008659755,0,0.000576476,0,0.007705208,0.000595219,0.000854081,0,0.002012345,0.00581136,0,0.004483308,0.000953273,0.000381067,0,0,0,0,0.003543219,0.002302907,1.20E-05,0.003069998,0,0.00125965,0,0,0.000421708,0,0.001679541,0.001935775,0.00062026,0,2.20E-06,0.000183374,0,0,0,0.00131339,0.01446648,0,0,0,0.000621223,0.001777314,0.004624317,0.001352462,0.004405908,0.001392065,0.001067632,0.000255463,9.03E-05,0,0,0,0.000570145,0,0,0.000547134,0,0,0,0.001355235,0.010796906,0.001812931,0.012030658,0.000594011,0,6.88E-05,0.000878741,0,0,0.00230312,6.42E-05,0,0,7.71E-05,0,0,0,0,0,0.001893307,0.000750717,0,0,0.000301061,0,0,0,0,0,0,0.000856565,0.000427671,0,0,0,0,0,0,0.002385002,0,0,0,0,0,0,0,0,0.000583762,0,0,0,0,0.002186634,0,0.002821579,0,0.001352988,0,0,0,0.000382443,0.00056398,0.000330516,0,0,0.000591696,0,0,0,0.000800924,0,0,0.002437054,0.010605659,0,0.000962833,CRC
ERR479235,0,0.013942721,0.001752493,0.015609059,0,0,0.002664861,0.002449276,0.02110358,0.000461257,0.002756989,0.010521413,0.015697483,0.003012123,0,0.025233169,0,0.055897839,0,0.000548436,0,0.026836061,0.001549577,0.000315812,0.000140627,0,0.007513235,0.003403934,0.003521602,0,0.006121251,0.022672729,0,0.00167543,0.008268559,0.013125831,0,0.000953669,0.001956785,0.002702618,0.007808914,0.001000399,0,0.003521063,0.001798589,0.008200371,0.000339217,0,0.002826682,0.000734218,3.24E-05,0.003591376,0.003558618,0.000214795,0,0.001104236,0,9.33E-05,0.138555068,0.035474455,0.011587888,0.003987469,0,0.001108599,0.000476773,0.000736149,0,0.004429192,0.002455069,0,4.84E-05,6.33E-05,0,0.003017137,0,0.001464858,8.77E-05,0,0.000296307,0,0,0,0,0.000844432,5.94E-05,0,0.000230151,0,0.004612143,0,0,0.000336805,0,0.002071731,0.002848064,0,0.002211068,0.002269165,2.67E-05,0,0.001919855,0.000204923,0.001008753,0,0.000219853,0,0,0,0,0,0.000852425,0.000216943,0,0.003023429,0,1.90E-05,0,0,0.000770602,0.060020123,0,0,5.01E-05,0,0.000243998,0.010664907,0.00172202,0,0.000113506,0.007809952,0.005228541,0,7.58E-05,0,0.000970872,0.000225096,0.004884962,0.000959671,8.58E-05,0.010584993,0.000408257,7.16E-05,0,0.003845238,9.06E-05,0,0.000385456,0,0,0.000783061,0,0.00077768,0,0.001214049,0.000125784,0.002705037,0,0,0,2.30E-05,0.019374353,0,0.003540004,0.004767299,0,0.007677636,0,0.000481293,0,0,0,0,0.000232285,0.001556774,0.000717399,0.001913056,3.99E-05,0,0,0,0.000357133,0,0,0.042998209,0,0,0.006242104,0.00226919,0.00091735,0,0.038813302,0.000332406,0,0,0,0.000591458,0.003788543,0.000703568,0.001487029,0.000106187,0,0,0,0.007784013,0,0.018695496,0.000481776,0,0.000945847,0.001838811,0,0.006864516,0.016884385,3.91E-05,0.000151938,0,0.003334155,0.000429212,0.010825013,0,0,0.009147156,0,0,0.001178036,0,0,0.001807352,0,0.002985906,0,0.001242446,0,0,0,0.002372504,0.001070051,0.012111782,0,0.00140534,0,0.001218418,0.000607005,7.12E-06,0.004308449,0.003516172,0,8.18E-05,0.0013849,0,0,0,5.33E-05,0.00071058,0.007638837,0,0,9.20E-05,0,0.000666811,0.005904729,0,0.001395739,0,0.000711561,0,8.38E-05,0.000583677,0,0,0.003612729,0.001056273,0,0.000417837,0,0,0,0.000331617,0,0.000192887,0.000859557,0,0,0.001974362,0,0,0,0,3.22E-05,0,0,0,0.014241317,0,0,0,0,0.000411534,0,0,0.000206022,0.011243284,0.000342002,0,0.000809564,0,0,6.10E-05,0.002687584,0.004524277,0,0,0,0,0,0.003982625,0,0.000277916,0,0.004528343,0.005298373,0,0.000625691,0,0.002153091,0,0,0.000264559,0,0.000841684,0.00075265,0.00112372,0,0,0.016598084,0,0,0,0,0,2.04E-05,0,0.000791501,0,0,0,0,0,0,0,0,0.000863779,0,0.000453955,CRC
ERR479254,0,0.005048785,0.006717922,0,0,0.002175423,0.005884763,0.005097902,0.005483832,0.009655799,0.003940861,0.00174293,0.001339604,0.002119738,0,0.022653656,0.000630323,0.033046048,0,0.000612075,0.000417064,0.01251521,0.003142125,0.002489689,0,0,0.025136516,0.000561097,0.007700389,7.51E-05,0.001864019,0.014336352,0,0,0.001272164,0.047217236,0,0.000652729,0,0.006471919,0.00507878,0.000408074,0,0.00284808,9.97E-05,0.007169227,0,0,0.000721569,0.000519895,0.000128689,0.00609935,0.011628164,0.001245552,2.12E-06,0,5.11E-05,0.000214684,0,0.014072916,0.003357018,0.005156905,0.001232082,0.001219743,0.000351435,0.000366227,1.93E-06,0,0.001524987,0.000431688,0.000533317,0,0,0.001542596,0,0.012979101,0,1.63E-05,0.001240831,0,0.001304655,0,0,0.011900833,0,0,0,0.000307583,0.002878978,0,6.51E-05,0.003651149,0.004221655,0.000284195,0.000817257,0,0.003482439,0.001748009,0,0,0,0,0,0,0,0,0,0.000725359,0,0,0.000221872,0,0,0.00209887,1.62E-05,0,0.001109768,0,0.001956277,0,3.90E-05,0.001054147,0,0,0,0.001978023,6.38E-05,0,9.00E-05,0,0.003682678,0.000268241,2.90E-05,5.72E-05,0.000270945,0,0.002922328,0.002061331,0.000562034,0,0,0.000134516,0,0,0,0,0,0.00010163,0.000212036,0.001838284,0,0,0.158830217,4.59E-05,1.57E-05,0,0,8.70E-06,0,0,0.004877897,0,0.003121641,0.000960414,0,0.007195051,0,0.000664524,0.000321286,0.000303341,0,0,0,0.000596675,0.000282071,0.003680224,0.000465184,0,0.000282711,4.65E-05,0.000470298,0,0.001133362,0.073044014,0.000529907,0,0.000150356,0,0.001179596,0,0.001678015,0.003767383,0,0,0,0.000819231,0.000959383,0.001990991,0.001594007,8.34E-05,0,0.00284279,0,0.046907822,0.041677275,0,0.008008977,0.012901419,0.000774624,0.057757345,0.004485065,0.012583715,0.01529099,0.001939399,0,0,0.000501953,0,0.000876444,9.65E-05,0,0.004326707,0,0,0.00032913,0.000121785,0,0.00375596,0.001958233,0.000530349,0,0.001984603,0.019750986,0.007976958,0,0,5.62E-05,0.000258998,0.00063392,0.000109852,0.000168025,5.71E-06,0.001261581,0.000131933,0.000825915,0.002749482,0,0,0,0.001937865,3.54E-05,0.000622695,0,0.000685968,8.82E-05,0,0,0.000122842,0,0.000138742,0.000591427,0.000445796,0.000496534,0.000879874,8.67E-05,1.64E-05,0.000489803,0,6.58E-05,0,0.002518685,0.000823555,0,0.000990732,0.000108037,0,0,0.002026442,4.93E-05,0.002830865,0.005551719,0.000332511,0.002033076,1.44E-05,0.00038926,0,0,0.0012196,0.000297036,0,0,0,0,0,0,0,0.003833475,0.019821445,0.000261001,0,0,0.000586975,0,0,4.60E-05,0.002196532,0.000813194,0,0.002038405,0.001881801,0,0,5.90E-06,0,0,0,0,0,0,0,0.016606911,0.004248923,0.000632089,0.003502339,0.000413987,0,0,0.000138306,0,0.000406842,0.000691702,0,2.69E-05,0,0,0,0,0,0,0.002668548,0.000684207,0,0,0.001395254,0.004074054,0,0,0,0,0,2.73E-05,0.000745018,0.018665394,4.43E-05,CRC
ERR479263,0,0.068788522,0.001043085,0,0,0,0.009098276,0,0.00731151,0.001336268,0.019613194,0,0.005905746,0.009077484,0,0.042076983,0.018084276,0.07429737,0.021082626,4.20E-05,0,0.012409352,0.001270574,0.000350454,0,0,0.019916463,0.006508539,0.001166085,0,0,0.054187982,0,6.91E-05,0,0.036033206,0,0.002363208,0,0.0006459,0.006908891,0.001630663,0,0.000114477,0.000325363,0.007549547,0.000636022,0,0.000104739,0.009789186,0,0.000239573,0.003239607,0.00234539,0.000422624,0.000149386,0,0,0.001898251,0.000331013,0.003250151,0.007135493,0.000184531,0.004144673,0.000711608,0.00016423,0,0.003858411,0.003938685,4.46E-05,4.82E-05,0,0,0,0.020375577,0.003374443,0,0,0.003337111,0.000484926,0.00013389,0,0,5.64E-05,0,0,0,0.000259627,0.002630087,0,0,0.000548391,0,0.001562931,0.001588818,0,0,0.000433694,0,0,0.000163975,0,0,0,0,0,0,0,0,0,0.000616763,0.000252135,0,0.000644141,0,3.99E-05,0,0,0.000709733,0.000430276,0,5.49E-05,0,0,0,0,0.002824985,0,0.00412047,0.107218568,0.001316387,0,5.62E-05,0,0.031332684,8.87E-05,0.000133822,0.000783624,0.000445029,0.00124635,0,1.02E-05,0,5.83E-05,0,0,0,0.000218619,0,0.002355757,0,0.002293304,0,0,0,0.006743191,0,0,0,0,0.014997677,0,0.000959121,0.001319621,0,0.028780217,0.003075205,0.000326258,0,0,0,0,0,0,0,0,0,0,0.000287207,0,0.000152033,0,0,7.86E-05,0,0.021333232,0.000389341,0,0,0.000772735,0.026985095,0.000469807,0.001021412,0,0.011567704,0.002139871,0.001344768,0.001428624,0.001802192,0.000582588,0,0,0.01512793,0.016720319,0.002350012,0,0,0,0,0.014434839,0,4.60E-05,0,0.000218089,0,0.009490748,0.010518033,0,0,0,0,0,0,0,9.98E-05,0,0,0.002055641,0,0.039798672,0,0,0.026539273,0.005240342,0.000100597,0,0.002539794,0.002647899,0.002401537,0,0,0,0,0.005786704,0.001543692,0,0,0,0,0.000104656,0,0,0,0.002414471,0,0,0,0,0,0.000153524,0,2.11E-05,0.003667139,0,6.84E-05,0,0.000385054,0,0,0.00305356,0.001403314,0,0,0.003416051,0,0,0,0,0,0.000853094,0.003405271,0.001258313,0,0.00064195,0.002241799,0,0,0,0.000921921,0,0.00136354,0,0,0.006267056,0.000237618,0,0,0,0.006978151,0,7.53E-05,0.003694727,0,0.00036445,0,0.000475964,0,0,0,0,0.001255331,0,0,0,0,0,0,3.63E-05,0,0,0,0.004748088,0,0,0,0,0,0,0,0,0.000282206,0,0,0,0,0,0.000304927,0,0,0.0005849,0,0,0,0,0.000689228,0,0,0,0,0,0,0,0,0,CTR
ERR479274,0,0,0.000892613,0,0.001071194,0,0.000252934,0,0.006927354,0.009619749,0.003449183,0.012517682,0.010918043,0,0,0.013646596,0.003213302,0.009717251,0,0,0,0,0.000815676,0,0,0,0.001454478,0.0002779,0.000575316,0.01569581,0,0.001647463,9.24E-05,0,0,0.001352787,0,0.008062161,0,0.016757961,0.00121292,8.86E-05,0,0,0.0015707,0.015993578,0,0,0.004450286,0.067678216,0,0,6.91E-05,0,0.02992395,0.001159373,0,0,0,0.157757067,0.005953667,0.001203974,0,0,0,0.00136624,0,0,0.006092468,0,0,0,0,0.000140861,0.010043638,0.002316106,0.002267199,0,0,0.00075455,0,0,0,0.001872429,0,0,0.021089646,0,0.006189094,0,0,0.000192883,0.003308403,0.000592006,0.000622662,0,0.006406605,0,0,0,0,0,0,0,0.002621759,0,0,0,0,0,0.003766829,0,0,0.013768287,0,0,0.001044144,0,0,0,0,0.003537032,0,0,0,0,0.002543151,0,0,0,0.011060492,0.005898026,0,0,9.31E-05,0.000690836,0.008448971,9.10E-05,0,0,0,0,0,0,0,0,0,0,0.00298105,0,0,0.005569534,0.087881451,0,0,0,0,0.000651467,0,0,0.012014832,0,0.001444568,0.015317547,0,0,0,0,0.001832503,0,0,0,0,0,0.000129276,0,0,0,0,0,0,0,0,0,0,0.079382879,0,0,0.003726164,0,0.004647338,0.000378468,0,0,0,0,0.010827434,0.001955822,0.000467118,4.03E-05,0,0,0,0.003093166,0,0.051761447,0.014867601,0.003955814,0,0.020950579,0,0,0.009775748,0,0.008953218,0.018894442,0.002618194,0.008522844,0,0,0,0,0,0,0.000905941,0.007989716,0,0.001666305,0.00057788,0,0,0,0.000836177,0.00053564,0,0,0,0.007549067,0,0,0,0,0,0,0.001525963,0,0,0,0.001094486,0,0,0,0,0,0,0,0,0,0.000525928,0.000820106,0,0,0,0.001038877,0.000525879,0.010184512,0.002431682,0,0,0,0,0,0,0,0,0,0.001305458,0,0,0,0.004633007,0,0,0,0,0.005392621,0,0,2.39E-05,0,0,0,0,0,0,0,0,0,0.000293606,0,0,0,0,0,0,0.000271894,0.001767754,0,0,0,0,0.000236783,0,0,0,0.000773848,0.000159595,0,0,0,0.001028023,0,0.000158049,0,0.000674293,0.001966713,0,0,0,0,0.001783539,0,0,0,0,0,0,0,0.002484167,0,0,0,0,0,0.002182963,0.007969943,0.027515067,0,0,0,0,0.005692159,0,0,CTR
ERR479276,0.002474628,0.001225279,0,0,0.03102808,0,0.004691695,0.026128758,0,0,0.006649034,0,0,0,0.001511803,0.002011501,0,0.010595522,0.011830452,0,0,0,0.000325157,0,0,0,0.107307915,0.099675575,0,0,0,0.000186399,0,0,0.003718793,0,0,7.51E-05,0,0,0.014318608,0.001060304,0,0,0.010262855,0.000188218,0,0,0,0,0,0,0.003553937,0,0,0,0,0,0,0,0.016051957,0.019255954,0,0,0,0.00174176,0.004052757,0,0.002743098,0,0.000931917,0.00317045,0,0,0,0,0,0,0.002656044,0,0,0,0,0,0,0,0.000788461,0,0.006678516,0,0.001928775,0.013350706,0,0,0,0,0.001919227,0.009624565,0,0,0,0,0,0.02645906,0.000882836,0,0,0,0,0,0,0,0,0,0.000479174,0,0,0,0,0,0,0,0.032578429,0,0,0,0,0,0,5.09E-05,0,0,0,0,0.015168977,0,0,0.00419911,0.013276217,0,0,0,0,0.004033511,0,0.000568239,0,0.001068009,0,0,0,0,0.000454233,0,0,0,0,0,0.001661031,0,0.07929009,0,0.035707706,0.020137661,0,0,0,0,0,0,0,0,0,0,0,0,0,0,0,0.026294173,0,0,0,0,0,0,0,0.050704414,0,0,0,0,0,0,0,0,0,0,0,0,0,0,0,0,0,0,0,0,0,0,0,0,0,0,0.005517409,0,0,0,0,0,0,0,0,0,0,0,0,0.016353935,0,0,0,0,0,0,0,0,0,0.00038778,0,0,0,0,9.74E-05,0,0.003143151,0,0,0,0,0,0,0,0,0,0.181441011,0,0,0,0,6.11E-05,0,0,0,0,0,0,0,0,0,0.00107485,0,0,0,0.05108013,0,0,0,0,0,0,0.000534504,0,0.002975812,0,0,0,0,0,0,0,0,0,0,0,0,0,0,0,0,0,0,0,0,0,0,0,0,0,0,0,0,0,0,0,0,0,0,0,0,0,0,0,0,0,0,0,0,0,0,0,0,0,0,0,0,0,0,0,0,0,0,0,0,0,0,0,0,0,0,0,0,0.000605259,0,0,CRC
ERR479302,0,0.002826507,0.015565014,0,1.38E-06,0,0,0.013126098,0.00282588,4.22E-05,0.074028738,0,0.08365291,0.017464859,0,9.00E-06,0.040516787,0.06274202,0,0,0,0,0.001565226,0.000946551,0.001726343,7.62E-05,0.037592735,0.005017108,0,7.81E-05,0.056883395,0,0,0,0,0.000334762,0.003786345,0.004080325,0,0.000231509,0,0.001880933,0,0,4.70E-05,0.02386632,0,0,0.001310348,0,0,0,0.004425006,0,0.000153272,0,0,0,0,0.051578452,0,0.033799831,0.00293241,0.002871964,0.003374873,0,0.002145399,0,0.001043882,0,0,0.000629433,0,0,0.018029312,0.002082167,0,0,0.000690619,0,0.000764556,0,0,0.0019447,0.000192567,0.00126455,0,0,0.017377602,0,0.006522131,0,2.93E-05,0.001580467,0.001806943,0,0,0.001808296,0,0,0.002531324,0.000408888,0,0,0,0.000435111,0.000464227,0,0,0,0,0,8.38E-05,0.006356195,0.001234807,0.000631544,0,0.000671592,0,0,0.00600308,3.04E-05,0.000807229,0,0.010848285,0,0.001998259,0.000520259,0.000870793,0,0.01269263,0,0,0,0,0.000818077,0,0.005498057,0.008750619,0.007080865,0,0,0,0.001171565,0.0001888,8.13E-05,0,0,0,0,0,0,0,0,0,0,7.07E-05,0,0,0.010136601,0.018495907,0,0,0.012887491,0,0,0,0,0,0.000414236,0,0,0,0,0,0,0,0,0.000598872,0.001731723,0.00243469,7.55E-06,0,0,0,0,0,0,0.003895135,0,0.027610869,0,0,0,0,0.005624997,0,0.008044106,0.001253202,0,0.001771844,0.025114945,0.003350318,0,0,0,0.009080718,0.000283434,0.007726588,0.049175382,0,0.002068589,0.004637035,0,0,0.005226652,6.81E-05,0.00154171,0,0,0,0,0,0,0,0.00137095,0,0.004371522,0,0,0,0,0,0.001609425,0,0.006307891,0.000295069,0.000932256,0,0,0.001811389,0,0,5.12E-05,0.001815157,0,0,0,0,0.021920011,0.002253527,0,0,0,0.012052132,0.003003699,0,0,0,0.000407845,0,0,0,0,0,0,0.000435214,0,0,0,0,0,0.000395416,0,0,0,0,0,0,0,0.027247845,0,0,5.27E-05,0,0,0,0,0,0.000630383,0,0,0,0,0,0.000115086,0,0,0.005817853,0,0,0,0.020561063,0,0,0,0,0,0,0,0,0,0,0,0,0,0,0,0,0,0,0,0,0,0,0,0,0,0,0,0.002184615,0,0,0,0,0.000388305,0,0,0,0,0,0,0,0,0,0,0,0,0,0,0,0,0,0,CRC
ERR479308,0.000796808,0.000208892,0.028426075,0,0.000857653,0.002663426,0.000442322,0.000693404,0.003470189,0.000339461,0.008453252,0.000387669,0.013210959,0.000993521,0.025143608,0.015896004,0.030821899,0.124841206,0.012028504,0.001526066,0,0,0.002667673,0.002818389,0,0,0.012699506,0.020484618,0.002780281,0,0.013595981,0.000207638,0,0.001043487,0.000372246,1.65E-05,0,0.003739902,0,0.002723606,0.040147139,0.005068259,0,0.000367845,0,0.005665922,0,0.002093939,8.34E-05,0.00019291,0.001074907,0,0.009445779,0.001168948,0.001300463,9.04E-05,0,0,0,0,0.021544959,0.013193402,0.002902373,0.003809911,0.002791773,0.000407351,0.000523356,0.014290606,0.002563196,0.00148364,0,0,0,0.00154872,0,0,0,0,0.002231083,0,0.000356354,0,0.000866835,0.000154436,3.87E-06,0,0.003894032,0,0.009314718,0,0.00011196,0.003579119,0.000847,0.000331035,0.001587807,0,0.001935709,0,0,4.43E-05,3.23E-05,0.000155529,7.96E-05,0.004164647,0.000884799,0,0,0,0,0.000489306,0.001080358,0.000121993,0,0.00052017,0,0.00094846,0,8.61E-06,0,0,0,0,0.000505016,0,0,2.49E-05,0.000799971,0,0.000739083,0.060216764,0.010112816,0.000624228,0,0,0.022471154,0.001065759,0.000302353,0.001929908,0,0.008310939,0,0.001104826,0,0,0,0,0.001273347,6.02E-05,0.000117225,0.003167442,0,0,0,0.001627119,0,0.019570605,0,0,0,0,0.006510085,0.000721764,0,0.001194828,0,0.002519797,0.001960058,6.98E-05,0.002789475,0,0,0,0,0,0,0,0,0,0.002811846,0,5.80E-06,0,0.000120845,0.004146074,0,0,0.000949198,0,0.005263132,0,0.008396931,0,0.001424381,0,0,0.005399956,0,0.000842465,0.001912058,0.000251926,0,0,0,0.003783737,2.53E-05,0.039876407,0.016495449,0,0.00560488,0.033944989,0.008398124,0.010660824,0.002116665,0.000353506,0,0.014446873,0.01939381,0.000647421,0.000129011,0.018679481,0.00066039,0.001738431,0,0,0.020734679,0.000104047,0,0.007218543,0.001033974,0.000373113,0,0.000208849,0.000396046,0.000765723,0.000246619,0.004294216,0.003747874,0.004137612,0.000606959,0,0,0.000408717,0,0.000157224,0.000795144,0,6.04E-05,0,0.001311635,0,0,0,0,0.001416566,0,0,0,0,0,0.000885227,0.007788478,1.52E-05,0.00028076,0,0.00013936,0,0.000245881,4.44E-05,0,0,0.000329015,0,0,0,0,0,0,0.000738975,0,0,0,0.001219708,0.003146982,0.001339819,0,0.001961473,0.029591464,0,0.001147312,0,0,0.000374298,0,0,0,0,6.17E-05,0,0.000226291,0,0,0,0.012944987,0,0.001591623,0,0,0,0.004817376,2.88E-05,0,0.001030696,3.83E-05,0,0,0,0,0,0,0,0.002299648,0.007050662,0,0,0.000678408,0,0,3.77E-05,0.000680277,0.000105275,2.32E-05,0.000397449,0,0.006555409,0,0,0.001498841,0,0,0,0,0,0.002357519,0,0.000419463,0,0,0,0,0,0,0.000898611,0,0.000633596,CRC
ERR479316,0,0.000156268,0.154861477,0.000665755,0.000546137,0.013748008,0.000795498,0,0.011723025,0,0.000702665,0.003660958,0.009882467,0.000354232,0.004417131,0.001503994,0.011748999,0.078665965,0,0.002698092,0.00614905,0.001033555,0.012277526,0.004406899,0,0,0.001269914,0.00765934,5.41E-06,0,0.000203718,0.019370437,0,0,0.000888656,0.017279093,0,0,0.000448663,0.000715342,0.008976892,0.005174855,0,0.012913074,0.00546651,0.001131941,2.03E-05,0.000355492,0,0.001209663,0,0.015745378,0.0026378,0.000328266,0,0,0.000248168,0.001406813,0,0.005016147,0.001921439,0.000938642,0.001458671,0.001175576,0.000795309,4.15E-06,0.001427732,0,0.001477502,0.000713261,0,0,0,0.008378019,0.000436251,0,2.28E-05,0.000537062,0.000233316,0,0.000123222,0,0.000124943,0.001501422,0,0,0.001856811,0,0.000728977,0,0,0,0.002674972,2.24E-05,0.000724941,0,0,0.000720822,0,0.000718414,0,0.002566261,0,0,0,0,0,0,0,0,1.95E-05,0,0,0,0,0.000293618,0.000190754,0,0.000171399,0.000433378,0.00027196,0,0.001352684,0,0,0.071118623,6.81E-06,0,0.000370908,0,0.005642883,0,8.35E-05,0,0.003662152,0.000650434,9.90E-05,0.001844395,0,0,0,0.000585879,0,0,0,0,0,0.000368107,0,0.000966411,0.001652079,0,0,0.013978906,0,0.046462034,0,0,0,0,0.008134316,0,0.003764974,0.001013589,0,0.000195558,0,0,4.68E-05,0,0,0,0,0,0,0,0,0,0,0,0.00010478,0,0,0,0,0,0.014057725,0.001632059,0.002613218,0,0.018523869,0.003479156,0,0,0,0,0,0.000475753,0.002037123,7.73E-06,0,0.0005299,0,0.00145329,0.013571543,0.015501103,0.000983787,0.02895401,0.001176931,0.018874712,0,0,0.00350093,0.001309835,0.000684881,0.004003589,0.013423688,0,0.032245636,0,0.003046962,0,0,0,0.00324917,0.00022533,0.000417226,0.00072041,0.000356857,0.009567405,0,0.003041916,0,0,0,0.008283687,0,0,0,0.008824702,0.000220813,0.001949099,0,0,0.001039218,0.017345079,0,0,0,0,0,0.000215053,0.000174941,0.002063135,0.000129546,0.000419225,0,0.000112019,0,0,0.019271557,0.000456881,0.007708453,0,0,0.000233316,0.000391254,0,0,0,0,0.000264962,0,5.11E-05,0,9.74E-05,0,0,0,0.005604239,0,0.000855276,0,0,0,0.000326632,0,0.001318355,0,0,0,0,0,0,0,0,0.000868052,0,0,0,0,0,0.000242131,0,0,0,0.000420412,1.18E-05,0.012402782,0.018556349,0,0,0.000235623,0.000191867,0,0,0,0,0.000121612,0.019289677,0.025824595,0,0.003836791,0,0,0,0,0,0,0,0,0.000565308,0,0,0,0,0,0.000464308,0,0,0,0.011274968,0,0.000555975,0.003284594,0,0,0,6.16E-05,0,0,0.00062709,0,0.000904918,CRC
ERR479319,0.010154758,0.049692575,0.001764066,2.27E-05,0,0.000247419,0,0.010288191,0.00912668,0.069931943,0.077062597,0.000214029,0.044668862,0.005856163,0.003197802,0.011581129,0,0.00802106,0.015728982,0,0,0.013357664,2.25E-05,0.001563671,0,0,0.12294578,0.012939145,0,0,0.002657806,0.012905482,0,0.000287299,0.001426102,0.008138166,0,0.001721334,0,0,0.008356099,0.000156827,0,0,0.000333947,0.00348542,0.00156787,0.009410765,0,0,0,0.000361864,0.009006621,0.000147571,0.000158376,0,0,0,0,0.008705498,0,0.004973386,0.004485905,0.006614579,0.000226732,0.000107492,0,0,0.001206526,0,0,0,0,0.000174395,0,0,0,0,0.000435345,0,0.000643272,0,0,0.015502749,0,0,0,0,0.003517653,0,0,0.0059183,0,5.01E-05,0.000563799,0,0,0,0.000447586,0,0,9.08E-05,0,0.02511057,0,0,0,0,0,0,0,0,0,0,0,0.000303152,0,0,0.001229161,0.018372598,0,0,0.000210495,0,0,0.000149055,7.06E-05,0,0,0.018326716,0.000210824,0.000288429,0,0,0,0,0,0.000104585,0,0.0174059,0,0,0,0,0,0,0,0,0,0,0,0.000651161,0.010121359,0.000970972,0.000661348,0.004606859,0,0,0,0,0.012057908,0.000604184,0,0.005913118,0,0.027015607,0,0,0,0,0,0,0,0,0,0.000207701,0.004276773,0,0,0,0,0,0,0.000180891,0,0.00251794,0.000852848,0,0,0,0.000487204,0,0,0,0.001250235,0.002837976,0.000430699,0.000664631,0.051271575,0,0,0,0,0.001521395,0,0.066755129,0.027935972,0,6.18E-06,0.00836015,0,0.003622999,6.45E-05,0,0.0068193,0.001569491,0.000548492,0,0.004803874,0.000446935,0,0.004502239,0,0,0.01366632,0,0,0.00191257,0.000341137,0,0,0,0,0.008282399,0,0,4.78E-05,0.000229056,0.002729752,0,0,0.002109596,0,0.000891928,0.001159522,0.000854074,0,0,3.19E-05,0,0,0,0,0,0,0,0,0,0,0.000539273,5.23E-05,0.000376449,0.006278228,0,0,0,0.000165233,0,0,0,0.000811026,0,0,0,0,0,0,0.002257308,0,0,0,0,0,0.000212602,0,0.001243423,0.000714343,0,5.79E-05,0,0.000209737,0,0,0.000683072,0,0,0,0,0,0,0,0,0.000102388,0,0,0,0,0,0.004608581,0.000312027,0,0,0,0,0,0,0,0,0,0,0,0.010528011,0,0,0.002306353,0,0.002222605,0,0,0,0,0,0,0,0,0,0,0,0,0,0,0,0,0.001176983,0.003437982,0,0.003371047,0,0,0,0,0.000225501,0.006195631,0,CTR
ERR479331,0,0.001477943,0.00769281,0,0,0.005794545,0.002153305,0.003907432,0.00621531,0.008356979,0.002101825,0.033066517,0.000309135,0.005416188,0,0.00455986,0.005154871,0.111809885,0,0.001321264,0.005641204,0.022492162,0.000612913,0.004841365,0,0,0.056127355,0.004847139,0.000207514,0,0.010356394,0.019964975,0,0,0,0.001010527,0,0.004540072,0,0.011432239,0.006717986,0.000336514,0,0.00308871,6.40E-05,0.026355211,0.000422117,0.004791756,1.70E-05,0,0.000121488,0.012693487,0.005534591,0.002492263,0.000307762,0,0,0,0,0.0362792,0,0.006206465,0.000305236,0.001228815,0.000899797,0.000452469,0,0,0.00084474,0.000744036,0,0,0,0.001629249,0,0.001545606,0,0,0.002192046,0,0.001358134,0,0,0.01492295,0,0,0,0,0.002538798,0,0.001077188,0.000239738,0,0.000764699,0.004833568,0,0,0.001486082,0,5.14E-05,0,0,0,0,0,0,0,0,0,0,0.0003469,0,0,0.008689448,0,0,0,0,0.007049419,0.002182888,0,0.001047884,4.45E-05,0,0,0.002510098,0.003732721,0,0,0,0.020533864,0.000156521,0,0,0.001034292,0.000465482,0.001681083,0.000360104,0.000342966,0,0,0,0,0,0,0,0,0,0.002803454,0.001535592,0,0,0,0.002337623,0,0.000328972,0,0,0.000789659,0,0.0243496,0,0.005882032,0.004525649,0.007832312,0.007204019,0,0.008895385,0.00107373,0.002660056,0,0,0,0,0,0.022265202,0.000124748,3.00E-05,9.58E-06,0,0,0,0,0.024648213,0,0.014028153,0.00019372,0,0.002011084,0.001420397,0.003937052,0.000750374,0,0,0,0.006239299,0.001584712,0.001419559,0.000930538,0.000823377,0,0,0,0,0,0,0.011016117,0,0,0.01047847,0,0.001542174,0.015625426,0,0,0,0.003581106,0,0.004038339,0,0.00022294,0.011874778,0.000144811,0.000418003,0.005140474,0.000172476,0,0.003249874,0.000629563,0.007487864,0.005006965,0.001583846,0,0,0,0,6.83E-06,0.002552636,0.019909422,9.76E-05,0.000396103,0.001915334,0.000556737,0.000944773,0.000570585,0.005341495,0,0,2.87E-05,0.009808677,0,0,0,0.003695005,0.004456524,0,0,0,0,0.000905253,0.001617356,0.000436448,0.006749484,0.001169362,0.00098118,0,0.000644351,0,0,0,0.001571697,0.000364994,0.000205389,0.006701301,7.54E-05,0,0,0.000218213,0.002850737,0.000826877,0,6.20E-05,0,0,0.002315267,0,0,0.012757136,0.000345434,0,0,0,0,0.031391643,0,0,0,0.016148609,9.11E-05,0,0,0,0,0,0,0.002897461,0,0.018588616,0.009976954,0.005861114,0.002000107,0,0.000607602,0,0,0,0.000538948,0,0,0,0,0,0.002703053,0.004249255,0.000411403,0,0,0.000225448,0,0,0.003088157,0,0,0,0,0,0.005195239,0.008396846,0,0,0.000468299,0,0,8.18E-05,0.001915191,0,0,7.36E-05,0,0.018106369,1.08E-05,0,0.001965872,0.001625232,CRC
ERR479339,0,0,0.002021396,0,0,0,0.000933007,0.000212385,0.003999121,0.000497954,0.01012107,0.023334106,0.071342866,0.007677378,0,0.021747277,0.003248515,0.007049677,0,0,0,0.000780438,0.010013647,0.001463268,0,0,0.294395847,0.007947456,0,0,0.000224207,0.006281401,0.00042683,0.001984612,0,0.034879861,0,0.001400372,0,0.00027486,0.011083151,0,0,0,0,0.000893843,0.020709155,0.014695852,0,0.000213212,0,0,0.001503284,0.000959099,0.000472265,0,0,0,0.011323322,0.011637679,0,0.002105934,0.000469714,0.00043355,1.67E-05,0,0,0.005854709,0.000340933,0,0,0.000507463,0,0,0.001438019,0,0,0,0.002222434,0,0.001821436,0,0,0,0,0,0.000496218,0,0.003484341,0,0,0.001195327,0,0.000396226,0.001310969,0,0,7.16E-05,0,0,0,0,0.000166647,0.009653657,0,0,0,0.000542161,0,0,0,0,0,0.001056729,0,0.000719596,0,0,0,0,0,0.002544541,0,0,0,0.000934315,8.08E-05,0,0,0,0.000322018,0.001005358,0,0,0,0,0,0,0.001388957,0,0,0,0,0,0,0,0,0,0.000889106,0.000397898,0,0.011428068,0,0.000312508,0,0.020421712,0,0,0,0,0.000724165,0,0.006346029,0.002916316,0,0.026093148,0,0,0,0,0,0,0,0,0.000118362,0.001174237,0.003022611,0,0,0,0,0,0.000362504,0.009142518,0.002870345,0,0.001137447,0,0.000292956,0.001178574,0,9.01E-05,0,0,0,0,0.0013255,5.35E-05,0.021104715,9.61E-05,0,0,0,0.000634411,0.005831325,0,0.007224434,0.027548365,0.000104982,0.010956619,0,0.000619839,0.000827646,0.000812725,0,0.002759384,0.000648108,0,0.000410653,0,0.007425305,0.001444276,0.00497615,0,0.007278245,0,0,0.001017591,0.000887502,0,0,0,0.059179137,0.000336057,0.006152709,0,0,0.000328153,0.000684725,0,0,0.001179152,0,0,0.000118056,0,0,0,0,0.001641801,0,0,0,0,0,0,0,0,0,0,0,8.19E-05,0.006021517,0.000166448,0.000391867,0,0,0,9.79E-05,0,0,0,0,0,0.006571441,0,0,0,0.010485562,0,0.004216548,0,0,1.44E-05,0.001095246,0,0,0.006702214,5.00E-05,0,0.051284532,0,0,0,0,0,0.000487532,0,0,0,0,0.000250843,0,0,0.00099362,0.003013511,0.002254094,0,0.000507332,0,0,0,0,0,0,0,0.000115641,0,0,0.000541276,0,0,0,6.35E-05,0,0,0,0,0,0,8.60E-05,0,0.00732455,0,0.00066022,0,0,0,0,0,0,0,0,0,0.000732491,0,0.000274053,0,0,0,0.006085867,0.000575436,0,0,CTR
ERR479348,0,0.001217378,0.029748916,0,0,0,0.005552067,0.003223344,0.002051185,0.013421406,0.000357343,4.06E-05,0.004092558,0.000151153,0,0.048833939,0,0.290605894,0,0.002867231,0.000340764,0,0.004221501,0.002039352,0,0,0.023763851,0.021268181,0.013649431,0,0.000978286,0.042240728,0,0,0.030742207,0.00299761,0,0,0,0.001305849,0,0.001352665,0,0.000888474,0.000404056,0.000526658,0.014394802,0,1.64E-05,0.006118259,0,1.25E-05,0.008524305,0.000681228,2.86E-05,0.000107639,0.000303843,0,0,0.001103707,0.000670167,0.000340731,0.001871867,0.005785227,0.005449539,0,0.000877537,0,0.000123573,0.000266074,0,0.003401383,0,0.004657007,0.000950534,0.000724337,0,0.000153146,0.001681469,0.000315436,0.002129678,0,0,0.003240265,0.000374537,0,0,0.001162518,0.000947456,0,0,0,0,0,0.001088072,0.000186453,0,0.003807647,0,5.90E-05,0,0,0,0,6.63E-05,0,0,0,0,0,0,0,0,0.000118416,0,0.00013238,0.001106934,0,0,0.001209656,0,0.00025238,0,0,0,0.002042421,0.000285697,0,0,6.21E-05,0.005727906,0.000211256,0,0,0.008636578,0.001201409,0,0.000608039,0,0,0,0.000113015,0,0,0,0,0,0.000563349,0.002263092,0.002371673,0,0,0,0.004194774,0,0.000891867,0,0,0,0,0.000437712,0,0.010699378,0,0,0.003098521,0.001035953,0,0,0,0,0,0,0.001367991,0,0,2.36E-05,0,0.001510178,0,6.90E-05,0,0.000228612,1.88E-05,0,0.004295461,0.025784074,0,0.001312588,3.39E-05,0.031062405,0.002338324,0,0,0,0,0,4.00E-05,0.001848179,4.72E-05,0,0.012924646,0.002161538,0,1.56E-05,4.63E-05,0.003761101,0.000909806,0.000326526,0.007509693,0.000658343,0.000746706,0.008219961,0,0,0,0.034082283,0,0.001057379,0.009585956,0.003511591,0.009758875,0,0,0,0,0,0.000102544,0.000245042,0.002370487,0,0,0,0.000181717,0.000315042,5.88E-05,0,6.88E-05,0,0,0,0.000204995,0,0,0.000229692,0.000292128,0,0,0,0,0,0.000141816,0,0.0002827,0.001681176,0,0,0,0,0,0.008648379,0.000955883,0.000201634,0,0,0,0,4.61E-05,0,0.000270335,0,0.002653583,0,0,0,8.53E-05,0,0,0,0,0.000299288,0.00148221,0,0.000544646,0.001057371,0,0,0.000264997,0.000107759,0,0,0,0,0,0,0,0,0.002723972,0,0,0,0,0,0,0,0,0,0.043335336,0.072053667,0,0,0,0,0,0,0,0.000448718,0,0,7.98E-05,0.000107317,0,0,0.002029477,7.86E-05,0.017806452,0,0.003753423,0,0,0,0,0,0,0,0,0,0,0,0,0.000199861,4.16E-05,0,0,0,0.001392703,0.000131779,0,0,0,0,0,0,0,CRC
ERR479357,0,0.00545527,0,0.001731082,0,0,0.052768886,0,7.61E-06,0.003153444,0.00150327,0,0.001431603,0,0,0.003456308,0,0.081846759,0,0,0,0.009096495,0,0.002150903,0,0,0.000130799,3.24E-06,0.000208137,0,6.14E-05,0.01450546,0.000233198,0,0.185525854,0,0,0,0,0.005516998,0.000385144,0.023149523,0,0.002398737,0.006893502,4.59E-06,0.000107503,0,0.000467845,0,0,0.15951845,0,0,0,0,0.019905297,0,0,0.00037701,0.004335185,0,0,0,0.007222912,0,0.001526186,0,0,0,0,0.001296769,0.000106829,0,0,0,0,0.021929987,0,0.002565274,0,0,0.002975501,0,0.002599294,0,0,0,0,0.002510856,0,0,0,0,0,0.014742759,0,0.018278844,0.008768949,0,0.007614905,0.001203523,0,0,0,0,0,0,0,0,0,0.000521135,0,0,0,0,0,0,0,0,0.000635734,0,0.001326281,0,0,0.000885412,0,0,0,0,0,0,0,0,0,0.000240841,0,0,0,0,0,0.008039214,0,0,0,0,0.002841138,0,0.001488132,0,0.018925596,0,0,0,0,0,0,0,0,0,9.27E-05,0,0.000144103,0,0,0.000120219,0.002199606,0,1.76E-05,0,0.000584083,0,0,0.00154872,0,0,0,0.002866885,0,0,0.001292303,0,0,0,0,0.007661967,0,0,0,0,0.000347261,0.014129946,0,0,0,0,0,0,0,0,0,0,0,0,0,0,0,0,0.000235205,9.88E-05,0,0,0,0,0,0,0,0,0.00751666,0,0,0,0,0,0,0,0,0,0,0.066155755,0,0,0,0,0,0,0,0,0,0,0,0,0,0,0,0,0,0,0,0,0,0,0,0.026900542,5.96E-05,0,0,0,0,0,0,0,0,0,0,0,0,0,0,0,1.82E-05,0,0,0,0,0.142584651,0,0,0,0,0,0,0,0,0,0,0,0,0,0,0,0,0,0,0,0,0,0.000108857,0,0,0,0,0,0.000183234,0,0,0,0,0,0,0,0,0,0.000989676,0,0,0,0,0,0,0,0.001289901,0,0,0,0,0,0,0,0,0,0,0,0,0,0,0,0.000712269,0,0,0,0.000212793,0,0,0,0.003450394,0,0,0,0,0,0,0,0,CRC
ERR479370,0,0.04299679,0,0,0.00316738,0,0.025703962,0,0.007905291,0,0.013984341,0.001539956,0.050908383,0.0052832,0,0.04697255,0.029191505,0.026880418,0,0,0,0,0,0,0.001037871,0.006192701,0.175252184,0.002708892,0.059446334,0.005772001,0.013250603,0,0,0,0.026866864,0.006421445,0.00210748,0,0,0,0,0.007593343,0,0.007491865,0.002950808,0.015171501,0.000319555,0,0.000480219,0.021984309,0,0,0,0,0.005562537,0.000147269,0,0.001095328,0,0.031243346,0.025319471,0,0,0.001586541,0.000262298,0,0.004775266,0,0.000864153,0,0,0,0.001776311,0,0.049333297,0.009954861,0.006625653,0,0,0.001637967,0,0,0.000389488,0.004836983,0,0,0.051117808,0.00029527,0,0.000926413,0,0.000550339,0,0,0.000508096,0.000909743,0,0,0,0,0,0.002345758,0,0,0,0,0.00011711,0.002254311,0.001792553,0,0,0.000689927,0.000557198,0.008787801,0,0,0,0.000643686,0,0,0,0,0.003991135,0,0,0,0.006275974,0.000250098,0.001315361,0,0.0045397,0,0.000401094,0.000899967,0,0,0.008276351,0.001402603,0.003134651,0,9.24E-05,0.000136984,0,0.000343739,0,0.000274657,0,0,0.00508686,0,0,0,0,0,0.000955732,0.001298408,0,0,0,0,0.00276437,0,0,0,0,0,0,0,0,0,8.90E-05,0.00663475,0.000702679,0,0.003648002,0,0,0,0,0,0,0.000286303,0,0,0,0.01653628,0,0.019551536,0,0,0.001307091,0.004185546,0.003630275,0.000107797,0,0,0,0,0,0,0,0.007477321,0,0,0,0,0,0,0.001660985,0.000105691,0,0.010892771,0.015868402,0,0,0,0,0,0,0,0,0,0,0,0,0,0,0,0,0,0,0,0,0,0,0,0,0,0,0,0,0,0.000985506,0,0,0,0,0.002318633,0,0,0,0,0,0,0.006455532,0,0,0,0,0,0,0,0.00054709,0,8.97E-05,0,0,0,0,0,0,0,0,0,0,0,0,0,0,0,0,0,0,0,0,0,0,0,0,0,0,0,0,0,0.000591809,0,0,0,0.000219418,0,0.000136026,0,0,0.004768055,0,0,0,0,0,0,0,7.12E-05,0,0,0,0,0,0,0,0.012262307,0,0.008849313,0,0,0,0,0,0,0,0,0,0,0,0,0,0,0,0,0,0.001077391,0,0,0,0,0,0,0,0,0,0,0,0,0,0,CTR
ERR479415,0,0.007697166,0.021983868,0,0.022651555,0,0.003780743,0.011455829,0.00800345,0,0.07107382,0.000147271,0,0.002313529,0,0.030718197,0,0.040370669,0.012271078,0.000583606,0,0,0.000623694,0.012230519,0,0,0.010975416,0,0,0,0.028601156,0.027444957,0,0,0,0,0,0,0,0.000167435,0.01701738,0.00013391,0,0.002301423,0.022229223,0.00595226,0.004563904,0.000321503,0,0,0.016374233,0.009500343,0.010213549,0.00033696,0.002987795,0.000262806,0,0.000239604,0,0,0.000237022,0.032160584,0.001129922,0,0.000266394,0.00051597,0,0,0.000942637,0.000150842,0,0,0.000214587,0.001238252,0,0,0,0,4.01E-05,0.000155735,0,0,0,0,0,0,0,0,0.017903748,0,0,0,0,0.000211406,0.000159067,0,0,0.004039415,0.003932023,0.002136786,0,0,0,0,0.000543921,0,0,0.000753356,1.03E-05,0,0.000395028,0.000148771,0,0.001681377,0,0.000698351,0,0,0.000424865,0,0,0,0.000499717,0,0,0,0,1.94E-05,1.10E-05,0.015851246,0.000208872,0.003317278,0,0,3.13E-05,1.93E-05,0.003122591,0,0,0,0,0,0,0,0,0,6.63E-05,0,0.000174794,0.00417632,0,0,0,0.00186536,0.000109489,5.88E-05,0,0,0,0,0.010191705,0,0,0.000577835,0,0.004950863,0,8.02E-05,0.000153997,0,0,0,0,0,0.003024099,0.007277476,0,0,0,7.31E-05,0.000196605,0,3.17E-05,0,0,0,0,0,0.096069099,0,0,0,0,0,0,0.009072803,0.003508552,0.020244075,0.000244301,0,0,0,0.019955338,0,0.00190014,0,0.033894521,0,0,0,0,0,0,0,0.046196721,0,0,0,0,0,0,0.012881365,0,0,0.000359994,0,0,0,0.00530499,0.001970184,0.000462499,0,0.016237081,0,0,0,0.000512346,0.020783315,0,0,0,0,0,0,0,0,0,0.000112345,0.000780433,0,0,0,0,0.003192198,0,0,0,0,0,0.015130132,0.001953038,0,0,0.005036,0,0,8.67E-06,0,0,0.001038611,0.001061073,0.000372986,0,0,0,0,0,0.001293064,0,0,0.000240541,0.000190149,0,0.002897908,7.66E-05,0,0,0,0,0.000492862,0.002638401,0,0,0,0.001660049,0.035087609,0,0,0,0,0,0.021704178,0,0,0,5.26E-05,0,0.048985221,0.001059172,0.002039209,0,0,0,0,0,0,0,0.021054491,0,0,0,0,0.002959857,0,0.000109002,0.000203778,0.002239935,0,0,0,0.003763261,0.000188265,0,0,0,0,0,0,0,0,0,0,0,0,0,0,0.001072293,0,0,0,0,0,0,0,CRC
SRR6915225,0,0.094886676,0.060807417,0,0.000141,0,0,0,0.00011815,0,0,0,0,0,0,9.82E-06,0.062960167,5.82E-06,0,0,0.011144809,0,0,0,0.001186023,0.00049188,0,0,0.011164626,0,0,0,0,0,0,6.67E-05,0.000230152,4.25E-05,0,0.001739983,0,0.028373821,0.015044497,0,0.095333729,0.000255188,8.32E-06,0,0,0,0,0,0,0,0,0,0,0.000459347,0,0.00381461,0,0,0,0,0,0,0.081807653,0,0,0,0,0,0.01028552,0,0.000194913,0,0,0.005991412,0,0,0,0,0,0,0.004802534,0,0,0.000746856,0,0.000148727,0,0,0,0,0,0.000488123,0,0,0,0,0,0,0,0,0,0.00018244,0,0,0,0,0,0,0.003835413,0,0,0,0,0.000252605,0,0,0,0,0,0,0,0,0,0,0,0,0.000238575,0,0.002208554,0.004237625,0.000784365,0,0,5.64E-05,0,0,0,0.002813731,0,0,0,0,0,0,0,0,0,0,0,0,0.031223825,0,0,0,0,0.000452994,0.002659479,0,0,0,0,0,0,0,0,0.002599475,0.000239705,0,0.000425728,1.06E-05,0,0,0,0.003321795,0.011376765,0,0,0.006794943,0,0,0,0.4298347,0,0,0,0,0,0,0,0,0,0,0,0,0,0,4.41E-06,1.71E-05,0,0,0,0,0,0,0,0,0,0,0.003546593,0,0,0,0,0,0,0,0,0,0,0,0,0,0,0,0,0,0,0,0,0,0,0,1.43E-05,0,0,0,0,0,0,0,0,0,0,0,0,0,0,0,3.25E-05,0,0,0,0,0,0,0,0,0,0,0,0,0,0,0,0,0,0,0,0,0,0,0,0,0,0,0,0,0,0,0,0,0,0,0,0,0,0,0,0,0,0,8.44E-05,0,0,0,0,0,0,0,0,0,0,0,0,0,0,0,0,0,0,0,0,0,0,0,0,0,0,0,0,0,0,0,0,0,0,0,0,0,0,0,0,0,0,0,0,0,0,0,0,0,0,0,0,0,0,0,0,0,0,CTR
SRR6915184,0,0.015606135,0.018601209,0.002521951,0.009101313,0,0.001576845,0.002861,0.026635714,0.004100683,0.000563041,0.005001037,0.110481599,0.01168095,0,0.005464945,0.032625941,0.105194578,0,0.001657874,0,0,0.002391587,0.00137844,9.46E-05,0,0.026445979,0.008075438,0.002141269,0,0.000651839,0.025373079,0,0,0.001105734,0,0,0.010673254,0.000889135,0,6.17E-05,0.001371128,0,0.003095261,0.000518388,0.032339104,0.000564301,0.010840616,0.007419003,0,0.000397865,0,0.005002026,0.00402903,0.000280895,0.013649837,0,0.000604512,0,0.000325185,0.003586342,0.027482333,0.008721847,0.004457306,0.000785273,0.002159889,0.000594654,0.003387066,0.00655905,0,0.000388896,0.001135831,6.66E-06,0,0.020539829,0,0.001136623,5.65E-05,0.003128636,0.000609023,0.001279732,9.29E-05,0.000607257,0,0,0,0,0.000558484,0.007280279,0.000219235,0,0,0,0.00056362,0,0,0,0.00149502,0,0.000517765,0.000217936,0.000414446,0,0,0,0,3.13E-05,0,0.00459437,0,0.001066958,0.0020083,0,0.02380493,0,0.000859915,0,0.000113963,0,0,0.000805349,0,0.000409589,0.000759641,0.000240407,0,0.008115771,0.000177537,0.003384083,0,0.010139111,0.001030522,0.000184098,0,0.010114635,0,0,0.005871137,0,0,0,0,0,0.000119986,3.42E-05,0.000445055,0,0.000809605,0.00017528,0.003859579,0,0,0,0.004665447,4.58E-05,0.000156108,0,0.001523483,0.000203557,0,0.064887191,0,0.001000957,0.004059284,0,0.005150673,0,0.000253915,0.002334382,0,0,0,0,0.002060902,0,0,0.001506341,0,0.000758134,0,0,0.000121239,0.001019813,0,0,0,0.000121456,0,0,0.000521419,0.033972716,0.000877714,0.034287126,0,0,0.001506883,0.011812348,0,0.01810797,0.001442749,0,0,0,0,0.003200651,0,0,0,0,0.007260942,0,0.002028881,0.004672372,0,0.02453261,0,0.005391111,0,3.52E-05,0,0,0,0,0,0.002009459,0,0,0.006419887,0.004182257,0.000144045,0,0,0.010234108,0,0,0,0.000327891,0,0,0,0,0,0.001176222,8.57E-05,0.002280187,0,0,0.0009359,0.001065646,0,0,0,0.000333428,0,0.000731077,0.000302433,0,0.00027814,0,0.000579591,0,0.00011252,0.004187712,0,0.000883244,0,0.000644708,0.00031766,0,0,0,0.003331178,0,0,6.09E-06,0,0,0,0,0,3.32E-05,0,0.00067887,0,0.000575471,0.004578734,0,0,0.002659072,0,0.000107642,0.000873192,0,0,0,0,0,1.84E-05,0.002770892,0,0.000422894,0,0,0.002237332,0,0,0,0,0,0,0,2.90E-05,0,0,0,0.000963068,0,0,0.001563662,0,0,0,0.002910572,0,0.000727288,0,0,0,0,0,0,0,0,0,0,0,0,0,0.002076746,0,0,0.000150494,0.00139204,0,0,0,0,0.001182801,0,0,0,2.37E-05,0,0,CRC
SRR6915183,0,0.001999695,0.003173129,0,0,0,0.002120852,0,0.00822696,0.009083299,0.004576019,0.002160022,0.198360023,0.001413796,0,0.005593991,0,0.036658277,0,0.00021828,0,0.006628266,0.000624961,0.003561069,0,4.41E-06,0.008242757,0.010294358,0.002601426,0,0,0.011114015,0,0.001637683,0.002926923,0,0,0.003855428,0,0.004835159,0.000952373,0.000801783,0,0.001794552,0.000220037,0.023138529,0.000136213,0,0,0.017872454,2.91E-05,0.004963021,0.004307154,8.61E-05,0.040571752,0.006806589,0.004553668,0,0,0.101018782,0.004708855,0,0.000434595,0.010720021,0.001225653,0.001462294,0,0.000116604,0.003691977,0,0,0.000207651,7.58E-06,0.002937907,0,0,0.000167346,6.75E-05,0.000143141,0.000170261,3.82E-05,0,0.000353702,0.005290306,0.000995858,0,0,0,0.009116456,0,0,0.000793844,0,0.000661599,0.000990007,0.000195305,0,0.001043473,0,0.000231921,0.000239736,4.57E-05,0.002266537,0,0,0,0,0,0,0,0.000326343,0.000180454,0,0.000608301,0,4.64E-05,0,0,5.84E-05,0,0,0,5.94E-05,0,0.002393955,0.028261623,0.008141147,0,0.000525996,0,0.006435194,0.002605303,0.00131744,0,0.001220817,0,0.000128686,0.000898292,0,0,0.002603328,0,0,0.008740203,0,0,0,0,0,0.00015227,0,0,0,0.012523478,0,0.000758317,0.000161632,0,0.000257,0,0.022533309,0,0.001291518,0.009477728,0,0.001796675,0.002291059,0.001923777,0.001219995,0,0,0,0,0.001078125,1.28E-05,0.028020976,0,0,0.000254643,0.000122779,0,0,0,0,0,0.000970499,0.009398678,0,0.00112155,0,0.02481142,0.000209076,0,0,0.001027653,0,0.000723968,0.00110815,0.005250134,4.76E-05,0,3.88E-05,0.011685236,0,0,0.019615247,0.009445812,0,0.003021083,0,0,0.007324374,0.001363535,0,0.000800399,0,0.001014196,0,0.018950005,0,0,0.003850872,0,0,0.002634391,0,0,0.004326699,0.000123061,0.015545813,0.000154766,0.000663757,0.004191758,0,0,0,0,0.001385709,0,5.78E-05,0,0,0.001111358,0,0.002095447,0.00074539,0,0.000301649,0.005557064,0.000909014,0,0.000176976,0.00033566,0.006795792,0.001305952,0,0,6.18E-05,0,0.000569564,0.001402807,0,0.004895202,0,0.000118694,6.03E-06,0.000178978,0.000351643,0,0,0.001083949,0.000941713,0,0,0,0.000980864,0,0,0,0.003391298,0,0.000101914,0,0,2.42E-05,0,0,0,0.000288347,0,0.004873515,0.000926365,0.014236406,0.013313863,0,0,0,0.006897429,0,0,0,0.000379146,0.018261466,0,0,0,0,0,0,0.000982703,0,0,0,0,0,0,0,0,0,0,0,0.006178454,0,0,0.000665171,0.006036403,0.000925117,0.001619027,0,0.000105991,0.002546268,0,0,0,0,0.00012138,0.000216366,3.24E-05,0,0,0.002564841,0,0.000576389,0,0,0,0,0,0,0,0,0,0,0,CRC
SRR6915185,0,0,0.009730723,0,0,0,0.00010468,0.004017407,0.017233718,0,0.012125388,0,0.085471485,0.000887256,0,0,0,0.061770416,0,0.000180038,0,0.002536013,0.002046448,0,0,0.000137686,0,0.006349206,0,0,0.010288141,0.003125493,0,0,0.016864919,0.006009658,0.00249791,0.008955149,0.00249821,0,0,0.000208111,1.84E-05,0.001779938,0.000299658,0.031125147,0,0,0.000192471,0.019774301,0,0,0.00424398,0.0014264,0.000157547,0.000468713,0.000964461,0,0,0.066727875,0,0.008408778,0.001293294,0.004003461,0.000482996,0.002984401,1.61E-05,0,0.002825034,0.000460209,0,0.000333848,0,0,0.045488592,0.014534844,0.000524123,0.002531858,0.003734396,3.40E-05,0,0,0.000760493,0,2.12E-05,0,0,0,0.008041023,7.43E-05,0,0.018890782,0,0.000894007,0.006399916,0.000867987,0,0,0,0,0.000257133,7.57E-05,0,0,0,0,0,0,0.00128939,0,0.000717465,0.000471585,0,0.021452047,0,0.000385344,0,0,0,0,0,0.020677575,0.00011432,0,0,0.000973774,0.000668202,0,0,0,0.022572639,0.000754954,0,0,0.00041665,0.001182951,0.002429072,0.003169018,0.001243442,0.009290735,0,0,0,0,0,0,0,0.000113985,0.001867946,0.00286992,0,0,0,0,0,0.00024307,0,0,0,0.001438765,0.007990001,0,0,0.020296301,0.006228192,0.0013337,0,0.002879918,0.00471158,0.001894435,0,0,0,0,0,0.00868094,0,0,2.01E-05,0,0.000738359,0,0,0.004863175,0,0,0.000894408,0,0.002429428,0,0.003095681,0.000192628,0,0,0,0.000842959,0.005030626,0.009567391,0.010101137,0.001368599,0.000288915,0,0.019435433,0,0,0,0.033169091,0.014451568,0.002934432,0.020120835,0,0.010654091,0.018653878,0,0,0.014106354,0.006746223,0,0.0005302,0.00384349,0.002999167,0.000628033,0,0,0.000510296,0,0,0.004120691,0.001645125,0.000481165,0.009390665,0,0,0,0.004607895,0.058896133,0.000779908,0.001013968,0,0.000281601,0,0,9.83E-05,0,0,0.002140674,0,0,0,0,0,0,0,0.000103784,0.001362636,0,0,0.003823234,0,0.00102567,0.005781334,0,0.0041056,0,0.000310385,0,0.000723466,0.000120485,0,0,0,0,0,0.00060664,0,0.000285968,0,0,0,0.009200986,0.010227665,0.00054503,0,0,0,0,0,0,0,0,0,0,0,0,0,0,0,0,0,0,0,0.002481957,0,0,0.000105175,0,0,0,0.006767928,0.002183297,0,0,0.000200491,0,0,0,0,0,0,0,0,0,0,0.001049438,0,0.010852215,0.000143728,0,0,0,0.000556243,0,0.000219296,0,0,0,0.003568803,0,0,0,0,2.09E-05,0.001590206,0.000286098,0,0,0,0,0,0,0,0.007461975,0,0,CRC
SRR6915181,0,0.00174434,0.007833611,0.000604835,0,0,0.005174515,0.005740834,0.002989765,0.05198281,0.006945208,0,0.061779184,0.001775412,0,0.015048744,0,0.040408041,0,5.56E-05,0,0.007448288,0.001518393,0.000264939,0,0,0.009815987,0.008318812,0.000477796,0.000149713,0.009709789,0.003855028,0,0.001029071,0.014089125,0.009993167,0,0.006412393,0.000809498,0,0.001728484,0.000280028,0,0,0.000880783,0.010876675,0.000735905,0.007291438,9.97E-05,0.001761365,0.012784044,0.000175284,0.000247846,0.000558413,0.000466684,1.56E-05,0.002267218,0,0.006334094,0.126639414,0.011912185,0.008130375,0.000239708,0.006470657,0.000780674,0.002460347,0.000197847,0.004863605,0.001137331,0,0,0.000531882,0.00028172,9.08E-05,0.000351228,0.002861213,0.001111602,3.30E-05,0.000669801,0.000340335,0.000500616,0,6.46E-05,0.000506038,0.000420042,0,0.014504384,0,0.005847159,0.000180253,0.000780108,5.81E-05,0,0.001105413,0.003336081,0.000545731,0,0.001650992,0,8.58E-05,0.000300473,1.14E-05,0,0,0.001025947,0,0,0.000859594,0.00077202,0,0.000552275,0.000486484,2.74E-05,0.021779672,0.001595803,0.000910794,0,1.75E-05,0.001667633,0.00608008,0,0,8.42E-05,0,0,0.001764021,0.007882698,0,0,0,0.001172788,6.35E-05,9.74E-05,0,0.000207621,0.001385581,0.000784528,0.00147355,4.44E-05,0.01532814,0,0.000257211,0,0.000218896,0,0,0.003427557,0,0,3.11E-05,1.19E-05,0,0.019873115,0,0,0.000241709,0,0,0,0.000655612,0.021226953,0.010351917,0.009214148,0.00309287,0,0.001038806,0,0.000653005,0,0,0,0.00060084,0,0.000217186,0,0.003007259,0,0.000110865,0.000149531,0,0.000257005,0,0,0.050197106,0,0.008758516,0.00194299,0.004368427,0.005683613,0,0.002165167,0.000992909,0,0,0.010696387,0,0.005484032,0.002873775,0.00040721,6.67E-06,0.000209324,0,0.003992513,0,0,0,0.002255746,0,0,0.005409808,0,0.002592764,0.014788653,0.000114265,0,0,0.003758776,0,0.035519072,0.000399175,0,0,0.001418697,0,0.000477652,0,0,0.003303663,6.35E-05,0.013721665,0,0.000124987,0,0,0.000150917,0.003633442,0.001491425,0.00094823,0.015033974,0,0,0.002733938,0.00026523,0,0.003004974,0.000688586,0,6.74E-05,0.000126395,0.000187155,0.00376808,0,0,0.002033254,0,0.000325128,0,0.000677057,0,0.000506982,0.002126195,0,0,0,9.28E-05,0,0.000266875,0.000476519,0,0,0.000883884,0,0,0.001404423,0,0.013471056,0,0,0,0.001290011,0.002776891,0.001309799,4.59E-05,0.002198119,0.000176263,0,0.037638527,0,0.000138629,0,0,0,0,0,0,0,0,0,0,0.000648687,0,0,0,0,0,0.001887413,0.001059599,0.002481231,0.024032367,0,0,0,0,0,0,0,0,0,0,0,0,0,0.003417102,0,0,0.000446337,0,0,0,0,0.000456801,0,0,0,0,0.000309546,0,0.011728608,0,0,0.000931436,0.000431468,2.11E-05,0,0.000674521,0,0.002083284,0,0,0,0,0.002026221,0,0,CRC
SRR6915178,0,0,0.018742906,0,0.001678881,0,0.001570665,0.012840816,0.009793428,0,0.003747835,0,0,0.000606333,0,0.039157858,0,0.011215756,0,0.000421145,0.000306511,0,0.002176089,0.009155224,5.37E-05,0,0.047309115,0.003002308,3.26E-05,0.001529517,0.001734946,0.011539055,0,0,0.001858987,0.001421742,0,0,1.64E-05,0.002937513,0,0.00199392,0,0.004828268,0.003292667,0.049925235,0.023871412,0.001198748,0.000421927,0.016445099,0.000728545,0,0,0.002399802,0.023659586,0.005811682,0,9.31E-05,0,0,0.019012861,0,0.000120074,0,0.000522646,0.004735212,0.00301408,0.001094854,0.004741804,0.000711897,0,5.61E-05,0.000816131,0,0.060435485,0,0.000310953,0.000844059,0.001148792,0.000402083,0.000282329,0,0,0,0,0,0.005524444,0,0.003852808,0,0,0,0,0.001352578,0.00096117,0,0,0,0,0,0,0.000551544,6.14E-05,0,0,0,0,0,0.001886724,0,0.001763212,0.000330021,0.000101723,0.002620415,0,0,0,7.39E-05,0,0,0,0,0.00241008,0.000151671,0.000384565,0,0.011576065,6.09E-05,0,0,0.00939957,0.008400373,0.00163096,0.000265443,0.006028774,0.001147127,0.011538527,0.002057876,0,0,0.000155267,0.000151556,0,0,0,0.000112002,0,0,0,0,0,0,0,0,0.000382329,0,0,0,1.90E-05,0,0.009772573,0,0.004539151,0.002692595,0,0,0.003526613,0.000132832,0.005048334,0.001741029,0.000280555,0.001168771,5.45E-05,0,0.000109016,0,0,0,0.000195292,0,0,0,0,0,0,0,0,0.008959978,0.011056867,0,0.014038519,0,0,0,0,0,0,0,0.001529745,0.00035905,0,0,0,0,0,0.053205252,0.007718361,0,0.000893188,0,0,0,0,0.000407438,0.056060125,0,0,0,0,0.007629973,0,0,0,0,0,0,0,0.010771697,0,5.39E-05,0,0,0.028582171,0,0,0,0.002096425,0,0,0,0,0,0,0,0.003420496,0,0.003356845,0,0.007604224,0,0,0,4.26E-05,0,0.000406546,0,0.005498597,0.005758238,0,0.001654187,0,0,0.000182341,0,0.002537704,0,0.000512106,0,0,2.10E-05,0,0.01562353,0,0,0,0,0,0,0,0,0,0.000310363,0,2.38E-05,0,0,0,0,0.000502722,0.008803914,0.051440859,5.18E-05,0,0,0,0,0,0.016615356,6.82E-05,0,0.000357314,0,0,0,0,0,0,0.142644519,0,0,0,0.000191033,0.000133306,0,0,0.000698275,0,0,6.23E-05,0.007869983,0,0,0,0,0,0,0,0,0,0,0,0,0,0,0,0,0,0,0,0,0,0,0,0,0,0,0,0,0,0,0,0,0,0.000263195,CRC
SRR6915177,0,0.002576106,0.001133726,0,0,0,0.00200015,0.000681122,0.002693455,0,0.0035671,0.009900681,0.020560056,0.001655998,0,0.008815338,0,0.042864838,0.005099838,0.000211206,0,0,0.000169761,0.002175117,0,0,0.020296872,0.00149641,0,0,0.000856172,0.003486959,0.000812847,0,0.000830363,0.148291955,0,0.006233202,0,0.000707624,0.002848938,0.000996308,0,0.000133152,0.000856438,0.01330473,0.000923809,0.002166657,3.07E-05,0,0,0,0.00280998,0.001273792,0.002423802,0.002202672,0,6.03E-05,0,0,0.001915254,0.01050282,0.000401895,0.003315634,0.000393704,0.00207317,0,0.002451553,0.002572777,0,0,0.000411958,0,0,0,0.004935901,0,0.000440278,0.000983398,0.001749952,0.000354018,0,6.21E-05,0.000557245,0,0,0,0,0.006291653,7.15E-05,0.000142654,0.000154395,0.000398034,0.001341759,0.006964939,0,2.81E-05,0.000484237,0,0,0.000103823,2.55E-05,0,0.007906919,0.000964936,0,0,0,0,0.001860712,0.000597512,0,0,0.015959296,0,0.000350904,0.001959535,0,0.002753362,0,0,0,0.000173527,0,8.00E-05,0.001116371,0.001764091,0,0,0.006881139,0.003203413,0.002136868,0,0,0.000247957,0.000826633,0.000419667,0.000216091,0.001100115,0.081545146,0,2.81E-06,0,0,0,0,0.001638319,9.08E-05,0,0,0.000141065,0,0,0,0,0.001339024,0,0,0,0,0.012317283,0,0.010563966,0.003598069,0,0.009209108,0,0.00252196,0.000546455,0.002586354,0,0,0,0,0.00152485,0.00055129,0,0.000951527,0.00015908,0,0.00071911,0,0.00026378,0,0.003305921,0,0.002568669,0,0.000772172,0,0.002956832,0.000872715,0,0,0.003695129,0,0.008904759,0.001720619,0.000536725,0.001487659,0,0,0,0,0.003051935,0.016377502,0.142026499,0.02328065,0,0,0,0.006037689,0.008212531,0,0.000548187,0.007358464,0.003615688,0,0.001180898,0,0.000560275,0,0,0,0.00030358,0.000209347,0.000158149,0.002147938,0.001013448,0.004162627,0,0.001581039,0.008776413,0,0,0.005683554,0.000555363,0.002593685,0,0,0.000154865,0.001591895,0.001845442,0.00119988,0.003123214,0,0,0,4.66E-05,0.001159274,0,0,0,0.003112665,0,2.71E-05,0,0.000381402,0.000545615,0.000272284,0.003856103,9.02E-05,0.00319563,0.001952479,0.004121803,0.000401069,0.000399386,0,0,0,0,0.000111615,0,0.000451485,0.001717779,0,0.000324891,0,0,4.11E-05,0.022319546,0.001512109,0,0.010239417,0.000275508,0,0.001700999,0,0.000310575,0,0.001067963,0.00141689,0,0.008005527,0,0,0,0,0.001710937,0,0.00033089,0,0,0,0,0,0,0.030073013,0.010135526,0.002456168,0,0,0,0,0,0.001332197,0.002040607,0,0,0,0,0.000292128,0.001334872,9.40E-05,0.00027578,0.000384125,0,0.005225683,0.000380918,0.000392421,0.000199746,0.00177858,0,0,0,0,0,0,0.008426269,0,0,0,0,0,0.000677436,0,0.004924981,0.000417709,0.017629874,0,0.001356459,0.017411031,0.000424154,0,CRC
SRR6915111,0,0.001879075,0,0,0.201597572,0,0,0,0.001556301,0,0.051830447,0.357578608,0.000183731,0.0041773,0,2.30E-06,0,0.002179089,0,0,0,0,0,0,0,8.26E-05,1.46E-05,0,0,0.006706519,0,0,0.016263876,0,0.01676636,1.14E-05,0,0,0,0,0,0,0,0,6.23E-05,0.039999493,0,0,0,0.049327647,0,0,0.025613937,0,0.002129139,0.000774512,0,0,0,2.94E-05,0,0.008204234,0.000289697,0.022994319,0,0,0.001292435,0,0.003953208,0,0,0,0.022111592,0,3.91E-05,0,0,0,0,0.000217043,0,0,0,0,0,0,1.30E-06,0,0,0,0,0,0,0,0,0,0,0.00446019,0,0,0.000371573,0,0.000189255,0,0,0,0,4.21E-05,0.002279088,0,4.48E-05,0,0.00017352,0,0,0,0,0.000256755,0,0,0,0,0,0,1.46E-05,0,1.99E-05,0,0,0.000213486,0.010105413,0.012176941,0,0.000915096,0,0,0,0,0,0.00070358,1.20E-05,0,0,2.62E-05,0,0.000352743,0,0,0.001177433,0,0,0,0,0,0,0,0,0,0,0,0.003777558,0,0,0.00232755,0,0.014367308,0.000122798,0,0,3.30E-05,0.000690206,0,4.79E-05,0,0,0,0,0,0,0,0,0,0,0,0,0,0,0.020523102,0,0,0.000915663,0,0,0.009852986,0,0,0,0,0,0,0,6.01E-05,0,0,0,0,0,0,0,0,0,0,0.017906029,0,0,0,0,0,0,0,0,0,0,0,0,0,0,0,0,0,0,0,0,0,0,0,0,0.00475565,0,0,0,0,0,0,0,0,0,0,0,0,0,0,0,0,0,0,0,0,0,0.000369983,0,0,0,0,0.000796865,0,0,0,0,0,0,0,0,0,0,0,0,0,0,0,0,0,0,2.07E-05,0,0,0,0,2.40E-05,0,0,0,0,0,0,0,0,0,4.78E-05,0,0.000143807,0,0,0,0,0,0,2.47E-06,0,0,0,0,0,0,0,0,0,0,0.000569446,0,0,0,0,0,0,0,0,0,0,0,0,0,0,0,0,0,0,0,0,0,0,0,0,0,0,0,0,0,0,0,0,0.03751789,0,0,CTR
SRR6915110,0,0,0.01301761,0,0.000715648,0,0,0.001976161,0.01388203,0.000121496,0.012874888,0.012999012,0.07274261,0,0,0.044190708,0,0.022254713,0,0,0,0,0.000457456,0.004487099,0,0,0.100996853,0.008328481,0.009907929,0.000337151,0,0.017894399,0,0,0.002989127,0,0.001629515,0.004347007,0,0,0,0.003021609,0,0.000928171,0.000218511,0.023428971,0.00641162,0,0.000120122,0.004234263,0,0,0.009529812,3.25E-05,0.000500409,5.96E-05,0,0,0,0,0.013573246,0.013148454,0.001665793,0.048889581,0.002071969,0.001444213,0.000792843,0.003971729,0.007916349,0.000404349,0,0,0.001219955,0,0.008694528,0.013861825,0.001129662,0.000140086,0.001434138,0.000149706,0,0,0.000878326,0.000429639,0,0,0.006020763,0,0.010189957,0.000119679,0,0.002813516,0.004704609,0.000465119,0.000809829,0,0,0,0.000887769,0,0,0.000562726,0,0,0,0,0.000515807,6.07E-05,0,0,0.000674009,0,0,0.006509651,0,0.000578209,0.01836272,0,0,0,0.000154251,0.001686388,0.000822193,0,0,0.000113603,0.00182137,0,0,0,0.003834529,0.001974164,0,0.000244713,0,0.000193339,0,0.003155582,0,0,0,0,0,0,0,0.000269999,0,0,0,0.002579058,0,0,0,0,0,0.000601405,0,0,0,0,0.045964312,0,0,0.004816598,0,0,0,0.000878659,0.000485893,0,0,0,0,0,0,0.012061511,0,0,0.000437652,0,0,0,0,0,0.010712513,0,0,0.002677064,0,0,0.013369333,0.000876763,0,0.000267047,0.001190354,0,0,0.001902925,0.00034185,0.000105557,0,0,0,0,0,0.021964252,0,0,0.004230442,0.029683338,0,0,0.010228274,0,0,0,0.000367995,0,0,0,0,0,0,0,0.000634048,0,0,0.003606605,0,0,0.00119367,0,0.055657688,0,0,0,0,0.00254215,0,0,0,0,0.000584325,0,0,0,0,0,0.001218367,0,0,0,0,0,0,0,0,3.21E-05,0,0,0,0,0,0.000664516,3.49E-05,0,0,0,0,0.001232656,0.001342205,0.002136043,0,0,0,0,0,0,0,0,0,0,0.002705106,0,0,0,0,0,0,0,0.017386272,0,0.071269623,0,0.005323522,3.90E-05,0,0.02896565,0,0,0,0,0,0,0,0.024602737,0,0,0,0,0,0,0,0,0,0.007961786,0,0.001625434,0,0.00315463,0,0,0,0,0,0,0,0,0,0,0.000348899,0,0,0,0,0.000285511,0,0,0.004466042,0,0,0,0.001750632,0,0,0,0.002675895,7.68E-06,0,0,0,0.005694769,0,0,CTR
SRR6915107,0,0.000199884,0.003200847,0.000131464,0.008055093,0,0.002271526,0.00276758,0.006698997,0.00165796,0.006516341,0,0.222795148,0.002493353,0,0.037415041,0,0.004043365,0,0,0,0,0.004853114,0.005548543,0.005207421,0,0.039752936,0.003779009,0.002410198,0.0007774,0,0.016462849,0,0.000350559,0.002393668,0,0,0.008683691,0.000402964,0,0.002024285,0.00159131,0,0.002841008,0.001736031,0.030373913,0.001317334,0,0.000608207,0.003806839,0.001075596,0,0,0.000255872,0,0,1.46E-05,0.000597386,0,0.070177363,0.019875285,0,0,0,0.002719342,0,0.004579809,0.002515862,0.005400313,0,0,0.000332751,0.005832076,0,0.000301625,0.000381387,0.00606203,0.000172377,0,0.000193578,0,0,0.000429498,0.003265575,0,0.004901451,0,0.000186929,0.020487713,0.000245399,7.31E-05,0,0,0.000159394,0.000831769,0.000522465,0,0.00194781,0,0.000374787,0.000844028,0.000298358,0,0,0,0.000104413,0,9.80E-05,0.000560933,0,0.001420204,0.000718124,0,0.010755257,0,0,0,0.000162822,0,0,0,0,0.000507587,0,0,0,0.004526574,0,0,0,0.014883371,0.002698217,0.000203717,0,0,4.79E-05,0.002045433,0.003510602,0,0,0,0,0,0.000151934,0,0.000279301,0,0,0,0.000699531,0,0.014129537,0,0,5.75E-05,0,0,0,0,0,0.006574468,0,0.00551237,0.008424445,0,0.00531285,0.002991365,8.96E-05,0,0.00076609,0.000124721,0.00200175,0,0.002234348,0,0.000921157,0,0,3.62E-05,0.000423188,0,0.000312182,0,0.057222282,0,0.00031048,0,0,0.011106278,0,0,0.000961041,0,0.000244668,0,0.002650496,0.028321873,0,0.000454656,0.000240001,0,0.015503546,0,0,0,0,0.018992179,0,0.001840323,0.012567486,0,0,0.00816427,0,0,0.003874684,0,0,0,0.013000195,0,0,0,0,0.012691095,0,0,0,0,0,0.000987924,0,0.027502289,0,0,0,0,0,0,0,0,0,0,0,0.003560612,0.002995448,0,0,0,0,0,0,0,0.003147475,0,0,0,0,0,0.004036958,0,0.00033891,0.002332822,0,0,0,0,0,0,0.001318161,0.000557353,0,0,0.010455627,0,0,0,0,0,0,0.008170655,0,0,0,7.17E-05,0,0,0,5.97E-05,0.002661701,0.032301135,0,0,0,0,0.001243277,0,0,0,0,0,0,0,0.000471701,0,0,0,0,0,0,0,0.000209162,0.000198312,0,0,0.006585717,0,0,0,0,0,0,0,0,0,0,0,0,0.000958298,0,0.000487822,0,0.000305533,0,0,0.000803275,0.001492073,0,0,0,0,0,0,0,0.001078288,0,0,0,0,0,0,0.014494116,0,0,CRC
SRR6915106,0.011527552,0.157186227,0.011035868,0,0,0.005422083,3.10E-05,0.002319402,0.000296746,0.001063747,0.001317613,0.000517347,0.095358326,0.000170947,0.005723011,0.001198873,0.000525208,0.034728288,0.030361953,0.000726633,0,0,0.001661845,0.001245789,0,0,7.35E-05,0.007008838,0.001608906,0,0,2.42E-06,0,0.002245759,0,0,0,0.002754192,0,0.00186904,0.001563251,1.53E-05,0,5.66E-05,1.23E-05,0.01212568,0.000369925,0.000292172,0,0.018540675,0,0,0.005563185,0,0.036156883,0.02207919,0,0,0,0.011346897,0.003302465,0.006511728,0.000371016,0.001987109,0,0.001372769,0,0.002541611,0.00040941,0,0.001758241,0.000202263,0,0.000975211,0,0,0,0,0.001344008,0,0,0.009708876,0,0,0,0,0.035930653,0,0.005560193,0,0,0,0,0.000663106,0.002418305,0,0.00144474,0.000234339,0,0,0,9.80E-05,3.10E-05,0.005426687,0.000481378,0,0,0,0,0.002107136,0.000964576,8.27E-05,0,0.000858061,0,0.000691246,0.010958233,0,0.00041459,0,0,0,0.000317195,0.000324565,0.00032261,0.000300834,0.001327257,0.004419181,0.00040017,0.13222542,0.001812196,0.007076894,0,0,0.004869979,0,0,0.001072719,0,0,0.001178502,0,0.002437586,0.00097522,0,0,0.000373538,0.00031597,0,0.000629977,0,0,0,0.005046227,0,0.000793729,0,0.00113785,0,0,0.010059813,0,0,0.003567453,0,0,0,0.000295084,0,0,0,0,0,0,0,0,0,0,0,0,0.000108714,0,0,0.010774263,0,0,0,0,0.003208568,0,0.002999099,0,0,0,0,0,3.85E-05,0.000674102,0.009587372,0.000250094,0,0,0.021718283,0.020456999,0.000376693,0,0.057495361,0,0.001376073,0.00323715,0,0,0.000679885,0,0,0,0.001669371,0,0,0,0,0.002263967,0,0,0.00060755,0,0.000534305,0.003852976,0.000799129,0.000313798,0,0.00124992,0,0,0,0.000121623,0,0.003907859,0,0,0.000285967,0,0.00121709,0.000155766,0.002270131,0,0,0,0,0,0,0,0.000518608,0.000740133,0.00209079,2.87E-05,0,0.000938198,0,0.000122993,0.008050097,0,0,0,0,0,0,0,0,0,6.73E-05,0.000414769,0,9.69E-05,0,0,0,0.000775889,0,0,0,0.000829465,0,0.000937258,2.77E-05,0.000921514,0,0,0.000242917,0,9.90E-05,6.70E-05,0,0.001630193,0,0,4.75E-05,0,0,0,0,0,0,0,0,0,0,0,0.000280001,0.000388328,0,0.000579493,0,0,0,0.000613205,0,0,0,0.005646728,0,0,0.002316341,0,0,0,0,0.000100866,0.000752292,0.000240059,0.00238161,9.07E-05,0,0.030153468,0,0,0,0,0.004619509,0,0,0,0,0,0,0.01239814,0.001372901,0.000118831,0,0,0,0.000355955,0,0,CTR
SRR6915105,0,0.014422411,0.001238518,0.001152756,0,0,0.003515969,0.000110831,0.005419152,0.002762306,0.007587048,0.000443113,0.015289061,0.001871769,0.001272014,0.004673811,0.001063897,0.025635759,0.012717209,3.80E-05,0,0.012167123,0,0.001419986,0,0,0.01338,0.004036154,0.001648371,0,0,0.006177924,0.000400674,0,0.00334228,0.033603092,0,0.001679903,0,0.002853643,0.001760371,0.00044463,0,0.001076233,0.000162291,0.010105572,0,0.001340346,2.04E-05,0.003405469,0.001140703,0.002034775,0.000756217,0.000631874,6.26E-05,0,0.001408581,0.000127628,0.004782451,0.179762766,0.005085723,0.010368364,0.000549013,0.002152122,3.71E-05,0.000541087,0,0.000399047,0.001062345,0,0,0,0,0.005601842,0.007672616,0.00064437,0,3.03E-05,0.000442649,0.001492402,0.000454456,0,0,0.004417332,0,0,0,0,0.005993875,0.000757968,0.000159951,0.06427305,0,0.011831202,0.004953457,0,0.001602576,0.00036311,0,0,7.90E-05,3.12E-05,0,0,0,0,0,0,0,0,0.000565991,7.44E-05,0,0.002389494,0,0.000223595,0.018593279,0,0.000409117,0,0,0.001197464,0.000137069,0,0,0.005464135,0.000934948,0,1.01E-05,0,0.011759504,0,0,0,7.38E-05,0,0.000644323,0.000139312,0.000552875,0.019298134,0,3.12E-05,0,0,0,0,0,5.55E-06,0,0.000378624,0,0.00015871,0.012272,0.001198988,0,4.14E-05,0,0,0.000120824,0,0.017354423,0,0.000567374,0.004737814,0.000117213,0.001984231,0,0.00054803,0.000979017,0,0,0,0,8.16E-05,0,0.007639312,0,0.002498395,0,0.000198338,0.000199135,0,0.000114666,0.008279774,0,0.013101465,0.003361447,0,0.001445123,0,0.00738103,0.001133036,0,0,0.000534619,0,0.000971839,0.001223566,0.002862479,0.000364848,0,0,0.009158729,0,0.010394708,0.010131849,0.001728874,0.004925867,0.001709816,0.009052766,0,0.005491821,0.002396893,6.15E-05,0.003403226,0,0.004267215,0,0.033690728,0,0.001084612,0.004043796,0,6.01E-05,0.049293605,0.001089085,0,0.001930575,0.001123056,0.008362073,0,0.000292576,0,0.002959962,0,0.007646891,0.000154321,0.001439092,0.004832293,0.001669625,0,0,0.00374039,0,0.001175659,0,0,0.000499207,0.000399099,0,0,0,0,0.005483205,0.000450077,0,0,0.000546741,0.001487883,0.001555025,0.000542569,3.73E-05,0.004577406,0.001131327,0.000677462,0,7.65E-05,0,0,0,0.000124448,0,0,0.000271336,5.98E-06,0.000183616,0.001755212,0.004049303,0,0.000303656,0.003918691,0.000199092,0.000158825,0.000141954,0,0,0,0,0.000143979,0,0,0,0,0,0,0,0,0,4.48E-05,0,0,0.000723835,0,0,0,0.000567846,0,0,0.012806371,0.002893081,0,0,0,0,0,0.001776937,0.000625285,0,0,0,0.000516435,0,0.002035209,0.018267614,0.001011761,0.002597988,0,0.000831241,0,0,0.000598727,0.002051929,0.002711992,0.010040915,0.001356754,0,0.001465913,0,0,0,0.004199658,0.004543003,0.006213116,1.98E-05,0.001132296,0.003518473,0,0,0,0.024781921,0.001433553,0.000147405,0.00042375,0.00013362,CRC
SRR6915104,0,0.000963322,0,0,0.002491584,0,0.000317504,0.01485425,0.007632628,0,0.005528497,0,0.000876801,0.00342061,0,0.02113811,0,0.055997782,0,0,0,0,0.00117718,0.002477042,0,0.001654675,0.210463376,0.033876461,0.002607633,0,0.006315888,7.28E-05,0,0,0,0,0,0,0,7.85E-06,0.007854281,0.000517784,0,0,0.000451207,0.041554574,0.052336796,0,0,0.005928261,0,0,9.74E-05,0,0,0,0,0,0,0,0.003002014,0.014547203,0,0.013659341,0.000587312,0.001729843,0.002078629,0.005465535,0.003877228,0,0.003027135,0,0.000696673,0,0.009051503,0,0,0,0.000919174,0,0,0,0,0.012224524,0,0,6.92E-05,0,0.014899528,0.000243854,0,0,0,0,0.001662418,0,0,0.000732648,0,0,0,0.000463741,0.001021458,0,0.00116343,0,0,0,0.000101687,0,0,0,0.00088927,0.019419102,9.24E-06,0,0.001479226,5.75E-05,0,0,0,0,0.004217926,0.00014629,0.000433915,0,0.016347566,0.004690482,0,0,0.025620903,0.013629955,1.62E-06,0.000289576,0.011646557,0,0.007592207,0.001488763,0.004673143,0,7.81E-05,0,0.000148178,0.00366967,0,0.00045867,0,0.000633113,2.13E-05,9.90E-05,0,0,0,0,0,0,0,0.000769927,2.22E-05,0,0.008880605,0,0,0.005285088,0,0.014271663,0.002203295,0.009482373,0,0.001753981,0.000121896,0,2.92E-05,0,0,0.011386878,0,4.68E-05,0,0.000184437,0.000643582,0.000226783,0,0,0,0,0,8.37E-05,0,0.003168033,0.006979903,0.000891778,0,2.09E-05,0,0,0.008121993,0.00644264,0.011250288,0,0,4.66E-05,0.014779814,0,0,0,0,0,0.057476275,0,0,0.008152291,0.010515458,0,0,0,0.017763388,0,0,0,0,0,0,0,0,0,0,0.004880866,0,0,0.001612703,0,0,0,0,0,0,0,0,0,0,0,0,0,0.001302985,0,0,0,0.000205532,0,0,0,0.000359479,0,0.003998529,0,0,0,0,0.000128055,0,0,0.025475179,0,0.00110215,0,0,0,0,0.001016119,0,0,0,0,0,0,0,0,0,0,0,0,0,0,0,0,0,0.014442797,0,0,0,0.000736565,0.01452517,0,0.001209381,0,0,0.01235672,0,0,0,0,0,0,0.001389983,0.003294654,0,0,0,0,0,0.001202292,0,0.00250674,0,0,0,0.003720754,0.000154141,0,0,0,0,0,0,0,0,0,0,0,0,0,7.86E-05,0,0,0,0,0,0,0,0,0,8.74E-05,0,0.00241535,0.008402532,0,0,0.002568502,0,0,0,0,0,CRC
SRR6915151,0,0.001959707,0.001509533,0.000458592,0.004560605,0,0.003278704,0.016622945,0.013466306,0.00619305,0.01524785,0.010203592,0.029374378,0.011171924,0,0.051339285,0,0.054143093,0.022413501,0.000879598,0,0,0.00271356,0.002757946,0,0,0.019834379,0.001365884,0.001417823,0,0.010688973,0.02310297,0,0.005470334,0.002412972,0.009818185,0.005803566,0.007964545,0,0.035034533,0.019107733,0.000552878,0,0.005533813,0.002232423,0.020365539,0,0.001765827,0.002252743,0.009762687,0,0.010293889,0.002681461,0.000179805,0.00018048,3.12E-05,0.000283269,3.60E-05,0,0,0.013110408,0.015728133,0.00040319,0.002252914,0.000780984,0.001865998,2.26E-05,0,0.003932877,0.001227232,0,0,0.000664213,0.004830317,0.007091515,2.17E-05,0.002659216,0,0.000932989,0.000147783,0,0,0.000569098,0.000146106,0,0,0.001552622,0,0.013695648,0,0,8.13E-05,0.008333386,0.000355953,0.001258805,0,0.000660583,0.000759843,0.003511539,0,0.000191362,0.000827152,0,0,0.001223948,0,0,0,0,0,0.00104951,0.005337308,0.000183302,0.019838893,0,2.70E-06,0,0,0.000124565,5.21E-05,0,0,4.13E-05,0,0,0.003046237,0.007620054,0,0.000300656,0,0.008382182,0.002492937,0,0,0.008332572,0.000489848,0.000558305,0.002164475,0,0,0,6.17E-06,0,0,0,1.46E-05,0.001213441,6.84E-05,0.000983799,2.77E-05,0,0,0.00801991,0.018616538,3.77E-05,0,0,0,9.03E-05,0,0.018890337,0,0,0.004723815,0,0.021645829,0,0.001425014,0.002280393,0,0,0,0,0,0.000106219,0.000593453,0.000376331,0,0,0.000207157,0.000565402,0.001045068,0,0,0.001277597,0,0.000286136,0,0.001887011,0.001552547,0.00621457,0.000270613,0,0,0,0,0.008515656,0.0025449,0.000133342,0.000204614,0,0,0.025413457,0,0.000204999,0.04548147,0,0,0,0.000781983,0.00695014,1.57E-05,0.003679812,0,0.041837023,0,0.012158186,0,0.002107301,0,0.000554765,0.010452363,0,0,0.020835999,0,0,0.003516639,0.000202975,0,0,0.001805623,0.011561697,0.000379137,0,0,0,0.015552731,0.01068317,0,0,2.75E-05,0.000324475,0,0.000716554,0,0,0,0.001613074,0,0.001017429,0.000532366,0,0.001822003,0.000116437,0,0,0.000257791,0,0.000122737,0.001032234,0,0,0.001298095,0.000302731,0,0.000295962,0,0,0,0,0.007099953,0,0.0001526,0.000732384,4.08E-05,0,0.006920021,0,0.00032141,0,0.001522358,0,0.000128224,0,0.004669264,0,0,0,0,3.65E-05,0,0,0,0,0.000115926,0.000300015,0,0.000180538,0,0,0,0,0,0.000244791,0.000632834,0.013175278,0,0.006098203,0.003014803,0.00150376,0,0.000378353,0,0,0,0,0,0,0,0,0.00878141,0,0,0,0,0,0,0.00201059,0,0.000111706,0,0,0,0.007361776,0,0,0,0,0,0,0,0.005394084,0,0,0,0.005701786,0,0,0,0.000155889,0.000397306,0,0,CRC
SRR6915150,0,1.97E-05,0.00277303,0,0.000447523,0,0.0008807,0,0.004098263,0.008101461,0.009467862,0,0.192000656,0.002548915,0,0.045954892,0.025276051,0.0159956,0,0,0,0,0.000372826,0,0.00145409,0,0.079866412,0,0,3.57E-05,0.005733837,0.007458799,0,0,0.041458037,0,0,0.011133874,0.000394037,0,0.010470272,0.001918418,0,0.00545734,0.005335666,0.008167325,0,0,0.000320127,0,0,0,0.002608818,0.000829489,0,0.009753518,0.002578663,0,0,0,0.003213924,0.013623071,0.000478833,0.001375636,0.000871944,0.000516207,0.001784253,0,0.005659243,0,0,0.00039059,0,0,0.004777231,0.004852332,0.001048891,0,0.000693764,6.19E-05,0,0,0.000180194,0.000511349,0.000699541,4.75E-05,0.080504547,0.000214704,0.017421266,0.000149393,0.000723269,0.007228868,0,0.000498314,0.001705491,0.000763374,0.015700151,0.000575912,0,0,0.002124632,0.000566333,0.000566834,0,0,0,0,0,0.000638239,0,0.001705858,0.000498572,7.97E-05,0.022215606,0,0,0,0.000539519,9.00E-05,0,0,0,0.000287873,0,0,0,0.006215636,0,0,0,0.016139874,0.000377839,0,0,0,0.000849381,0.000807643,0.001867296,0,0,0.002165752,0,0,0,0,0,0,0.000346844,0,0.000622845,0,0,0,0,0,0.001944268,0.00035569,0,0,0.003387039,0,0,0.01370645,0.02961885,0,0,0.004388316,0.00259144,0.002223384,0.001226142,0,0,0,0.002115798,0,0.003791658,0,0,6.93E-05,0.001040863,0.00054681,0.000205756,0,0,0.004093743,0,0,0,0,0.000972852,0,0.001917431,0,0,0,0,0.023536922,0.000310743,0.001279182,0.000330548,0.000557241,0.016123274,0,0,0,0,0,0,0,0.028249903,0,0,0,0,0.012609969,0.003054744,0,0,0,0.003223095,0,0,0,0,0,0,0,0.005984307,0,0,0,0,0.00383045,0,0,0.00544622,0.004398243,0,0,0,0,0,0,0,0.005502836,0.004586475,0,0,0,0,0,0,0.00078717,0,0,0,0,0,0,0.000166871,0,0,0.002997163,0,7.52E-05,0,0.000240542,0.000404637,0,0,0,0.018026529,0,0.014932061,0,0.000593296,0,0,0,0,0,0,0.000687137,0,0,0,0,0,0.000754719,0,0,0.000510361,0,0,0,0,0,0.000469061,0,0,0,0,0.009839749,0,0.001593874,0,0.003323612,0,0,0,0,0.002192858,0.000582054,0,0,0,0,0,0,0,0,0,0,0,0,0,0,0,0,0,0.000109138,0,0,0,0,0.001240098,0.006291792,0,0,0,0,0,0.013072174,0,0,0,0,0,0,0,0,0,0,0,CRC
SRR6915147,0,0.008740166,0.005311018,0,0,0,0,0.001122412,0.012291962,4.34E-06,0.002768511,0,0.121301898,0.000192365,0,0.000844136,0.016882527,0.033572093,0,0.001268444,0,0,0.002536597,0.002324549,0,0,0.017481317,0.002119251,0.000472123,0,0.000637444,0.004961344,0,0,0.000182772,0.020664562,0.001089812,0.005256243,0,0.000462529,0,0.000271656,0,0.001603365,4.80E-05,0.016186903,0.000525566,0.003036169,6.83E-05,0.001295531,0,0,0.004401049,0.000341585,0.000911458,0.000340794,0,0,0,0.051217906,0.008103488,0.011813922,0.001740106,0.005163039,0.000280566,0.000553104,3.49E-05,0,0.001284051,0.00055573,0,0.000206875,2.31E-05,0,0.007086812,0.00727743,0.000161966,0.000102753,0.002406409,0,0.001039047,0,0,0.000264411,0,0,0.0120925,0,0.008754613,0,0,0.000687851,0,0.000935974,0.004171107,0,0,0,0,0,0,8.30E-05,0,0,0,0.000185161,0.000222038,0,0.000185674,0,0.00061985,0.000218059,0,0.008174967,0,0.000934318,0,0,0.000320831,0,0,0.012837472,0.000323481,2.97E-05,0,0,0.00618648,0,0.001035103,0.116828327,0.004620958,0.001665413,0,0,0.008143319,0.000411535,9.40E-05,0.008616583,0.002443089,0.039164694,0,0,0,0,0,3.34E-05,0,0.000548825,0.000484756,0.000459634,0,0.012182082,0,3.92E-05,0,0.011336218,0,0,0,0.000140029,0.016529854,0,0.004261546,0.005396324,0,0.004322736,0,0.00059788,0.000556433,0,0,0,0,0,0,0,0,0,7.13E-05,0,0,0,6.35E-05,0,0,0,0,0.001983763,0.001639429,0,0.010066241,0.001244862,0.004276987,0,0,0,0.003983615,0.002396432,0.002879623,0.000572118,0,0.029987723,0,0.039167418,0.001133199,0,0.002903187,0.003091809,0,0.022001642,0.001851344,0.002286627,0.006620377,0.00021493,0.003592904,0.014513909,0.007047222,0,0,0.030887614,0.008063376,0.002575644,0,0,0.001240801,0.001580451,0,0.004438183,0.000568288,0.000479805,0,0,0.006905521,0.004263274,0.002687468,0.009762961,0,0.000245887,0.001554096,0,0,0,0.000891158,2.85E-05,0.002206112,0,0.004891096,0,0.000513776,8.01E-06,0,0,0,0.00215512,0,0,0,0.000409252,0,0.000309527,0,0.000353564,0.001976018,0,0,0,0.000318301,0,0.004761321,0,0,0,0.00216918,0.000952992,0,0,0,0,0,0,0,0.000650778,0,0,0,0,0.011434669,0,0.000964438,0.002196425,0,0,0,0,0,0,0,0.000186721,0,0,0,0,0,0,0,0,0,0,0,0.000252598,0,0,0,0,0,0,0.00199614,0,0,0,0.005766189,0.000236058,0,0,0,0.001313316,0,0,0,0,0.000828797,0,0,0,0,0,0,0,0,0,0,0,0.001779025,0,0,0,0,0.000450072,0,0,0,0.009716633,0,0.000197482,CRC
SRR6915155,0,0.001056117,0,0,0.004200457,0,0,0.002328399,0.008869527,0,0.015240097,0.045548266,0.059668952,0.003263993,0,0.073676664,0.008644515,0.018707435,0,0,0.000420703,0,0.000485154,0.000507744,0.000695488,0.002048053,7.11E-05,0.004260608,0.031013335,2.62E-05,0,0,0,0,0,0.002095214,0,0.007678122,0,0,0,0.003561188,0.000617353,3.42E-05,0.000517482,0.03340714,0,0,0.000248757,0.020699117,0,0,0,0,0.000671795,7.99E-05,0,0.000105694,0,0.072512933,0.012064094,0.013614657,0,0,0.002020421,0,0.002030598,0,0.005629525,0,0,0,0.000364425,0,0.142582911,0.010370618,0,0.004636297,0.001665148,0,0.000663679,0,0.000279105,0.00286828,0.000136588,0.001518139,1.25E-05,0,0,6.43E-05,0,0.000375934,0,0,0.003228398,1.74E-05,0,0.002543222,0,0,0,0.00086326,0,0,0,0.000339457,0.000133115,0,0,0,0,0.000143365,0.001259618,0.023434312,0,0,0,0.000181193,0,0,9.92E-06,0,0.005412413,0,0,0.002914874,0.002678405,0,0.001751019,0.000324288,0.009743355,0.011066815,8.82E-05,0.0003341,0.019231771,0.000371137,0,4.89E-05,3.34E-05,0.052943221,0,0,0,0,0,0.000589586,0,0.000223522,0,0.000342639,0.000502989,0,0,0,0,0.001510932,0,0,0,0,0.001945099,0,0.023307678,0,0,0,0.002738067,0.000452885,0,0.001709696,0.000405267,0.001198302,0.000912549,0,0,0,0,0.001190754,0,0,0,0,0,3.70E-05,0,0.009550162,0,0.006823121,0,0,0,0,0,0,0.002676906,0,0.005408208,0,0.003279207,0,0.00060803,0.015490048,0.02280334,0,0,0,0,0,0.000269136,0.007499794,0,0,0,0,0,0,0.001717568,0,0,0,0.001296409,0,0,0,0.00277981,0,0,0.003903866,0,0,0,0,0,0,0,0,0,0,0,0,0,0,0.000829247,0,0,0,0,0,0,0,0,0,0,0.025978095,0,0,0.002860377,0,0,0,0,0,0,0,0.001172365,0,0,0,0,0,0,0.000227709,0,0,0,0,0,0,0,0,0,0,0,0,0,0,0,0,0,0,0,2.09E-05,0,0,0.000293641,0,0,0,0.00195935,7.49E-05,9.69E-05,0,0,0,0,0,0,0,0,0,0,0.000591799,0,0,0,0.003993208,0,0,0,0,0,0.001385487,0,0,0,0,0.000718852,0,0,0,0.01223271,0,0.003336708,0,0,0.00155897,0,0,0,0,0,0,0.034432763,0,0,0,0,0,0.001824904,0.021786315,0,0,0,0,CRC
SRR6915156,0,0.001417802,0.009952082,0,0,0.005882481,0.001849481,0.008262975,0.005146405,0.006734723,0.002353645,8.27E-05,0.068255958,0.002849849,0,0.004077276,1.39E-05,0.073769109,0.012066127,0.000708631,0,0.011607166,0.002722322,0.004157685,0,0,0.017528278,0.010305322,0.000217949,0,0.001432017,0.0081523,0,4.88E-05,0,0.000158722,0,0.005680497,0,0.003160967,0.001738318,0.0004163,0,0.000235076,0.000246587,0.018365956,0.000273906,2.74E-05,0.000156366,0.002717224,0,0.006041637,0.003578345,0.000584975,9.22E-05,0,1.52E-05,7.65E-05,0.015761283,0.004680542,0.032962263,0.01418739,0.000808554,0.003879671,0.000748384,0.000426222,0,0,0.007794457,6.19E-05,0,0,0,0.00188454,0.000109745,0.007860625,0,0,0.000623684,0,0.00035399,0,3.82E-05,0,0.000498543,0,0.016091162,0,0.009247279,0,0.001632533,0,0.002673227,0.001085903,0.00208648,0,0,0.002172997,0,0.000117685,0.000142617,7.45E-05,0,0,0.001464431,0,0,0,0.000355869,0,0.00034707,0.000417691,0,0.006235681,0.000349923,0.001313077,0,0,0.000160886,0,0,0.000174843,0.000110865,0,0,0.002062525,0.007310238,0,2.44E-05,0.001161735,0.00797749,0.007477628,0,0,0.002160691,0,0.000883937,0.001918092,0.000217722,4.18E-05,0,0,0,0.000570045,0,0,0.00175531,0.000104806,0.000488,0.000607738,0,0.003094995,0.004050151,0.001129502,0,0.010645261,0,0,0.001160478,0.000340803,0.019573013,0,0.000634237,0.004491514,0,0.003230274,0,0.001499265,0.000958469,0,0,0,0,0,0,0,0,0.000256569,0.000110156,0.002029403,0.000129696,0,0.000740787,0.037105104,8.12E-05,0.000759578,0.002812043,0,0.000877434,0,0.00266578,0.000859991,0,0,0.000770586,0,0.00471144,0.00072973,6.39E-05,0.000474417,0,0,0.003416455,0,0,0.003385443,0.004306434,0,0.000331538,0.030789407,0,0.000824217,0.016263152,0.000196686,0,0,0.013646028,0,0.014535175,0.004918637,0,0.008243451,0,0.000315392,0.000801224,0,0.000122181,0.005788918,0.000516068,0.001104956,0.000415316,0.001162992,0.001146775,0,0,0,0.000816467,0.005795316,0,0.000199174,0.000451091,0.002962386,3.15E-05,0,0.001026447,0,0,2.99E-05,0.0002431,0,0,0,0,0.003874439,0,0,0,0,0,0.003061944,0.001835622,0,0.002195082,0.000659209,0.001390052,0,0.000257072,0.000264717,0.001703286,0,0.001280364,1.55E-05,0,0.000217391,0,0,0,0.000149707,0.000194769,0.000605692,0.005432672,0.000129119,0.000517327,0.00068758,0.000426267,0.002590773,0.001101979,0,0.000674868,0,0.000103686,1.95E-05,0,0,0,0,0,0,0.000245684,2.29E-06,0,0,0.00769609,0,0,0,0,0.199061773,0.005953553,0.004163917,0.000320553,0,4.25E-05,0,0,0.000318738,0.005781967,0,0,0.00084983,0.001687123,0.004582416,0.003663145,0.012855454,0.00046523,0,0,0.000114289,0.000477831,4.54E-05,0.001816109,0,0,0,0,4.11E-05,0.002567934,0,0,0.000265371,0.001715972,0,0.000115913,0.001219144,0,0,0,0,0,0,0.000360445,0.00421462,0.001700785,0.000150247,CRC
SRR6915132,0,0.011053284,0.005858251,0,0.00873741,0,0.002972309,0.000925385,0.000577061,0,0.000395664,0.00067944,0.140107175,0.004465776,0,0.02523873,6.24E-05,0.014955458,0,0,0,0.074876639,0.00229557,0.0026833,0,0,0.020565033,0.001547175,0.008958444,0.000315537,0.00155434,0.013505206,0,0,0.002840151,0.000927224,0.004857239,0.000139908,0,0.003880642,0.001180974,0,0,0.010105697,0.000775222,0.005137054,0.015038636,0,0,0.005187399,0.000335431,0.029854777,0.000613638,0.000347864,0.000178719,0,0.001144512,0.000195249,0,0,0.012644977,0.015029626,0,0,0.000622224,0.000958294,0,0.000268318,0.002011258,0.000593034,0,4.17E-05,0,0.007531691,0.005784077,0.003730503,0.000330324,0,0.000311144,0.000275192,0,0,0,0,0,0,0,0,0.004634955,0,0.001427393,0.000160788,0,0.000192981,0.002611545,0,0,0.00043816,0.000662131,0,0,0,0,0,0,0,0,0,0,0,0.001563456,0,0.001501651,0.003998131,0.002166416,0.000114748,0,0,0,0,0,6.56E-05,0,0,0,0.005075213,0.000523299,0,3.16E-05,0.001363072,0.003446103,0.003763498,0.00027796,0,0.000123516,0,0.004675536,0.000208895,0,0,0,0,0,0.000535577,0,0,6.24E-05,0,0,0,0,0,0,0.00205343,0,0,0,0,0.006707455,0,0.012048786,0,0.005651113,0.000122199,0.00047393,0.008029058,0,0.000198759,0,0,0,0,0,0,0,0.00221732,0.000531179,0,0,0.018879937,0,0,0,0.063983602,0,0.023396889,0,0,0.001198841,0,0.000114835,0.001751388,0,0,0,0,0,0,0.001687997,6.64E-05,0,0.002362168,0,0,0,0,0.001230686,0,0,0.001835525,0,0.005708396,0.01169159,0.000712211,0,0.000268467,0.000308993,0.000174566,0.051322252,0,0,0.002112179,0,0.000615432,0.000597713,0.003064759,0,0.00199173,0,0.00292385,0,0.000247895,0.007747149,0,0,0,0,0,0,0.001783155,0,0.000156367,0.000829681,0,0.000803184,0,0,0,0.001807041,0.019341005,0.002707905,0,0,0.000256517,0.007515563,0.000116398,0,0,0,0.000116069,0.001232181,0,0.000760265,0.001742436,0.002372322,0,0,0,0,0,0.001269625,0,0,0.010413359,0,6.55E-05,0,0.000617173,0,0,0.004532042,0,0,0,0,0.001770859,0,0,0,0,0,0,0,0,0,0,0,0.011557635,0.006797136,0,0,0,0,0.001699661,0,0.00225311,0,0.056933403,0,0.00078275,0,0.002831622,0,0,0,0,0.000521536,0,0,0.000200683,0,0,0,0.042722839,0,0.000223473,0,0,0.00165289,0,0.001408445,0.01091541,9.44E-05,0.001129964,0,0,0,0.002274417,0,0,0.001934484,0,0.000486301,0,0.000312517,0,0.000925436,0,0,0.000115037,0,0.000800637,0.025821699,0.004980546,CRC
SRR6915130,0.028479643,0.012504479,0.000164751,0.000152967,0,0,0.001524065,0.003405385,0.003977004,0.093679082,0.005504997,0.027988043,0,0.003792305,0.006747756,0.043156026,0.016578739,0.060334673,0.009122958,0.000460854,0,0.000524925,0.000559987,0.000575988,0,0,8.36E-05,0.002281498,0.00079321,0,0.002984227,0.000669672,0.000122991,0.002431436,0.000374636,4.85E-05,0.003755203,0.002731095,0.000266124,0.000884193,0.006866654,0.001536303,0.003212655,9.81E-05,0.000590041,0.00380219,0.000345192,0.005380952,0,0.001202114,0,0.007652521,0.003786141,0.000889777,0.001157963,0,0.000258387,0,0,0.005639936,0.008909158,0.007735141,0.00322636,0.007075412,0.001481988,0.00068632,0,0.019186446,0.001265445,0,0,0.001253702,0,0,0,0.004198011,0.000213117,0.001189784,0.001231163,0.000432263,0,0,0.000225007,0.001721374,0.000125255,0,0,0,0.009511318,0.000620655,0.000588411,0.003640986,0,0.000400268,0.001677873,0.000861975,0.00139112,9.48E-05,0.02244248,0,0,0.000708166,0.000118989,0.031579587,0.001831249,0,0.000244919,0,0,0,0.00040012,0.000184748,0,0.004246556,6.56E-05,0.001444047,0.000139059,0,0,0.002097235,0,8.71E-05,0.000169306,0,0.000178516,0,0.002776592,0,6.11E-05,0.034503987,0.001715747,0.004664086,0,0,0.002363766,0.001634671,0.002352365,0.002964275,0,0.038575499,0,0,0,0,0,1.42E-05,0.003721342,4.50E-05,0,0.000461146,0.001673521,0,0,0,0,0.016861828,0,0,0.000100669,0,0.020022584,0.00028433,0,0.00359542,0,6.93E-06,0,0.00164412,0,0.000253707,0,4.60E-05,0,0,0,0.00027481,0.000161959,0.000509711,0,0.000600702,0,0,0.001989545,0,0.001135678,0.013327492,0.025746057,0,0,0,0.012033722,0.000901019,0,0,0.004143545,0,0.001364638,0.001682541,0.014134079,9.87E-06,0.003521568,0,0,0,0.035943978,0.005476197,0,0.002004368,0.000152576,0.01505435,0,0.000601024,0.003047214,0,0,0,0.008030334,0.012381089,0.045322368,0,0.024516485,0,0,0,9.21E-05,0,0,0.004687767,0.001672869,0.0227148,0,0,0,0.000198687,0,0.001225441,0,0.001706777,0.004823609,0,0,0.000506982,0.001745502,0,0.000789489,1.85E-05,0,0.00030098,0.000540027,0,0,0,0,0.000609338,0.000411685,0,0,0,0,0.001108658,0.002898567,0.003371453,0.00022745,0.000780372,0.000145252,0,0.000349923,0.000520707,8.90E-05,0,0.00097223,0.000857788,0,0,0,0.00136103,0,0,0,0,0,0.000240986,0,0,0,0,0,0,0,0,0.001055886,0.000115903,0,0.006208389,0,0,0.000504805,0,0,5.67E-05,0,0,0,0,0,0,0,0,0,0.006519223,0,0,0.000166416,0,0,0,0,0,0,0,0,0,0,0,0,0,0,0,0.004194427,0,0,3.69E-05,0,0,0,0,0,0.00764594,0,0,0,0,0,0,0.003714601,0.005856868,0,0,0,0.01058538,0,0,0,0,CRC
SRR6915136,0,0,0.006049397,0.000387732,0,0,0.000362841,0.003007294,0.01617561,0,0.000707984,0.001747594,0.006607548,0.001145139,0.016731919,0.005562209,0.002123245,0.050526701,0.007757416,0.000695596,0,0.000595967,0.001967081,0.004988371,0,0,0.010719671,0.001769515,0,0,0.000317048,0.002869522,0,0,3.46E-05,0.099472185,0,0.006308812,0,0.002897396,0,0,0,0.000763279,0,0.011708188,0.001341917,0.002622468,0,0.00069832,0,0,0.003093102,0.000693353,0.026978078,0.002803042,0,0,0.003028274,0,0.002126731,0.007950068,0.000456834,0.001731059,0.000102589,0.000920461,0,0,0.000582303,0.000316001,0,0,0,0.00241234,0.00254133,0.006752271,0,0,0.001092779,0.00116419,0.000634953,0.000234041,0,0.00425838,0,0,0,0,0.006604252,0,0,0.006353825,0.0008312,0.005828702,0.004284516,0,0.001540721,0.000171644,0,0,0,0,0,0.020810325,0.000543559,0,0,0,0,0,0.000739634,0,0,0.007404674,0,0.001077685,0,0,0.001706728,0.001306883,0,0.006215539,5.74E-05,0,0,0.000109624,0.003093448,0,0.000574039,0.116312697,0.003920257,0.001316787,0,0,0.000417181,0.000194364,0.000184675,0.004447791,0.000211502,0.001432474,3.55E-05,0,0,0.000104331,0,0,0.003062268,0.000271265,0.000666936,0.00063783,0,0,0,0,0,0.077915773,0.005205246,0,0,0,0.004155629,0,0,0.002534122,0,0,0,0.001303271,2.00E-05,0,0,0,0,0.000352618,0,0,0,0,0,0,0.001328465,0,0.000730055,0.011034836,0.001223796,0.000395304,0.000285962,0,0.000273805,0,0.005166938,0.000551152,0,0,0,0,0,0.004128457,0.009602174,0.000386452,0,0,0,0.059445402,0.006908226,0.003548326,0.064499074,0.000441687,0,0.058862586,0,0.000616131,0.004594262,0,0.000567725,0,0.004596219,0.009196905,0.001820427,0.009613315,0,0.00238296,8.93E-05,0,0.000236159,0,0.000692615,0.002108556,0.000499884,0.003850909,0,0.001126044,0.000198817,0.00669167,0,0.000439316,0.000402794,0.002336527,0,0.000289141,3.57E-05,0.001806233,8.03E-05,0,0.002526271,0,0,0,0,0,0,0,0,0.001340671,0,0.000599926,0,0.000347295,0,0.000685349,0,0,0.000440166,0,0,0,0.00031192,0,0,0,0,0,0,0,0,0,0,5.82E-06,0,0.002893826,0.010084205,0.000548509,0.00024068,0.0006285,0.000165123,0.000984688,0,0,0.000440431,0,0,0,0,0,0,0,0,0,0,0,0.006064947,0,0,0,0,0,0,0,0.003531808,0.001474496,0,0,0,0,0,0,0,0,0,0.016620724,0.00443688,0,0.001576284,0.003318894,0,0.006344573,0,0.000313452,0.000402095,0,0.000491395,0,0,0.003276154,0.00108879,0,0,0,0.000377353,0,0.003466929,0,0,0.000119455,0.002343878,0,0.00314317,0.002058722,0,0,0,0.000403978,0.001326536,0,CRC
SRR6915135,0,0,0.000580332,0.001511238,0.000973947,0,0.009106843,0.006852955,0.005481085,0.022386954,0.006234795,0.003905338,0.076375174,0.001426997,0,0.01841737,0.029104348,0.002944673,0,9.19E-05,0,0,0.000379209,0.004789968,0,0,0.043788142,0,0.001294277,0,0.005196163,0.004657849,6.12E-05,0.001851019,0.000429467,0.001025688,0,0.008034293,0.000721123,0.011065692,0.005666599,0.000776904,0,0.002864707,0.000848075,0.028618632,0,0,0.001019982,0.009376312,0.000170014,0,0.009550103,0.000732885,0.008805932,0.001853847,0.001407324,0.00012387,0,0.205805853,0.008237922,0.005884497,0.001511543,0.004118932,0.00097628,0.000629905,0.000808849,0,0,0.000800594,0,0.000592412,0.001495966,0,0.016371197,0.000337835,0.001647766,0.000434683,0,0,0.001404027,0,0,0.001554142,0,0,0,0,0.012187695,0.000159482,0,0.000287538,0,0,0.000909678,0,0.004007722,0.000276157,0,0.000431956,0.001685393,0.000479318,0,0.044011517,0,0,0,0,0,0,0.002867655,0.000804756,0,0.006249623,0,0,0,9.37E-05,0,0.006864152,0,0.000265729,0.000286493,1.25E-05,0,0.014610768,0.001490671,0,0.001027803,0.003096346,0.012185095,0.007953424,0.001949427,0,0.010934204,0.000112649,0.000720465,0.000623628,0,0,0.001758272,0,0,0,0.000324241,7.47E-05,0.00172615,9.87E-05,6.86E-06,0.000379384,0.000137917,0,0,0,0.000105355,0.0002343,0,0,0,0,0.039097044,0,0.002364961,0.000592361,0,0.00212659,0.005688158,0,2.62E-05,0.001971326,0,0.000928873,0,0.000120871,0,1.67E-05,8.18E-05,0.000130768,0,0,6.52E-05,0.000349035,0,1.79E-05,0,0,0,0,0.00144732,0.000273698,0.000557706,0.000840062,0.000538748,0,0.001563229,0.00055199,0.00919809,0.003684713,0.000132376,4.49E-05,0,0,0,0.00019655,0.006369926,0.002047124,0.030676555,0,0,0.000122662,0,0.005405205,0.000481877,0.000372063,0.010522722,0,8.90E-05,0,0.020416296,0.001887272,0,0.00683563,0,0,0.000129566,0,0,0.003489473,0.000506925,0.002961663,0,0.00033307,3.95E-05,0.000623562,0,0,0.000844942,0.005619391,0,0,0,0,0,0,0.001453817,0.009859068,0,0,0.007575117,0,0,0,0,0.001001782,9.63E-05,0,0,0,0,0,0,0,0,0,2.75E-05,0,8.96E-05,0,0,0.000998348,0.000521297,0,0,0,0.000503521,0.000162605,0,0,0,0,0.001173043,0.000313003,0,0,0,0,0,0,0,0,0,0.000277931,0,0,0,0.001327444,0,0.040416259,0,4.26E-05,0.000258561,0,0,0,0.00066166,0,0,0,0,0.000941666,0,0,0,0,0,0,0.000750034,0,8.87E-05,0.002309605,0,0,0,0,0.004987801,0.004318264,0,0,0,0,0.000147445,0,0,0,0,0.000781586,0.000313909,0,0,0,0,0.000942276,0,0.006403778,0,0,0,0,0,0,0.000384573,0,0,0,CRC
SRR6915125,0,0.07581476,0,0,0.001013357,0,0.001223454,0.002250269,0.000479354,0,0.002897827,0.011188984,0.024490967,0.003917179,0,0.034633342,0,0.021580991,0,0,0,0,3.68E-05,0,0.000283181,0,0.023128973,0,0,0.008480462,0.012092219,0.006676166,0,0,0.023489202,0,0.002548851,0,0.00335486,0,0,0.012748904,0,0,0.003999308,0.004015937,0.006245596,0,0.067585847,0,0.004454307,0,0,0,0.001787734,0.000427332,0,0,0,0,0,0.010962274,1.13E-05,0.00455559,0.000254124,0.001916538,0.009974465,0.00253124,0.008039767,0,0,0,0.000403289,0,0,0,0.000444571,0,0,0.002070462,2.38E-06,0,2.21E-05,0,0,0,0,0,0.000481447,0.001534442,0,0,0,0.001154582,0,0,0,0.007033015,0,0,0.000891677,0.000474338,0.000454116,0,0,0,0,0,0.010786701,0,0,0,0.002660984,0.015481766,0.000203781,0,0,0.005316471,0,0,7.65E-06,0,0.00561001,0,8.85E-05,0,0,0,0,0,0.024584518,0.006816314,0.001144486,0.000617502,0,0.000310252,0.019313508,0.003601707,0,0.08778392,7.15E-05,0.000247545,0,0.000726253,0,0.00074402,0,0.000109064,0.00025487,0.000286771,0,0,0,0,0.007933673,0,0,0,0.000187996,0.001471444,0.025324415,0,0.012547631,0.046881682,0,0,0,2.07E-05,0,0.006787667,0.001680107,0,0.001050735,0,0.000200254,0.004003115,0,0,0,0,0,0,0,0,0,0,0,0,0,0,0.012241784,0.000379736,0,0,0,0.000436363,0,0.011188895,0.000582202,0,0,0,0,0,0,0,0,0.015135993,0,0.000638261,0,0.001668343,0.007739348,0,0.000322441,0,0.004130811,0,0,0,0,0,0,0,0,0,0,0.010849287,0.000338038,0,0.000620071,0,0,0.000440946,0,0,0,0.00593811,0,0,0,0,0,0,0.01217897,0,0,0,0.002365221,0,0,0,0,0,0.008378751,0,0,0,0,0,0,0,0.001276058,0,0.000654421,0.00033446,0,0,0,0,0,0,0,0,0.000334649,0,9.53E-06,0,0,0,0,0,0,0,0,0,0.000752129,0,0.000759335,0,0.101086539,0.000576972,0,0,0,0.0022943,0,0.00460439,0,0,0,0,0,0,0,0,0,0,0,0,0,0.000691305,0.033745459,0,0,0,0.000758318,0,0.000520817,0,0,0,0,0,0,0,0,0,0,0,0.046007615,0,0,0,0,0,0,0,0,0,0,0,0,0,0,0,0,0,0,0,0,0,0,0,CRC
SRR6915195,0,0.001066505,0,0.000359582,0,0,0.000871181,0.005576202,0.00308345,0.003098614,0.004799148,0.001195026,0.000161043,0.004093081,0,0.00293368,0,0.050065321,0,0.00056463,0,0,0,0.004071961,0,0.000670441,0.024518731,0.00242358,0.000906437,0,5.85E-05,0,0,0,0.001536346,0,0.002771725,0.008721477,0,0.003352328,0.002696741,0.000500287,0.000988899,0.002327191,0.001162158,0.015169011,0.000489255,0.005760938,0.001292484,0.021741769,0,0,0.004277647,0,0.007332972,0.001554932,0,1.20E-05,0,0.155744032,0.013789932,0.015029877,0.008547245,0.007869937,0.002422754,0.001913916,0.000134675,0,0.001280877,0,0,0.000633271,0.00052801,0.001950558,0,0,0.00011372,0.000162456,0.001863707,0.000329543,0.001019208,0,0.000601489,0,0.000109224,0,0.010124761,0,0.012065434,5.21E-05,3.28E-05,0.000428989,0,0.000811583,0.00183607,0,0,0.001471715,0,0,0.000413328,0.000433421,0.000572818,0,0.001024434,0,0,0,6.28E-05,0,0,0.000514663,0.00012346,0.013235532,0,0,0.024510184,9.52E-05,0,0,0,0,0.000956144,0,2.95E-05,0.000342798,0.011880673,0,0,0,0.004637439,0.003056827,3.03E-05,0,0,0.000585496,0,0.009021741,0.002596879,0,0,0,0,0.000423854,0,0.000393,0.001506921,0.000401879,0.001182681,0,0,0,0.041661697,0.021682482,1.48E-05,0.001699273,7.19E-06,0,0.000541633,0,0.017560538,0,0.007462618,0.009607895,0,0.000560505,0,0.000327867,0.000141811,0,0,0,0,0.016487392,0.000319691,0.000752728,0,7.58E-06,0.00124045,0.000168327,0,0,0,0,0,0,7.65E-05,0,0.011854503,0.00034189,0.006635256,0.001879081,0,0,0,9.52E-05,0,0.002562743,0.000566059,0.000727925,0,0,0,0,0,7.81E-06,0,0,0,0.084185144,0,0.014332716,0.055497888,0,0.035971702,0,0,0,0,0,0,0.00358685,0,0,0.000272426,0,0,0.005938549,0,0.018502606,0.001088258,0.00165276,0.033439028,0,0,0.00110521,0.000497768,0.004901044,0,0,0,0.003787473,2.24E-05,0,0.002030873,0,0,0.000218638,0,0.001107406,0,0.000152718,5.29E-05,0.000570871,0.001864352,0,0,0,0,0.000344712,0,0,0.012500037,0,0,0,0.000326971,0,0,0,0.000888071,0,0,0,0,3.88E-06,0,0,0,0,0,0,0,0,0,0,0,0,0,0,0.003019876,0.000191208,0,0,0,0,0,0.005261476,0,0,0,0,0.001554104,0,0.000154441,0,0,0,0.013175483,0,0,0,0,0,0.012260451,0.002171079,0,0,0,0,0,0,0,0,0.000797995,0,0,0,0.00258621,0,0.000164072,0,0,0,0.007689574,0.000161355,0,0,0,0,0.001974584,0,0.001641476,0,0,0,0.004711749,0,0,0,0,0.001060782,0,0,CRC
SRR6915114,0,0,0,0,0.010161865,0,0.000959873,0,0.002201824,0,0.005609477,7.31E-06,0,0.000506768,0,0.081448755,0,0.044687108,0,0,0,0,0.000618008,0,0,0.000265039,0.185323606,0.022063236,6.18E-05,0.008225742,2.68E-05,3.43E-05,0,0,0,0,0,0.003600974,0,0.008887036,0.004992987,0.000717671,0,0.000779386,0.001061122,0.03109292,0.023943739,0,0.000114511,0.006346548,0.001847244,0,0.004484895,0.000512303,0.000726136,0.000451392,0,0,0,0,0,0.009158595,0.000716179,0.004350338,0.003862433,0.001573646,0.002756966,0.007769278,0.009464911,0,0,0.001057166,0,0,0.00137162,0.001443352,0.004435966,0,0.000124694,0,0.001543688,0,0.000563086,0.017791957,0,0,0,0,0.009040414,0.000284062,0,0,0,0.000197686,0,0,0,0.001544036,0.000103441,0,0,0.000214849,0.000384827,0,0,0.001351994,0.000524078,0,0.002466916,0,0.000738455,0,0.000142192,0.013955028,0,0.000189909,7.92E-05,0.002455221,0,0,0.001572546,0,0.00403131,1.45E-05,0,0,0.006932958,0,0,0,0.002187042,0.000366371,0.000368868,0,0,0,0.003147731,0.009023104,0.001402409,0,0,0,0,0,0,0.000310293,0,0,0,0.002877263,0,0,0,0,0.000309305,0,0,0.000181772,0,0,0.04335465,0,0.010321926,0.013042646,0.012503504,0,0.003246631,0,0.00331009,0.001625345,0,1.07E-05,0.000464682,0.007227084,0.000115443,0,0,7.19E-05,0.000153923,0,0,3.24E-05,0,0,0,0.003402282,0,0,0.003824975,0.001985491,0,0.000211438,0,0.000902851,0,0.005180735,0.007489476,0,0.041490851,0.001279478,0,0,0,0,0.003027335,0,0,0,0.002883358,0.00855681,0,0,0,0,0,0,0,0,0,0,0,0,0,0,0,0,0,0.005371589,0.003433539,0,0,0,0,0,0,0,0,0,0,0,0.00026441,0,0,3.00E-05,0.003526911,0,0,0,0,0.000369592,0,0,0,0,0.009478678,0.004786399,0,0,0,0,0,0.000969847,0,0,0,0,0.001257205,0,0,0.000148495,0,0,0,0.03787389,0,0,0,0,0,0,0.053297996,0,0,0,0,0,0,0.003587906,0,0,0,0,0,0,0.003025737,0.004686526,0,0.017286667,0,0.010155257,0,0,0,0,0,0.009472451,0.007210908,0,0,0,0,0,0,0,0,0.011037107,0.002047598,0,0.005586586,0,0,0.00148432,0,0,0,0,0.000275092,0,0,0,0,0,0,0,0,0,8.95E-06,0,0,0,0,0,0,0,0,0,0.011004027,0,0.017665416,0,0,0,0,0,CTR
SRR6915168,0,0,0,0.001078219,0.014915404,0,0.00219149,0,0.016387029,0.051556048,0.077071271,0.109568716,0.006899937,0.005800913,0,0.005385603,0,0.011172866,0,0,0,0.000326966,0.001171583,0,0.000402832,0.001042503,6.45E-05,0,0,0.005743033,0.021582052,0.026301216,0,0,0.032230902,0.006234242,0.004880856,0.006386917,0.001555794,0,0.03036894,0.000620244,0.023456836,0.007643684,0.000994409,0.002449621,0.010146093,0,0.000808684,0.004573434,0.009394598,0,0.001963588,0,0.001290225,0.000186782,0.000312224,1.74E-05,0,0,0.017579161,0.007443122,0.001232955,0.038994442,0.000224151,0.000324361,0.001159886,0.013081958,0.000636936,0,0,0.000339197,0,0,0,0.000237991,0.000136157,0.000975853,0,0.000139596,0,0,0.000487763,0,0.007519871,0.001364368,0,0,2.12E-05,0.000735594,0,0.00028744,0,0,0.021230921,0.007837595,0,0.000690981,0,0,0.001062994,0,0,0,0,0.000353406,9.60E-05,0,0.001404696,0,0,0.000671369,0,0.031039016,0,0,0.011405923,8.70E-05,0,0,0.001175732,0.015683232,5.53E-05,0,0,0.013409401,0.003051465,4.67E-05,0,0,0.005110528,0,0.001319764,0,0.000443046,0.000950521,0.000868437,0.000821579,0,0,8.24E-05,0.001319814,0.000226396,0,0.000868113,9.49E-05,0,0,0,0,0,0.000483246,0,0,0,0,0.000206053,0,0,0,0.039618188,0,0,0,0,0.01791782,0,3.07E-05,0.003473828,0.001018806,0,0,0.001213599,0.006361821,0,0,0,0.000239409,0.003239017,0,0,0,0,0,0,0.000257977,0,0,0,0,0.005283017,0.00142311,0,0.023641332,0.001296052,0.003297072,0.007180272,0,0.002821043,0,0.002174875,0,0,0,0,0,0,0,0,0,0,0,0.017897275,0,0,0,0.011745315,0,0,0,0,0,0,0,0.00011485,0,0,0.001794735,0,0,0.020763379,0,0,0,0,0.001690825,0,0,0.001867101,0,0,0,0,0,0,0.009141108,0,0,0.00019294,0,0,0,0.000398787,0,0.010358513,0,0,0,0,0,0,0.000906761,0,0,0.000158384,0,0,0.004489839,0,0,0.003966701,0,0,0.005395609,0.001826875,0.006828081,0,0,0,0,0.001403552,0,0,0,0,0,0,0,0,0,0,0,0,0,0,0.011322311,0,0.015485506,0.0049493,0,0,0.003591967,0,0,0,0,0.000144012,0,0.003280733,0,0,0,0,0,0,0,0,0,0.000422381,0,0,0,0,0,0,0,0,0,0,0,0,0,0.002031352,0,0,0,0.002251447,0.007257562,0.000919167,0,0,0,0,0,0,0.006850345,0,0,0,0,0,0,0,0,CTR
SRR6915167,0,0,0.002887975,0.001764649,0,0,0.004294461,0,0.003198219,0.002279525,0,0.093932389,0.00118399,0.003319737,0,0.053177032,0,0.070649498,0,0,0.001225149,0,0.001652045,0.003044128,0.000983454,0.0024233,0.115186954,0.004721347,0.015390263,0,0.012448662,0.020207578,0,0,0.002859024,0,0,0.004479982,0,0.002572963,0,0.001245035,0,0.001938009,0.000729884,0.010208076,0.035359795,0,0,0.019031936,0.00100469,0,0.012273627,8.58E-05,0.006890467,0.001476912,0.000289078,0.001103418,0,0.038725106,0.010866898,0.012713482,0.001334024,0.002975516,0.000392533,0.000567091,0.00058753,0.013030596,0.008731258,8.86E-05,0,0.00033612,0,0.000192598,0.015685334,0.002313783,0,0,0.000604722,0.000187386,0.000853996,0,0.000280336,0.010577652,0.000566824,0,0.004104138,0,0.0088143,0,0,0,0.000261142,0,0.001220584,0,0,0.000268227,0,0,0,0.000254545,0,0,0,0,0,0,2.27E-05,0,0.000526143,9.35E-05,0,0.002664655,0,0.00162964,0,0,0,0,0,0,0.000270717,0,0,0,0.006497102,0,0,0,0.011780489,0.031988276,0,0,0.006929167,0,0,0.004826147,0.001054264,0,0,0,0,0,0,0,0,0.000690708,0,0,0,0,0,0,0,0,0,0,0,0,0.02449873,0,0,0.000387353,0.000959429,2.80E-05,0.00183388,0.000602562,0.001808527,0.001241269,0,0,0,0.000656689,0,0.018346165,0,0,7.55E-05,0,0,0,0,0,0,0.000368317,0,0,0.000923438,0,0.005872803,0.004275785,0.002172844,0,0,0.008338163,0.001560359,0.002563387,0.001144128,0.000381183,0,8.17E-05,0,0,0.001641259,0.001078021,0,0,0,0.089069848,0,0,0.015412184,0,0,0,0.009505238,0,0,0.005383085,0,0,0.000201705,0,0.003002841,0,0,0.002100157,0,2.24E-05,0.002833006,0,0,0,0.000474798,0,0,0.000571268,0,0,0,0,0.001474292,0,0.001947514,0.002130989,0.000995481,0,0.000557657,0,0,0,0,0.000257677,0.009036602,0.000152646,0,0,0,0.000352108,0,0,0.005279639,0,0.000484276,0,5.84E-05,6.74E-05,0,0.003276522,0.004205953,0,0,0,0.001099706,0,0,0,0,0,0,0,0,0,0,0,0,0,0.000701445,0,5.43E-05,0.000291232,0,0.02270156,0,0,0,0,0.001420972,0,0,0,0,0,0,0,0,0,0.00096771,0,0,0,9.95E-05,0,0,0,0,0,0,0.003450792,0,0,0,0,0,0,0,0,0,0,0.000899076,0,0,0,0,0,0,0,0,0.000165389,0,0,0.003465225,0,0.000969588,0,0,1.73E-05,0.000466266,0,0,0.002054347,0,0,CTR
SRR6915172,0,0.001423727,0,0,0.009342075,0,0,0,0,0,0.009638053,0.001923502,0,0.003501386,0,0.141928592,0,0.055229879,0,0,0,0,0,0,6.06E-05,0.000374751,0.05413247,0,0.064015805,0,0.016793301,0,0,0,0.013277634,0.00733821,0.001234403,0,0.000115924,0,0,0.002382219,0.000155327,0,0.002018085,0.017386484,0.040599822,0,0,0.042714125,0,0,0.008883091,0,0.000823071,0.000617487,0,0.000410065,0,1.11E-05,0.007407554,0,0,0.004656705,0.002949086,0,0.005128575,0,0.016977552,0,0,0.000574923,0.006690452,0,0,0,0,0,0.00053824,0,0,0,0,0,3.41E-05,0.000267363,0.132707465,0.000491799,0,8.90E-05,0,0.001425796,0,0,0,0,0,0.003305158,0,0,0,0.000531039,0.000157537,0,0,0.000217552,0.00114785,0,0.008643476,0,0.001516765,0,0.000726303,0.033666677,0,0,0,0.001109287,0,0,0.000420462,0,0.005926872,0,0,0,0.02025594,0,0,0,0,0.004957827,0.000596072,0.002026022,0.012333677,0,0,0.002817674,0.000375984,0,0,0.000822048,0,0,0.000203189,0.000815684,0,0,0,0,0,0,0,0,0,0.047469186,0,0,0,0,0.002615229,0,0,0,0,0,0,0.000425361,0,0.001812015,0.001078647,0.009940706,0.004843017,0,0.000143664,0.004568518,0,0.000689478,0,0,0,0,0,0,0,0,0,0.014689463,0,0,0.008288796,0,0,0.000687561,0,0,0.004959089,0.000662366,0,0,0,0.011997139,0,0,0,0,0,0,0,0,0,0,0.00866751,0,0,0,0,0,0,0,0,0,0.011088492,0,0,0,0,0.011773435,0,0,0,0,0.002195673,0,0,0.000868865,0,0.000910126,0,0,7.44E-05,0,0,0,0,0,0,0,0,0,0,0,0,0,0,0,0,0,0,0.002571326,0,0,0,0,9.27E-06,0.000235943,0,0,0,0,0,0,0,0,0,0,0,0,0,0,0,0,0,0,0,0,0,0.005176162,0,0,0,0.000402959,0,0,0.006665759,0.000130296,0,0,0.000257428,0,0,0,0.019117602,0,0.001383199,0,0,0,0,0,0,2.37E-05,0,0,0,0,0,0,0.004328185,0.019066533,0,0,0,0,0,0,0.011316931,0,0,0,0,0,0,0,0,0,0,0,0,0,0,0,0,0,0,0,0,0,0,0,0,0,0,0,CTR
SRR6915175,0.088705286,0,0.006960168,0.000877318,0.003753886,0,0.000909941,0.005126477,0.004555832,0,0.004412456,0.00505531,0.042697239,0.002820679,0,0.038469095,0,0.040785849,0.01127331,0.001637408,0,0,0.00346106,0,0,0,0.03747401,0.028279133,0.002384931,0,0.010489956,0.007326444,4.45E-05,0.018364144,0.00018758,0.000816763,0,0.003443301,0,0.005320153,0.001005265,0.001329101,0,0.001197471,0.000347442,0.029125782,0,0.009322078,6.99E-05,0.000342603,4.81E-05,0,0,0.001189089,0.000226728,0,0,0,0,0,0.006283277,0.02214199,0.003967411,0,0.001324209,0.003675733,0.000738766,0.001599179,0.007279908,7.51E-05,0,0.000509257,0.001121249,0,0.009385223,0,0.000676355,0,0.001366644,0.000565498,0,0,7.19E-05,0.029157398,0,0,9.65E-05,0,0.008530962,0.000132583,0,0.000242302,0,0,0.001263858,0,0.001793941,0.000967947,0.002020829,3.95E-05,0.000130166,0.000348413,0.000110793,0.030878651,0.000482043,0.000316771,0,0,0,0,0.000680333,0.000286125,0,0.011959766,0,0.000687315,0.014411034,2.51E-05,2.39E-05,0,0,0,0.000776915,0,0,0,0.010678231,0,0.002664864,0,0.008034201,0,0.000709079,2.22E-05,0.00154115,0,0.005858983,0.004488071,0.005844398,0,0,0,0,0,0,0.000523643,0.000803847,0,0,0.001005257,0,0,0.073800834,0,0,0.004477713,0,0,0,0,0.046684107,0,0.020420153,0.004226821,0,0.002374466,0,0.000140221,0,0.001843763,0,0,0,0,0.000235216,0,0.001092928,0,0,0,6.58E-06,3.17E-05,0,0,0,0.002405311,0,0,0.001143051,7.69E-05,0.007380324,0,0,0,0,0.00135664,0.003098234,0.006550631,0.011079808,0.000450775,0,0,0,0,0,0,0,0,0,0,0,0,0.001156365,0,0.008605407,0,0.016818732,0,0,0,0,0,0,0,0.004360875,0,0,0.005849378,0.002201666,0,0.01776032,0,0,0,0,4.03E-05,0,0,0,0,0,0,0.000933202,3.23E-05,0.002646921,0,0,0,0,0,0,0,0,0,0,0,0,0,0,0.000900633,0,0.003020009,0,0,0,0,0.000323928,0,0.00479996,8.51E-06,3.95E-05,0.004331613,0,0.000197063,0,0,0,0,0,0.003805928,0,0,0,6.10E-05,0.000121624,0,0.075484043,0,0.000395285,0,0.002664731,4.46E-05,0,0,0,0.000517746,0,0,0,0,0,0,0,0.000375475,0,0.004075519,0,0,0,0,0,0,0.000211204,5.54E-05,0,0,0,0,0.000217712,0,0,0.000776771,0.001829245,0,0,0,0.001695278,0,0.001720785,0,0.000498604,0,0,0,0,0,0,0,0,0,0,0,0,0,0,0,0.00586259,0,0,0,0,0.008529323,0,0,CTR
SRR6915222,0,0.02054414,0,0,1.66E-05,0.000212354,0.070436311,0.000781837,0.002933552,0,0.004167324,0.007967192,0.005857311,0.001501988,0,0.105018799,0,0.023894861,0,0,0,0,0.001450168,0,5.93E-06,0,0.248301807,1.11E-05,0.093252759,0,0.005422212,0.000249287,0,0,0.000147772,0.007068927,0,6.27E-05,0,4.11E-05,0.008188009,0.024271274,0,0,0.013374068,0.0008986,0.000578416,0,0,0.007656437,0,0,0.013443507,0.000466915,0.000875876,1.15E-05,0,0,0,0.008029581,0.002808079,0,0.000431044,0.000424033,0,4.22E-05,0.02329252,0.025032343,0.000171505,0,0,0,0.000549174,0,0,0,0,0,1.80E-05,0,0.000610176,0,0,2.60E-05,0,0,0.012129967,0,0.000492713,0,0,0.003658495,0,0,4.50E-05,0,6.09E-05,0.005876907,0,0,0,0,0,0.00329422,0,0,6.94E-06,0,0,0,2.48E-05,0,0.002453772,0.002889716,0,0,0,0,0,0,0,0,0.031789902,0,0,0,0,0,0,0,0.000215475,0,0,0.000106886,0.000133973,0,0,0.002891,0.000326218,0,0,6.25E-05,0,0,0,0.001450051,0,0,0.000829257,0.000401119,0,0,0,0,0,4.15E-05,0,0,0,0,0.000770742,0,0.003702274,0.000154775,0.001697416,0.000248638,0.00053621,0,0.002834377,0.000373968,0.00056354,0.000102053,0,0,0,0.000167398,0,0,0,0,0,0.000128039,0,0,0,0.079332309,0,0,0.004428665,9.55E-06,0.049623167,0,0,0,0,0,0,0,0.00536217,0,0,0.000479962,0.000302594,0,0,0,0,0,0,0,0,0,0.019294946,0,0,0,0.000996111,0,0,0,0,0,0,0,0,0,0,0.000221679,0,0,0,0,0,0,0,0.001968642,0,0,0,0,0,0,0,0,0,0,0,0,0,0,2.21E-05,0,0.000996556,0,0.004921803,0,0,0,0,0,0,0,0,0,0,0,0,0,0,0.000659595,0,0,0,0,0,0,0,0,0,0,1.88E-05,0,0,0,0,0,0,0,0,0,0,0,0,0,0,0,0,0.014352178,0,0,0,0,0,0,0,0,0,0,0,0,0.002106689,2.75E-05,0.000105424,0,0,0,0,0,0.000153231,0,0,0,0,0,0,0,0,0,0,0.001369574,0,0,0,0,0.000175966,0,0,0,0.000606239,0,0,0,0,0,0,0.001294664,0,0,0,0,0,0.000163902,0,0,CTR
SRR6915092,0,0.001600262,0.020143132,0.035276217,0,0,0,0.00408175,0,0,0.001696144,0.011191486,0.001863035,0.001416028,0,0.020517781,0.002384977,0.009274592,0,0.003486798,0,0.00588385,0,0.004095821,0,0,0,0,0,0,0.000756821,2.05E-05,0,0,0.028687008,0.002594406,0.001212391,0,0.016906502,0,0,0,2.91E-05,0.000657557,0.011386938,0,6.02E-05,0,0,0.011820754,0,0,0,0,0,0,0.000196104,0.001407365,0.00940929,0,0.00548866,0.001954473,0,0,0.003765705,0,0.000627797,0,0.000387348,0,0,0.000893358,0.001638414,0,0,0,0,0.00027812,0,0.001155075,0,0,0,0,0.001427914,0,0.027775959,0.002066465,0.001263819,0,0,0,0,0.000358364,5.06E-05,0.000239951,0,0.000326092,0,0,0.00703135,0.000597436,0,0,0,0,0,0,0,0,8.94E-05,0,0,9.68E-05,0,0,0,0,0.000144808,0.008073282,0.000375483,0,0,0,0,0.02634144,4.86E-05,0,0,0,0,0,0.003783866,0,0.000479307,0,0,0.000237352,0,0,0,0.001288448,0,0,0,0,0,0,0.000685938,0,0,0.001489023,0,0,0,0,0,0,0,0.000577765,0.001660252,0,0,0,0.006843583,0.041834364,0.000197886,0,0,4.85E-05,0,0,0,0.018405247,0,6.46E-05,0.00030142,0.002075883,0,0,0.006958855,0,0,0.040193699,0,0.188373223,0.034395352,0,0.000298482,0.000181233,0.000462186,0.006684935,6.51E-05,0,0,0,0,0.000579598,0,0.00039058,0,0,0,0,0.014425748,0.003483443,0,0,0,0,0,0,0.011066064,0,0,0,0.005701806,0,0.081401531,0.015455677,3.15E-05,0.026226899,0,0,0,0,0,0,0,0.01021516,0.01038597,0.024312706,0,0,0,0,0,0,0.001755767,0.010859566,0,0,0,0,0.000978826,0,0,0,0,0,0,0,0,0.000199345,0.011601359,0,0,0.002291709,0,0,0,0,0,0,0,0,0,0,0,0.00049502,0,0,0,0.000324105,0,0,0,0,0,0,0,0.00124377,0,0,0,0,0,0,0,0,0,0,0,0,0,0,0,0,0,0,0,0,0,0,0.000148683,0,0.000680621,0.000217222,0.049022497,0.007374885,0,0,0,0,0.00059132,0,0,0,0,0,0,0,0,0,0,0,0,0,0,0,0.001791889,0.002066051,0,0,0,0,0,0,0.005633747,0,0.002105569,0.019637738,0,0.004136476,0.000128235,0,0,0,0,0.001490711,0,5.97E-05,0,0.000263344,CTR
SRR6915213,0,0.059178245,0.006173246,0,0.000243998,0,0,0,0.001898771,0,0.001511804,0.005137195,0.006380504,0,0.000723434,0.00303415,0,0.032308104,0.000553216,0,0.000134081,0,0.001309225,0.001988898,0,0,0.17157837,0.231091849,0,0.005380266,0.01904531,0,0.002558867,0,0.001977707,0,0,0,0,0.00027413,0,7.22E-05,0,0,0.000693813,0,0,0.001212007,0,8.32E-05,0,0,0.04091113,9.74E-05,0.000120557,0.007931151,0,0,0,0,0.018463226,0.005614637,0.003555881,0,1.92E-05,0.000694584,0.000524798,0,0.000282007,0,0.007110177,0,0.000580911,0,0,0,0,0,0.001121321,0,0.000501132,0,0,0,0,0,0,0,0,0.000139454,0.000404681,0.008899611,0,0,0,0,0.000617293,0,0.00043613,0,0,0,4.32E-05,0,0,0,0,0,0,0,0,0,0.001562534,0,0.000332417,0,0,4.96E-05,0,0,0,0,0.000102113,0.006094531,0.000231107,0.000416094,0,0.001314863,0,8.50E-06,0.000477012,0,0.000857297,0.001348727,0,0,0,0.005292954,0,0.000735201,0.003620408,0,0.000450363,0.002714703,0,0.001125674,0,8.58E-06,0,0.013550314,4.08E-05,0,0.009632181,0,0.000201416,0.003061525,0,0.001619553,0,0,0.119918297,0,0.002823224,0,0,0,0,0,0,0,0.000471999,0,0,0,0,0,0,0,1.52E-05,0,0,0,0,0,0,0.001351734,0,0,0.006451177,0,0.03063469,0,0,0,0,0,0,0.001695618,0.000628329,0.000118238,0,0,0,0,0,0.000159447,0,0,0.011040629,0.000714082,0,0,0.072979902,0,0.003604406,0,0.002976297,0,0,0,0,0,0,0,0,3.12E-05,3.56E-05,0.006684499,0,0,0,0,0,0,0,0,0,0,0,0,0,0.000168984,0,0,0.001516515,0,0,0,0.000282621,0,0,0,0.00011465,0,0,3.75E-05,0,0,0,0,0,0,0,0,0,0,0,0,0,0,0,0,1.83E-05,0,0,0,6.38E-05,0,0,0,0.013166467,0,0,0,0,0.00088823,0.001088299,0,0,0,0.000218999,0.001715606,0,0,0,0,0,0,0,0,0,0,0,0,0,0,0,0,0,0.001012834,0,0,0,0,0,0,0,0.000458854,0.000183461,0,0,0.005050008,0.000146283,0,0,0,0,0,0.000230107,0,0,0,0,0,0,0,0,0,0,0,0,0,0,0,0,0,0,0,0,0,0,0,0,0,CRC
SRR6915220,0,0.001688343,0.070666275,1.95E-05,1.48E-05,0,0,0.011401536,0.003990418,0,0.0041864,0.004914588,0,0.000672704,0,0.096089074,0,0.140863882,0,0,0,0,0.001018178,0,0,0,0.044082364,0,0.0044274,0,0.008566459,0.123552062,0,0.005415843,0.007965954,0.000780357,0,0,0.000681747,0,0.016576383,0.006759723,0.000955761,0.00489668,0.001108575,0.00040776,0,0,0.00016061,0.000148047,0,0.048921823,0.012820371,0,0,0,0.000615996,0.000869836,0,0.002334304,0.002332747,0.000498031,7.43E-05,0.003133065,0.011672151,0,0.002940104,0.04698068,9.94E-06,0.001448127,0,0.002161073,0.000670384,0,0,0,0.000352678,0.004251052,0.000249708,0.005149235,0,0,0.00241721,0,0.00107926,0,0.001359478,0.001964045,0.000169493,0.001185075,0,0,0,6.71E-06,0.000115605,2.54E-05,0.00051682,0.00774682,0,0.000340393,0,0.00163261,0,0,0.000152977,0,0,0,0,4.22E-05,0,6.51E-05,0.000439249,0,0,0,0,0,0,0,0.000362768,0,0.006344828,0,0,0,2.64E-05,0,0.000999631,0.031159282,0.000672957,0,2.95E-05,2.70E-05,0,8.97E-05,0,0.002490285,0,0.001037009,0,0,0,0,0,0.000126605,0,0,0,0.002344062,6.89E-05,0,0,0,0.000408483,0,0,0,0,0,0.000279543,0,0,0.000100978,0,0,0.000813252,0,0,0.000127466,5.08E-05,0,0,0,0,0,0.002570475,0,0.007852795,0,0.002648234,0.001047484,0,0.02721802,0,0,0,0.000157892,0.004426737,0,0.005876231,0.002947414,0,0,0.002195995,0.004954036,0,2.71E-05,0,0.000110849,0,0.003508578,0,0,0,0,0,0,0,0,0,0,0.005222188,0,0.013213778,0,0,0,0,0.018981036,0,0,0,0,0,0,0,0,0,0,0,0,0,0,0,0.020803609,0,0,0,0,0,0,0,0,3.26E-05,0,0,0,0,0,0,0,0,0.026963615,0.001077331,0.000534715,0,0,0,0,0,0,0,0,0,0,0,0.003939216,0,0.0074408,0,0,0,0.011757993,0,0,0,0,0,0,0,0,0,0.032675076,0,0,0,0,0.0003239,0,0,0,0,0,2.36E-05,0,0,0,0,0,0,0,0,2.71E-05,0,0,0,0,0,0.001377133,0.000124559,0,0,0,0,0,0,0,0,0,0,0.009088351,0,0,0,0,0,0,0,0,0,0,0,0,0,0.003106572,0,0,0,0,0,0,0,0,0,0,6.03E-05,0,0,0,0,0,0,0,CRC
SRR6915122,0,0,0,0,0.001594517,0,0,0.000406444,0,0,0.003039356,0.301430417,0.001437273,0,0,0.155600711,0,0.065212928,0,0,0,0,0.000232793,0,0,0,0.001504888,0.000266021,0.000826029,0,0.004672066,0.153829901,1.99E-05,0,0.012952724,0,0,4.48E-05,0,0,0,0.001643276,0,0.000226417,0.000852883,0,0.002545256,0,0,0.019459989,0.002689062,0,0.00523387,0,0,0,0,0,0,0.00015965,0.009220371,0,0,0.000172778,0.000841158,0,0.007793317,0,0,0,0,0,0,0,0,0,0,0,0,0.004197254,0,0,0,0,0,0,0,0,0.000745497,0,0,0,0,0,0,0,0,0.026752924,0,0,0,6.56E-05,0,0,0,5.28E-05,0,0,0.000777061,0,0,0,0,0,0,0,0.059409551,0,0,0,0,0,0.006023062,0,0,0,0,0.001151947,0,0,0.000593752,0,0,0,0.000888761,0,0,0,0.0001743,0,0,0,0.000565096,0,0,0,0,0.000436384,0.036484501,3.10E-05,0,0,0,0,0,0,0,1.80E-05,0,8.22E-05,0.000514082,0,0.017475851,0,0,0,0.00031793,0,0,0,0,0,0,0,0,0.040980995,0,0,0,0,0,0.000116715,0,0,0,0.000190301,0,0,0,0,0,0,0,0,0.000171203,0,0,0,5.27E-05,0,0,0.001785781,0,0,0,0,0,0,0,0.000862577,0,0,0,0,0,0,0.002003452,0,0,0,0,0,0,0,0,0,0,0,0,0,0,0,0,0,0,0,0,0,0,0,0,0,0,0,0,0,0,0,0,0,0,0,0,0,0,0,0,0,0,0,0,0,5.03E-05,0,0,0,9.51E-06,0,0,0,0.000496232,0,0,0,0,0,0,0,0,0.000661433,5.07E-05,0,0,0,0,0,0,0,0,0,0,0,0,0,0,0,0,0.008337283,0,0,0,0,0.015208418,0.000776217,0,0,0.016745742,0,0,0,0,0,0,0,0,0,0,0,0,0,0,0.000401472,0,0,0,0,0,0,0,0,0,0,0,0,0,0,0,0,0,0,0,0,0,0,0,0.000114438,0,0,0,0,0,0,0,0,CTR
SRR6915123,0,0.002391972,0,0.009623327,0,0.025526113,0.011919589,0.001552384,0.003855371,0.034615167,0.009366855,0.01439182,0.006385304,0.006173092,0,0.026883517,0,0.020627068,0,0,0,0.06132382,0,0,0,0.000667907,0.029952517,1.28E-05,0.004488246,0,0.010775929,0.000132863,0,0,0.024335182,0.00791181,0.001334919,0,0.000915662,0,0.023344959,0.001142832,0.004732721,0.002288126,0.006000058,0.000145221,0,0,0.000969868,0.011056625,0.000977649,0,5.93E-05,0,0,0,0.004608538,0.00169567,0.002032663,0.013351382,0.000755961,0,0,0,0.002317879,0.000286965,0.000531475,0.000914942,0.001648413,0,0,0.000363715,0.000243383,0,0.000934506,0.004060688,0,0,0,0.000949287,0,0,4.99E-05,0.001753489,0,0,0,0.002931451,0,0.000342603,0,0.001303274,0,0,0,0,0.000854647,0.00036397,0.009759324,2.26E-05,0.004086291,0.000467757,0,0,0,0.000585231,0,0,0,0,8.09E-06,0,6.04E-05,0,0,0,0,0,2.07E-05,0,0.000726554,0,0.001307409,0,0,0.066790307,0.000349075,0,0,0,0.003236903,0,0.000305584,0,0,0,0,0,9.33E-05,0.001226108,0,0.001964154,0,0,0,0.000125595,0,0,0,0.000513074,0.000211138,0,0,0,0.001666878,0.012231146,0,0,0,0.009670831,0.004545201,0,0.025857293,0.00021474,0.009688008,0,0,0.001044972,0,0.000654355,0,4.32E-05,0,0.030266381,0,0,0,0.000211017,0,0,0,0.00041779,0,0.046433271,0,0.041741749,0,0,0,0,0.012266317,0,0,0,0,0,0,0.0002996,0.00301729,0.000820168,0.000706823,0.002265113,0,0,0,0.012899441,0.045134707,0,0.000583268,0.000267484,0.00579025,0,0.06269069,0,0,0,0.003568695,0,0.026700267,0,0,0,0,0,2.88E-05,0,0,0,0.00013551,0,0,0,0,0,0,0.003759157,0,0,0.012313295,0,0,0,0,0,0.000300061,0,0,0,0,0,5.88E-05,0,0.000107063,0,0.026649137,0,0.000153588,0,0,0.001124409,0,0,0,0,0,0,0,0.00298478,0,0,0.000884105,0,0,0.004245123,0,0,0,0,0,0,0,0,0,0,0,0,0,0,0,0,0.03785774,0,0,0,0,0,0,0,0,0,0,0.0073412,0.005974725,0.014852185,0.000509819,0,0,0,0,0,0,0,0.001818525,0,0,0,0.000771823,0,0.000775015,0,0,0,0,0,0,0.003213205,0,0,0,0,6.48E-06,0,0,0,0,0,0,0,0.004194868,0,0.003061444,0.000960451,0.002658659,0,0.000626372,0,0,0,0,0,0,0.000613625,0,0,CRC
SRR6915100,0,0,0,0,0.086932083,0,0,0.010263869,0.000392296,0,0,0.082349086,0,0,0,0.004941396,0,0.002262507,0,0,0,0,4.15E-06,0.003269924,0,0.000480562,0.087313643,0.0198219,0.194737063,0,0,0.001419126,0,0,0,0.101243281,0,2.14E-05,0,0,0,0.001602047,0,6.67E-05,4.63E-05,0.007805441,0.001176035,0,0,0,0,0,0,0.001978007,0.001775396,0.001564388,0,0,0,0,0,0.002475693,0.002152826,0.043074554,3.12E-05,0,0.003875542,0,0.002035388,0,0,0,0.000396434,0,0,0,0,0.000522519,0.000541975,0,0.028345301,0,0,0,0,0,0,0,0.002921845,0.000141913,0,5.03E-06,0,0,1.25E-05,0.000179566,0,0,0,0,0,0,0,0,0,0,0,0,0,0,0,0,0,0.000570441,0,0.000196703,0,0,0,0,0,0,0.000117971,0.000923094,0,0,0.008581671,0,0,0,0.000808571,4.20E-05,0.000253089,0,0,0,0.000363134,0.001741955,0.003435891,0,0,0,0,0.000173292,0,0.000360712,0,0,0,0.0453214,0,0,0,0,0,0.006530402,0,0,0,0,0.034716377,0,0,0.000376376,0,0.019004551,0,1.51E-05,2.03E-05,0,0.00375401,0,6.18E-05,0,0,0,0,0,0.000512549,0,0,0,0.000844591,0,0,0,0,0,0,0,0.000214477,0,0,0,0,0,0,0.016331026,0,4.30E-05,0,0,1.47E-05,0,0,0,0,0,0.020702478,0.012048477,0,0.001264225,0.031491265,0,0.026121182,0,0,0,0,0.009836182,0,0,0,3.59E-06,0,0,0,0.000550235,0.007334373,0,0,0,0,0,0,0.000527465,0,0,0,0,0,0,0,0,0.00050199,0,0.000800675,0,0,0.000817743,0,0,3.17E-06,0,0,0.000653279,0,0,0,9.22E-05,0,0.00440061,0,0,0,0,0,0,0,0,0,0,0,0,0,0,0,0,0,0.003418352,0,0,0,0,0,0,0,0,0,0,0,0,0,0,0,0,0,0,0,0,0,0,0,0,0,0,0,0.005086744,0,0,0,0,0,0,0.007437685,0,0,0,0,0,0,0,0,0,0,0,0,0,0,0,0,0,0,0,0,0,0,0,0.000500009,0,0,0,0,0,0,0,0,0,0,0,0,0,0,0,CTR
SRR6915099,0,0.023330066,0,0,0,0.032773739,0.02347515,0.029487672,0.006096155,0.000371693,0,0.037537192,0.006007404,0.002077092,0,0.058966124,0,0.119586828,0,0,0,0,0.005213918,0,0,0.000587733,0,0.008968237,0,0,0,0.06437371,0,0,0,0,0,0,0.005810838,0.001372978,0.044383098,0.017087964,0.002391694,0.001500778,0.011845387,0.004767029,0.015087658,0,0.007819398,0,0,0,0,0,0,1.00E-05,0,0.000184199,0,2.77E-06,0,0,0,0.00147158,0.006218518,0.000374445,0.023108102,0,0.001407035,0,0.000456601,0.003203272,0.000220028,0.000574638,0,0.000155387,5.73E-06,0.001313781,8.00E-05,0,0.001825099,0,0.005577475,0,0.00036564,0.000292468,0,0.000596687,0.001772859,0.002552903,0,0,0,0.000594859,0.00848617,0,0,0,0,0.00143523,0,0.002309702,0,0,0.000246727,0.001242515,3.14E-05,0,0.001999294,0,0,0.000113345,0,0.000717712,0,0,0,0,0,0,0.003294562,0,1.83E-05,0,0,0.000325129,8.98E-05,0,0,0,0.04354161,0,0,0.000249895,0.006554113,6.69E-05,0,0.005499932,0,0.001148381,0,0,0.000274845,0,0,2.14E-05,0,0,0,0.011171207,0,0,0,0,0,0.002459344,0,6.86E-05,0,0.000568316,0.016791659,0,0.010971208,0.000151343,0,0,0,0,0,0.000815656,0,0,0,0,0,0,0.000199188,1.37E-05,0,0,0.001934204,0.001242788,0.003890544,0,0,0.000155403,0,0,0.004811764,0,0,0.000502959,0,0,0,0.001030918,4.63E-05,0,0.011249743,0,0.000206842,0.002416203,0,0,0,0.003679498,0,0,0.013007482,0.006988302,0,0,0.014938277,0,0,0,0.007807892,0,0,0,0,0.000809676,0,0.003452438,0,0,0,0.001085611,0.000247618,0.001972813,0,0.000785351,0,0,0,0,0,0.001260883,0,0,0,0,1.20E-05,0,0.002155908,0,0,0,0,0,0,0,0,0.000146471,0,0,0,0.001691167,0,0,4.84E-05,0,0.004247138,0,0,0,0,0.000344858,0,0,0,0,0,0.01013893,0,0.000320447,0,0,0,0,0.001819396,0.000978892,0,0,0,0,0,0,0.000458539,0,0.003680622,0,0,0,0,0,0,0,0,0,0,0,0,0,0,0,0.032936479,0,0.001585944,0,0.036327873,0,0,0,0,0,0,0,0,0.000492705,0,0,0.01640284,0,0,0,0,0.000701169,0,0,0,0,0,0,0,0,0,0,0,0,0,0,0.097079269,0,0,0,0,0,0,0,0,0.000746498,0,0,CRC
SRR6915194,0,0.004834375,0,0.004055664,0.011222652,0,0.001632861,0,0.014223105,0,0.066078507,0.073008647,0,0.006715223,0,0.102659639,0,0,0.034161199,0,0,0,0,0,0,0,0.005800653,0,0.0307105,9.51E-05,0.114070556,0.040186436,0,0.014186001,0.001842671,0,0,0,0,0,0.038784853,0.007008086,0,0,0.01176811,0,0.015287498,0,0,0,0,0,0,0,0,0,0,0,0,0.001520593,8.81E-05,0,0,8.15E-05,0.000656602,0,0.016635001,0,0,0,0,0,0.048273928,0,0,0,0,0,0,0,0,0,0.001352026,0,0,0,0,0,0,0.00026368,0,0,0,0,0,0,0,0.009430009,0,0.001428113,0,0.002020934,0,0,0,0,0,0,0.003524877,0,0,0,0,0,0,0,0,2.60E-05,0,0,0,0,0.018308146,0,0,0,0,0,0,0,0,2.59E-05,0,0.000357632,0,0,0,0,0,0,0,0,0,0,0,0.001130294,0,0,0,0,0,0,0,0,0,0,0,0,0,0,0.012930659,0,0,0,0,0.035859632,0.000601456,0,0,0,4.92E-05,0,0.000534428,0,0,0.000442856,0,0,0,0,0,0,0,0,0,0.007406011,0,0,0,0.004836642,0,0,0,0.010218912,0,0,0,0,0,0,0,0,0,0,0,0,0,0,0,0,0,0,0,0,0,0,0,0,0,0,0,0,0,0,0,0,0,0,0,0,0,0,0,0,0,0,0,0,0,0,0,0,0,0,0,0,0,0,0,0,0,0,0,0,0.031608874,0,0,0,0,0,0,0,0,0,0,0,0,0,0,0,0,0,0.012849612,0,0,0,0,0,0,0,0,0,0,0,0,0,0.039276942,0,0,0,0,0,0,0,0.006045883,0.000524126,0,0,0,0,0,0,0.052407149,0.011646609,0.001924339,0.008678956,0,0,0,0,0.032588588,0,0,0,0,0,0,0.00399563,0,0,0,0,0,0,0,0,0.001050829,0,0,0,0,0,0,0,0,2.17E-05,0,0,0,0,0,0,0,0,0,0,0,0,0,0,0,0,0,0,CTR
SRR6915191,0,0.002791956,0,0,0,0,0,0,0.020716739,0,0,0,0.006935663,0.001316091,0,0.015385487,0,0.010570416,0,0,0,0,0,0,0,0,0,0.00022247,0.032963818,0,0.01448703,0,0,0,0.014648442,0.002014569,0.000205848,0,0,0,0,0.003036511,0,0,0.001087106,0.000675887,0,0,1.15E-05,0.001365876,0,0,0.011569564,0.000321529,0,0,0,0,0,0,0.001198028,0.000255133,0.000191496,0.000400846,0.007600028,0,0.015617893,0,6.79E-05,0,0,0,0.000306604,0,0,0,0,0,0.000390668,0,0,0,0,0,0,0,0,0,0,0.000539114,0,0.002467511,0,0,0.000528073,0,0,0,0,0,0,0.00143521,0,0,0,0,0,0.000234014,0.000659962,0,0,0,0.002217228,0,0,0,0.000103434,0,0,0,0,0,0.009475653,0,0,0,0.000480762,0,0,0.63899049,0.003034145,0,0.002642371,0.000674261,0,0,0,0.000205282,0.008517333,0,0,0,0,0,0,0.000537561,0,0,0,0.001765857,0,0,0,0,0.000217008,0,0,0,0,0,0.000708852,0,0.007388609,0,0,0,0,0,0,0,0.000196206,5.66E-05,0,0,0,0,0,0,0.001468475,0,0,3.28E-05,0,0,0,0,0,0.001849878,0,0,0,0,0,0,0,0,0,0,0.00302895,0.001369942,0,0.025273719,0,0,0,0,0,0,0.000232581,0,0,0,0.012404289,0,0,0,0.014365759,0,0,0,0,0,0,0,0,0,0,0,0,0,0,0,0,0,0,0,0,0,0,0,0,0,0,0,0,0,0,0,0,0,0.000361681,0,0,0,0.02255933,0,0,0,0,0,0,0,0,0,0,0,0,0,0,0,0,0,0,0.022874007,0,0,0,0,0,0.002794919,0,0,0,0,0,0,0,0,0,0,0,0,0,0,0.000619596,0,0,0,0,0,0,0,0,0,0,0,0,0,0,0,0.036685062,0,0,0,0,0,0,0,0,0,0,0,0,0,0,0,0.000251139,0,0,0,0,0,0,0,0,0,0,0,0,0,0,0,0,0,0,0.004303839,0,0,0,0,0,0,0,0,CTR
SRR6915190,0,9.45E-06,0.002700983,0.025334441,7.44E-06,0.016306032,0.005485644,0.009086594,0.005638782,0,0.009762956,0,0.003906026,0.010980567,0,0.16118898,0,0.088505956,0,0.003875863,0,0.026392194,0.013839664,0.005696981,0,0,0.022971023,0.000185895,0.003557117,0,0.01363589,0.023810699,0.003717995,0,0.017038593,9.19E-05,0,0,0,0.008340388,0,0.006924128,6.94E-05,0.002708781,0.002536082,0.000149299,0,0,0.001006665,0.001503434,0,0.000722596,0.015565615,6.87E-05,0,0,0.004594431,0.000476249,0,0.002756065,0.002591257,0.00040676,0.000976196,0.001581787,0.001514618,2.47E-05,0.001269711,0,0.000571708,0,0,0.001725974,0.00312615,0,0,0.001056103,0.001011677,0.00141992,0.003074756,0.008996412,0.002452385,0,0.001322061,0.00055687,0,0,0,0,0.000384295,0.001103713,0,0.003161584,0.01068622,1.76E-05,0.000229037,0,0,0,0.007020887,0.00121034,0.012868502,0.000415527,0,0,0.000237731,0,0,0,3.70E-05,0,9.66E-06,0.001656175,1.86E-05,0,0,0.001102302,0,0,0,0,0.001306011,3.19E-05,0.006193381,0,0,0.000654021,3.62E-05,0,0,0,0.0024882,3.03E-05,0.00020705,0.000162826,0.000115122,0,0,0.000346366,8.64E-05,0.000610752,0,0.00057472,0,0,0,4.92E-05,0,0.001880918,0,0.001031267,0.001954324,0,0,0.014175545,0.000233409,0.00064609,0,0,0,0,0.002885782,0,0.009006807,0.00048662,0,0.003751489,0.000420844,0.00020519,0,0,0,0,0,0.010402416,0,0,0,0.000468028,0.00336419,0,0.002801268,0.000542292,0,0.001117843,0,1.48E-05,0,0,0.004499261,0,0.018499009,0.010845264,0,0,0.001845977,0,5.17E-05,3.30E-05,0.066556823,8.58E-06,0,0.005566994,0.00151787,0.00064828,0,0.01386503,0,0,0.003408801,0.004558056,0,0.000647572,0.009136608,0.000226303,0.039155885,0,0,0,0.006610725,0,0.008193499,0,1.53E-05,0,3.85E-05,0,0,0.000378053,6.96E-05,0,0.000985347,0,0.036679519,0.000896388,0,0.000374445,0,0,0,0,0.000172928,0.020298381,0,0.000293589,3.22E-05,0.001600268,0.000240651,0,0,0,0,0,0,0,0,0.007088849,0,0.000445259,0,0,0,0,0.000133724,1.81E-05,0,0,0.000920761,0.000990835,0,0,0.00205304,0.001424419,0,0,0,0.000347978,0,0,0,0.00535024,0.002479488,0.000338144,0,0,0.003185692,0,0,0,2.47E-06,0,0,0,0,0,0,0,0,0,0,0,0,0,0,0,0,0.000985937,0,0,0.004608306,0,0,0,0,0.001892741,0,0,0,0.001787406,0,0,0,0.000236911,0,0.000170094,0.01212005,0,0,0,0,0,0,0,8.84E-05,0,0,0,0.000351603,0,0,0,0,7.27E-05,5.99E-05,0,0.031594452,0,0,0,0,0,0,1.74E-06,0,3.10E-05,CRC
SRR6915187,0,0,0.019152697,0.001115835,0,0,0.007549474,0,0.003388074,0.001489661,0.015041879,0,0.03374081,0.003705579,0,0.032767341,0.009134793,0.079264374,0,0.002115895,0,0,0.004492567,0,0,0,0.132744781,0.011791117,0.005582375,0,0.001844405,0.058754178,0.000261158,0,0.037816724,0.00347163,0,0.000452591,0,0.000470122,0.009274859,0.003675245,0,0.002107966,0.000750207,0.00745121,0.000314268,0,0,0.001302482,0,0.009075384,0.00154317,0.001097356,0,0,0,0.000439042,0,0.004042712,0.004771106,0,0.0001778,0.004853684,0.001543804,0.000194896,0.002120665,0.032025547,0.001035844,0,0,0.002110337,0,0,0.003380485,0,0,0.002169723,0.006731624,0.000466076,0.002571991,0,0.000883537,0,0,0,0.001075365,0,0.003560649,0.000143573,0,0.000406465,0.005174391,0.001365046,0.003854771,0,0.002875559,0.003811972,0.016772394,0.000456217,0,0.00025336,0,0,0,0,0,0.00011579,0,0.000947828,0,0,0,0.000936238,0,0.00023177,0,0,0,0,0,0,0.003230248,0,0,0,0.000889024,0,0,0,0.008239377,0,0,0,0.001231525,0,0.000122098,0.002035052,0.00511559,0.002019582,0,0,0,0,0,0,0,0.002604953,0,0.003738339,0,0,0,0,0,0.006020978,0,0,0,0,0,0,0.002123305,0.000408864,0,0.002159963,0.000229952,0,0,0,0,0,0,0,0,0,0,0,0.00059473,0,0.000180946,0,0.000102257,0,0.011368489,0.001768079,0.000286488,0,0.001159455,0,0.007767368,0.003517647,0,0,0,0,0,0.001864029,0.083940225,0.000270572,0,0.014798011,0,0,0.024826707,0,0,0,0.00579856,0.004125304,0,0,0.043090883,0,0.018858831,0.005658233,0.002752433,0,0,0,0,0,0,0.000377056,0,0,0,0.000313026,0.00040836,0.000276448,0,0,0.013629565,0,0,0.000198715,0,0.003846254,0,0,0,0,0,0,0.002079455,0,0,0,9.25E-05,0,0,0,0,0,0,0,0,0.002767852,0,0,6.92E-05,0,0.011075709,0,0,0,0.000494628,0,0,0.014470399,0.000463663,0,0,0.004136725,0,0,0,0,0,0,0.001629848,0.000176419,0.000356629,0,0.002162969,0,0,0,0.000341293,0.00059596,0,0,0,0,0,0,0,0,0,0,0,0,0,0.001986687,0,0.016064127,0,0,0.002311689,0,0,0,0,0.001570064,0,0.017028478,0,0,0,0,0,5.78E-05,0,0,0,0,0,0,0.000102796,0,0.000116439,0,0,0,8.50E-05,0,0,0,0,0,0,0,0,0,0.003782172,0,0.001018006,0.000364062,0,0,0,0.005064904,0,0,CTR
SRR6915188,0,0.015260512,0.032712736,0,0.000255459,0.024063245,0.016069332,0.000513477,0.009257994,0.001170231,0.005515495,0.003920288,0.026013902,0.004871482,0,0.039283356,0,0.026529774,0,6.39E-05,0,0.00267963,0.000438351,0.011884539,0,0,0.092556345,0.091596961,0,0,0.00592863,0.02966119,0,0.00156385,0.000536465,0.001863761,0,9.63E-05,0.00014877,0.005595161,0.018994063,0.001544279,0,0.002691285,0.000497365,0.001168592,0.003381097,0,0,0.004342433,0,0,0.00802781,0.002082676,0,0,0.000177927,0.00013793,0,0.009000589,0.003774386,0.004825962,0.003223116,0.001019251,0.002926867,0.000541457,0.001408604,0.013416758,0.005812826,0.000878461,0,0.002420968,0.000241437,0,0.000156154,0,0.000139596,0,0.001709342,0.000833224,0.000330276,0,0.003006889,0.000370628,0.000651347,0,0.001240349,8.73E-05,0.00483848,0,0,0.008834417,0,2.93E-05,0.000162989,0,0.000211455,0.003826919,0.004412629,0.001034078,0.00089656,9.65E-05,0,0,7.87E-05,0.000655659,0,0.001871188,0,0.000142589,8.69E-05,8.93E-05,0,0,0,0,0,0,0,0,0.00020366,0,0.001542015,0,0,0.000318823,0.002856952,0,0.000180271,0.002242756,0.001562014,0,0.00012103,0,0.008364006,0,0.000340289,0.002678972,0,0.000420358,0,6.86E-05,0,0,0,0,0.000168976,0.000936868,0.002849596,0.006569845,5.54E-06,0,0.002380184,0,6.19E-05,0.012219118,0,0,0,0.000746194,0.023314981,0,0.005535532,0.000818881,0,0.006651973,0,1.78E-05,0,0,0,0,0,0,0,0.000684904,6.92E-05,0,0.000856095,0,0.000773075,1.86E-05,0,0.079936614,0.000464834,0,0.002697977,0,0.001575603,0.001128006,0.022331524,0.000509282,0,0,2.49E-05,0,0,0.00357646,5.18E-05,0.00124181,0,0,0,0.001613686,0,0.003968793,0.003895944,0,0.005664464,0.001313534,0,0.002124667,0.002799734,0.000530714,0.033963464,0.00021334,0.000896546,0,0,0.016667226,0,0,0,0,2.12E-05,0,0,0.00417894,4.74E-05,0,0.000363882,0,0.054412968,0.000122014,0,3.13E-05,0.00088229,0,0.000167224,0,0,0,5.48E-05,0,0.00647799,0.002095786,0,0.000527084,3.93E-05,0,0,0,0,0,0.001630123,0.001638227,0,0,0,0.000334852,0,0,0.004488252,0,0,0,0.0008526,0.000667934,0,0.002927532,0.00267645,0,0.000287542,0.000695858,0,0,0,0,0,0,0.003270201,0.001463941,0,0.000421496,0,0,0,0,0.000794353,0,0,0,0,0,0,0,0,0,0,0,0,0,0.015469888,0,0,0,0,0,0,0.008868354,0,0,5.34E-06,0.000642461,0,0,0,0.000807186,0,0.000267358,0,0.022257159,0.001006543,0,0,0,0.000945398,0,0,0,6.21E-05,0,0,0,0,0.000562793,0,0.001079791,0,0,0.000101511,0,0.003238165,9.42E-05,0,0,0.000764588,0,0,0,0,0,0,0,CRC
SRR6915202,0,0.000111778,0,0,0,0,0,0,0,0,0.010830628,0.086444357,0,0,0,0.106402662,0,0,0,0,0,0,0,0,0,0,0.036463774,0.00253971,0.015793574,0,4.14E-05,0.000635681,0,0,0.071518532,0,0,0,0,0,0.008326184,0.022048077,0,0,0.004048247,2.59E-05,0.000328468,0,0,7.88E-05,0,0,0.006253096,0,0,0,0,0,0,0.000675932,0,0,0.00358437,0,0.000953749,0,0.007550822,0,0.000291018,0,0,0,0.00251535,0,0,0,0,0,0,0,0,0,0,0,9.59E-05,0,0,0,0,0.000179776,0,0.003234845,0,0,0,0.000293158,0,0.011293519,0,0,0,0.004577209,0,0,0,0,0,0,0.000163092,0,0,0,0,0,0,0,0,0,0,0,0,0,0.002041354,0,0,0,0,0,0,0,0,0,8.60E-05,0.000948652,0,0,0,0,0,0,0,0,0,0,0,9.17E-05,0,0,0,0,0,0,0,0,0,0,0,0,0,0,0.000247903,0,0.017397261,0,0,0,0.000193736,0,0,0,0.005550882,0,0,0,0,0,0,0.000158244,0,0,0,9.83E-05,0,0,0,0,0,0,0,0.002989065,0,0,0,0.000453677,0,0.002292868,0,0.000250315,0,0,0,0.011191016,0,0,0,0,0,0,0,0,0,0,0,0,0.21046903,0,0,0,0,0,0,0,0,0,0,0,0,0,0,0,0,0,0,0,0,0,0,0,0,0,0,0,0,0,0,0,0,0,0,0,0,0,0,0,0.008619255,0,0,0,0,0,0,0,0,0,0,0,0,0,0,0,0,0,0,0,0,0,0,0,0,0,0,0,0.000781509,0,0,0,0,0,0,0,0.205447843,0,0.005854216,0,0.023633949,2.59E-05,0,0,0,0,0,0,0.046453616,0,0,6.58E-06,0.027181843,0,0,0,0,0,0,0,0,0.018958017,0,0.000617929,1.31E-05,0,0,0,0,0,0,0,0,0,0,0,0,0,0,0,0,0,0,0,0,0,0,0,0,0,0,0,0,0,0,0,0,0,0,0,CTR
SRR6915207,0,0.000354742,3.78E-05,0.007276777,0.001003573,0,0.009560012,0.001877865,0.005555969,0.008312713,0.005913737,0.015871426,0.000534511,0.007042702,0,0.081432045,0,0.036173533,0.010237404,0.001361483,0,0.024066592,0.00751757,0,0,0,0.018373256,0.007204589,0.001878596,0,0.000605638,0.019104212,0.0010501,0.00229814,0.003077454,0.000893173,0,0.000131696,0,0.000869564,0.024373252,0.000767261,0.000130987,0.001358228,0.002239281,0.000981441,0.00063576,0.005472369,0.000120409,0.001614998,0,0,0.002678273,0.000327815,0,0,4.85E-05,0.001402912,0,0.031932126,0.000204382,0.00216285,0.00015957,0.001326198,0.002754006,0.000946453,0.000327861,0,0.002205827,0,4.07E-05,0.000735191,0.000218587,0,0.006906151,0.001719474,9.05E-05,0.000469739,0.000545812,0,0.000541408,0,0.000266003,3.60E-05,3.61E-05,0,0.003978871,0,0.000413298,0.002712857,0,0.000993684,0,0.000294622,3.02E-05,0,0.003151136,0.002152362,0.009494147,0,0,0.000623643,0,0,0,0,0,0,1.92E-05,0,6.44E-05,0.00031432,0,0.000193948,0,9.15E-05,0,0,0.002067793,0,0.00177128,0,0.001463149,0,0,0.001777162,0.002204654,0,0.000773815,0,0.008686747,0,0,0,0.000912944,0.000565394,0,0.005155684,5.09E-05,0,0,0.000174733,0,0,0,3.48E-06,0.000961959,0.000114557,0.007290136,0.00092126,0.004014648,0,0.077173001,0,7.28E-05,0.003991127,0,0,0,0.001648015,0.00851199,0,0.014794404,0.003760281,0.007953621,0.007508961,0.001958105,0.000113818,0.000647186,0.000648148,0,0.000252353,0,0,0,0,0.000179123,0.000632047,0.000156585,0,0.000393339,0.000245298,0,0.059862074,0.006364341,0.039518708,0.014374699,0,0.007063001,0.000167652,0.003288436,0.005620877,0,0,0,0,0,0.001393661,0.000152673,0.000195244,2.42E-05,0,0.000587659,0.001956049,0.00063991,0,0.030487436,0.000277563,0.000170784,0.002526985,0.000222511,0.000230034,0.003739391,0,0,0.00121666,0.006119355,0,0.035949247,0,0,0.005777441,0,0,0,0,0,0.000461414,0.000978231,0.023671098,0,0.00013663,0,0.000289637,0,0.000761622,0,0,0,0,0,0,0.000173743,8.65E-05,0.000448881,0.000719213,0,0.00211208,0,0.000204659,0,0,0,0,0,0,0,0,0,2.28E-05,0,0.000687095,0.000196792,0,0,0,0,0.000886812,0,0,0.000687071,0.000329037,0,0.002847685,0,0.001701719,0,0,0,0,0.001853114,2.14E-05,4.78E-06,0,0,0,0,0,0.000107588,0,0.016587997,0,0,0,0,2.74E-05,0,0,0,0,0,0,0,0,0,0.002332613,0,0.0458212,0.041382519,0,0,0,0,5.06E-06,0,0.004806485,0,0,0.0004152,0,0.001998069,0.007818706,0,0.003498956,0,0,0,0,0,0,0.000287538,0,0,0,0,0,0.00020393,0,0,0,0,0.034325745,0,0,0.000302808,0,0.003016789,0,4.13E-06,0,0,0,0,0.000376817,CTR
SRR6915209,0,0.002537134,0.015370849,0,0,0.002558731,0.007501533,0.003029088,0.002369859,7.37E-05,0.007393783,0,0.019805862,0.006560446,0.02971434,0.011117663,0.000787161,0.03220008,0,0.000236447,0,0.000769309,0.000971516,0.002972364,0,0,0.074694885,0.093051977,0.015210339,0,0.010642126,0.022481033,0,0.001419693,0.001446617,0,0,0.000663334,0.001266085,0.003668842,0.015198924,0.000887325,0,0.00011651,0.00026181,0.00877024,0,0,0.016621081,0.000116935,5.12E-05,0.005222108,0.005988289,0.000840886,0.001990999,0.006081699,0,0,0,0.002179354,0.004300167,0.003472091,0.000809609,0.002788608,0.001654617,0.000245513,0.000627,0.019251263,0.001852155,0.000407635,0.001241249,0.001545873,0,0,0,0.000366551,0,4.83E-05,0.001587075,0.00016498,0.000414521,0.002601003,0,0,0,0,0.002640213,0,0.004732516,0,0,0.002614345,0.000641303,0.001149494,0.003025472,0,0.000108884,0.002763607,0,0,0,4.24E-05,5.17E-05,0,0.000405264,1.61E-05,0,0,0,0,0,0.000101141,0,0.00023917,3.99E-05,0.001290617,0.00144109,0,0.000703023,0,3.13E-05,0,0.000709873,0.000413283,0.000124485,0.004421475,0.000501164,0.019771977,0.000558935,0,0.005459913,0.013425781,0,0,0.000172591,0,0.000579926,0.000492725,0.000710391,0.000577795,0.001163739,0,0.001005963,2.88E-05,0,3.99E-06,0.000914457,0.00051248,0.002972615,0.000438367,0,0,0.014745207,0,2.92E-05,0.0116438,3.17E-05,0.00040346,0,0,0.016189471,0,0.030586049,0.001564123,0,0.001740825,0,0.007133816,0.000640989,0,0,0,0,0.00022834,0,0.00846579,0.002050954,0,0.000556219,0,0.00045349,5.89E-06,0.001145934,0.010588046,0.002317433,0,0.000608027,0.011730367,0.001959426,0,0.04808457,0.001098468,0.000269972,0,6.46E-05,0.000358871,0.000113234,0.002059691,0.000267196,0.000900982,0,0,0,6.63E-05,0.000949305,0,0.000126086,0,0,0.006275906,0,0,0.055297115,0,0.079276239,0,0.02801811,0,0,0,0,0.002072409,0,0,0.00015947,0,0,0.002335708,0.000862141,0.002037881,0,0.000639638,0.037883782,0,0,0.002290948,0,0.002305026,0,0.000444515,0,0,9.67E-05,0,0.001151813,0,0.000479096,0,2.34E-06,0,0,0.000205443,0.00417159,0.000750785,0,4.84E-05,0,6.14E-05,0,1.25E-05,0,0.000266227,0.005372996,0,0,0,0.000325655,0,0.000965423,0,0.000112951,0.002043708,0,0.001365412,0,5.59E-05,0,0.000115217,0,0.000611599,0.000825184,7.75E-05,0.002516901,8.26E-05,0.001380231,2.84E-05,0,0,0.000769354,0,4.90E-05,0.000865041,0,0,0,0,0,0.000297807,0,0,9.09E-05,8.57E-05,0.006051812,0,0,0.000183282,0,0,0.003384557,0.002635854,0,0,0,0,0,0,0,0,0,0,0.000998089,0,0.001075274,0,0,0.000535063,0,0,0,0,0.000942732,0,0,0,0,0,0,0,0,0,0,0,0.00014119,0.000261411,0,0,0,0,0,0,0,0.002990092,4.32E-05,2.22E-06,CRC
SRR6915145,0,0.03575674,0,0.000263172,0,0.016009302,0.005953282,0,0,0,0.004802273,0.002845798,0.005722332,0.004664928,0,0.005703544,0,0.031601849,0,0,0,0,0.001931236,0.000522106,0,0,0.009689427,0.002577148,0.001249212,0,0.003296136,0.025889848,0,0.000406329,0.001471986,0,0,0,0,0,0.006276779,0.000971457,0,0.000536774,0.000435778,0.00023115,0.002136754,0,0,8.75E-06,0,0,0.00361616,0,0,0,0,0,0,0.004696436,4.45E-05,0,8.91E-05,0,0.003457638,0,0.000570482,0.010521491,0,0,0.000155279,0.001011132,0,0,0.004977315,0,0,0,0,0.000377978,0,0,5.09E-05,0.002356619,0,0,0,0,0,0,0,0,0.002651424,0,0,0,0,0.000909762,0,0,0,8.14E-05,0,0,0,0,0,0,0,0,0,0,0,0,0,0,1.26E-05,0,0,0,0,0,0.002533178,0,0,0,9.78E-05,0.000188413,0,0.691085103,0.000237404,0,0,0,0,0,0,0.00017715,1.04E-05,0,0,0,0,0,0,7.15E-05,0,0.001429603,0,0.004090122,0,0,0,0,0,0.000120427,0,0,0,0,0,0,0.006472657,0,0,0.010062732,0,0,0,0,0,0,0,0,0,0,0.001651162,0,0.00034649,0,0,9.14E-05,0,0,0,0,0,0,0.000148183,0,0.002109117,0.003587078,0,0,0,7.63E-05,0,4.12E-06,0.009996379,0,0,0,0,0,0,0,0,0,0,0.005397062,0,2.73E-05,0.005027724,0,0,0,0.003762646,0.001413066,0,0,0,0,0,0,0,0,0,0,0.000162795,0,0,0,0.02923481,0,0,0,0,0,0,0,0,0,0,0,0,0,0,0,0,0,0,0,0,0,0,0,0,0,0,0,0,0,0.000863348,0,0,0,0,0,0,0,4.16E-05,0,0.001642789,0,0,0,0,0,0,0,0,0,0,0,0,8.00E-05,0.004099496,0,0,0,0.000445348,0,0,0,0,0,0,0.003639105,0,0,0,0,1.99E-05,0,0,0.000248517,0,0,0,0.000501694,0,0,0,0.000131177,0,0,0,0,0,0.001774927,0,0,0,0,0,0,0,0,0,0,0,0,0,0,0,0,0,0,0,0,0,0,0,0,0,0,0.00031447,0,0,0,0,5.12E-05,0,0,CTR
SRR6915159,0,0.021901848,0.004769288,0.001442114,0,0,0.007853535,0.007283452,0.003365817,0,0.014402964,0.008334284,0.000308268,0.002378579,0,0.025110478,0.022509968,0.169970113,0,0,0.000910676,0.030713565,0.005457602,0.002763904,0,0,0.024526717,0.001597734,0.000506258,0,0.002325266,0.038199772,0,0.001867084,0,0.000168382,0,0,0,0.002627709,0,0.00118292,0.000105964,0.019660877,0.021204845,0.000227177,0.003011554,0,0.000570457,0,0.000541478,0,0,7.76E-05,0,0,0.001180593,0.002470701,0.001487979,0.011980718,0.000355919,0.000485788,0,0,0.001020919,1.84E-05,0.000956509,0,0.000548255,0.004344744,0,0.000682417,0,0.006825524,0.000940712,0.000227442,0.000471745,0.002124132,0.000151678,0.00419518,0.00027471,0,0.000324067,0.000940551,4.45E-05,0.000361276,0.000311292,0,0.001207961,6.75E-05,0,0.001429668,0,0.000869037,0.000434558,0,0,0.001536563,0,0.000198978,0.008516393,0.000279106,0,0,0,0,0,0,0.001211624,0,0.000132053,0.000434477,0.002348702,0.000175156,0,0,0.00063351,0,0,0,4.26E-06,0,0.000674627,0,0,0.006978868,0,0,0.0029684,0,0.018423641,0,9.68E-05,0,0.015783442,0.000316978,0,0.003158218,0.000858621,0.001633888,0,0,0,0,0,2.71E-05,0,0,0,4.71E-05,0.007957573,0,0,0.008547588,0.001151934,0,0,0,0.000113677,2.27E-06,0.005521551,0,0.027255739,0.001216965,0,0.012330083,0.004553411,0.000423578,0.00077464,0,0,0,0,0,0,0,0,9.45E-05,0,0,0.002189976,0.000923332,0,0,0,0.029906339,0.007297237,0,0.011021014,0,0.004094052,0.007952126,0,0,0.000615409,0.000801099,0,0.001756174,0.001751554,0.000245658,0,0,0,0.002739003,0.022740712,0,0.000941853,0,0,0.000618962,0.003767817,0.001098786,0.005936998,0.008940647,0,0,0.005124037,0,0.003064892,0,0,0,0,0,0,0,0,2.62E-05,7.58E-06,0.003210717,0,0.006072841,0.066804944,0,0,0.000889085,1.88E-05,0.00063283,0,0.002411508,0,0,0,0,0.001173839,0.006358924,0,0,0,1.04E-05,0,0,0,0.00422111,0.01433042,0,0,0.000232773,0,3.11E-05,0.018699169,0.000110578,0.004413062,0.000963649,0,0,0.000475715,0.000174404,0,0,0.003186951,0.00533238,0,0.001304661,0,0.007244824,0,0.002567252,0,0,0.002883416,0.00233507,0,0,0.001191057,0,0,0,0.000707168,0.000141572,0.021244641,0,0,0,0,0,0,0.017813633,0,0,0,0,0,0,0,0.005050026,0,0,0,0,0.007191586,0,0,0,0,6.67E-05,0,0,0,0,0.000302228,0.000325147,0,0,0,0,0,0,0,0,0,0,0,0,0,0,0,0.002912127,0.018888334,0.003087214,0,0,0.003576752,0,0.002131873,0,0,0,0,0,0,0.002200709,0,0,CRC
SRR6915165,0.068733416,6.44E-05,0.008273108,0.005381534,0,0,0.006161451,0,0.001084485,0,0.006761319,0.000362573,0.001847958,0.001149427,0,0.007392752,0,0.019153052,0,0.000967218,0,0.000912497,5.26E-05,0.001262242,0,0,0.018370171,0,0.00011301,0,0.005575778,0.037032313,0,0,0.000972789,0,0,0,0,0.000210087,0.002577563,0.00402606,0,0.00029977,0.00356888,0,0.002238319,0.003775942,0,0.000101701,0,0,0.001211123,0,0,0,3.43E-05,0,0.000952864,0.001250158,0.003156337,0,0,0.002805358,0.001164977,0,0.001322428,0,0,7.87E-05,0,0,0,0.007994977,0,0,0,0.000308692,0,0.001520765,0.00018421,0,3.17E-05,0,0,0,0.001638644,0,0,0.000615175,0,0,0,4.67E-05,5.24E-05,1.15E-05,0,0.004993149,0,0,0.002929941,0.000258434,0,0,0,0,0,0,0,0,0,0,0,0,0,0,0,0,0,0.000978271,0,0,0.000375491,0,0,0.019059275,0,0,8.53E-05,0.620355351,0.000219503,0,0,0,0,0,0,0.000510642,0,0,0,0,0,0,0,0,0,0,0.000264722,0,0.000155426,0,0,0,1.59E-05,0.000258322,0,0,0,5.13E-05,0.000297442,0,0.000652054,0,0,0.00108972,0,0,0,0,0,0,0,0,0,0,0.000446091,0.000205574,0.000408149,0,0,0,0.000127224,0,0,0.011122857,0.004121491,0,0.001542815,0,0.000239121,0.002816337,0,0,0,0,0,0,0,0,0,0,0,0.000267704,0.000987725,0,0,0,0,0.000225285,0,0,0.005453901,0,0.014373997,0,0.00154981,0,0.00442405,0.003110991,0,0.007002881,0,0,0,0,0,0,0,0.005409246,0,0,0,0,0,0,0,0,6.14E-05,0,0,0,0,0,0,0.000401205,0,0,0,0,0,0,0,0.001056898,0,8.74E-05,0,0,0,0,2.25E-05,0,0.000513395,0,0,0,0,0.001153156,0,0.000647783,0.000203346,0,0,0,0,0.001858844,0,0,0,0,0,0,0,0,0,0,0,0,0,0,0,0,0.003256323,0,0.001744704,0,0,0,0,0,0,0,0.003556906,0,0,0,0,0,0.010177559,0.002265435,0.002154459,0,0,0,0,0,0,0,0,0.000163393,0,0.000651027,7.81E-05,0.011051397,5.83E-05,0,0,0,0,0,0,0,0,0,0,0,5.87E-05,0.004385361,0.002419,0,0,0,0.00204306,0,0,0,0,0,0,7.11E-05,0,6.03E-05,0,0.000198482,CTR
SRR6915164,0.014777152,0.009040256,0.002226158,0,0,0.000179835,0.005094361,0,0.001492641,0.096702549,0.000698495,3.65E-05,0.011603762,0.007664281,0,0.114469419,0.004323248,0.13687929,0,0.000265865,0,0,0.00617523,0.005034096,0,0,0.0424127,0.018836399,0,0,0,0.03951697,0,0.015111789,0.015586601,0.000520073,0,0,0,0.003311779,0.008468888,0.002173272,0,0.000861455,0.000387264,0.002568558,0.000395626,0.010235574,0,9.03E-05,0,0.013022421,0.000427915,0.00041321,0.002441973,0.000561802,0,6.65E-06,0,0,0,0.000353833,0.003947465,0.004722547,0.002568172,8.44E-06,0.000596953,0,0.001258276,0,0.000274242,0.000354066,9.49E-05,0,0,0,0,0.002009342,0.000981257,0.001351325,0.000597843,0,0.000154983,0.008622434,0,0,0,0,0.000601045,0.000114856,0,0.000345129,0,4.27E-05,0.000871653,0,0,0,0,0,0.000648034,0.000317742,0,0,0,0.000177699,0,0,0,0,0,0,0,0.000101877,0,6.52E-05,0,0,4.80E-05,0,0,0,0.001123337,0,0,0.011771375,0.000537317,0,0,0,0.001161032,0.000118705,0,0,9.55E-05,0.000205817,0,0.001336538,0,0,9.57E-05,5.19E-05,0,0,0,0.000119508,0,0.000792779,0,0.002177915,0.000201008,0,0.072170723,0,0,0.001537474,0,0,0,0,0.001505004,0,0.008964762,0.000910124,0,0.005933859,0,2.14E-05,6.17E-05,0.001332153,0,0,0,0,0,0,0,9.78E-06,0.000649291,0,0.000486608,0,0,0,0,0.002784302,0.00585193,0.000107872,0.000651557,0,0.000884588,0.003422502,0,0,0,0,0,0,0.004138704,0.00011545,0,0,0,0,0,0,0,0,0.003549954,0.002351426,0.000497618,0.000650075,0.02487053,0.001271779,0.007498579,0,0.008003237,0,0,0,0.020601009,0,0,0,0,0,0,0.00019617,0,0.023010537,0.007353302,0.003505903,0.031733951,0,2.84E-05,0,6.45E-05,0,0,0,0,0.003413752,2.74E-05,0,0,9.21E-05,7.99E-05,0.00345008,0,0,0,0,6.69E-05,0.000110593,0.000817573,0.004565021,0,0,0,0,0,0.002448102,0.00094899,0.000502596,0,0,0.000280298,0,0,0.000147527,0.001041422,0.000244152,0,0.004609729,0,3.92E-05,0,0.006364369,0,0,0,0.002900051,0,0.000157965,0.00060086,0,0,0,0.000197948,0,0,8.72E-05,0,0,0,0,0,0.028016329,0,0,0,0,0,0.008530661,0.000166077,0,0,0,0.013496695,0,0.003540423,0,0.000301191,0.002501739,0,0.012222573,0,0,0.000257937,0,0,0.00155956,0.000116636,0,0.000620178,0.001655321,0,0,0,0,0,0,0,0,0,0,0,0,0,0,0,2.96E-05,0.001632302,0,0,0,0,0,0,0,0,0,0,0.000112654,CTR
SRR8865580,0.005070001,0.024857971,0.044221843,0,0,0,0.001716183,0.016094819,0,0.003446492,0.036922755,0,0.008987332,0.005500063,0.0207393,0.007239127,0.000250721,0.020537206,0.006175501,0.000178041,0,0.049667763,0.000529748,0.011003296,0,0,0.06090744,0.002124718,0.000913368,0,0.00353673,0.000433298,0,0,0,0.040948614,0,0,0,0,0.00063029,0,0,0.00237249,0.000268309,0.00258,0.00573874,0,0,0,0,0,0,0,0.001695554,6.81E-05,0,0,0.00782138,0.012059667,0.002502797,0.003320612,0,0,0,0,0,0.01165972,0,0.000563281,0,0,0,0.00543577,0.014630897,0.001957991,0,0,0,0,0,0,0,0.005757791,0,0,0.008184249,0,0.005339237,0.000217287,0,2.23E-05,0,0,0,0,0,0.006845042,0.007684372,0,0,0,0,0.011301302,0,0,0,0,0,0.000388843,0,0,0,0,0.000126909,0,0,0,0.003276571,0,0,0,0,0,0,0.009364759,0,0.000600954,0,0.004378687,0,0,0,0,0.008375024,0,0,0.001385064,0,0,0,0,0.000711393,0,0,0,0.000241529,0,0,0,0,0,0,0.00074855,0,0.000784462,0,0,0,0,0.000352276,0,0,0,0,0,0,0,0,0,0,0,0,0,0,0,0,0,0,0,0.000118441,0,0,0.106566815,0,0.01301744,0.000475771,0,0,0,0.000855971,0,0,0,0,0,0,0,0.000950371,0,0,0.000437707,0,0.000704187,0,0.025176396,0.002516402,0,0,0,0,0,0.012956987,0.000915618,0.029161794,0,0.001853529,0,0.031999139,0.010459521,0,0.029313967,0,0.003806717,0,0,0,0.001114692,0,0.020493811,0,0.001757094,0,0,0,0.000975398,3.21E-05,0,0,0.000172635,0,0.005375941,0,0.001670141,0,0,0,0,0,0,0.000159828,0.00231399,0,0.004309726,0.001662341,0,0,0,0,0,0,0,0,0,0,0,0,0,0,0,0.002081372,0.000873753,0,0,0,0,0,0.029172169,0,0.000364059,0,0.000218733,0,0.000657538,0,0,0,0,0,0,0.000287019,0,0,0.002088003,0,0,0,0,0,0,0,0,0,0.000798355,0,0,0,0.000677447,0.030929231,0.001936044,0,0,0,0,0,0,0,0,0,0,0.009622955,0,0.001339867,0.018515688,7.68E-05,0,0,0.001078213,0,0,0,0.002009668,0,0.011800062,0,0,0,0,0.039612029,0.00270292,0,0,0,0.001056938,0,0,0,0,0,0,0,0,0.004149996,0,CRC
SRR8865577,0.003197351,0.045820279,0.049269889,0,0,0,0,0,0,0.006405475,0,0,0.017861509,0,0,0.000941932,0,0.029604134,0.011266194,0,0,0.093606629,0,0.010916946,0,0,0.0077103,0.002490832,8.51E-05,0,0,0,0,0,0,0.033855313,0,0,0,0,0,0,0,0,0,0.009044426,0,0,0,0,0,0,0,0,0.004944154,0.000217924,0,0,0,0.019519021,0.002216504,0.005611688,0,0,0,0,0,0,0,0,0,0,0,0.008573674,0.030084616,0.003512318,0,0,0,0,0,0,0,0.012130488,0,0,0.014634294,0,0.004974375,0,0,0,0,0,0,0,0,0.000320554,0.006782314,0,0,0,0,0.021979812,0,0,0,0,0,0.000120201,0,0,0,0,3.55E-05,0,0,0,0.005603733,0,0,0,0,0,0,0.006517151,0,0,0,0.002428394,0,0,0,0,0.014272237,0,0,0.000932362,0,0,0,0,0,0,0,0,0.000886311,0,0,0,0,0,0,0.001605384,0,3.75E-05,0,0,0,0,0,0,0,0.000789523,0,0,0,0,0,0,0,0,0,0,0,0,0,0,0,0,0,0,0,0.161992577,0,0,0,0,0,0,0.001035697,0,0,0,0,0,0,0,0.000674025,0,0,0,0,0,0.000373932,0.003159669,0.007382309,0,0,0,0,0,0.013241534,0.002702747,0,0,0.004977577,0,0.006262876,0.010776951,0,0.045136355,0,0.002388544,0,0,0,0.002099043,0,0.010880104,0,0.001120553,0,0,0,0,0.001748142,0,0,0.001040976,0,0.009722966,0,0.000859665,0,0,0,0,0,0,0,0.004280501,0,0.003691878,0.00279716,0,0,0,0,0,0,0,0,0,0,0,0,0,0,0,0,0.000559779,0,0,0,0,0,0.050429978,0,0.001002857,0,0.000626241,0,0.000609629,0,0,0,0,0,0,0,0,0,0.00412925,0,0,0,0,0,0,0,0,0,0,0,0,0,0,0.052459186,0.000689018,0,0,0,0,0,0,0,0,0,0,0.018138995,0,0,0.002917683,8.12E-05,0,0,0.001796718,0,0,0,0.001111286,0,0.02228548,0,0,0,0,0.033970023,0.003584261,0,0,0,0.003254128,0,0,0,0,0,0,0,0,0.000342452,0,CRC
SRR8865593,0.000955026,0,0.009752433,0,0,0.002476708,0.002827266,0,0,0,0.00017221,0,0.152771241,0.000431451,0,0.004238665,0,0.19980076,0,0,0,0.000591857,0.002219021,0,0,0,0.000846172,0.000351335,0,0,0.003805674,0.021806892,0,0,0.000732785,0.002455325,0,0,0,0,0.000723585,0,0,0,0.000367052,0,0.001135741,0,0,0.00066029,0.000549431,0,0.000153148,0,0,0,0,0,0.032730822,0,0.004466499,0.000768403,3.17E-05,0,0,0,0,0,0.00019973,0,0,0,0,0.029858542,0,0,0,0,0.000659563,0,0,0,0,0,0,0,0.004249384,0,0,0,0.002092834,0.000215516,0,0,0,0,0,8.36E-05,0.000149313,0,0,0,0,0,0.000291477,0,0,0.002297084,0,0,0.000876007,0,0,0.000698538,1.92E-05,0,0,0,0,0.020595971,0,0.000273745,0,0,0,1.88E-05,5.63E-05,0,0.000180615,0.000474102,0.000391588,0,0,0,0.000315339,0,0,0.000108316,8.76E-05,0,0,0,0,0,0,0,0,0,0.000175573,4.25E-05,0,0,0,0.002359338,0,0.007685292,0,0,0.000407692,0,0.001670999,0,0,4.02E-05,0,0,0,0,0,0,0,0,0,0,0,0,0,0,0,2.58E-05,0.000469818,0,0,0.113031816,0,0.060497257,0.012619662,0.000194827,0.001466161,0,0.020996167,0.001194941,0,0,0,0,0,0,0.001733148,0,0,0,0,0.000225474,0,0.024819391,0.145583595,0,4.78E-05,0.003536905,0,0,0.003971946,0,0,0,0.00215101,0,0.001392947,0,0,0.002476129,0,0,0,0,0,0.000567771,0.000592738,0.004367477,0,0,0,0.000650089,0,0,0,0,0,0,0,0,0,3.98E-05,0,0,0,0.000667949,0,0,0,0.000565124,0,0.000375606,0.003959952,1.41E-05,0,0,0,0,0.006705762,0,0.000320237,0,0,0,0,0,0,0,9.99E-05,0,0,0,0,0,0,0.000334484,0,0,0.001653321,1.49E-05,0,0,0,0,0,7.27E-06,0,0,0,0,0,0,0,0,0,0,0,0,0,0,0,0,0,0,0,0.03380698,0.013975132,0,0,0,0,0,0,0,0,0,0,0,0,0,0,0,0,0,0,0,0,0,0,0.006916397,0,0.00268102,0,0,0,0,0.000728952,0,0,0,0,0,0,0.000123916,0,0,0,0,0,0,0,0,CRC
SRR8865594,0,0.04080798,0,0,0,0,0,0,0.008741393,0,0,0,0,0,0,0,0,0.250173721,0,0,0,0,0.0557869,0,0,0,0,0.025360199,0,0,0.10209752,0,0,0,0,0.19032959,0,0,0,0,0,0,0,0,0,0,0,0,0,0.009239391,0,0,0,0,0,0,0,0,0,0,0,0,0,0,0,0,0.001461536,0,0,0,0.000841905,0,0,0,0,0,0,0,0,0,0,0.001527589,0,0.00354634,0,0,0.000332402,0,0,0,0,0.03268793,0,0,0,0,0,0.017089499,0,0,0,0,0,0,0,0,0,0,0,0,0,0,0,0,0,0,0,0,0,0,0,0,0,0,0,0,0,0.000127812,0,0,0.002762754,0,0,0,0,0,0,0,0,0,0,0,0,0,0,0,0,0,0.021418168,0.00394404,0,0,0,0,0,0,0,0,0,0,0,0,0,0,0,0,0,0,0,0,0,0,0,0,0,0,0,0,0,0,0,0,0,0,0,0,0,0.001782694,0.012763198,0,0,0,0,0,0,0,0,0,0,0,0,0,0,0,0,0,0,0,0,0,0,0,0,0,0,0,0,0,0,0,0,0,0,0,0,0,0,0,0,0,0,0.000838684,0,0,0,0,0,0,0,0,0,0,0,0,0,0,0,0,0,0,0,0,0,0,0,0,0,0,0,0,0,0,0,0,0,0,0,0,0,0,0,0,0.033334156,0,0,0,0,0,0,0,0,0,0,0.151887534,0,0,0,0,0,0,0,0,0,0,0,0,0,0,0,0,0,0,0,0,0,0,0,0,0,0,0,0,0,0,0.007792974,0,0,0,0,0,0,0,0,0,0,0,0,0,0,0,0,0,0.008474116,0,0,0,0,0,0,0,0,0,0,0,0,0.009034788,0,0,0,0,0,0,0,0,CRC
SRR8865586,0.018684138,0.017058621,0.058409879,0,0,0,0.010349451,0.000124636,0,0.000168995,0.006507961,0.00083116,0.007050903,0,0,0.011028448,0.059225356,0.130075057,0,0.003587296,0,0,0.001966311,0,0,0,0.010724028,0.030662521,0.000139828,0,0.00045953,0.001683895,4.69E-05,0,7.32E-05,0.000187564,0,0,0,0,0.008431196,0.005893582,0,0,0.000351199,0,0,0.000845674,0,0,0,0,0.029698809,0,0,0.000142233,0,0,0,0,0.013513349,0.000636161,0,0,0.000690796,0,0.000456523,0,0,0,0,0,0,0.002311995,0,0,0,0,0,0.001153898,0,0,0,0,0,0,0,0,0.005649839,0,0,0.009909361,0,0,0,0,0.002520185,0,0,0,0,0,0,0,0,0,0,0,0,0.00034878,0,0,0,0,0,0,0,0,0,0,0,0,0,0,0,0,0,5.92E-05,0,0.060755702,0.00560544,0,0,0,0.013587212,0,0,0,0.000693396,0,0,0,0,0,0,0,0,0,0,0,0,0,0.014904734,0.030860611,0,0.005270692,0,0,0,0,0.017221656,0,0.010104024,0,0,0,0,0,0,0,0,0,0,0,0,0,0,0,0.000172212,0,0.000684259,0,0,0,0,0,0,0,0.007628657,0,0,0.001528713,0,0,0,0,0,0,0.03553996,0,0,0,0,0.156163834,0,0,0,0,0,0.017219737,0,0,0.010297004,0.000910093,0.005881914,0.001695049,0.00887205,0,0,0,0,0,0,0,0,0,0.000490981,0.001208143,0.004554937,0.001151722,0,0.000635563,0,0,0,0.019378112,0,0,0,0,0,0,0,0.001042898,0,0,0,0,0,0,0,0,0,3.04E-05,0,0,0,0,0,0,0.000483623,0,0.003732546,0,0,0,0,0,0,0,0,0.007370779,0.051952191,0,0,0,0,0.0003503,0,0,0,0.00059847,0.000923409,0.005282991,0,0,0,0,0,0,0,0,0.000297203,0,0,0,0,0,0,0,0,0,0.00985514,0,0,0,0,0,0.015996464,0,0,0,0,0,0,0,0,0,0,0,0,0,0,0,0,0,0,0,0,0,0,0,0,0,0,0,0,0,0.0156626,0,0,0,0,0,0,0.00013506,0,0,0,0,0,0,0,0,CRC
SRR8865597,0,0.008573796,0,0,0,0,0.014183174,0,0,0,0.015366807,0.045004906,0,0.004303756,0.002357661,0.06138097,0.103049561,0,0,0,0,0,0,4.32E-05,0,0,0.020259428,0.009450921,0.001451621,0,0.003176257,0.009601118,0,0,0,0,0,0,0,0,0.001986564,0,0,0,0.002109873,0,0,0.002639299,0,0.000138769,0,0.073713668,0,0,0,0,0,0,0.003879945,0,0,0,0,0,0,0,0,0,0,0.002801973,0,0,0,0.000292359,0,0,0,0,0,0,0,0,0,0,0,0,0.000487999,0,0,0,0.019316342,0,0,0,0,0,0,0.00041047,0,0,0,0,0,0.002024894,0,0,0,0,0,0.000732485,0,0.00084966,0,0,0,0,0,0,0,0,0,0,0,0,0,0,0,0,0,0,0,0,0,0,0,0,0,0,0,0,0,0,0,0,0,0,0,0,0,0,0,0.007109018,0.002135319,0.002522463,0,0,0,0,0,0,0.086592448,0,0,0,0,0,0,0,0,0,0,0,0,0,0,0,0,0,0,0,0.001420087,0,0,0.152782815,0,0,0,0,0,0,0,0.000935558,0,0,0,0,0,0,0,0,0,0,0,0,0,0.026903077,0,0,0,0,0,0,0.000524416,0.001350519,0,0,0,0,0.004451254,0,0,0.01605341,0,0.002677362,0,0,0,0,0,0.004318301,0,0,0,0,0,0,0,0,0,0.000984471,0,0,0,0,0,0,0,0,0,0,0.004868859,0.017905666,0,0.001699032,0.001451774,0,0,0,0,0,0,0,0,0,0,0,0,0,0,0,0,0,0.000307153,0,0,0.001955764,0,0,0,0,0,0,0,0,0,0.000514156,0,0,0,0,0.003595317,0,0,0,0,0,0,0.001635417,0,0,0,0,0,0,0,0,0,0,0.198533964,0.005579594,0,0,0,0,0,0,0,0,0,0,0,0,0,0,0.040581975,0,0,0,0,0,0,0.00050859,0,0,0,0,0,0,0,0,0,0,0,0,0,0,0,0,0,0,0,0,0.000514712,0,CRC
SRR8865572,0.011526548,0.000620986,0.01461959,0,0,0.019713612,0,0.001654395,0.003250144,0,0.04965127,0,0,0.004326874,0,0.004620918,0,0,0,0.000324116,0,0,0,0.006508953,0,0,0.003019498,0,0.003183479,0,0,0,0,0,0.001477588,0.016588574,0,0,0,0,0,0,0,0,0.000318556,0,0.001441853,0,0,0,0,0,0,0.001577819,0,0,0,0,0.025143359,0.439809632,0,0,0,0,0,0,0,0,0,0.000335063,0,0,0,0.001059985,0,0,0,0,0,0,0,0,0,0,0,0,0,0,0.017470763,0,0,0,0,0,0,0,0,0.001230644,0,0,0,0,0,0,0,0,0,0,0,0,0,0,0,0.001233374,0,0,0,0,0.030338817,0,0,0,0,0,0,0,0,0.000278553,0,0.023907321,0,0,0,0,0,0,0,0,0,0,0,0,0,0,0,0,0,0,0,0,0,0,0,0,0,0,0,0,0,0,0.005211177,0,0,0,0,0,0,0,0,0,0,0,0,0,0,0.024927646,0,0,0,0,0,0,0,0,0,0.037547556,0.009102417,0,0,0,0,0,0,0,0,0,0,0,0,0,0,0,0,0,0,0.006871944,0.007849347,0,0,0,0,0,0.003959228,0,0,0,0,0.005091323,0,0,0,0.021064792,0,0,0,0,0.000709527,0,0,0.012150777,0,0,0,0,0,0,0,0,0,0,0,0,0,0.000197153,0,0,0,0,0,0,0,0.006910104,0,0.004077373,0.000882576,0,0,0,0,0.000138272,0,0,0,0,0,0,0,0,0,0,0,0,0,0,0,0,0,1.45E-05,0,0,0,0,0,0,0,0,0,0,0,0,0,0,0,0,0,0,0,0.002126251,0,0,0,0,0,0,0,0,0,0,0.113274957,0.00032743,0,0,0,0,0.031986641,0,0,0,0,0,0.00631207,0,0,0.004034662,0.002493991,0,0,0.001006247,0,0,0,0,0,0,0.001509074,0,0,0,0.001060672,0,0,0,0,0.000684115,0.002685863,0.000560064,0,0,0,0,0,0,0,0,CRC
SRR8865599,0.011171235,0.110636244,0,0,0.000867478,0,0,0.003304809,0,0,0,0,0,0,0,0,0,0.038028692,0,0,0,0,0.039466847,0.001224918,0,0,0.01005171,0.000108833,0.004656288,0,0.011516588,0,0,0,0,0,0,0,0,0,0,0,0,0,0,0.054105248,0,0,0,0.016845527,0,0,0,0,0.021845717,0.058027346,0,0,0,0.013047288,0.025207742,0.023780504,0,0,0,0,0.024420118,0,0.001385312,0,0.003215829,0,0.000936065,0,0,0,0,0,0,0,0,0.005006863,0,0,0,0,0,0,0,0,0,0.001568927,0,0,0,0,0,0,0,0,0,0,0,0,0.008085644,0,0,0.000357653,0,0,0.000680908,0,0,0,0,0,0,0,0,0,0,0,0,0.002139592,0.003131778,0,0.036013978,0.018891161,0,0,0,0,0,0,0,0,0,0.00123759,0,0,0,0,0,0,0,0,0,0,0.014893665,0,0,0,0,0,0,0,0,0.000398743,0,0,0.069871167,0,0,0.005956257,0,0,0,0,0,0,0,0,0,0,0,0,0,0,0,0,0,0,0,0.003134169,0,0.000216224,0,0.000560704,0.004458065,0,0.28188204,0,0,0,0,0,0,0,0,0,0,0,0.005286414,0,0,0,0,0,0,0.000477776,0,0,0.023037691,0,0,0,0.001404536,0,0,0,0,0,0,0,0,0,0,0,0,0,0,0,0,0,0,0,0,0,0,0,0,0,0.000157853,0,0,0,0,0,0,0,0,0,0,0,0.009284143,0,0,0,0,0,0,0,0,0,0,0,0,0,0,0,0,0,0.011524369,0.000828949,0,0,0,0,0,0,0,0,0,0,0,0,0,0,0,0,0,0,0,0,0,0,0,0,0,0,0.000375415,0,0,0,0,0,0,0,0,0,0,0,0,0,0.004660626,0,0,0,0,0,0,0,0,0,0,0,0,0,0,0,0,0,0,0,0,0,0,0,0,0,0,0,0,0,0,0,0,0,0,0,0,0,0,0,CRC
SRR8865589,0.010683373,0,0.013956677,0,0,0.014755774,0,0.001154818,8.76E-05,0,0.044716913,0,0,0,0,0.005125494,0,0,0,6.76E-05,0,0,0,0.006617142,0,0,0,0,0.000685379,0,0,0,0,0,0,0.013034978,0,0,0,0,0,0,0,0,0,0,0.001820334,0,0,0,0,0,0,0.000303943,0,0,0,0,0.018530067,0.527553242,0,0,0,0,0,0,0,0,0,0,0,0,0,0.000732614,0,0,0,0,0,0,0,0,0,0,0,0,0,0,0.017892078,0,0,0,0,0,0,0,0,0.000680038,0,0,0,0,0,0,0,0,0,0,0,0,0,0,0,0.000764779,0,0,0,0,0.031846933,0,0,0,0,0,0,0,0,0,0,0.024022271,0,0,0,0,0,0,0,0,0,0,0,0,0,0,0,0,0,0,0,0,0,0,0,0,0,0,0,0,0,0,0.001803654,0,0,0,0,0,0,0,0,0,0,0,0,0,0,0.023228054,0,0,0,0,0,0,0,0,0,0.032635524,0.006675028,0,0,0,0,0,0,0,0,0,0,0,0,0,0,0,0,0,0,0.007035453,0.000211095,0,0,0,0,0,0.000324614,0,0,0,0,0.005145897,0,0,0,0.01795189,0,0,0,0,0.000234409,0,0,0.010718249,0,0,0,0,0,0,0,0,0,0,0,0,0,9.09E-05,0,0,0,0,0,0,0,0.006969326,0,0.003311997,0,0,0,0,0,0,0,0,0,0,0,0,0,0,0,0,0,0,0,0,0,0,0,0,0,0,0,0,0,0,0,0,0,0,0,0,0,0,0,0,0,0,0,0,0,0,0,0,0,0,0,0,0,0,0.099462078,0,0,0,0,0,0.033471453,0,0,0,0,0,0.005981074,0,0,0.003203781,0.00239568,0,0,0.000100859,0,0,0,0,0,0,0.00090084,0,0,0,0,0,0,0,0,0.000387688,0.002352621,0.000375819,0,0,0,0,0,0,0,0,CRC
SRR5898909,0,0,0,0,0,0,0.001010482,0,0,0,0.03265642,0.003617216,0.009907317,0.000379411,0,0.107271606,0,0.157792814,0,0,0,0,0,0,0,0,0.190227623,0.076863234,0.015727277,0,0.000355568,0.060189849,0,0,0,0.047153913,0,0,0,0,0.00923969,0,0,0,0,0,0,0,0,0.000147104,0,0,0,5.72E-05,0,0,0,0,0,0.069870261,0.008584515,0,0,0,0,0,0,0,0,0,0,0,0,0,0,0,0,0,0,0,0.000768551,0,0,0,0,0,0,0,0.000316903,0,0,0,0,0,0,0,0.000633967,0,0.000652004,0,0,0,0,0,0,0,0,0,0,0,0,0,0,0,0,0,0,0,0,0,0,0,0,0,0,0,0,0,0,0,0.000897476,0,0,0,0,0,0,0,0.002520532,0,0,0,0,0,0,0,0,0.000639119,0.0017633,0,0,0,0,0,0,0,0,0,0,0,0.013075751,0,0.010135509,0,0,0,0,0,0,0,0,0,0,0,0,0,0,0,0,0,0,0,0,0,0,0,0,0,0,0,0.001412736,0.003413973,0,0,0,0,0,0,0.00145431,0,0,0,0,0,0,0,0,0.006918849,0,0.012988394,0,0.010462633,0,0,0.096908101,0,0,0,0,0,0,0,0,0,0,0,0,0,0,0,0,0,0,0,0.000731101,1.46E-05,0,0,0,0,0,0,0,0,0,0,0,0,0,0,0,0,0,0,0.031457511,0,0,0,0,0,0,0,0,0,0,0,0,0,0,0,0,0,0,0.00069032,0,0,0,0,0,0,0,0,0,0,0,0,0,0.004684557,0,0,0,0,0,0,0,0,0,0.000402179,0,0,0,0,0,0,0,0,0,0,0,0,0,0,0,0,0.003727502,0,0,0,0,0,0,0,0,0,0,0,0,0,0,0,0,0,0,0,0,0,0,0,3.49E-05,0,0,0,0,0,0,0.000562593,0,0,0,0,0,0,0,0,CTR
SRR5898910,0.211126901,1.27E-05,0.001324016,0,0,0,0,0,0.007846467,0,0,0,0.089762988,0,0.005396972,0.000500062,0.047195654,0.055910367,0,0,0,0,0.000759618,0,0,0,0.014430432,0.026488548,0.000909352,0,0,0,0,0,0,0.000192049,0,0,0,0,0,0,0,0,0,0.005307784,0.001200729,0.001996662,0,0.007046701,0,0,0,0,0,0,0,0,0,0.005383243,0.011496526,0.003713542,0.001062903,0,0,0,0,0.014922575,0,0,0,0,0,0,0,0,0,0,0.002056376,0,0,0,0,0,0,0,0.00873726,0,0.001002589,0,0,0.000517331,0,0,0,0,0,0,0,0,0,0,0,0,0,0,0,0,0,0,0,0,0,0,0,0,0,0,0,0,0,0,0,0,0,0,0,0,0,0.181539523,0,0,0,0,0,0,0,0,0,0,0,0,0,0,0,0,0,0,0,0.007699795,0,0,0,0,0,0.001760905,0,0,0,0,0,0,0,0,0,0,0,0,0,0,0,0,0,0,0,0,0,0,0,0,0,0,0,0.000661597,0,0,0,0,0,0,0.013831,0,0,0,0,0,0,0,0.000469759,0,0,0,0.006756336,0,0,0,0.000185598,0.000644848,0,0.003931407,0,0,0,0,0,0,0.010748081,0,0,0.001281521,0,0,0,0,0,0,0.000204941,0.007131433,0.001683763,0,0,0,0,0,0,0.000242758,0,0,0,0,0,0,0,0,0,0,0,0,0,0,0,0,0,0,0,0,0,0,0,0,0,0.00179399,0,0,0,0,0,0,0,0,0,0,0,0.006303233,0,0,0,0,0,0,0,0,2.53E-05,3.21E-05,0,0,0,0.01044047,0,0,0,0,0.181437925,0,0,0,0,0,0,0,0,0,0,0,0,0,0,0,0,0,0,0,0,0,0.023396796,0,0,0,0,0,0,0,0,0,0,0,0,0,0,0,0,0,0,0.010550334,0,0,0,0,0,0,0,0,0,0,0,0.000855039,0,0,0,0,0,0,0,0,CTR
SRR5898912,0.039802139,0.002630282,0.039220687,0.001941209,0,0,0,0,0,0,0.003370776,0,0.070331542,0.000266814,0.025400385,0,0,0.028086407,0.118886816,0,0,0,0,0.002342587,0,0,0.029286073,0,0.005904125,0,0,0,0,0,0,0.027208562,0,0,0,0,0.000928014,0,0,0,0,0,0.000435198,0.004780962,0,0,0,0,0,0,0,0,0,0,0,0.039961344,0.000778557,0,0,0,0,0,0,0,0,0,0,0,0,0,0,0,0,0,0,0,0,0,0,0,0,0,0,0,0,0,0,0,0,0,0.000421841,0,0,0,0,0,0,0,0,0,0,0,0,0,0,0,0,0,0,0,0,0,0,0,0,0,0,0,0,0,0,0,0,0,0,0.342416985,0,0,0,0,0.000270087,0,0,0,0,0,0,0,0,0,0,0,0,0,0,0,0,0,0,0,0,0.062466545,0,0,0,0,0,0,0.002308754,0,0,0,0,0,0,0,0,0,0,0,0,0,0,0,0,0,0.001030643,0,0,0.015595821,0,0,0,0,0,0,0,0.003919324,0,0,0,0,0,0,0.001744574,0,0,0,0.003664841,0,0,0.005252082,0.038478364,0.003859913,0,0.009178638,0,0,0,0,0.003390663,0,0,0.003140309,0,0,0,0.013891995,0,8.74E-05,0,0,0.001055437,0,0,0.000453292,0,0,0,0,0.000813571,0,0,0,0.010481997,0,0,0,0,0,0,0,0,0,0,0,0,0,0,0.005442385,0,0,0,0,0,0,0.000395136,0,0,0,0,0,0,0,0,0,0,0,0,0,0,0,0,5.02E-05,0,0,0,0.000130369,0,0,0,0,0,0,0,0,0,0,0,0,0,0,0,0,0,0,0,0,0,0,0,0,0,0,0.003041485,0,0,0,0,0,0,0,0,0,0,0,0,0,0,0,0.000396885,0,0,0,0,0,0,0,0,0.003946577,0.006390797,0,0,0,0.014720633,0,0,0,0,0,0,0,0,0,0,0,0,0,0,0,CTR
SRR5898921,0.008360244,0.015557551,0.008103598,0,0,0,0.003854291,0,0.00492198,0.000464077,0.004381658,0,0.002661992,0.001306368,0,0.005411528,0,0.06556696,0,0,0,0,0.000206936,0.000252167,0,0,0.008854002,0,0.000809728,0,0.001695127,0.073501848,0,0,0.000859299,0.000143051,0,0,0,0,0,0,0,0,0,0.002897464,0.003383708,0.000238133,0,0.031254986,0,0,0,0,0,0,0,1.74E-05,0,0.390155551,0.026081205,0.001499223,0,0,0,0,0,0,2.24E-05,3.47E-05,0.000770784,0,0,0.003928893,0.000509026,0,0,0,0,0,0,0,0,0.000469925,0,0,0.037664337,0,0,0,0,0,0,0.000178709,0.000368095,0,0.000249824,0.003312691,0,0,0,0,0,0,0.000446914,0,0,0,0,0.001767443,0,0,0,0.002432654,0,0,0.001144136,0,0.000469323,0,0,0,0,0,0,0.000690659,0.000667272,5.61E-06,0,0.011919706,0.001071871,0,0,0,0,0,0,0.003496407,0.000726691,0,0,0,0.000277619,0,0,0,0,0,0,4.11E-05,0,0,0.051870994,0,0,0,0,0,0,0,0.003279727,0,0.000920058,0.005378742,0,0,0,0.000641568,0,0,0,0,0,0,0,0,0.001148774,0,0,0,0.003631117,0,0,0,0,0.002922198,0,0.013243653,0.000318149,0,0.011889252,0.001646846,0,0,0,0,0,0,0.001799182,9.88E-06,0,0,0.000334904,0,0.000161213,0.000356446,0,0.002342764,0,0.004014738,0,0,0.033148199,0.000540744,0,0,0.019190717,0.007890485,0.000356106,0,0,0.000319769,0,0,0,0,0.000776503,0,0.000565259,0.003036316,0,0.000797487,0,0,0,0.004764582,0,0,0,0.003027203,0,0,0.000158888,4.42E-05,0,0,0,0.000901904,0,0,0,0,0,0,0.000948858,0,0,0,0,0,0,0,0,0.000486071,0,0,0,0,0,0,0,0,6.50E-05,0.000534288,0,0,0,4.62E-05,0,0,0,0.000401868,0,0,0,0,0.03520239,0,0,0,0,0,0,0,0,0,0,5.74E-05,0,0,0,0,0,0,0.001154812,3.18E-05,0,0,0.010277541,0,0,0,0,0,0,0,0,0,0,0.000523014,0,0,0,0.018257853,0.000717626,0,0,0.000998881,0,0,0.000169897,0,0,0.004721006,0.000566628,0,0,0,0.000190344,0.002864228,0,0,0,0,0,0.000244911,0,0,0,0,0,0,0,0,CTR
SRR5898922,0,0.000298552,0,0,0,0,0.008109668,0,0.003942345,0,0.004084288,0,0.012876362,0.000363639,0,0.06584409,0,0.040692139,0,0,0,0,0,0,0,0,0.327196384,0.009952609,0,0,0.004576243,0.036511169,0,0,0,0.000101476,0,0,0,0,0.0160237,0,0,0,0,0,0.050539911,0,0,0.00451252,0,0,0,0,1.07E-05,0,0,0,0,0.000507881,4.61E-05,0.108141948,0,0.000161844,0,0,0,0.015002742,0.003551235,0,0.000123335,0,0,0,0.00505588,0,0,0,0.000337686,0,0.000140373,0.000256703,0,0,0,0,0.027734358,0,0.00266548,0,0,0.00025788,0,0,0,0,0,0,0,0,0,0,0,0,0,0,0,0,0,0,0,0,0,0,0,0,0,0,0,0,0,0,0,0,0,0,0,0.000313001,0,0,0,0,0,0,0.002601536,0,0,0.001920164,0.006580318,0,0,0,0.000110394,0,0,0,0,0,2.86E-06,0.001475804,0,0,0,0,0,4.73E-05,0,0.000141748,0,0,0,0,0.022764647,0,0,0,0,0,0,0.000197146,0,0,0,0,0,0.000125103,0,0,0,0,0,0,0,0,0,0,0,0.008426353,0,0,0.003153987,0,0,0,0,0,0,0.000497389,0.001577701,0,0,0,0.041720022,0,0,0,0,0.014819846,0.047079004,0.073746537,0,0.002683956,0,0,0,0.00152996,0,0,0,0,0,0,0,0,0,0,0,0,0,0,0,0,0,0,0,0,0,0,0,0,0,0,0,0,0,0,0,0,0,0,0,0,0,0,0.001402618,0,0,0,0,0,0,0,0,0,0,0,0,0,0,0,0,0,0,0,0,0,0,0,0,0,0,0,0,0,0,0,0,0.002509975,0,0,0,0,0,0,0,0,0,0.013703519,0,0,0,0,0,0,0,0,0,0,0,0,0,0,0,0,0,0,0,0,0,0,0,0,0,0,0,0,0,0,0,0,0,0,0,0,0,0,0,0,0,0,0,0,0,0,0,0.00038757,0.000542511,0,0,0,0,0,0,0,CTR
SRR5898923,0.109925726,0.000436298,0.005621702,0,0,0,0,0,0,0,0.004847675,0,0.162503327,0,0.072856733,0.053367543,0,0.022858034,0,0,0,0,0.008009092,0,0,0,0.000292886,0.00180019,0,0,0,0,0,0,0,0.14608609,0,0,0,0,0.003794881,0,0,0,0,0.002169845,0.051165975,0,0,0,0,0,0.001536158,0,0,0,0,0,0,0,0.035271765,0,0.00024244,0,0,0,0,0.011586485,0.00422217,0,0.002300168,0,0,0,0,0,0,0,0,0,0.001239146,0.000212668,0,0,0,0,0.001287127,0,0.006820519,0,0,0,0,0.000105245,0.00594027,0,0.008737481,0,0,0,0,0,0,0,0,0,0,0,0,0.000365115,0,0,0,0,0,0,0,0,0,0,0,0,0,2.63E-05,0,0,0,0,0,0.025548087,0,0,0,0,0,0,0,0.000297365,0,0.005768699,0,0,8.03E-05,0,0,0,0,0.001462549,0,0.000443409,0,0,0,0,0,0.045332653,0,0,0,0,0.008100909,0,0.001066899,0.006983616,0,0,0,0.000170173,0,0,0,0,0,0,0,0,0,0,0,0,0,0,0,0,0,0,0,0,0,0,0.006429266,0,0,0,0,0,0,0,0.001106355,0,0,0,0.044951335,0,0,0,0,0.002513985,0,0,0,0,0.002639514,0,0,0.053713949,0,0,0,0,0,0,0,0,0,0,9.39E-05,0,0,0,0,0,0,0,0,0.000523226,0,0,0,0,0,0,0,0,0,0,0,0,0,0,0,0,0,0,0,0,0,0,0,0,0,0,0,0,0.000536699,0,0,0,0,0,0,0,0.00469209,0.001392414,0,0,0,0,0,0.005233387,0,0,0,0,0,0,0,0,0,0,0,0,0.029477089,0.018785477,0,0,0,0,0,0,0,0,0,0,0,0,0,0,0,0,0,0,0,0,0,0,0,0,0,0,0,0,0,0,0,0,0,0,0,0,0.000767696,0,0,0.005111551,0,0,0,0,0,0,0,0,0,0,0,0.00033874,0.000783214,0,0,0,0,0,0,0,CTR
SRR5898924,0.041155313,0.000589323,0.004214206,0,0,0,0.002557846,0,0,0,0,0,0.042777857,0,0,0.000265165,0.107301465,0.106716781,0,0,0,0,0,0.003424809,0,0,0.003435742,0,0.003740558,0,0,7.28E-05,0,0.004235792,0,0.00431978,0,0,0,0,0.00235546,0,0,0,0,0.004069132,0,0.001341688,0,0,0,0,0.000995324,0,0.001353721,0,0,0,0.00032763,0,0.001664436,0.014194593,0,0,0,0,0,0.018448343,0.003064461,0,0.001320948,0,0,0,0,0,0,0,6.21E-05,0,0,0,0,0.001144495,0,0,0.005996344,0,0.002214232,0,0,0,0,0,0,0,0,0,0,0,0,0,0,0.0063304,0,0,0,0,0,0,0,0,0,0,0,0,0,0,0,0,0,0,0.000328007,0,0,0,0,0,0,0.425329381,0,0,0,0,0.001041083,0,0,0,0.001321413,0.000816397,0,0,0,0,0,0,0,0.001180377,0,0.003439315,0,0,0.086803626,0,0,0,0,0.00125996,0,0,0.008665796,0,0,0,0,0,0,0,0,0,0,0,0,0,0,0,0,0,0,0,0,0,0,0,0,0,0,0,0,0,0.004462271,0.000289356,0,0,0,0,0,0,0,0,0,0,0,0,0,0,0.024730754,0.002026194,0.000152106,0.015977628,0,0,0,0,0,0,0,0,0,0,0,0,0,0,0,0,0,0,0,0.001090987,0,0,0,0,0,0,0,0,0,0,0,0,0,0,0,0,0,0,0,0,0,0,0,0,0.000444627,0,0,0,0,0,0,0,0,0,0,0,0,0,0,0,0,0,0.000802124,0.004724327,0,0,0,0,0,0,0,0,0,0,0,0,0.000280351,0,0,0,0,0,0.019656495,0,0,0,0,0,0,0,0,0,0,0,0,0,0,0,0,0,0,0,0,0,0,0,0,0,0,0,0,0,0,0,0,0,0,0,0,0,0,0,0,0,0,0,0,0,0.002572548,0,0,0,0,0,0,0.001763595,0,0,0,0,0,0,0,0,CTR
SRR5898925,0.554662844,0,0,0,0,0,0,0,0,0,0,0,0.011994559,0,0.001466328,0,0,0.011484834,0,0,0,0,0,0,0,0,0,0.005150357,0,0,0,0,0,0,0,0,0,0,0,0,0,0,0,0,0,0,0,0,0,0,0,0,0,0,0,0,0,0,0,0,0,0,0,0,0,0,0,0,0,0,0,0,0,0,0,0,0,0,0,0,0,0,0,0,0,0,0,0,0,0,0,0,0,0,0,0,0,0,0,0,0,0,0,0,0,0,0,0,0,0,0,0,0,0,0,0,0,0,0,0,0,0,0,0,0,0,0,0,0,0.321884014,0,0,0,0,0,0,0,0,0,0.022981162,0,0,0,0,0,0,0,0,0,0.006592456,0,0,0.000198309,0,0,0,0,9.32E-05,0,0,0.000215104,0,0,0,0,0,0,0,0,0,0,0,0,0,0,0,0,0,0,0,0,0,0,0,0,0,0,0,0,0,0,0,0,0,0,0,0,0,0,0,0,0,0,0,0,0,0,0,0,0.00823134,0,0,0,0,0,0,0,0,0,0,0,0,0,0,0,0,0,0,0,0,0,0,0,0,0,0,0,0,0,0,0,0,0,0,0,0,0,0,0,0,0,0,0,0,0,0,0,0,0,0,0,0,0,0,0,0,0,0,0,0,0,0,0,0,0,0,0,0,0,0,0,0,0,0,0,0,0,0,0,0,0,0,0.04873452,0,0,0,0,0,0,0,0,0,0,0,0,0,0,0,0,0,0,0,0,0,0.004470168,0,0,0,0,0,0,0,0,0,0,0,0,0,0,0,0,0,0,7.82E-05,0,0,0,0,0,0,0,0,0,0,0,0,0,0,0,0,0,0,0,0,CTR
SRR5898926,0.334574834,0.017626674,0.005510489,0,0,0,0,0,0,0,0,0,0.219594575,0,0.002487969,0,0,0.006699994,0.069615153,0,0,0,0,0.000815243,0,0,0,0.004801668,0,0,0,0,0,0,0,0,0,0,0,0,0.001841359,0,0,0,0,0,0.000648634,0,0,0,0,0,0,0,0,0,0,0,0,0,0,0.004648642,0,0,0,0,0,0,0,0,0,0,0,0,0,0.000916432,0,0,0,0,0,0,0,0.003741617,0,0,0.003654354,0,0.003640144,0,0,0,0,0,0,0,0,0,0,0,0,0,0,0,0,0,0,0,0,0,0,0,0,0,0,0,0,0,0,0,0,0,0,0,0,0.002383198,0,0,0,0.110669557,0,0,0,0,0,0,0,0,0,0.056800587,0,0,0,0,0,0,0,0,0,0,0,0,0,0,0,0.007020153,0,0,0,0,0,0,0,0,0,0,0,0,0,0,0,0,0,0,0,0,0,0,0,0,0,0,0,0.007414792,0,0,0,0,0,0,0,0,0,0,0,0,0,0,0,0,0,0,0.02813776,0.01102541,0,3.57E-05,0.048296896,0.004011275,0.007210432,0.007448384,0.000562309,0,0,0,0,0,0,0,0,0.010891747,0,0.000669425,0,0,0,0,0.000980745,0,0,0.000265192,0,0,0,0,0.001163117,0,0,0,0,0,0,0,0,0,0,0,0,0,0,0,0,0,0,0,0,0,0,0,0,0,0,0,0,0,0,0,0,0,0,0,0,0,0.013137263,0,0,0,0,0,0,0,0,0,0,0,0,0,0,0,0,0,0,0,0,0,0,0,0,0,0,0,0,0,0,0,0,0,0,0.000198054,0,0,0,0,0,0,0,0,0,0,0,0,0,0,0,0,0,0,0,0,0,0,0,0,0,0.000860255,0,0,0,0,0,0,0,0,0,0,0,0,0,0,0,0,0,0,0,0,CTR
SRR5898948,0,0.00024627,0.010456712,0.007522614,0,0,0,0,0,0.017270475,0.00302954,0.1418625,0.004209069,0.002338909,0,0.282102154,0.004024052,0.074039141,0,0,0,0,0.001457664,0.000294944,0,0,0,0,0.169768619,0,0.00414665,0.12806278,0,0,0.001854597,0.001353745,0,0,0,0,0,0,0,0,0,0,0,0.00679543,0,0.012700219,0,0.000114011,0,0,0,0,0,0,0,0.013982699,0,0.00055331,0,0,0,0,2.88E-05,0,0,0,0,0,0,0.000229286,0,0,0,0,0,0.00040607,0,0,0,0,0,0,0,0,0,0,0,0,0,0,0,0,0,0.000622004,0,0,0,0,0,0,0,0,0,0,0,0,0,0,0,0,0,0,0,0,0,0,0,0,0,0,0,0.001284824,0,0,0,0,0,0,0,0,0,0,0,0,0,0,0,0,0,0,0,0,0,0,0.001786689,0,0,0,0,0,0,0,0,0,0,0,0,0,0.026003166,0,0,0,0,0,0,0,0,0,0,0,0,0,0,0,0,0,0,0,0,0.006738791,0,0.000511895,0,0,0.000324477,0,0.001583395,0.004074414,0,0,0,0,0,0,0,0,0,0,0,0,0,0,0.006235996,0,0,0.000154709,0,0,0.024526679,0,0,0,0.020075816,0,0,0,0,0.002327034,0,0,0,0,0,0,7.99E-05,0.000908401,0,1.32E-05,0,0,0,0,0,0,0,0,0,0.000116124,0,0,0,0,0,0,0,0,0,0,0,0,0.001221254,0,0,0,0,0,0.000154161,0,0,0,0,0,0,0,0,0,0,0,0,0,0,0,0,0,0,0,0,0.001097957,0,0.000123657,0,0,0,0,0,0,0,0,0,0,0,0,0,0.002530072,0,0,0,0,0,0,0,0,0,0,0.008275342,0,0,0,0,0,0,0,0,0,0,0,0,0,0,0,0,0,0,0,0,0,0,0,0,0,0,0,0,0,0,0,0,0,0,0,0,0.000379777,0,0,0,0,0,0,0,0,CTR
SRR5898950,0,0,0.002053039,0,0,0.003571892,0.000709756,0,0.004064154,0,0.000349697,0,0.047563939,0.000548193,0,0.012480722,0.016789766,0.225025617,0,0,0,0,0.002860026,0,0,0,0.079670014,0,0.004229216,0,0.000219229,0.004316178,0,0,0.001075826,0.001450033,0,0,0,0,0.002916284,0,0,0.000272191,0,0.003825436,0,0,0,0.040340535,0,0,0,0,0,0,0,0,0,0.000411612,0.013720108,0.00180055,0,0,0,0,0,0.004140241,0,0,0,0,0,0,0.011609792,0,0,0,0,0,0,0,0,0,0,0,0.07252401,0,0,0,0,0.000355294,0,0,0.000260811,0,0,0.001147611,0,0,0,0,0,0,0.001290865,0,0,0,0,0,0.000655945,0,0,0,0,0,0,0,0,0.052475629,0,0,0,0,0,0,0,0,0,0.083872296,0.006715872,0,0,0,0,0,0,0,8.94E-05,0,0,0,0,0,0,0,0,0.000471,0,0,0,0.027310167,0,0.007579327,0,0.002483368,0,0,0,0,0,0,0.004368228,0,0,0.007940576,0,0,0,0,0,0,0,0,0,0,0,0,0,0,0,0,0,0,0,0,0,0.000518379,0,0,0.004842503,0.000783998,0,0,0,0,0,0,0.001860116,0,0,0,0,0,0,0.003801407,0.029442446,0.003559999,0.001164809,0.03209802,0,0,0.038700262,0,0,0,0.007630533,0.000704638,0,0,0,0,0,0,0,0,0.003902282,0.002239372,0,0,0,0,0.008821378,0,0,0,0,0,0,0,0,0,0,0,0,0,0,0,0,0,0,0,0,0.000508637,0,0,0,0,0,0,0,0,0.000940029,0,0,0,0,0,0,0,0,0,0,0,0,0,0,0,0,0,0,0,0,0,0.001224423,0,0,0,0,0,0,0,0,0,0,0,0,0,0,0,0,0,0,0,0.00029003,0,0,0,0.002271503,0,0,0,0,0,0.094217913,0,0,0,0,0.004922903,0,0,0,0,0,0,0,0,0,0,0,0,0,0,0,0,0,0,0,0,0,0,0,0,0,0,0,0,0,0,0,0,0,0,CTR
SRR5898954,0,0.042452731,0.002716415,0.002079384,0,0.002196973,0.007939752,0,0.007661367,0,0.001336055,0.004732465,0.057458773,0.000397606,0,0.058698615,0.094066965,0.058214528,0,0,0,0.003921089,0.006992245,0,0,0,0.103447803,0.000828592,0.009089718,0,0.000189914,0.106735579,0,0,0,0.006402741,0,0,0,0,0.018613679,0,0,0,0.000163836,0,0.004736574,0,0,0.000913753,0,0,0,0,0,0,0,0,0,0,0.00706952,0,0,0,0,0,0,0,0,0,0.004241714,0,0,0,0.001345564,0,0,0,0,0,0,0,0,0,0,0,0.006989457,0,0.000462736,0,0,0,0,0,0,0,0,0,0,0,0,0,0,0,0,0,0,0,0,0,0,0,0,0,0,0,0,0,0,0,0,0,0,0,0,0,0,0,0,0.114401241,0,0,0,0,0.002417357,0,0,0.002640525,0,0,0,0,0,0,0,0,0,0,0.000994787,0,0,0,0.047928461,0,0,2.34E-05,0,0,0,0,0,0,0.014453694,0,0,0,0,0,0,0,0,0,0,0,0,0,0,0,0,0,0,0,0,0,0,0,0,0,0,0,0,0,0,0,0,0,0,0,0,0,0,0,0,0,0,0,0.047102638,0,0,0,0.00941127,0,0.033386458,0,0.005048921,0,0.001835842,0,0,0,0,0.000313776,0,0,0,0,0,0,0,0.000518389,0,0,0,0,0,0,0,0,0,0,0,0,0,0,0,0,0,0,0,0,0,0,0,0,0.055681658,0,0,0,0,0,0,0,0,0,0,0,0,0,0,0,0,0,0,0,0,0,0,0,0,0,0,0,0,0,0,0,0,0,0,0,0,0,0,0,0,0,0,0,0,0,0,0,0,0,0,0,0,0.039280029,0,0,0,0,0,0,0.00246541,0,0,0,0,0,0,0,0,0,0,0,0,0,0,0,0,0,0,0,0,0,0,0,0,0,0,0,0,0,0,0,0,0,0,0,0,0,0,0,CTR
SRR5898966,0.207661072,0,0.016607383,0,0,0,0,0,0,0,0,0,0.050346462,0,0.000364136,0,0.037899076,0.085818019,0,0,0,0,0,0,0,0,0,0.002016443,0,0,0,0,0,0,0,0,0,0,0,0,0,0,0,0,0,0,0,0,0,0,0,0,0,0,0,0,0,0,0,0,0.0112316,0,0,0,0,0,0,0.002871237,0,0,0.000442371,0,0,0,0,0,0,0,0,0,0,0,0,0,0,0,0.003488282,0,0,0,0,0,0,0,0,0,0.001718981,0,0,0,0,0,0,0,0,0,0,0,0,0.000249878,0,0,0,0,0,0,0,0,0,0,0,0,0,0,0,0,0,0,0,0.414844395,0,0,0,0,0,0,0,0,0,0,0,0,0,0,0,0,0,9.43E-05,0,0,0,0,0,0,0,0.003831543,0,0,0,0,0,0,0,0,0,0,0,0,0,0,0,0,0,0,0,0,0,0,0,0,0,0,0,0.000582513,0,0,0,0,0,0,0,0,0,0,0,0,0,0,0.003460915,0,0,0,0,0,0,0,0,0,0,0.091933993,0.000455908,0,0.001373672,0,0,0,0.017381214,0,0,0.000490351,0,0,0,0,0,0,0.00363033,0,0,0,0,0,0,0,0,0,0,0,0,0,0,0,0,0,0,0,0,0,0,0,0,0,0,0,0,0,0,0,0,0,0,0,0,0,0,0,0,0,0,0,0,0,0.000943458,0,0,0,0,0,0,0,0,0,0,0,0,0,0,0,0,0,0,0,0,0,0,0,0,0,0,0,0,0,0,0,0,0,0,0,0,0,0,0,0,0,0,0,0,0,0,0,0,0,0,0,0,0,0,0,0,0,0,0,0,0.039621638,0,0,0,0,0,0,0,0,0,0,0,0.000640793,0,0,0,0,0,0,0,0,CTR
SRR5898978,0.004797654,0.028586574,0.001264942,0,0,0,0,0,0,0,0.002738751,0,0,0,0.037060984,0,0,0.217867121,0,0,0,0,0,0.001325364,0,0,0.000123937,0,0,0,0.000394724,0,0,0,0,0,0,0,0,0,0,0,0,0,0,0,0,0.000879665,0,0.001381734,0,0,0.00108733,0,0,0,0,0,0,0,0.020820336,0,0,0,0,0,0,0,0.000378598,0,0,0,0,0,0,0,0,0,0,0.000276239,0,0,0,0,0,0,0.006722865,0,0,0,0,0,0,0,0,0,0.022193338,0,0,0,0,0,0,0,0,0,0,0,0,0.009446624,0,0,0,0,0,0,0,0,0,0,0,0,0,0,0,0,0,0,0,0.162205915,0,0,0,0,0.000182901,0,0,0.001088266,0,0,0,0,0,0,0,0,0,0.001966709,0,0.003148366,0,0,0.001440229,0,0,0,0,0,0,0,0,0,0,0,0,0,0,0,0,0,0,0,0,0,0,0,0,0,0,0,0,0,0,0,0,0,0,0,0,0,0,0,0,0,0,0,0,0,0,0,0,0,0,0,0,0,0,0,0,0,0,0,0.097953542,0,0.001220775,0,0.248929604,0,0,0.001383769,0,0,0,0,0,0,0,0,0,3.98E-05,0,0,0,0,0,0,0,0,0,0,0,0,0,0,0,0,0,0,0,0,0,0,0,0,0,0,0,0,0,0,0,0,0,0,0,0,0,0,0,0,0,0,0.08237575,0,0,0,0,0,0,0,0,0,0,0,0,0,0,0,0,0,0,0,0.038942919,0,0,0,0,0,0,0,0,0,0,0,0,0,0,0,0,0,0,0,0,0,0,0,0,0,0,0,0,0,0,0,0,0,0,0,0,0,0,0,0,0,0,0,0,0,0.000543576,0,0,0,0,0,0,0.001231121,0,0,0,0,0,0,0,0,CTR
SRR5898979,0.403916331,0.000103454,0.004436587,0,0,0.000691174,0.000892669,0,0,0,0,0.000412009,0,0.0002476,0,0.005276619,0,0.3226755,0,7.14E-05,0,0,0.00384084,0.000220628,0,0,0,0.000892373,0,0,0,0.000882511,0,0,0,0,0,0,0,0,0,0,0,0.004078277,0,0,0.000235261,0,0,0.000567416,0,0,0,0,0,0,0,0,0,0.014140069,0.001749331,0,0,0,0,0,0,0.001236991,0,0,8.00E-05,0,0,0,0,0,0,0,0,0,0,0,0,0,0,0,0.00555319,0,0.001159694,0,0,0,0,0,0,0,0,0,0,0,0,0,0,0,0,0,0,0,0,0,0,0,0,0,0,0,0,0,0,0,0,0,0,0,0,0,0,0,0,0.172471968,0,0,0,0,0.00128865,0,0,0,0.000309531,0,0,0,0,0,0,0,0,0.000595,0,0.002831847,0,0,0,0,0,0.001484206,0,0,0,0,0,0,0.000695358,0,0,0.002664339,0,0,0,0,0,0,0,0,0,0,0,0,0,0,0,0,0,0,0,9.87E-05,0.0011024,0.000362971,0,0,0.005101053,0.003002413,0,0,0,0,0,0,0.000613258,0,0,0,0,0,0,0.000234323,0,0,0,0.002723389,0,0,0.015271203,0.000416802,0,0,0.003849324,0,0,0.004667947,0,4.74E-05,0,0,0,0,0.000192617,0,0.000314812,0.00062845,0,0.00021182,0,0,0,0.000211396,0,0,0,0,0,0,0,0,0,0,0,0,0,0,0,0,0,0.00165216,0,0,0,0,0,0,0,0.000480776,0,0,0,0,0,0,0,0,0,0,0,0,0,0,0,0.001010598,0,0,0,0.000123812,0,0,0.000330494,0,0,0,0,0,0,0,0,0,0,0,0,0,0,0,0,0,0,0,0,0,0,0,0,0,0,0,0,0,0,0,0,0,0,0.00154033,0,0,0,0,0,0,0,0,0,0,0,0,0,0.000110725,0,0,0,0,0,0,0,0,0,0,0,0,0,0,0,0,0,0,0,0,CTR
SRR5898980,0,4.20E-06,0.006081775,0.001567232,0,0.002543862,0,0,0,0,0.005249673,0.013666115,0.018879922,0.000513514,0,0.236977049,0.046173895,0.032773544,0,0.000805076,0,0,0.001255201,0.006157761,0,0,0.011194644,0.004562923,0.007153716,0,0.001005075,0.092898718,0,0,0.004440377,0,0,0,0,0,0,0,0,0.000244348,0,0,1.87E-05,0,0,0.00596097,0,0,0.003900879,0,0,0,0,0,0,0,0,0,0,0,0,0,0,0,0,0,0,0,0,0.003452101,0.05972607,0.000274279,0,0,0.000383462,2.51E-05,0,0,0,0.00074403,0,0,0.076103955,0,0,4.02E-05,0,0.001799336,0,0,0,0,0,0.001926569,0,0,0,0,0,0,0,0,0,0,0,0,0,0,0,0,0,0,0,0,0,0,0,0.00074087,0,0,0,0.000376343,0,0,0,0,0.005581556,0,0,0,0.005601843,0,0,0,0.013427288,0,0,0,0,0,0,0,0,0,0,0.000815859,0,0,0,0,0,0.005365468,0,0,0,0,0,0,0.0103468,0,0,0.03111231,0,0,0,0,0,0,0,0,0,0,0,0,0,0,0.000787438,0,0,0,0,0.005880706,0,0,0,0,0.00847913,0.019300012,0,0,0,0,0,0,0.006422858,0,0,0,0,0,0.000602929,0,0.000631771,0,0.001792227,0.01726901,0,0,0.128864849,1.81E-05,0.028848704,0.002312521,0.000523477,0,0,0.000436494,0,0.011246382,0,0.001699169,0,0,0.000571042,0,0.000915233,0.003528875,0,0.000360074,0,0.000838876,0,0,0,0,0,0,0,0.0005922,0,9.85E-05,0,0,0,0.000501434,0,0,0,0,0,0,0.000832043,0.000377894,0,0,0,0,0,0.000251264,0,0,0,0,0,0,0,0,0,0.000143941,0.000156697,0,0,0,0,0,0.000257144,0,0.000168344,0.000431029,0,0.000120088,0.000124845,0,0,0,0,0,0,0,0,0,0,0,0,0,0,0,0,0,0,0,0,0,0,0.007008671,0,0,0,0,0,0,0,0,0,0,0,0,0,0,0,0,0,0,0,0,0,0,0,3.75E-05,0,0,0,0,0,0,0,0.002142013,6.66E-05,0,0,0,0,0.011119539,0,0,0,0,0,0,0,0,CTR
SRR5898983,2.08E-05,0,0,0,0.00446069,0,0.001305983,0,0,0,0,0,0.00294709,0,0,0,0.013821557,0,0,0,0,0,0,0,0,0,0,0,0.003042247,0,0,0,0,0,0,9.80E-05,0,0,0,0,0,0,0,0,0,0,0,0,0,0.045210992,0,0,0,0,0,0,0,0,0,0.011098652,0.009552731,0,0,0.008178662,0,0,0.002022633,0,0,0,0.00136809,0,0,0,0,0,0,0,0,0,0,0,0,0,0,0,0.539489533,0,0.000207648,0,0,0,0,0,0,0,0,0,0,0,0,0,0,0,0,0,0,0,0,0,0,0,0,0,0,0,0,0,0,0,0,0,0,0.000609905,0,0,0.000257351,0,0,0,0.016667644,0,0,0,0,0,0,0.095939517,0,0,0,0,0,0,0,0,0,0,0,0.024582975,0,0,0,0,0,0,0,0,0,0,0,0,0,0,0,0,0,0,0,0,0,0,0,0,0,0,0,0,0,0,0,0,0,0,0,0,0,0.044758979,0,0,0.075671153,0,0,0,0,0,0,0,0,0,0,0,0,0,0,0,0,0,0,0.020856464,0,0,0,0,0,0,0,0.007918127,0,0,0,0,0,0,0,0,0,0,0,0,0,0,0,0,0,0,0,0,0,0,0,0,0,0,0,0,0,0,0,0,0,0,0.00080776,0,0.003050597,0,0,0,0,0,0,0,0,0,0,0,0,0,0,0,0,0,0.062211184,0,0,0,0,0,0,0,0,0,0,0,0,0,0,0,0,0,0,0,0,0,0,0,0,0,0,0,0,0,0,0,0,0,0,0,0,0,0,0,0,0,0,0,0,0,0,0,0,0,0,0,0,0,0,0,0,0,0,0,0,0,0,0,0,0,0,0,0,0,0,0,0,0.003843053,0,0,0,0,0,0,0,0,CTR
SRR5898984,0,0.008855536,0.028201269,0,0,0.009778369,0,0,0.00052264,0.000732464,0.004014061,0,0.006219257,0,0.030305216,0.000651928,0,0.105042469,0,0.000992784,0,0,0.001808785,0.002490238,0,0,0.001338077,0.00894166,0.00046684,0,0,0.005742234,0,0,0,0,0,0,0,0,0,0,0,0.00101476,0,0,0,0.002115398,0,0.006416654,0,0,0,0,0,0,0,0,4.62E-05,0,0.000701955,0,0,0,0,0,0,0.001684427,0,0,0,0,0,0.000832584,0,0,0,0,0,0,0,0,0,0,0,0,0.010855191,0,0.003354487,0,0,0.003558551,0,0,0,0,0,0,0.001597343,0,9.22E-05,0,0,0,0,0,0,0,0,0,0,0,0,0,0,0,0,0,0.000281798,0,0,0,0,0,0,0,0,0,0,0.377501047,0,0,0,0,0,0,0,0,0.000161013,0,0,0,0,0,0,0,0,0,0,0.000154749,0,0,0.050402809,0,0,0.015091712,0,0,0,0,0,0,0.000135035,0,0,0,0,0,0,0,0,0,0,0,0,0,0,0,0,0,2.77E-05,0,0,0.030920322,0,0,0.008644735,0,0,0,0.000994535,0,0,0,0,0,0,0,0.04998988,0,0,0,0,0,0.002068815,0.013056364,0,0,0,0.083563191,0.001899251,0,0.012796683,0.000424436,0.000735504,0,0.02341956,0,0,0,0,0.002604039,0,0.000313589,0,0,0.000573432,0,0,0.00259779,0,0.00063808,0,0,0,0,0,0,0,0,0,0,0,0.000118418,0,0,0,0,0,0,0,0,0,0.00069666,2.03E-06,0,0,0,0,0,0.003312262,0,0,0,0,0,0,0,0,0,0,0,0.000267801,0,0,0,0,0.000253773,0,0,0,0.001914639,0,0.000852217,0,0,0,0,0,0,0,0,0,0,0,0,0,0,0,0,0,0,0,0,0,0,0,0.039717967,0.004142591,0,0,0,0,0,0,0,0,0,0,0,0.010744419,0,0,0,0,0,0,0.005417748,0,0,0,0,0,0,0,0,0,0,0,0,0,0,0,0.000828807,0.00053848,0.003822567,0,0,0,0,0,0,0,0,CTR
SRR5898986,0.377103519,6.64E-05,0.004861511,0,0,0.0007688,0.000941817,0,0,0,0,0.000154297,0,0,0,0.005218975,0,0.368444114,0,0,0,0,0.003991108,0,0,0,0,0.000890097,0,0,0,0.00065006,0,0,0,0,0,0,0,0,0,0,0,0.004547301,0,0,0.000284726,0,0,0.000109698,0,0,0,0,0,0,0,0,0,0.011965645,0.002352107,0,0,0,0,0,0,0.000851151,0,0,2.48E-05,0,0,0,0,0,0,0,0,0,0,0,0,0,0,0,0.004988344,0,0.000207162,0,0,0,0,0,0,0,0,0,0,0,0,0,0,0,0,0,0,0,0,0,0,0,0,0,0,0,0,0,0,0,0,0,0,0,0,0,0,0,0,0.159660136,0,0,0,0,0.001270375,0,0,0,0,0,0,0,0,0,0,0,0,2.75E-05,0,0.002375216,0,0,0,0,0,0.001135281,0,0,0,0,0,0,0.000365184,0,0,0.001935115,0,0,0,0,0,0,0,0,0,0,0,0,0,0,0,0,0,0,0,5.66E-05,0.001404581,0.000851911,0,0,0.006352598,0.003511272,0,0,0,0,0,0,0.000439382,0,0,0,0,0,0,0.000118981,0,0,0,0.002405433,0,0,0.012459688,0.000333965,0,0,0.005189376,0,0,0.006182683,0,0.000145047,0,0,0,0,0.000222068,0,0,0.000752765,0,8.88E-05,0,0,0,0.000143683,0,0,0,0,0,0,0,0,0,0,0,0,0,0,0,0,0,0.001445661,0,0,0,0,0,0,0,0.001008814,0,0,0,0,0,0,0,0,0,0,0,0,0,0,0,0.00092422,0,0,0,0,0,0,0.000297775,0,0,0,0,0,0,0,0,0,0,0,0,0,0,0,0,0,0,0,0,0,0,0,0,0,0,0,0,0,0,0,0,0,0,0.000474272,0,0,0,0,0,0,0,0,0,0,0,0,0,0,0,0,0,0,0,0,0,0,0,0,0,0,0,0,0,0,0,0,0,0,CTR
SRR5899006,0.031452147,0.000572867,0.045345529,0,0,0,0,0,0.00100499,0,0,0.001187423,0.074694081,0.000636583,0.036276265,0,0,0.035186201,0,0.001964568,0,0.028042068,0,0.007743786,0,0,0.013138607,0.009308195,0,0,0,0,0,0,0,0,0,0,0,0,0.000277341,0.000654276,0,0.000917665,0,0.004973019,0,0,0,0,0,0.004526034,0,0,0,0,0,0,0,0,0.005458616,0.001563664,0,0,0.000858585,0,0,0,0,0,0,0,0,0.003714521,0.001158792,0,0,0,0.000880467,0,0,0,0,0.003525763,0,0,0.007495572,0,0,0,0,0,0,0,0,0,0,0,0.007231742,0,0,0,0,0,0,0,0,0,0,0,0,0,0,0,0,0,0,0,0,0,0,0,0,0,0,0.023673381,0,0,0,0.326915357,0,0,0,0,3.70E-05,0,0,0,0.000688995,0.00313598,0,0,0,0,0,0,0,0,0,0.003312463,0,0,0,0.000834573,0,0.007773693,0,0,0,0,0,0,0.000195481,0,0,0.000168442,0,0,0,0,0,0,0,0,0,0,0,0,0.00229628,0,0.000203784,0,0,0.059780558,0,0,0.00041069,0,0,0,0.001424747,0,0,0,0,0,0,0,0.000704072,0,0,0,0,0,0.002962615,0.063305565,0.007853829,0.002589946,0,0.00919585,0,0.000115473,0.023748955,0,0,0,0.00465989,0.008178794,0.000533012,0.024224258,0,0.005885435,0,0,0,0,0.004712918,0,0.001274405,0.005516696,0,0.00313255,0,0,0,0,0,0,0.002237927,0,0,0,0,0,0,0,0,0,0,0,0,0,0,0.016766008,0,0.002078072,0,0,0,0,0.000130569,0,0,0,0,0,0,0,0,0,0,0,0.000164975,0,0,0,0,0.007923285,0,0,0,0,0,0,0,0,0,0,0,0,0,0,0,0,0,0,0,0,0,0,0,0,0,0,0,0,0,0,0.014439088,0,0,0,0,0,0,0,0,0,0,0,0.00028673,0,0,0.001090088,0.000957323,0,0,0.000560986,0,0,0,0.000166493,0,0.015514538,0.000734222,0,0,0,0.006826919,0.000144003,0,0,0,0,0,0,0,0,0,0,0,0,0,0,CTR
SRR5899007,0,0.00014466,0.004824363,0,0,0,0.000117098,0,0,0,0.000546459,0,0.004580759,0.000770198,0,0,0,0.009466516,0,0.000146641,0,0,0,0.00128355,0,0,0.027782426,0.001501418,0.000907285,0,0,0.01901732,0,0,0,0.004403979,0,0,0,0,0.004112557,0,0,0,0,0,0,0.003218487,0,0.001499316,0,0,0,0,0,0,0,0,0,0,0,0,0,0,0,0,0,0,0,0,0,0,0,0,0,0,0,0,0,0,0,0,0,0,0,0,0,0,0,0,0,0,0,0,0,0,0.000123041,0.00072942,0,0,0,0,0,0,0,0,0,0,0,0,0,0,0,0,0,0,0,0,0,0,0,0,0,0,0,0,0,0,0,0.201275686,0,0,0,0,0.004328768,0,0,0,0,0,0,0,0,0,0,0,0,0,0,0.000681252,0,0,0.215463366,0,0,0.000334562,0,0,0,0,0,0,0.04174181,0,0,0,0,0,0,0,0,0,0,0,0,0,0.000363142,0,0,0,0,0,0,0.00344092,0,0,0,0,0,0,0.002140771,0,0,0,0,0,0,0,0.004852539,0,0,0,0,0,0,0.012031067,0.014708277,0.000180943,0,0.003670513,0,0,0.000842414,0,3.41E-05,0,0.000376381,0,0,0,0,0,0,0,0,0,0,0,0,0,0,0,0,0,0,0,0,0,0,0,0,0,0,0,0,0,0,0,0,0,0,0,0,0,0,0,0,0,0,0,0,0,0,0,0,0,0,0,0,0,0,0,0,0,0,0,0,0,0,0,0,0,0,0,0,0,0.029720256,0,0,0,0,0,0.366906549,0,0,0,0,0.002771154,0,0,0,0,0,0,0,0,0,0,0,0,0,0,0,0,0.003610651,0,0,0,0,0,0,0,0,0,0,0,0,0,0,0,0,0,0,0.001697618,0,0,0,0,0,0.001948934,0,0,0,0,0,0,0,0,0,0,0,0,0,0,CTR
SRR5899017,0,0,0.002451448,0,0,0.005305882,0.000698209,0,0.00284391,0,0.000420153,0,0.045655712,0.000601453,0,0.010288572,0.014882686,0.240031256,0,0,0,0,0.002418892,0,0,0,0.078240479,0,0.003573295,0,0,0.003261597,0,0,0.001219115,0.001286962,0,0,0,0,0.001888873,0,0,0.000418861,0,0.004056854,0,0,0,0.043978878,0,0,0,0,0,0,0,0,0,0.000479213,0.015140143,0.002188087,0,0,0,0,0,0.00469576,0,0,0,0,0,0.000383691,0.009306258,0,0,0,0,0,0,0,0,0,0,0,0.083298,0,0,0,0,0.001232172,0,0,0,0,0,0.001174387,0,0,0,0,0,0,0.001119743,0,0,0,0,0,0.000485409,0,0,0,0,0,0,0,0,0.047176866,0,0,0,0,0,0,0,0,0,0.078978039,0.004820311,0,0,0,0,0,0,0,0,0,0,0,0,0,0,0,0,0.000463977,0,0,0,0.027020376,0,0.010924124,0,0.00200474,0,0,0,0,0,0,0.00547634,0,0,0.007515472,0,0,0,0,0,0,0,0,0,0,0,0,0,0,0,0,0,0,0,0,0,0.000791924,6.72E-05,0,0.005308409,0.001152376,0,0,0,0,0,0,0.000664762,0,0,0,0,0,0,0.003855589,0.022197089,0.003429947,0.00145347,0.031807853,0,0,0.038011644,0,0,0,0.006355753,0.000340015,0,0,0,0,0,0,0,0,0.003633574,0.001638498,0,0,0,0,0.008483715,0,0,0,0,0,0,0,0,0,0,0,0,0,0,0,0,0,0,0,0,0.001064466,0,0,0,0,0,0,0,0,0.000767388,0,0,0,0,0,0,0,0,0,0,0,0,0,0,0,0,0,0,0,0,0,0.001352729,0,0,0,0,0,0,0,0,0,0,0,0,0,0,0,0,0,0,0,0.000396751,0,0,0,0.002551142,0,0,0,0,0,0.090598905,0,0,0,0,0.006670585,0,0,0,0,0,0,0,0,0,0,0,0,0,0,0,0,0,0,0,0,0,0,0,0,0,0,0,0,0,0,0,0,0,0,CTR
