SampleID	s__Phocaeicola_vulgatus	s__GGB3746_SGB5089	s__Megasphaera_sp_NM10	s__Ruminococcus_gnavus	s__Bifidobacterium_pseudocatenulatum	s__Anaerostipes_hadrus	s__Faecalibacterium_prausnitzii	s__Clostridium_fessum	s__Lachnospiraceae_bacterium	s__Mesosutterella_multiformis	s__Phascolarctobacterium_faecium	s__Bacteroides_ovatus	s__Clostridium_sp_AM33_3	s__Bifidobacterium_longum	s__Bifidobacterium_bifidum	s__Bacteroides_uniformis	s__Blautia_wexlerae	s__Lachnospiraceae_bacterium_AM48_27BH	s__Faecalibacillus_intestinalis	s__Clostridium_SGB6179	s__Bacteroides_fragilis	s__Agathobaculum_butyriciproducens	s__Allisonella_histaminiformans	s__Parasutterella_SGB9260	s__Streptococcus_pasteurianus	s__Bacteroides_caccae	s__Escherichia_coli	s__Clostridiaceae_bacterium_AF18_31LB	s__Clostridiaceae_bacterium	s__Romboutsia_timonensis	s__Parabacteroides_distasonis	s__Dorea_longicatena	s__Blautia_massiliensis	s__Anaerobutyricum_hallii	s__Parabacteroides_merdae	s__Dorea_sp_AF36_15AT	s__Collinsella_aerofaciens	s__Bacteroides_xylanisolvens	s__Streptococcus_salivarius	s__Clostridium_butyricum	s__Veillonella_atypica	s__Veillonella_rogosae	s__Bacteroides_thetaiotaomicron	s__Candidatus_Cibionibacter_quicibialis	s__GGB41458_SGB58520	s__TM7_phylum_sp_oral_taxon_352	s__Enterocloster_bolteae	s__Ruminococcus_torques	s__Faecalimonas_umbilicata	s__Veillonella_dispar	s__Megasphaera_elsdenii	s__Haemophilus_parainfluenzae	s__Streptococcus_parasanguinis	s__Clostridiaceae_bacterium_Marseille_Q4145	s__Eubacterium_sp_NSJ_61	s__Erysipelatoclostridium_ramosum	s__Veillonella_parvula	s__Prevotella_copri_clade_A	s__Streptococcus_australis	s__Alistipes_shahii	s__GGB9359_SGB14334	s__Mediterraneibacter_glycyrrhizinilyticus	s__Bacteroides_intestinalis	s__Fusobacterium_varium	s__Blautia_hansenii	s__Eggerthella_lenta	s__Dorea_sp_AF24_7LB	s__Granulicatella_SGB8255	s__Clostridiales_bacterium_1_7_47FAA	s__Bilophila_wadsworthia	s__Solobacterium_SGB6829	s__Phocaeicola_sartorii	s__Enterocloster_clostridioformis	s__Streptococcus_mitis	s__Phocaeicola_dorei	s__Eubacterium_sulci	s__Alistipes_putredinis	s__Phocaeicola_coprocola	s__Phocaeicola_massiliensis	s__Bacteroides_eggerthii	s__Lachnospira_sp_NSJ_43	s__GGB9758_SGB15368	s__Sutterella_sp_AM11_39	s__Bacteroides_finegoldii	s__GGB9635_SGB15106	s__GGB3632_SGB4921	s__Desulfovibrio_piger	s__GGB4684_SGB6478	s__Dialister_hominis	s__Alistipes_communis	s__Bacteroides_salyersiae	s__Odoribacter_splanchnicus	s__GGB9747_SGB15356	s__GGB9713_SGB15249	s__Oscillibacter_sp_ER4	s__Alistipes_sp_AF17_16	s__Coprobacter_fastidiosus	s__GGB9593_SGB15015	s__Paraprevotella_clara	s__Bacteroides_cellulosilyticus	s__Phocaeicola_SGB6473	s__Alistipes_finegoldii	s__Eubacterium_rectale	s__GGB9342_SGB14306	s__Clostridium_sp_AF34_10BH	s__Clostridium_sp_AF36_4	s__Akkermansia_muciniphila	s__GGB9345_SGB14311	s__Alistipes_senegalensis	s__GGB9712_SGB15244	s__GGB3304_SGB4367	s__Fusicatenibacter_saccharivorans	s__Clostridiaceae_bacterium_Marseille_Q4149	s__Ruminococcus_bromii	s__Gemmiger_formicilis	s__Dysosmobacter_sp_BX15	s__Lachnospiraceae_bacterium_OM04_12BH	s__GGB3612_SGB4882	s__Ruminococcus_lactaris	s__Bacteroides_sp_AF16_49	s__GGB9708_SGB15234	s__Catenibacterium_SGB4425	s__Barnesiella_intestinihominis	s__Faecalibacterium_SGB15346	s__GGB3256_SGB4303	s__Butyricimonas_paravirosa	s__GGB9602_SGB15031	s__Parasutterella_excrementihominis	s__GGB3490_SGB4664	s__GGB80011_SGB15267	s__GGB3619_SGB4894	s__Bacteroides_clarus	s__Coprococcus_comes	s__Blautia_obeum	s__Ruminococcus_bicirculans	s__GGB79734_SGB15291	s__GGB9707_SGB15229	s__GGB9760_SGB15374	s__Faecalicatena_fissicatena	s__Blautia_faecis	s__Anaerotignum_faecicola	s__Anaerococcus_SGB4342	s__Ruthenibacterium_lactatiformans	s__GGB33469_SGB15236	s__Oxalobacter_formigenes	s__Eubacterium_ventriosum	s__Firmicutes_bacterium_AF16_15	s__Vescimonas_SGB15087	s__Alistipes_ihumii	s__Waltera_intestinalis	s__Faecalibacterium_SGB15315	s__Hydrogenoanaerobacterium_saccharovorans	s__Bacteroides_nordii	s__Adlercreutzia_equolifaciens	s__Roseburia_sp_AF02_12	s__GGB3363_SGB4448	s__Alistipes_indistinctus	s__Butyricimonas_virosa	s__GGB9614_SGB15049	s__GGB33586_SGB53517	s__Eubacterium_ramulus	s__Blautia_stercoris	s__GGB34228_SGB72916	s__GGB9531_SGB14932	s__Roseburia_inulinivorans	s__GGB9646_SGB15123	s__Anaerotruncus_colihominis	s__GGB3815_SGB5180	s__Eubacterium_sp_AF34_35BH	s__Coprococcus_SGB4669	s__Dysosmobacter_sp_NSJ_60	s__Clostridiaceae_unclassified_SGB4771	s__Alistipes_SGB2300	s__Dorea_formicigenerans	s__GGB9766_SGB15383	s__Flavonifractor_plautii	s__Clostridium_sp_1001270H_150608_G6	s__GGB9602_SGB15028	s__Butyricimonas_sp_Marseille_P3923	s__Dysosmobacter_welbionis	s__GGB9627_SGB15081	s__Clostridium_sp_AM42_4	s__Clostridiales_bacterium	s__Clostridium_sp_AF20_17LB	s__Clostridium_sp_AM22_11AC	s__Clostridium_leptum	s__Roseburia_sp_AM16_25	s__GGB51647_SGB4348	s__Anaerotruncus_rubiinfantis	s__Butyricicoccus_sp_AM29_23AC	s__GGB3321_SGB4394	s__Collinsella_SGB14861	s__Clostridiales_bacterium_KLE1615	s__Eubacteriaceae_bacterium	s__Christensenella_minuta	s__Clostridium_sp_AF32_12BH	s__GGB9699_SGB15216	s__Intestinimonas_massiliensis	s__Coprobacter_secundus	s__Bacteroides_bouchesdurhonensis	s__GGB9618_SGB15065	s__Anaerobutyricum_soehngenii	s__Parabacteroides_acidifaciens	s__GGB80011_SGB15265	s__GGB9581_SGB4365	s__GGB33928_SGB15225	s__Blautia_glucerasea	s__Phocea_massiliensis	s__GGB2998_SGB3988	s__GGB9237_SGB14179	s__Oscillospiraceae_bacterium_Marseille_Q3528	s__Cloacibacillus_porcorum	s__Clostridium_SGB4751	s__Lachnospiraceae_bacterium_Marseille_Q4251	s__Bacteroides_stercoris	s__Clostridiaceae_bacterium_Marseille_Q4143	s__Lacrimispora_amygdalina	s__Eubacterium_SGB6276	s__Staphylococcus_SGB6340	s__Roseburia_faecis	s__Megamonas_funiformis	s__Roseburia_hominis	s__Oscillospiraceae_unclassified_SGB15252	s__Desulfovibrio_SGB5076	s__Lachnospiraceae_bacterium_BX3	s__Bacteroides_faecis	s__Alistipes_onderdonkii	s__GGB9616_SGB15051	s__GGB9634_SGB15093	s__GGB53985_SGB6367	s__Eubacterium_siraeum	s__Ruminococcus_bovis	s__GGB2653_SGB3574	s__Clostridium_sp_AF12_28	s__Clostridium_sp_AM49_4BH	s__Clostridium_sp_AF27_2AA	s__GGB9616_SGB15052	s__Vescimonas_coprocola	s__Streptococcus_SGB15012	s__GGB13404_SGB14252	s__Butyricimonas_SGB15260	s__Eubacteriales_unclassified_SGB15145	s__Rheinheimera_SGB14999	s__Roseburia_sp_AM59_24XD	s__Lachnospira_eligens	s__Ruminococcus_callidus	s__Anaerosacchariphilus_sp_NSJ_68	s__Mediterraneibacter_butyricigenes	s__GGB9561_SGB14972	s__Negativibacillus_massiliensis	s__GGB3828_SGB5197	s__GGB9619_SGB15067	s__GGB9708_SGB15233	s__Coprococcus_eutactus	s__GGB58485_SGB80143	s__Blautia_sp_Marseille_P3087	s__GGB9759_SGB15370	s__Parabacteroides_goldsteinii	s__GGB9760_SGB15373	s__GGB52130_SGB14966	s__Phocaeicola_plebeius	s__GGB4651_SGB6438	s__GGB3277_SGB4327	s__Ruminococcus_SGB4421	s__Lachnospira_pectinoschiza	s__Butyricimonas_faecihominis	s__Holdemania_filiformis	s__Faecalibacillus_faecis	s__GGB3653_SGB4964	s__Coprococcus_catus	s__Ruminococcus_sp_AF13_28	s__Evtepia_gabavorous	s__GGB9619_SGB15066	s__GGB9512_SGB14909	s__Veillonella_tobetsuensis	s__GGB3363_SGB4447	s__Parabacteroides_bouchesdurhonensis	s__Turicibacter_bilis	s__GGB2983_SGB3965	s__Lacrimispora_celerecrescens	s__Ruminococcaceae_bacterium_AM28_23LB	s__Pseudoflavonifractor_gallinarum	s__Clostridiaceae_bacterium_Marseille_Q3526	s__Lawsonibacter_asaccharolyticus	s__Gordonibacter_pamelaeae	s__Streptococcus_SGB14888	s__GGB51441_SGB71759	s__Enterocloster_citroniae	s__Enterocloster_asparagiformis	s__Collinsella_tanakaei	s__Clostridium_SGB4750	s__Prevotella_stercorea	s__Holdemanella_porci	s__Clostridium_sp_AT4	s__Klebsiella_pneumoniae	s__Collinsella_SGB4121	s__Enterocloster_lavalensis	s__Enterocloster_aldenensis	s__Clostridium_scindens	s__Roseburia_intestinalis	s__Blautia_SGB4815	s__Clostridium_symbiosum	s__Klebsiella_variicola	s__Hungatella_hathewayi	s__Intestinibacter_bartlettii	s__Holdemania_massiliensis	s__Enterobacter_roggenkampii	s__Clostridiales_bacterium_Choco116	s__Lactonifactor_sp_BIOML_A6	s__Neobittarella_massiliensis	s__GGB9559_SGB14969	s__Clostridium_sp_1001270J_160509_D11	s__Klebsiella_quasipneumoniae	s__Ruminococcus_sp_BSD2780120874_150323_B10	s__Blautia_caecimuris	s__Streptococcus_infantis	s__Clostridium_sp_AF34_13	s__Fusobacterium_mortiferum	s__Phascolarctobacterium_SGB5790	s__Citrobacter_freundii	s__GGB6569_SGB9281	s__Intestinimonas_butyriciproducens	s__Emergencia_timonensis	s__Clostridiales_Family_XIII_bacterium_BX16	s__Methylobacterium_SGB15164	s__Roseburia_SGB4939	s__Bacteroides_sp_AM10_21B	s__Mogibacterium_sp_NSJ_24	s__Dielma_fastidiosa	s__Bacteroides_gallinarum	s__Enterobacter_kobei	s__Tyzzerella_nexilis	s__Parabacteroides_faecis	s__Eisenbergiella_massiliensis	s__Enterobacter_hormaechei	s__Candidatus_Allochristensenella_caecavium	s__Roseburia_sp_AM23_20	s__GGB28262_SGB40814	s__Eisenbergiella_tayi	s__Raoultibacter_timonensis	s__GGB58233_SGB79883	s__Massiliimalia_timonensis	s__GGB80093_SGB1810	s__GGB1364_SGB1833	s__Sutterella_wadsworthensis	s__Bifidobacterium_adolescentis	s__Megasphaera_hominis	s__Parabacteroides_johnsonii	s__Prevotella_copri_clade_C	s__GGB3278_SGB4328	s__Holdemanella_biformis	s__GGB59744_SGB2275	s__Gemmiger_SGB15295	s__Mediterraneibacter_massiliensis	s__Intestinimonas_gabonensis	s__Lachnospiraceae_bacterium_NSJ_46	s__Parabacteroides_gordonii	s__Blautia_luti	s__GGB9534_SGB14937	s__Candidatus_Pararuminococcus_gallinarum	s__Christensenellaceae_bacterium_NSJ_63	s__Blautia_faecicola	s__Mogibacterium_diversum	s__Clostridia_bacterium_UC5_1_1D1	s__Streptococcus_sanguinis	s__TM7_phylum_sp_oral_taxon_348	s__Prevotella_bivia	s__Ruminococcus_sp_NSJ_13	s__Desulfovibrio_SGB5077	s__Limosilactobacillus_mucosae	s__Olsenella_sp_AF16_14LB	s__Coprobacillus_cateniformis	s__Streptococcus_vestibularis	s__Streptococcus_rubneri	s__Streptococcus_gordonii	s__Streptococcus_oralis	s__Gemella_sanguinis	s__Fusobacterium_ulcerans	s__Candidatus_Nanosynsacchari_sp_TM7_ANC_38_39_G1_1	s__GGB4456_SGB6141	s__Escherichia_marmotae	s__Sellimonas_intestinalis	s__Rothia_mucilaginosa	s__Hydrogeniiclostidium_mannosilyticum	s__GGB51510_SGB71883	s__Alistipes_provencensis	s__GGB2982_SGB3964	s__Bilophila_SGB15451	s__Alistipes_SGB2302	s__Sanguibacter_SGB15121	s__Ligilactobacillus_salivarius	s__GGB35068_SGB47850	s__Dialister_invisus	s__Anaerostipes_caccae	s__Blautia_producta	s__Longibaculum_muris	s__Lacrimispora_saccharolytica	s__GGB55957_SGB77276	s__GGB3109_SGB4119	s__Mogibacterium_sp_BX12	s__GGB79916_SGB4587	s__Christensenella_sp_NSJ_35	s__Clostridium_sp_1001271st1_H5	s__Mediterraneibacter_sp_gm002	s__Lachnotalea_sp_AF33_28	s__Christensenella_hongkongensis	s__GGB4578_SGB6328	s__Eubacterium_sp_AF16_48	s__GGB9719_SGB15272	s__Clostridium_saudiense	s__Streptococcus_anginosus	s__GGB36267_SGB14177	s__Oscillospiraceae_unclassified_SGB15256	s__GGB2848_SGB3813	s__Lachnospiraceae_bacterium_NSJ_29	s__Anaeromassilibacillus_sp_An250	s__GGB3818_SGB5183	s__Longicatena_caecimuris	s__Ruminococcus_sp_AF41_9	s__GGB3429_SGB71704	Group
SRR413583	12.58501	0.87412	0	0	0.09632	1.51922	5.54993	0.86068	0	0.83868	0	0.18955	0.27932	0.05776	0.45243	1.74281	0.23732	0	0.37678	0	0.00685	0.06983	0	0	0	0.33318	0.07268	0.10462	0.04998	0	0.26758	0.34895	0.0198	0	1.55903	0	0	0.09432	4.01018	0	0.25745	0.00027	0.08158	0.23435	0	0	0	0	0	0.01416	0	0.04053	0.1948	0	0	0	0.01677	0.00147	0	0	0	0	0.00043	0	0	0	0	0	0	0.16728	0	8.00E-05	0	0.00127	0.0009	0	1.08795	0	0	0	0.85562	0.12718	0	0	0	0	0.03554	0	2.02897	0.12333	0	0.05611	0	0	0	0	0.54214	0	0	0.08262	0	0	0	0	0.03044	0	0.02988	0.001	0	0	0	0.51739	0	0.3676	0.61047	0	0	0	0	0	0	0	0.35678	0.13114	0	0	0	2.24062	0	0	0	0	0.83312	0.39113	0.1511	0	0	0	0	0.11916	0.17212	0	0.01161	0	0	0.01056	0.40407	0	0	0.3699	0	0	0	0.00189	0.02438	0	0	0.02075	0.12034	0	0.0906	0	0	0	0.36283	0	0	0.05697	0.01142	0	0	0	0	0.11848	0	0.00782	0.21735	0	0	0.04844	0	0.07389	0	0.30975	1.90653	0	0	6.12465	0	0	0	0	0.09574	0	0	0	0	0	0.10382	0	0	0.4005	0	0.21953	0	0.06066	0.01003	0	0	0	0	0	0	0.06275	0.54703	0	0.54783	0.58948	0	2.00935	7.26007	0.05661	0	0.87407	0.0832	0	0.62533	0	0	0.15032	0.02663	0	0	0	0	0.03101	0.0545	0.06468	0	0	0.00574	0	0	0	0.19058	0.05556	0	0.01048	0	0	0.10859	0	0	0	0	0	0	0	0	0	0	0	0	0	0	0	0	0.15656	0	0.19804	0	0	0	0	0	0	0.01233	0	0	0.01427	0	0	0.00548	0	0	0	0.00599	0.00153	0	0	0	0	0	0.03607	0	0	0.00233	0	0	0.00558	0.00802	0	0	0	0	0	0	0.03718	0	0	0.01889	0	0	0	0	0	0.11402	0	0.06862	0	0	0	0	0	0	0	0	0	0	0	0	0	0	0	0	0	0	0	0	0	0	0	0	0	0	2.42348	0	0	0	0	0	0	0	0	0	0	0	0.00767	0	0	0.00027	0	0	0	0	0	0	0.00455	0	0.01015	0	0	0.88824	0	0	0.0011	0	0	0	0	0	0	0	0	0	0	0	0	0	0.02273	0	0	0	0	0	0	0	0	0.13882	0	0	0.001	0	0.01112	0	0	0	0	0	0	0	0	0	0	0	0	0	0	0	0	Health
SRR413584	0.01874	0.00393	0	0	0	0.06303	0.85889	0.27941	0	0	1.87872	0.03122	0.03803	0	0	4.12026	0.04868	0.1183	0.08552	0	0.00093	0.03468	0	0	0	0.3365	0.69018	0.0489	0.09235	0.01653	0.36696	0.04401	0.01937	0.08995	0	0	0	1.30408	0.03444	0	0	0	1.24945	0.34069	0.05754	0	0.01167	0.0458	0	0	0	0.00237	0	0	0.00226	0	0	0.00037	0.00263	0.79593	0	0	3.68771	0	0	0.05382	0	0	0.00065	0.09354	0	0.0009	0	0	2.64132	0	3.51304	0	1.36348	0	0	8.36326	0.00128	0	0	0	0	0.12051	0	0.27184	1.00457	0.53191	0	0.0624	0.17835	0.26126	0	0	0	0	0	0.33457	0	0.31435	0.09613	0.04181	1.01624	0.64327	0	0	1.53449	0.09798	0	0	0.21223	0.12591	0	0	0.85092	0	0.0043	0	0	0.10212	0.00327	0	0	0	0.11711	0	0.63107	0	0.06731	0.01966	0	0.0997	0	0.04792	0	0.06591	0.00332	0	0.10266	0.02491	0	0.15819	0.6258	0	0	0	0	0.10127	0	0.06805	0.0589	0	0.09468	0.13124	0	0	0	0	0	0.0151	0.01604	0.01151	0.04299	0	0.05946	0	0.03963	0	0.00234	0	0	0.01629	0.94823	0	0.00889	0.08133	0	0	0.03102	0.04029	0	0.00777	0	0	0.00626	0	0.03734	0	0.23874	5.6162	0.00055	0	0.64543	0.08942	0	0	0	0.08647	0	0.37986	0.00068	0.11468	0.09083	0.01869	0.04125	0.01602	0.03764	0	0.06821	0.00165	0	0.04244	0.00199	0.25953	0	0.04871	0	0.02292	0	0	0	0.00152	0.18693	0.00297	0	0	0	0.00022	0.00314	0	0.59945	0	0	0.15592	0	0.03242	0	0	0.01613	0	1.09711	0.28938	0	0	0.022	0	0	0.00463	1.28783	0.05309	0.00248	0	0	0	0	0	0	0.08537	0	0	0.03617	0	0.11379	0	0.06699	0	0.02177	0	0	0	0	0	0	0.00023	0	0.00919	0	0	0.03581	0.11496	0.01394	0	0	0.00173	0.01087	0	0.0283	0	0	0	0.41053	0	0	0	0.03306	0	0.04429	0.01514	0.00849	0	0.05045	0.00011	0.02927	0.01172	0	0.00096	0	0.01761	0.64841	0	0	0	0	0	0.00197	0	0.21613	0.18596	0	0.04412	0.01195	0	0	0.00124	0	0	0	0	0	0	0.0099	0	0.0058	0	0	0.01068	0.0008	0	0.00065	0	0	0	0	0	0	4.26885	0	0	0.03713	0	0.07387	0	0.29246	0	0.05311	0.00546	0.00647	0	0	0	0	0	0	0	0.04169	0	0	0	0	0	0.00078	0	0	0	0	0.02754	0.00231	0	0	0	0	0	0	0	0	0.05958	0	0	0	0	0	0	0	0	0	0.00337	0	0.02943	0.0003	0	0.00816	0.00034	0	0	0.00415	0.00663	0	0.11652	0.0483	0.03963	0.00186	0	0	0	0	0	Health
SRR413592	0.00363	0	0	1.3828	0	0	0	0.86783	0.00236	0	2.64072	2.59136	0	0.74838	0	5.93627	0.43876	0	0	0	2.18782	0	0	0	0	0.00149	0.4473	0	0.12094	0.00215	1.96825	0	0.84515	0	0	0	0	1.91045	0.00148	0	0	0	4.75533	0	0	0	0.74751	1.9072	0	0	0	0	0	0	0.33847	0.76036	0	0	0	0	0	0.13878	0	0	0.36781	0.01464	0	0	0	0.25399	0	0.0094	0.2012	0	21.30399	0	0.0165	0	0	0.00143	0	0	0	0.00209	0	0	0	0	0	0.0876	0	0.24847	0	0	0	0	0	0	0	0	0	0	0	0	0	0	0	0	0	0	0	0	0	16.70008	0	0	0	0	0	0	0	0	0	0	0	0	0	0	0	0	0	0.00071	0	0	0	0	0	0	0	3.55032	0	0	0.11326	0	0	0	0	0	0	0	0	0	0.28263	0	0	0	0	0	0	0	0	0	0	0	0	0	0	0	0	0	0	0	0	0	0	0.11131	0	0	0	1.1297	0	0	0	0	2.6704	0.0133	0	0	0	0	0	0	0	0	0	0	0	0	0	0	0	0	0	0	0	0	0.03234	0.01619	0	0	0	0	0.06197	0	1.15357	0	0.34612	0	0	0	0	0	0	0	0	0.01194	0	0	0	0	0	0	0	0	0	0	0	0	0	0	0	0	0.11597	0	0	0	0	0	0	0	0	0	0	0	0	0	0	0	0	0	0.00075	0	0	0	0	0	0.05291	0	0	0	0	0	0	0	0	0	0	0	0	0	0	0	0	0.09196	0	0.00185	0	0.10821	0.04917	0	0.00263	0	0	1.70692	0	0.08844	0	0.09624	0.31408	0	0	0.04302	0	0.04272	0	0	0	0	0.0065	0	0	0	0	0	0.08907	0	0	0	0.00215	0	0	0.06414	0	0	0.42975	0	0	0	0.00987	0	0	0	0	0.0134	0	0	0	0	0	0.07191	0	0	0	0	0	0	0	0	0	0	0	0	0	0	0	0	0.02393	0	0	0	0	0	0	0	0	0	0	0	0	0	0	0	0	0	0	0	0	0.00043	0	0	0.00131	0.12646	0	0	0.00179	0	0	0.00158	0	0.00468	0	0	0	0.32494	0.0422	0	0	0	0	0	0	0	0.00928	0	0	0	0	0	0	0	0	0	0	0	0.00513	0	0.03981	0.0751	0	0	Health
SRR413597	16.94566	7.48118	0	0.11027	0.22765	0.32437	1.89569	0.60455	0	0	1.76091	0	0.47609	0	0	16.17488	0.49739	0.59007	1.39598	0	2.53168	0.08457	0.02062	0	0	0	0	0	1.87288	0	1.2588	0	0	0	0	0	0	0.7384	0.11052	0	0	0.01095	1.95113	0	0	0.02264	0.36903	1.2934	0.07377	0	0	0	0	0	0.04301	0.00882	0	0.00499	0.00393	0	0	0	0	0.0399	0.04272	0.01774	0	0	0	0.39127	0	0.00152	0.05532	0	0.00049	0	0	0	0	0	0	0	0	0	0	0	0	0	0	0	0	0	0	0	0	0	0	0	0	0	0	0	0	0	3.41006	0.36889	0	0	0	0	0	0.7523	0	0	0	0	0	0	0	0	0	0	0	0	0.55327	0.19033	0	0	0	0	0	0	0	0	0	0	0	0	0	0.32193	0.8385	0	0.16722	0	0	2.71649	0	0	0	0	0	0	1.08502	0	0	0.05176	0	0	0	0	0.51982	0	0	0	0	0	0.17406	0	0.25772	0	0	0	0	0	0	0.14731	0	0	0.38263	0.33211	0	0.47658	0.45554	0	0	0	0	0	0	0	0	0	0	0	0	0	0	0	0	0	0	0.21661	0	0	0	0	0.05792	0.2799	0	0	0	0	0.79515	0	0	0	0.4441	0	0	0	1.38627	0	0	0	0	0.00141	0	0	0	0	0	0	0	0	0	0	0	0	0	0	0	0	0.06003	0	0	0	0	0	0	0	0.06651	0	0	0	0	0	0	0	0	0	0	0	0	0	0	0	0	0.00022	0	0	0	0	0	0	0	0	0	0	0	0	0	0	0	0	0	0.01197	0	0.01998	0.19685	0	0.0768	0	0	0	0	0	0	0.10644	0	0	0	0.13354	0	0.07083	0	0	0	0	0	0	0	0	0	0	0.05019	0	0.34533	0	0	0	1.10384	0	0.10556	0	0	0	0	0.00587	0	0	0	0.19883	0	0	0	0	0	0	0	0	0	0.00776	0	0	0	0	0	0	0	0	0	0	0	0	0	0	0	0	0.0121	0	0	0	0	0	0	0	0	0	0	0	0	0	0	0	0	0	0	0	0	0	0	0.02498	0	0.04296	0.04044	0	0	0	0	0	0	0	0	0	0.0226	0	0.00459	0.01683	0.1586	0	0	0.00491	0	0	0	0.01882	0	0	0	0	0	0	0	0	0	0	0	0.18313	0	0	Health
SRR1778455	3.2917	0	0	0.35778	0	0	0	0	0	0	0.0004	0	0	0.00818	0	0	0.09946	0	0	0	0	0	0	0	0.06485	0.00249	3.82596	0	0	0	18.90877	0	0.15541	0.17064	0	0	0	0	0.03312	0.11189	0	0	26.15163	0	0	0	0	0	0.35808	0	0	0	0.00677	0	0	0.13132	0.15739	0.00117	0	0	0	0	0	0	0.06041	0	0	0	0	1.74187	0	0	0	0	0.0001	0	0.00242	0	0.00118	0	0	0	0	0.00021	0	0	0	0	0	0	0	0	0	0	0	0	0	0	0	0.0011	0	0	2.62269	0	0	0	0	0	0	0	0	0.22668	0	0.00179	0	0	0	0	0	0	0	0	0	0	0	0	0	0	0	0	0	0	0	0	0.30009	0	0	0	0	0.00193	0	0	0	0	0	0	0	0	0	0	0	0	0	0	0.00521	0	0	0	0	0	0	0	0	0	6.00E-05	0	0.00969	0	0	0	0	0	0	0	0	0.36145	0.00234	0	0	0	0	0	0	0	0	0	0	0	0	0	0	0	0.09229	0	0	0	0	0	0	0	0	0	0	0	0	0	0.03188	0	0	0	0	0	0	0	0.0072	0	0	0	0	0.07999	0	0.07926	0	0	0	0.01625	0	0	0	0	0	0	0	0	0	0	0	0	0	0	0	0	0	0	0	0	0	0	0	0	0	0	0	0	0	0	0	0	0	0	0.00425	0	0	0	1.34667	0	0.18896	0	0	0	1.25974	0	0	0	0	0	0	0	0	0	0	0	0	0	0	0	0	0	0	0	0	0	0	0	0.13451	0.224	0	0	0	0	0	0	0	0.07117	0.00205	0	0	0	0	0	0	0	0	0	0	0	0	0	0	0.0045	0	0	0.00499	0	0	0	0	0	0	0	0	0.12145	0	0	0	0	0	0	0	0	0	0	0	0	0	0.07233	0.00048	0	0	0	0	0	0	0	0	0	0	0	0	0	0	0	0	0	0	0.00039	0.02303	0	0	0	0	0	0.00141	0	0	0	0	0	0.00178	0	0.01019	0	0	0	0	0	0	0.00666	0	0	0.00732	0	0	0	0.00239	0	0.30567	0	0.00082	0	0	0	0	0	0	0.00886	0	0	0	0	0	0	0	0	0	0	0	0.03517	0	0	Type2
SRR1778454	4.01162	0.53766	0	0.18698	0	0.12363	0.86471	0.25944	0.00386	0.00504	2.7259	1.06215	0	0	0	0.95672	0.09555	0.06979	0	0	0.20782	0.06707	0.03377	0	0.00794	1.77469	0.04309	0.03473	0.11397	0	1.31074	0.04886	0.02437	0	0.05227	0.01237	0.05788	0.58134	0.0029	0	0	0	2.01854	0.09384	0	0.00465	0.09702	0.1486	0	0	0	0	0.00021	0.00857	0.0037	0.00489	0.00029	0	0	0.088	0.0559	0.02884	0.03041	0	0	0.01858	0.0116	0	0	0.14376	0	7.00E-05	0	0	0	0	4.82381	0	2.61172	0.01046	0	0	0	0.80027	0.00416	0	0	0	0	0.15897	0	0.32493	0	0.03614	0.40578	0.06166	0.05124	0	0	2.23659	0	0.41472	0	0	0.2289	0	0	0	0	0.01285	0	0.02832	0.02723	2.06957	0.01787	0.12901	0.02162	0	0	0	0.00424	0	0.30471	0.15089	0.09463	0	0	0	0	0	0.06732	0.00065	0	0.02834	0.87707	0.02859	0.02189	0.01229	0	0.24543	0.29357	0	0.03695	0.00096	0.08346	0.14743	0.24625	0.00787	0	0.79431	0	0.04678	1.75029	0.0064	5.12771	0	0.04353	0.05502	0.0116	0	0.00845	0	0.0002	0	1.70262	0.0069	0.01708	0	0	0	0.01266	0	0	0.08154	0	0.11148	2.68483	0.00191	0.03909	0.05696	0.00637	0	0.00856	0	0.39404	0	0	0	0.00155	0	0	0	0.00792	0	0.00016	0	0.04082	0	0	0	0	0.07362	0	0	0	0.00741	0.10545	0.02645	0.03069	0.00741	0.00989	0	0	0	8.21254	0.01024	0.09002	0	0	0.36673	0	0.11138	0	0	0	0.00145	0.71547	0	0.01719	0	0.08218	0	0	0	0	0	0	0	0	0	0.47807	0.01717	0.07607	0	0.1333	0.29463	0	0.00171	0.03031	0.33817	0	0.00616	0	0.40407	0	0.0075	0	0.50286	0	0.0198	6.0529	0	0	0	0	0	0.05942	0	0	0.04318	0.25773	0.01403	0	0	0	0	0	0	0.04879	0.01333	0.06321	0	0	0.02429	0	0	0	0.00108	0.00876	0.00512	0.00737	0	0	0	0	0	0.00086	0.01762	0	0	0.00664	0	0	0.0003	0	0.00073	0	0.00264	0	0	0.02023	0	0	0	0	0	0.26419	1.04413	0.00038	0	0.09734	0.00199	0.01072	0.00248	0.00383	0.00049	0.0009	0	0.01374	0.00066	0	0.02545	0	0.00375	0	0.00161	0.92904	0.00023	0.01017	0	0	0	4.00E-05	0	0	0	0	0	0	0	0	0	0.32682	0	0.00264	0.00202	0.00702	0.16024	0.00366	0	0.00099	0	0	0.00628	0	0	0	0	0	0	0	0	0	0	0	0	0	0	0.00028	0	0	0	0	0	0	0	0	0	0.00106	0	0	0.08402	0	0	0	0	0.00648	0	0.00289	0	0	0	0	0	0.00207	0.00011	0	0	0	0	0	0	0.20756	0	0	0	0.00595	0.01707	0	0	Type2
SRR1778451	0.00437	0	0	0.53141	0	0	0	0	0	0	2.67288	0.00145	0	0	0	0.00124	0	0	0	0	0.64442	0	0	0	0	18.93811	2.2713	0	0	0	0	0	0	0	3.05289	0	0	0	0	0.69476	0	0	1.71995	0	0	0	2.08941	6.15738	2.13227	0	0	0	0	0	0	0.04956	0	0	0	0	0	0	0.32912	0	0	0.75782	0	0	0	0	0	0	0.18398	0	11.2079	0	0	0	0	0	0	0	0	0	0	0	0	0	0	0	0	0	0	0	0	0	0	0	0	0	0	0	0	0	0	0	0	0	0	0	0	0	0	0	0	0	0	0	0	0	0	0	0	0	0	0	0	0	0	0	0	0	0	0	0	0	0	0	0	0	0	0	8.20653	0	0	0	0	0	0	0	0	0	0	0	0	0	0	0	0	0	0	0	0	0.40508	0	0	0.08721	0	0	0	0.02911	0	0	0	0	1.43078	0	0	0	0.45937	0	0	0	0	0	0	0	0	0	0	0	0	0	0	0	0	0	0	0	0	0	0	0	0	0	0	0	0	0	0	0	0	0	0	4.27366	0	0	0	0	0	0	0	0	0	0	0	0	0	0	0	0	0	0	0	0	0	0	0	0	0	0	0	0	0	0	0	0	0	0	0	0	0	0	0	0	0	0	0	0	0	0.00137	0	0	0	0	0	0	0	0	0	0	0	0	0	0	0	0	0	0	0	0	0	0	0	0	0	0	0	0	0	0	0	0	0	0.09216	0.91387	0	0.18738	0.75859	0	0	2.62086	0.016	1.48933	0	0	0	0	0	0	0	0	0.00425	0	0	0	0	0	0	0.04823	0	0	0.71669	0	0	0	0	0	0	0	0	0	0	0	0	0	0	0	2.01382	0	0	0.00961	0	0	0	0	0	0	0	0	0	0	0	0	0	0	0	0	0	0	0	0	0	0.00227	0	0	0.04927	0	0	0	0	0.19973	0.00327	0	0	0.00262	0	0	0	0	0.00125	0.7717	0	0	0	0	0	0	0	0	0.01161	0	0	0	0.75628	0	0.0273	0	0	0.03853	0	0	0.00043	0	0	0.34299	0	0	0	0	0	0	0	0	0	0	0	0	0	0	Type2
SRR1778450	0	0	0	0	0	0	0	0	0	0	0	0	0	0.98058	0	0.0007	0	0	0	0	0	0	0	0	0.00492	0	53.2236	0	0	0	0	0	0	0	0	0	0	0	0	0	0	0	0	0	0	0	0	0	0	0	0	0	0	0	0	0	0.0037	0.00957	0	0	0	0	0	0	0	0	0	0.00036	0	0	0	0	0	0	0.00252	0	0	0	0	0	0	0	0	0	0	0	0	0	0	0	0	0	0	0	0	0	0	0	0	0	0	0	0	0	0	0	0	0	0	0	0	0	0	0	0	0	0	0	0	0	0	0	0	0	0	0	0	0	0	0	0	0	0	0	0	0	0	0	0	0	0	0	0	0	0	0	0	0	0	0	0	0	0	0	0	0	0	0	0	0	0	0	0	0	0	0	0	0	0	0	0	0	0	0	0	0	0	0	0	0	0	0	0	0	0	0	0	0	0	0	0	0	0	0	0	0	0	0	0	0	0	0	0	0	0	0	0	0	0	0	0	0	0	0	0	0	0	0	0	0	0	0	0	0	0	0	0	0	0	0	0	0	0	0	0	0	0	0	0	0	0	0	0	0	0	0	0	0	0	0	0	0	0	0	0	0	0	0	0	0	0	0	0	0	0	0	0	0	0	0	0	0	0	0	0	0	0	0	0	0	0	0	0	0	0	0	0	0	0	0	0	0	0	0	4.05069	0	0	0	0	0	0	0	0	0	0	0	0	0	0	0	0	0	2.2806	0	0	0	0	0	0	0	0.24094	0	0	0	0	0	0	0	0	0	0	0	0	0	0	0	0	0	0	0	0	0	0	0	0	0	0	0	0	0	0	0	0	0	0	0	0	0	0	0	0	0	0	0	0	0	0	0	0	0	0	0	0	0	0	0	0	0	0	0	0.10269	0	0	0	0	0	0	0	0	0	0	0	0	0	0	0	0	0	0	0	0	0	0	0	0	0	0	0	0	0	0	0	0	0	0	0	0	0	0	0	Type2
SRR341725	3.63211	0.09834	0	2.27884	2.06296	3.81118	0	0	0	0.01396	0.7261	0.28292	0	0.13826	0	3.8019	9.08098	0	1.46159	0.43461	0.8558	0.73819	0	0	0.71646	0.00203	2.72182	0.02137	2.69941	0.73887	2.18994	0.83685	0	0.63074	0	0	0	7.2444	0.11566	0.01073	0.00083	0	1.18109	0	0	0.01197	0.88516	0.28776	1.23412	0.03392	0	0	0.03654	0	0	0.0617	0.01969	0	0	0	0	0	0	0.03909	0.35651	0.30845	0	0.00637	0	0.05471	0.00312	0.00168	0.09568	0	14.12479	0	0.08147	0	6.74385	0	0	0	0	0.58739	0	0	0	0	0	0	0	0.01335	0	0	0	0	0	0	0	0.02189	0	0	0	0	0	0	0	0	0	0	0	0	0	0	0	0	0	0	0	0.00972	0	0	0	0	0	0	0	0	0	0	0	0	0	0.54698	0	0	0	0	0	0.21918	0.00604	0	0.05414	0	0	0	0	0	0	0	0	0	0	0	0	0.08704	0	0	0	0	0.25804	0	0	0	0	0	0	0	0.51448	0	0	0	0	0	0	1.08184	0	0	0	0	0	0	0	0.68109	2.2801	0	0	0	0	0	0	0	0	0.03404	0	0	0	0	0	0	0	0	0	0	0	0	0	0	0	0	0	0	0	0	2.14086	0	0.02577	0	0	0	0	0	0	0	0	0	0.10739	0	0	0	0	0	0	0	0	0	0	0	0	0	0	0	0	0	0.35708	0	0	0	0	0	0	0	0	0	0	0	0	0.11628	0	0	0	0	0	0	0	0	0.2895	0	0	0	0	0	0	0	0	0	0	0	0	0	0	0	0	0	0	0	0	0.05222	0.01252	0	0	0	0	0	0	0.68323	0	0.19668	0	0	0	0.04417	0	0.2232	0.14615	0	0	0	0	0	0	0.0338	0	0	0.03583	0	0	0	0	0	0	0	0	0	0	0	0	0	0	0	0	0.48477	0	0.17485	0	0	0	0	0	0	0	0	0	0	0	0	0	0.1363	0	0	0	0	0	0	0	0	0.00133	0.17251	0	0	0	0	0	0	0	0.01042	0	0	0	0	0	0.03094	0	0	0	0	0	0.00046	0.00682	0.04513	0.00562	0.00321	0	0	0	0	0	0	0	0	0	0	0	0	0.00426	0.23289	0	0.00912	0	0	0	0	0	0.89796	0	0	0	0	0	0	0	0	0	0	0.00135	0	0	0	0	0	Health
SRR341724	0.00496	0	0.69486	0.90961	19.76458	3.33938	5.49564	0.44024	0	0	0.22429	0.00033	0.07889	0.10192	0	0.02141	0.33164	0.01534	0.01599	0	0.14257	0.02759	0	0	0	0.14121	0.09875	0.003	0.02833	0.02043	0.01871	0	0.02532	0	0	0	0.05628	0.05964	0.45223	0	0.05021	0	0.00876	0	0	0	0.09515	0	0	0.02046	0.00239	0.00519	0.03595	0	0	0.28949	0.08347	0	0.00485	0	0	0	0	0.09039	0.00136	0.00521	0	0	0.01462	0.10868	0	0	0	0	1.17945	0	0	0.00016	0	0	0	0	0	0	0	0	0	0	0	0	0	0	0	0	0	0	0	0	0	0	0	0	0	0	0	0	0	0	0	0	0	0	0	2.89933	0	0	0	0	0	0	0	0	0	0	0.24376	0	0	0	0	0	0	0	0	0	0	0	0	0	0	0.01493	0	0	0.01774	0	0	0	0	0	0	0	0.00057	0	0	0	0	0	0	0	0	0	0.0035	0	0	0	0	0	0.00154	0	0	0	0	0	0	0	0	0.00305	0	0	0	0	0	0.38306	0	0.11822	4.2167	0	0	0	0	0	0	0	0	0	0	0	0	0	0	0	0	0	0	0	0	0	0	0	0	0	0	0	0.0079	0	0.01108	0	0.1707	0	0	0	42.14933	0	0	0	0	0	0.00933	0	0	0	0	0	0	0	0	0.08308	0	0	0	0	0	0	0	0	0	0	0	0	0	0	0	0	0	0	0	0	0	0	0	0	0	0	0	0	0	0	0	0	0	0	1.03876	0	0	0	0	0	0	0	0	0	0	0	0.16606	0	0	0	0	0	0	0	1.10843	0	0	0.13239	0	0.26287	0.00263	0.01017	0	0.6219	0	0.00041	0	0.00668	0	0	0	0	0	0	0	0	0	0	0.00406	0	0	0	0	0	0.06791	0	0	0	0	0	0	0	0	0	0	0.22301	0	0	0	0	0	0	0	0	0	0	0	0	0	0	0	0	0	0	0	0	0	0	0	0	0	0	0	0	0	0	0	0	0.03147	0.00404	0	0	0.00565	0	0	0	0.02471	0	0.01176	0.00271	0	0	0.00119	0	0	0.00131	0.00201	0	0	0	0	0	0	0	0	0	0	0	0	0	0	0	0	0	0.01736	0	0	0	0	0	0	0	0	0	0	0	0	0	0	0	0	0	0	0	Health
SRR341716	11.85295	0	0	0.0015	0	0.0113	4.10419	0.18343	0	0.30202	1.24559	0.15126	0	0	0	9.83511	0.1908	0.26384	0.15722	0	1.17376	0.08236	0.00179	0.07189	0	1.27376	0.12845	0.03657	0.48208	0.00809	0.44094	0.01051	0.0287	0	0	0	0	0.44362	0.01911	0	0	0.00245	0.73483	0.02495	0	0	0.00121	0.18361	0	0	0	0.02454	0	0	0.0014	0	0	0	0	0.40982	0	0	0.08856	0	0	0	0	0	0.00979	0.16289	0	0.0006	0	0	0.01587	0	2.74297	0	0	6.81448	0.00138	4.30844	0	1.54998	0	0	0	0	0	0.00322	0.06946	0.41235	0	0	0	0.07423	0.11344	0	0	0.02141	0	0.02013	0.18066	0	0.2101	0	0	0	0	0	0	0.0578	0	0	1.42004	0.14166	0	0	0	0.29118	0	0	0.47297	0	0.40108	0	0	0	0	0	0	0.00533	0.01806	0.11845	0.02052	0	0	0	0.29557	0.07841	0.11538	0	0.01273	0	0	0.23089	0	0	0	0	0	0.0123	0.00846	0.00833	0	0	0.01019	0.03289	0.05082	0	0.00876	0.04852	0	0	0.46521	0	0.00076	0.03077	0.08495	0	0.01343	0	0	0.0079	0	0.02465	8.64335	0	0	0.02876	0	0	0.10494	0.02735	0	0	0	0	0	0	0	0	0.04864	0.29585	0	0	0.09288	0	0.1914	0	0	0.04626	0	0.24007	0	0.03082	0.00112	0.0019	0	0	0	0	0.01822	0	1.96715	0	0.11596	0	0	0.28043	0.16805	0.2839	0	0	0	0	0.07108	0.02747	0	0	0	0	0.00962	0	2.5121	0.064	0.03745	0.3246	0.0257	0	0	0	0.00845	0	0.05427	0	0	0	0	0	0.00255	0	0	0	0	0	0.01889	0	0	0	0.00042	0.22389	0	0.17151	0.08093	0	0.00632	0	0	0.00557	0	0.05656	0	0.0102	0	0	0	0.00411	0	0	0	0	0	0.0046	0	0	0	0.01049	0	0	0.04847	0	0	0	0	0	0.00037	0.0003	0	0	0.00388	0.00847	0	0	0.02267	0	0	0.00648	0	0	0	0	0	0.57806	0	0	0	0	0	0.00036	0	0	0	0.0053	0	0	0.00268	0	0	0.0011	0	0	0.08766	0	0	0	0	0.00034	0	0	0	0	0	0	0	0	0	0.13665	0	0	0.07718	0	0.00014	0	0	0	0	0	0.0046	0	0	0.00136	0	0	0	0	0	0	0	0	0	0	0	0	0	0	0	0	0	0.00494	0	0	0	0	0	0	0.00909	0	0	0	0	0	0	0	0	0.00216	0	0	0.01119	0	0	0	0	0	0	0	3.91151	0	0.01134	0	0	0	0	0.01629	0	0	0	0	0	0	Health
SRR341715	1.72594	1.46434	0	0.00033	0.01299	1.3238	4.15626	0.38809	0.02636	0	0	0.01646	0.14983	0.0317	0	0.03485	4.52112	0.06945	1.01343	0.03851	0	0.57861	0	0.12677	0	0.08312	0.05142	0.16366	0.01176	0.44363	0.02302	1.36332	1.13821	0.56309	0.00229	0	0.29128	0.00144	0.77191	0	0.00088	0.00507	0	0.00214	0	0.02578	0	4.35838	0	0	0	0.20908	0.03841	0	0	0	0	8.98169	0.06154	0.00299	0	0	0	0	0	0	0	0.00971	0	0.00773	0.00857	0	0	0.04236	0.01569	0.00087	0.0466	0	1.76024	0	0.52333	0	0	0.17673	0	0	0	0	0	0	0.00019	0.00739	0	0	0.0197	0	0	0	0.04628	0	0	0	4.29707	0	0	0	0.0286	0	0	0	0	0.68409	0	1.16607	0.47859	0.03507	0	0.01966	1.83012	0	0	0.01267	0.00623	1.48831	0	0	0	0.02102	0	0	0	0	0.38563	4.48384	0	0.02406	0	0	0.50811	0.23253	0.02848	0	0	0	0	0	0.01231	0	0	0.23962	0.04015	0	0	0	0.01939	0	0	0	0.00076	0	0.37902	0.57394	0	0	0.0302	0	0	0	0.03723	0	0	0	0	0.65679	0	0	0.16738	0	0	0.00382	0	0	0	0	0.61771	0	0	0.07423	0	0	0	0	0.10162	0.03345	0	0.02219	0.00442	0	0	0	0	0	0	0.01406	0	0	0.04465	0	0	0	0	0	0	0.05931	0.18022	0	0.29009	0.03229	0	0	0	0.09484	0.00135	0	0	0.0192	0.01939	0.00092	0	0	0	0	0	0	0.02758	0.38025	0	0.00768	0	0	0	0.00422	0	0	1.86446	0.05489	0	0	0	0	0.06147	0	0	0.21654	0	0.27504	0.0048	0	0	0	2.66933	0	0	0	7.55981	0	0	0	0	0.07614	0.18835	0.00479	0	0	0.01733	0	0	0	0.00929	0.25168	0	0	0	0	0	0	0.007	0	0	0	0.05356	0	4.30686	0.00449	0.00562	0.12616	0	0	0	0.00054	0	0	0	0	0.01309	0	0	0	0	0	0	0	0	0	0.00082	0.01786	0	0	0	0.02932	0	0	0	0	0	0.09039	0	0	0	0	0	0	0	0	0	0	1.36853	0	0	0	0	0	0	0.00093	0.33109	0	0	0	0	0.15012	0.2921	0	0.06682	0	0	0	0	0.04552	0	0	0	0.16094	0	0	0.00639	0	0	0	0.05179	0	0	0	0	0.00441	0	0.0144	0.00382	0	0	0	0	0	0	0	0	0	0	0	0	0	0	0.00114	0	0	0	0	0	0	0	0	0	0	0	0	0	0	0	0	0	0	0	0	0	0	0	0	0	0	0	0	Health
SRR341714	0.06718	1.25072	0	0.26283	0	0.2523	8.35567	0.61802	0.00321	0.02036	0.76839	0.18281	0.35655	0	0	0.34786	1.52343	0.12611	1.62308	0	0.00289	0.81888	0	0	0	0.46415	15.02656	0.07963	0.25037	0.72297	0.56534	0.33804	2.33529	0.60795	0.19909	0	0	1.44765	0.05537	0	0	0	0.01	0.83022	0	0.00767	0.01506	0.13606	0	0	0	0	0	0.00098	0	0	0	0.03564	0	0	0	0	0.20323	0	0	0	0	0.00106	0	0.06539	0	0.00069	0	0.03124	5.87628	0	0.86515	0	6.88745	0	1.12299	0	0.20962	0	0	0.1059	0	0	0.11309	0	0.07995	0	0	0	0.16796	0.00578	0	0	0	0.00337	0	0	2.8135	0	0.02773	0	0	0	0	0	0	1.18177	0	1.07593	0	0.03444	0	0	0	0	0	0	0	0.96415	0	0	0	0	0.0064	0	0	0	0.58823	1.58696	0.01718	0	0	0	0.30952	0.66712	0.01217	0	0	0	0	0.04988	0.34633	0	0	0.00451	0	0	0	0	0	0	0	0.01245	0.00114	0	0.12732	0	0	0	0.77278	0	0	0	0.00613	0.20215	0	0	0	0.29983	0	0.01376	0.03253	0	0	0	0	0.05805	0	0.17301	0.69669	0	0.03024	0	0	0	0	0	0.21143	0	0	0	0.00617	0	0	0	0	0.0189	0.01368	0.0719	0	0	0.04258	0	0	0	0	0	0	0.02462	0.00018	0	0.14639	0	0	2.88918	0	0.0141	0	0	0	0.07131	0.12055	0	0	0	0	0	0	0	0.00117	0.05525	0	0.01316	0	0	0	0	0	0	2.39771	0.02559	0	0	0	0	0	0	0	0	0	0.04592	0	0	0	0	0.00457	0.01196	0	0	0.46552	0.04041	0	0	0	0	0.05637	0	0	0	0	0	0.0026	0	0	0	0	0	0	0	0	0	0.02171	0	0	0	0.21213	0.00676	0	0	0.80762	0.08891	0	0.00499	0	0.03053	0.11499	0.001	0	0	0	0	0	0	0	0	0	0	0.01793	0	0	0.00451	0	0	0.00117	0	0	0	0	0	0	0	0	0	0	0	0	0	0	0	0	0	0	0	0	0	0	0	0.00203	0	0	0	0.01197	0.00828	0	0	0	0	0.16328	0	0	0	0	0	0	0	0	0	0	0	0	0	0	0	3.15759	0	0	0.01089	0.00691	0.00017	0	0	0	0	0	0	0.05468	0	0.0042	0	0	0	0	0	0	0	0	0	0	0	0	0	0	0	0	0	0	0	0	0	0	0	0.00654	0	0	0	0	0	0	0	0	0	0	0	0.00608	0	Health
SRR341713	9.33604	0.52714	0.17801	1.82062	0.90314	1.23358	0.00513	0.71707	0	0.07208	0.73028	0.22869	0.43634	0	0	1.96794	0.09389	0	0.46671	0.62016	0.04931	0.15401	0.02244	0	0	0	0.11978	0	0.46958	0.1101	0.17714	0	0	0.55697	1.1525	0	0	1.28364	0.07063	0.00987	0	0	0.31145	0	0	0.01216	0.15851	0.00098	0	0.01226	0	0	0.01826	0	0.06525	0.02069	0.00563	0.01481	0.00996	0	0	0	0	0.0638	0.40511	0.01817	0	0.01178	0	0.02937	0.00258	0.00059	0	0.00484	0	0.01198	0	0	0	0	0	0	0	0	0	0	0	0	0	0	0	0	0	0	0	0	0	0	0	0.09646	0	0	0.00408	0	0.05804	0	0	0	0	0	0	0	0	1.10382	0	0	0	0	0	0	0	0	0	1.93422	0	0	0	0	0	0	0	0.06065	0.42095	0.06679	0	0	0	0	0	0.0609	0	0	0.00143	0	0	0.17382	0	0	0	0	0	0	0	0	0	4.47349	0	0	0	0	0	0	0	0	0.60984	0	0	0	0.06667	0	0	0	0	0.14336	0	0.13839	0	0	0	0.03059	0	0	0.00275	0	2.36339	0	0	0	0	0	0	0	0.22023	0	0	0	0	0	0	0	0	0.00328	0	0	0	0	0	0	0	0	0	0	0.0018	0	0	0	0.32122	0	0	10.29896	7.26473	0	0	0	0	0	0	0	0	0	0	0	0	0	0	0	0	0	0	0	0	0	0.00536	0	0	0	0	0	0	0	0	0	0	0	0	0	0	0	0	0	0	0	0	0	11.55522	0	0	0	0	0.06484	4.15223	0	0	0	0	0	0	0	0	0	0	0	0	0	0	0	0	0	0	0	0.00093	0	0.00445	1.12343	0.06747	0.05244	0	0.01701	0.01723	0.00957	0.01894	0	0	0.00153	0.05737	0	0	0	0.004	0	0	0.09701	0	0	0.04686	0	0.86404	0	0	0	0	0	0	0	0	0	0	0	0	0	0	1.06752	0	0	0	0	12.15561	0	0	0	0	0	0	0	0	0	0	0	0	0.07191	0	0	0	0	0	0	0	0	0	0	0	0	0.0008	0	0	0	0.00956	0	0.0027	0	0	0	0	0	0	0	0	0.03405	0	0.01091	0	0.05043	0	0	0	0	0	0	0	0	0	0	0	0.00056	0.00163	0	0	0.00197	0	0	0	0	0	0	0	0	0	0	0	0.01554	0	0	0	0	0	0	0	0.00707	0	0	Health
SRR341711	6.60427	0.29916	0.09003	0.00373	0	0.33002	1.1836	0.14261	0.01415	0.42428	0.21023	0.2343	0.00424	0	0	5.6275	0.30158	0.09194	0.46051	0	0.04138	0.10876	0.00611	0	0	0.44718	0.02182	0.04576	0.0932	0.01464	0.24895	0.13741	0.03735	0.20442	0	0	0	0.42238	0.02752	0	0	0	0.65788	0.17936	0	0.00165	0.01238	0.06423	0	0	0	0	0.00042	0.00027	0	0	0	0.01171	0	1.33406	0	0	1.19675	0	0	0.01722	0	0	0.00175	0.2374	0	0.00014	0	0	0.0066	0.00329	2.07118	0	0	0	0.32318	0	0	0	0	0	0	0	1.94902	0.42284	0.40887	0.23236	0	0	0.39571	0.28299	0	0	0	0.55363	0	0	0	0	0.06974	0	0.00035	0	0	0	0	0.54036	0	0	0.48949	0.23948	0	0	0.54432	0	0	0	0	0.16207	0.39429	0	0	0.40196	0	0	0	0	0.18112	0.28823	0.30757	0	0	0	0.05974	0.19655	0	0	0.1058	0	0.108	0.0721	0.02172	0	0	0	0	0.03029	0.09596	0.05682	0.01188	0	0.10533	0.55201	0	0	0.141	0.08299	0	0	0.00673	0	0.04695	0	0.14308	0	0.17485	0	0	0	0	0.10391	0	0	0	0.25176	0	0.00806	0.15179	0.03732	0.31188	0.98903	0.05217	0.00185	0	0	0	0	0.2223	0	0	0	0.23804	0	0	0	0	0.00211	0	0.32524	0	0	0.00109	0	0	0	0	0.02438	0.01439	0.00826	1.36278	0	0.04269	0	2.09897	0.06866	0.00484	0.20444	0	0	0	0	0	0	0	0	0	0	0	0.01873	1.56431	0	0	0.63274	0	0	0	0	0.00125	0	0.8527	0.05419	0	0	0.03119	0.23924	0	0	0	0	0	0	0	0	0	0	0.10431	21.29764	0	0	0	0	0	0	0	0	0.00376	0.12272	0	0	0	0	0	0	0	0.04494	0.02951	0.00098	0.00573	0.04022	0.00472	0.0182	0	0.01189	0.01551	0	0.04578	0	0	0	0	0.06243	0	0.03174	0	0	0.0174	0.03325	0	0.00215	0.00929	0	0	0	0	0.00029	0	0	0	0	0	0	0	0	0	0	0	0.12564	0.06485	0	0	0	0	0.01961	0	0	0	0	0	0	0	0.00443	0	0	0	0	0	0.00068	0	0	0	0.00098	0.17076	0.52778	0.00901	0	0	0	0	0	0	0	0	0	0	0	0	0	0	0	0	0	0	0	0.19709	0	0	0	0	0	0	0	0	0	0	0	0	0.00795	0	0	0	0	0.01761	0	0	0	0	0	0	0	0	0.00681	0	0	0	0.01937	0	0.00507	0.00419	0	0	0.01133	19.17348	0	0.10296	0	0	0	0	0	0.00105	0.00332	0.04707	0	0	0	Health
SRR341709	7.81649	0.03294	0	0.01361	0	0.12954	0.9271	0.1726	0.01845	0	1.97133	0.00485	0.10651	0	0	8.12603	0.30756	0.25345	0.06601	0	0.00422	0.13078	0	0	0	0.64273	0.01629	0.10369	0.27557	0	0.37933	0.07047	0.07559	0.00915	0.29119	0	0.05867	0.29833	0.00553	0	0	0	0.78362	0.83695	0	0	0.10321	0.46876	0.02787	0	0	0	0	0	0.00857	0	0	0	0	0.79402	0.03552	0.04686	0.73408	0	0	0.01485	0	0	0.00583	0.20033	0	0	0	0	0.01279	0	5.2711	0	3.22251	0.0028	1.22355	0	0	0.15867	0	0	0	0	0	0.13536	0	0.28013	0.94952	0.21834	1.6512	0.09822	0.06247	0	0.54807	0.06252	0	0.61945	0	1.25171	0.31373	0.67289	1.07657	0.27535	0	0.38975	0.02699	0.09836	0.75696	0	0.28838	0.0943	0.89267	0	0.73342	0.27734	0.92549	0	0.15493	1.23129	0	0	0	0	0.05159	0	0	1.17154	0	0.03856	0.69207	0	0.12734	0	0.02164	0.26007	0.28579	0	0.06192	0	0.0663	0	0	0	0	0	0	0.10596	0.01705	0.03377	0	0	0.022	0.13023	0.06208	0	0.02832	0	0	0.04225	0.09212	0.16066	0.00357	0	0.02329	0	0.05157	0	0	0.03554	0	0.04681	0	0	0.14601	0.38351	0	0	0.10065	0.13869	0.06503	0.00251	0.26606	0.38898	0.00392	0	0.23944	0	0.08688	0.01393	0	0	0.27225	0.01503	0.00829	0	0	0.12453	0.01914	0	0	0.20738	0	0.02868	0.07575	0.1656	0.00744	0.02461	0.08054	0	3.85162	0	0.01859	0	0.84512	0	0	0.14935	0.01926	0.34208	0	0	0	0	0	2.19629	0.01033	0	0.00841	0.03838	1.32119	0.0108	0	0.02335	0	0	0	0	0.02901	0	0.97554	0	0	0	0	0	0.00523	0	0	0	0	0	0	0.4084	0	0.00623	0	0	0.21301	0	0	0	0.08213	0	0	0	0.01277	0.11562	0	0	0	0	0.01593	0	0	0	0.00205	0.00502	0.13255	0.06557	0	0	0	0.02656	0.01585	0	0.00487	0	0	0	0	0	0.01258	0.01809	0.01893	0.15626	0.00567	0.0227	0	0.07066	0.00074	0.01452	0	0.00037	0	0.00157	0.00024	0	0	0.87831	0	0	0	0	0	0	0	0.03428	0.002	0	0.05646	0	0.00216	0.00291	0	0.00111	0	0	0	0.00994	0	0	0	0.00014	0.01109	0.00088	0	0	0	0.04346	0	0	0	0	0	0.45997	0	0	0	0	0.01235	0	0	0	0.08871	0	0.00111	0	0	0.0008	0	0	0.00208	0	0	0	0	0	0	0	0	0	0	0	0	0	0	0	0	0	0	0	0.02839	0	0	0	0	0	0	0	0	0	0	0.00015	0.06093	0	0	0	0	0	0.00851	0	0.0497	0	0	0	0	0.0177	0	0.00902	0	0	0.07237	0	0	0	Health
SRR341705	0.75319	0.0076	0	0.02115	0	0.05989	4.68859	0.24872	0.00208	0.01719	0.15052	0.70422	0	0.02076	0	9.07554	0.24056	0.21243	0.07241	0.14189	0.09328	0.17025	0	0.22914	0	0.04421	0.01485	0.05815	0.27617	0.03372	0.18578	0.08755	0.05281	0.01482	0	0.00567	0.0465	0.49937	0	0	0.00582	0.00195	0.27655	0.88368	0	0	0.00318	0.21369	0	0	0	0.00305	0	0	0.0072	0	0.00278	0	0	0.1388	0	0	1.48091	0	0	0.00062	0.00197	0	0	0.12512	0	0	0	0	1.82462	0	1.42459	0	0.6406	0	1.54382	0	0	0	0.12358	0	0	0.52447	0	0	0	0.07092	0	0.10698	0.5774	0.07409	0	0	0	0.11771	0	0.2745	0.91005	0.025	0.05305	0	0	0	0	0	0.00691	0.16884	0.09196	0	0.21776	0.12824	0.02876	0	0	0.0268	0	0	0	0.75499	0.99445	0.01411	0.00961	0	0	0	0.67679	0.33514	0.09812	0.14244	0.13897	0	0	0	0.07347	0.11398	0.146	0	0.03041	0	0.01272	0.38625	0.0506	0	0	0.75483	0	0.05728	0.02736	0.00814	0	0.08116	0.01197	0.00974	0.03196	0	0.02953	0.09636	0	0	0.1507	0	0.00593	0.01974	0.10325	0	0.01766	0	0.00246	0.05878	0	0.01018	12.0611	0	0	0.02067	0.03477	0	0.02867	0.03244	0.25077	0	0.04869	0.34618	0	0	0.22745	0	0.21935	0.15022	0	0.01232	0.02112	0	0	0	0	0.05628	0	0	0	0	0.02891	0.01022	0.00993	0	0.01067	0	0	0	0.0013	0.02345	0.10841	0	0	1.50133	0	0.11154	0	0	0	0	0.10643	0.08012	0	0	0	0.2806	0.02047	0	2.14108	0.08143	0	0.00437	0	0.0045	0.3903	0	0.01933	0	2.08095	0	0	0.00672	0	0.07417	0	0.00523	0	0	0	0	0	0.05243	0.04877	0	0	4.66935	0	0.69436	3.85069	0	0.01603	0	0.01218	0.0501	0.03284	0.02827	0	0	0	0	0	0.00135	0	0.02701	0	0	0.02337	0.01184	0	0	0.00713	0.00781	0.00206	0	0.05782	5.7721	0	0	0.0059	0	0	0.00374	0	0.44342	0	0	0	0.03013	0.01632	0	0	0	0	0	0.02891	0.00211	0	0	0	0	0	0	1.82079	0	0	0.04881	0	0.00387	0	0.25525	0	0	0	0	0	0.00085	0	0.00638	0	0.00544	0	0	0	0	0	0	0	0	0	0	0.08949	0.00404	0	0	0	0	0	0	0.00178	0	0	0	0.00781	0	0.00579	0	0	0	0	0	0	0	0	0	0.00683	0	0	0	0	0	0	0	0	0.01556	0	0.00152	0	0	0	0.01276	0	0	0	0	0	0.00566	0.01267	0	0	0	0	0	0	0	0	0.0051	0	0.01064	0	0	3.55694	0	0	0	0	0.0205	0	0.00311	0	0	0	0	0	0	Health
SRR341702	1.90518	0	0	0.00261	0.09186	0.20239	1.23065	0.10665	0.04138	0	0.23239	0.03244	0	0.22227	0	2.45212	0.49779	0.01466	0.18385	0	0	0.04928	0	0	0	0.04333	0.01779	0.00476	0.26939	0.01068	0.23242	0.11748	0.07112	0.39438	0.28316	0.02055	0.06271	0.74239	0	0	0	0	0.43057	0	0	0	0	1.13873	0	0	0	0.00439	0	0	0	0	0	0	0	1.07738	0	0	0.04842	0	0	0.00859	0.00428	0	0	0.02817	0	0	0	0	0.00535	0	0.94416	5.1611	0.65019	0.00169	0.085	0.28682	0.06918	0	0.08089	0	0.25057	0	0	0	0.06796	0.10497	0.07398	0.43829	0.53759	0.06234	0	0	0	0.01983	0.36319	0.0194	0.08682	0.00409	0.00551	0.06293	0.00412	0.26845	0.04147	0.18941	0	0.30139	0	0.62464	3.32804	0.18241	0.00585	0	0.07747	0	0.21669	0	0.02716	1.03354	0.12058	0.007	5.5246	0.00201	0.0015	0.00453	0.02706	0	0.0421	0.0465	0	0	0.0873	0.25619	0.03679	0.25809	0.07772	0.00137	0	0.01953	0	2.13327	0.37396	0	0.01504	7.94297	0	0.00327	0.20425	0.04353	0	0.06059	0	0.02003	0.00373	0	0.01852	0	0	0	0.18985	0	0	0.02235	0.00486	0	0	0.00477	0.0031	0.02826	0	0.00062	0.27962	0.01079	0.06068	0.02578	0.01272	0.01071	0.00036	0.00774	0	0	0.00863	0.07501	0	0	0.11883	0	0.04871	0	0	0.00165	0.11055	0.0014	0	0	0	0	0	0.06447	0.04158	0.02048	0.0169	0	0.00324	0.01832	0	0	0	0.00261	0.78827	0	0	0.5245	0.51365	0.66789	0	0.89481	0	0	0	0	0.0106	0	0.00045	0.24186	0	0	0	0.00334	0.03807	0	0.00394	0.00038	0	0	0.02131	0.00088	0.00505	0.01459	0.22289	0.11537	0	0.00667	0	0.01032	0	0	0.00615	0.88654	0	0.1088	0	0	0.00423	0.00291	3.1694	0	0	0	0.02719	0.00144	0.02065	0	0	0.00777	0	0.0835	0.00133	0.02508	0	0	0	0	0	0.0789	0	0	0	0.019	0	0	0.0107	0.00214	0	0.00698	0.0127	0	0	0	0	0	0	0	0	0	0.01274	0	0	0	0	0	0	0.00122	0	0	0	0	0	0	0	0	0.0509	0	0.01252	0	0	0	0	0.01394	0	0.23659	0	0.00027	0	0	0	0	0	0	0	0.00081	0	0	0	0	0	0	0	0	0	0.01069	0	0	0	1.21058	0.31142	0	0.00043	0.0036	0	0.00626	0	0	0	0	0	0	0	0.00097	0	0	0	0	0	0	0	0	0	0	0	0	0	0	0	0	0	0	0	0	0	0	0	0	0.03479	0	0	0	0	0	0	0	0	0	0	0	0	0.0012	0	0	0	0	1.25393	0	0.0029	0	0	0	0.02523	0	0	0	0	0	0	0	Health
SRR341699	10.71347	0.63871	0	0	0	0.03769	3.80595	0.72569	0.00178	0.10613	0.23886	0.64507	0.14518	0	0	6.70936	0.07656	0.33253	0.09728	0.06316	0	0.28437	0.01572	0	0	0.39476	0.05843	0.18787	0.13657	0.04043	0.2302	0.0923	0.08002	0.07549	0.60298	0	0.00398	0.19392	0.0212	0	0	0.00755	0.86349	0.20523	0	0	0.00102	0.31333	0	0	0	0.02618	0.00704	0.01689	0	0	0	0	0	0.10475	0.00507	0	0.0613	0	0	0	0	0	0	0.19493	0	0.00113	0	0	0.93907	0	0	0	7.30581	1.96621	0	0.25323	2.12601	2.5668	0	0.36057	0	0.11983	0.93707	0.08475	0.09668	0.3387	0	0.29285	1.08618	0	0.07738	0	0	0.22929	0	0.06458	2.02772	0.04751	0.53644	1.42401	0.36523	0	0	0.05217	0.00326	0.16018	0.13498	0.68112	0.20908	0.47033	0	0	0.34328	0.06111	0	0	0	0.75337	0	0	0.0004	0.11226	0	0	0.01791	0	0.23469	0.10632	2.67738	0.01265	0.03155	0	0.16252	0.0689	0.27024	0	0.01712	0.01468	0	0.00251	0.01275	0.00778	0	0.00575	0.13058	0.0617	0.28696	0.0063	0	0	0.00333	0.29872	0.1383	0	0.03558	0.13799	0	0	1.20768	0	0	0	0.05364	0.01704	0.00768	0	0	0.05806	0	0.00517	0.00316	0.09684	0.03821	0.04589	0.00334	0.04429	0.01974	0.08306	0.12778	0	0	0	0	0.17382	0.00435	0	0.06058	0.05094	0	0.00596	0.16517	0	0	0	0.02727	0	0	0.0364	2.23934	0.03362	0.00401	0.01043	0.02645	0.00465	0.00788	0.02786	0	0	0.74445	0.0489	0.20916	0.74458	0	0.91015	0	0.14589	0	1.95223	0	0.00011	2.18864	0	0	0	0	0	0	0	0	0	0.07811	0.07057	0	0	1.12566	0	0.02746	1.12778	0.04753	0.31556	0.01448	0.00356	0	0	0.0107	0	0.11334	3.04041	0	0.00033	0.00876	0.02902	0	0.00171	0	0	0	0	0	0	0	0.00086	0.04763	0.01332	0.05144	0.05554	0	0.11906	0	0.0159	0	0	0	0.00584	0.0115	0.00248	0	0	0	0	0	0	0	0	0.02075	0	0	0	0	0	0	0.00418	0	0.85091	0.00285	0	0	0	0.00014	0	0	0	0	0	0.00316	0	0	0	0	0	1.05566	0	0	0	0	0.0044	0	0.00428	0	0	9.00E-05	0	0	0	0	0.01133	0	0	0	0	0	0	0	0	0	0	0.00082	0	0	0	0	0	0	0	0	0	0	0	0	0	0	0	0	0	0	0	0	0	0	0	0	0	0	0	0	0	0	0	0	0	0	0	0	0	0	0	0	0	0	0	0.04999	0	0.00106	0	0	0.00079	0	0	0	0	0	0	0	0	0	0	0	0.03486	0.00435	0	0	0	0	0	0	0	0	0	0	0	0	0	0.0552	0	Health
SRR341698	6.82714	0	0	0.00038	0	0.08499	6.91328	0.17961	0	0.15889	1.40406	0.17864	0	0.05468	0	0.91707	0.98821	0.13609	0.05036	0	0.98229	0.073	0.02399	0	0	0.98405	0.10326	0.02796	0.31713	0.02092	2.77482	0.09992	0.03496	0.20975	0.25995	0	0	3.97196	0.07884	0	0.01847	0.01855	0.59409	0	0	0.00203	0.07662	0.151	0	0.03368	0	0.02936	0.07846	0	0	0	0.00263	0.00109	0.01181	0.15294	0	0	4.07124	0	0	0.01477	0	0	0	0.2025	0	0.00426	0.00421	0	9.56874	0	0	0	2.32666	0.00098	0	0	0	0	0	0	0	0	0	0	0	0	0	0	0.42326	0.05586	0.50602	0	0	0	0	1.39548	2.33381	0	0	0	0	0	0	0	0	0	0	1	0	0.17427	0	0	0.31247	0	0	0	0	0.07911	0.16029	0	0	0.11822	0	0	0	1.91373	0.09509	0.23818	3.56985	0	0	0	0	0.46246	0.05596	0	0.01817	0	0.02906	0	0.01305	0	0	0.11451	0	0.06544	0.07333	0.009	0	0	0.01296	0.46446	0	0	0.0177	0	0	0	0	0	0	0	0	0	0	0	0	0	0	0.17724	5.77215	0	0.03118	0.12889	0	0.04012	0	0.28242	0.10073	0.02162	0	0	0	0	0	0	0.02883	0.02262	0	0	0	0	0	0	0	0.00098	0.00103	0	0	0	0	0	0	0	0.02453	0.03686	0.02168	0	0.0027	0.00318	0.00966	0	0	0	0	0	0	0	0	0	0.11752	0	0	0	0	0	0	0	1.45	0.00869	0	0	0	0	0	0.04134	0.00918	0	9.83086	0	0	0	0	0	0	0	0	0	0	0	0	0	0	0	0	0	0	0.89566	0	0	0	0	0	0	0	0	0	0	0	0	0	0.00015	0	0.05287	0.00899	0.0032	0.00584	0	0	0	0	0.02333	0	0	0.00755	0	0	0	0.09401	0.0556	0.02154	0.0379	0.0436	1.1871	0	0.03485	0.00279	0.02136	0.01119	0.0364	0	0	0	0.00135	0	0.00464	0.00447	0	0	0	0	0.00503	0	0	1.84883	0.05913	0	0.00031	0	0	0.00028	0.02112	0	0	0	0	0.07925	0.03508	0	0.00115	0	0	0	0.00121	0.00244	0.00033	0.03392	0	0	0	0	0	0	0	0	0	1.52977	0	0	0	0.01783	0	0	0.00121	0	0	0	0	0	0	0	0	0	0	0.10023	0.00075	0	0	0	0	0	0	0	0.00232	0	0.04511	0	0	0	0.00606	0	0	0.01997	0	0.03771	0	0	0	0	0	0.01261	0	0	0	0	0.00026	0	0	0	0.02439	0	0	0	0	0	0	0	0.01549	0	0	0	0.01752	0	0	Health
SRR341695	0.09366	0.30376	0	0	0	0.33652	2.93033	0.07588	0.01511	0.00043	0.49971	0.03475	0.10485	0.00274	0	0.28521	0.67502	0.07004	0.32449	0.00188	0	0.12087	0	0	0	0.22446	0	0.14013	0.1027	0.75874	0.04758	0.15602	0.30559	0.09975	0.05472	0.01713	0.10331	0.06044	1.27233	0	0.0487	0.12583	0.09229	0.0331	0	0	0	0.81349	0	0.42082	0	0.81762	0.17206	0.02415	0	0	0.04852	5.26323	0.00322	0	0.00596	0	0.01372	0	0	0	0.03578	0.04296	0	0.02691	0.00547	0	0	0.05963	0.34803	0	0.00165	0	0	0.03425	0	0.09178	0	0.0254	0.0673	0	0	0.14215	0.39037	0.01036	0	0.04333	0.02984	0.01647	0.07486	0	0	0	0	0.01243	0.00828	0	1.94694	0.05869	0.95302	0.02772	0.05411	0	0.00815	0.0107	0	0.25074	0.03105	0.29178	0.19631	0.06357	0	0.15714	0.67502	0	0.25415	0.11022	0	0.38846	0.2082	0	0	0.01313	0	0	0.11334	0.00058	0.13651	0.09979	0.00694	0.16878	0.00109	0.02899	0.14609	0.3071	0.0482	0	0	0.00276	0	0.26814	0.06229	0.00307	0	0.14624	0.01931	0.01377	0.00624	0.00188	0.0299	0	0	0.00452	0.01059	0	0.11534	0.19394	0.00487	0	1.27635	0	0	0.01182	0	0.00719	0	0.00824	0	0.17501	0	0	2.09953	0	0	0	0	0.02202	0	0.01209	0.09175	0	0	0.11595	0	0.02956	0	0.07031	0.1936	0.02318	0	0.00721	0	0	0	0.00075	0	0.17792	0	0.03386	0	0.01091	0.03407	0	0.00161	0	0.00259	0	0.05024	0.04151	0	0.1044	0.11614	0.58734	0	0.66444	0	0.30866	0.02122	0	0.0418	0	0.03249	0.01421	0	0.14358	0.10875	0	0	0.0518	0.11403	0	0.00507	0	0	0	0.02168	0	0	0	0.08004	0.01938	0	0.00052	0.05708	0	0.00742	0	0	1.01112	0	0.05528	0	0.02359	0	0	0.19955	0.03784	0	0	0.01054	0.01768	0.00014	0	0	0.07234	0.14624	0	0	0	0	0	0	0.03243	0.01102	0.05818	0	0	0	0	0	0	0.01435	0	0	0	0.00743	0	1.73206	0	0	0	0	0	0	0.56713	0.00523	0	0	0	0.01438	0	0	0	0	0	0	0.03727	0	0.24537	0	0.00977	0.76227	0	0	0	0.23149	0	0	0	0.01777	0	0	0	0	0	0	0	0	0	0	0	0.00344	0	0	0	0	0	0	0	0	0.04777	0	0	0	0.41277	0.32991	0	0	0	0	0	0	0	0	0	0	0	0	0	0.01204	0.01576	0	0	4.1645	0	0	0	0.0294	0	0	0.01598	0.00518	0	0.00034	0.00884	0	0	0.0021	0	0	0	0	0	0	0	0.01473	0.00053	0	0	0	0	0	0	0	0	0	0	0	0.21331	0	0	0.98375	0	0	0.04047	0	0	0.09421	0	0	0	0	0	0	0	Health
SRR341692	5.68856	0.28126	0	0	0.03138	0.18361	2.88718	0.10901	0	0.69492	0	0	0.01316	0.02136	0	1.74068	0.22999	0.24735	0.05077	0	0.53663	0.11826	0	0	0	0.147	0.05644	0.05442	0.32552	0.14741	0.15029	0.07253	0.08974	0.08629	0.50193	0.00705	0.04372	1.38485	0	0	0	0	0.79131	0.07996	0	0.00786	0	0.14194	0	0	0	0.17638	0	0	0	0	0	0	0	0	0	0	0.02015	0	0	0	0	0	0	0.05047	0	0	0	0	0.01698	0	0.76909	0	0	0.00239	2.23329	0.67731	0	0	0	1.2198	0	0.15774	0	0.07465	0	0.17477	0.0244	0.061	0.31364	0.00504	0.07706	0.03695	0.47827	0.10185	0.11556	0	0.09998	0.14252	0.96742	0.59521	0.11757	0.0257	0	0	0.14552	0.17317	0.01058	0.07662	0.00435	0.10827	0.00788	0	0.00937	0	0.13742	0	0	0.64075	0.00555	0	0.03365	1.33654	0	0	0.02612	0.00194	0.04046	0.05857	0.05078	0.01621	0	0.00676	0.16408	0.04691	0.01322	0.00888	0	0.00509	0	0.02114	0.08447	0.09468	0	4.36579	0	0.01083	0.03797	0	0.03561	0	0	0.07541	0.05623	0	0.01958	0.08897	0	0	0.1236	0	0	0.00588	0.06448	0.01331	0	0.05042	0	0.02168	0.0036	0	3.39221	0.05756	0	0.0164	0.00278	0	0.0047	0.03298	0.11167	0	0.02752	0	0	0.0801	0.00148	0	0.11068	0.02471	0	0.00492	0.0017	0	0	0.00794	0	0	0	0.03851	0	0.03899	0.06251	0	0.00247	0.00905	0	0	0.00498	0	2.44388	0.06004	0.10679	0	0.47736	0.19764	0	0.00377	0.16035	2.88205	0.26273	0	0	0.03128	0	0.73799	0	0.01194	0	0.01622	0	0.07735	0.03119	0.05355	0.00327	0	0.05166	0	0	0	1.02688	0.34497	0.00226	0	0	0.02793	0.00201	0.00336	0.0046	1.62875	0.00141	0.00317	0	0.00747	0	0	18.28294	0	0.33697	0	0	0	0	0	0	0.01605	0.07961	0.01194	0	0	0	0.11666	0	0	0	0.01933	0	0	0	0.00235	0	0	0.00568	0	0	0	0.03096	0	0	0	0	0	0	0	0	0.73065	0.0067	0	0	0	0.00519	0	0	0	0	0	0	0	0	0.70885	0	0	0	0	0	0	0	0	0	0	0	2.6766	0	0	0	0	0	0	0	0	0	0	0	0	0	0	0	0	0	0	0	0	0	0	0	0	0	0	0	0	0	0	0	0	0	0	0	0	0	0	0	0	0	0.00628	0	0	0	0	0	0	0	0	0	0	0	0.00249	0	0	0	0	0	0	0	0	0	0	0	0	0	0	0	0	0	0	0	0	0	0	0	0.00143	0	0	0.35428	0	0	0	0	0	0	0	0	0	0	0	0.02736	0	Health
SRR341691	8.38581	2.44104	0	0	0	0.979	9.20853	0.24274	0.00151	0	1.4352	1.35191	0	0	0	6.47112	0.50166	0.07218	0.19598	0	0	0.10596	0	0	0.04802	0.36835	0.12529	0.45085	0.16942	0	0.51095	0.33036	0.20476	0	0.25242	0.08123	0.00941	0.07357	0	0	0	0	0.25652	0.16425	0	0	0.02701	0.01111	0	0	0	0	0.00275	0.01393	0.00065	0	0	0	0	0.46949	0	0	0.26147	0	0	0	0	0	0	0	0	0.00086	0	0	0	0	2.98523	0	5.02068	7.31022	0.39864	0	0	0.13813	0	0	0	0	0	0	0.13194	0.18693	0	0	0	0.07944	0	0	0	0.04163	0	0.42037	0.68967	0	0.68098	0.34682	0	0	0	0	0	0.30864	0	0.40274	0.30384	0	0.01621	0	0	0.09477	0	0	0.39004	0	0.89146	0.03327	0	0	0	0	0.15907	0.02638	0.05692	0.03307	1.90189	0	0	0	0.58576	0.1761	0.20635	0	0.01815	0	0	0	0.09556	0	0	0.00653	0	0	0.00532	0.00929	0	0	0	0.07832	0.08763	0	0.06393	0.10377	0	0	1.23442	0	0	0	0	0.2051	0.0083	0.03804	0	0.01106	0	0.01877	0.29245	0	0	0.09573	0	0.0653	0.10418	0.23458	0.4182	0	0	0	0	0.03273	0	0	0.55863	0.12689	0	0.01572	0	0	0.00184	0	0	0.03936	0	0	0	0	0.00273	0	0.0092	0	0.01334	0	0	0.00529	6.70314	0.0316	0.02435	0	0	1.98595	0	0	0.4404	0	0	0	0.06558	0	0	0	1.88926	0	0	0.1963	0	0.01889	0.01214	0.08887	0	0	0.07783	0	0	0	2.59537	0	0	0.00072	0	0	0	0.02471	0	0	0	0	0	0.00168	0	0.01002	0	0	0	1.97149	0	0	0.00825	0	0	0.02318	0	0.10223	0	0	0	0	0	0	0	0	0	0.00093	0	0.01658	0	0	0	0.00221	0.00919	0	0.00349	0	0	0	0	0.00436	0	0.02031	0	0	0	0	0	0	0	0	0	0	0	0	0.00541	0	0	0	0	0	0	0	0	0	0	0.00047	0	0	0	0	0.00563	0	0	0.00392	0	0	0	0	0	0	0	0.00069	0	0	0	0	0.00059	0	0	0	0	0.00068	0	0.0603	0	0.00288	0	0	0	0	0	0	0	0	0	0.01557	0	0	0	0	0	0	0	0	0	0	0	0	0	0	0	0	0	0	0	0	0	0	0	0.00066	0.04187	0	0	0	0	0	0	0	0	0	0	0	0	0	0	0	0	0	0	0	0	0	0	0	0	0	0	0	0	0	0.00895	0	0	0	Health
SRR341688	7.22129	0	0	0	0.03742	0	0.71379	0.53016	0.01308	0	0.60979	1.24156	0	0	0	2.64288	0	0	0	0	1.83201	0.02523	0	0	0	0.34498	0.22142	0	0	0	0.89291	0	0.52823	0	0.00873	0.06137	0.09229	0.00768	0.57841	0	0.13539	0.02154	0.40401	0	0.00013	0	1.79035	0.8889	0	0.76746	0	0.00371	0.39568	0	0	0.00501	0.62899	0	0	0.05233	0	0	0.03566	0	0	0.00683	0	0.01412	0	0.21838	0	0.00084	0	0	0	0	0	0	3.95185	0.03806	0	0	0.00418	0	0	0	0.40259	0	0	0.17506	0.03783	0.27084	0	0	0.05388	0	0	0	0	1.56996	0	0.03299	0	0	0	0.0074	0	0	0.01127	0	0.03465	0	0	0	0	0.04792	0	0	0	0	0.00821	0	0.02731	0.12423	0	0	0	0	0	0	0	0.02157	0	0.00978	0	0	0.00125	0	0	0.03645	1.37051	0	0.10269	0	0	0	0	0	0	0	0	0.09652	0	0	0	0.28188	0.00447	0.04669	0	0	0	0	0	0	2.46947	0	0.0343	0	0	0	0.00807	0	0	0	0	0.24712	0	0	0.0016	0.04979	0	0	0.25564	0	0	0.00046	1.2126	0	0	0.10606	0	0	0	0	0	0	0	0.00913	0	0.02598	0	0	0	0	0	0	0	0.00968	0	0	0	0.00939	0	0	4.59142	0	0	0	0	1.91506	4.5412	0	0	0	0	0	0.03927	0	0	0	0.05298	0	0	0	0	0	0	0	0	0	0	0	0	0	0	0	0	0.0025	0	0.0227	0	0	0	0	0	0.04713	0	0.04128	0	0.00056	0	0	0	0	0	0	0.02994	0	0	0	0	0	0.03381	0.0064	0	0	0	0	0	0	0.00038	0	0	0.04915	0	0	0	0.10603	0.00628	0.14027	0	22.14829	0	0	0.007	0	0.08729	0.11649	0	0	0	0.55705	0	0.03451	0	0.0055	0	0	0.01914	0	0	0.0018	0	0	0	0.078	0	0	0.02737	0	0.44246	0.0393	0	0.00998	0	0	0.00018	0	0.00545	0.00082	0.00636	0	0	0.00419	0	0.00176	0	5.00E-05	0	0	0	0.00078	0	0	0	0	0	0	0	0	0	0	0.00332	0.00045	0	0	0.02642	0	0	0	0	0	0	0.00377	0	0	0	0	0	0.06559	0	0	0.08082	0	0	0	0	0	0	0	0	0.21741	0	0	0	0	0	0	0	0	0.57178	0	0	0	0.00279	0	0	0	0	0	0	0	0.00094	0	0.00112	0	0	0.06773	0	0	0.06795	0	0	0	0	0	0.08522	0	0	0	Type2
SRR341687	6.91986	0.00325	0	0.01828	0	0.04089	2.33828	0.28035	0.00334	0	1.07776	0.66797	0.08288	0.00401	0	13.45327	0.19612	0.06872	0.01825	0	0.5947	0.16648	0	0	0	0	0.00398	0.02106	0.48756	0	0.21232	0.03028	0.04131	0.17534	0	0.00149	0.01351	0.00679	0	0	0	0	1.64044	0	0	0	0.01125	0.20693	0	0	0	0	0	0	0	0	0	0	0	0.23672	0	0.0072	0.42107	0	0	0	0	0	0.00374	0.02308	0	0.00051	0	0	0.00045	0	0.66773	0	0	0.00444	0.05786	0	0.45492	0.07148	0.02509	0	0.18201	0.19035	0	0.24872	0.03032	0.18786	0.14376	0.59314	1.17942	0.19204	9.00961	0.01058	0.71465	0.96164	0	0.07235	0.51449	0	1.26698	0.27803	1.64602	0	0.1483	0.16782	0.67658	0.04579	0.80147	0.79694	0.2281	0.66828	0	0.0126	0	0.06681	0.12882	0	0.41436	0.03421	0	0.02389	0.00395	0	0	0	1.06069	0	0.03567	0.12694	0.16017	0.03303	0.11458	0.07492	0.02785	0.05143	0.18731	0.00487	0.05559	0.02035	0	0.36254	0.28021	0.04781	0	0.18471	0	0.01614	0	0	0	0	0.0409	0.11833	0.02086	0	0.03106	0.02199	0	0	0.09283	0.00263	0.00247	0.07881	0.42988	0	0.00862	0	0	0.01276	0	0.04899	0.15606	0.04021	0.0303	0.03567	0	0.04764	0.02041	0.1115	0.60088	0.07066	0.05771	0	0.00577	0	0.00081	0	0.1908	0	0	0	0.29073	0.0575	0	0	0	0.00928	0.72131	0.14644	0	0.20392	0.00417	0.00055	0.00794	0.01263	0.00362	0.0053	0	0.00253	4.31047	0.01827	0.03852	0	0	0	0	2.93915	0	0.44322	0.19567	0	0.04246	0.00696	0.01778	0	1.77748	0	0	0	0	0	0.00631	0.11753	0	0.03144	0.47362	0.01342	0.02953	0	0	0	0	0.00554	0.05672	0	0	0	0	0.07486	0	0	0	0.01112	0	0.00059	4.58792	0	0.29997	1.00382	0	0	0.0003	0	0	0.01132	0.01525	0	0	0	0	0.74686	0	0	0	0.00863	0	0	0	0.00646	0	0	0.00463	0.00521	0.00805	0	0.01804	0	0	0	0	0	0	0.00413	0	0.01112	0	0	0	0.0057	0	0	0	0	0	0	0	0	0	0	0	0	0.1114	0	0	0	0	0.06986	0	0.001	0.1161	0	0	0	0	0.00021	0	0.01559	0.08537	0	0	0.0006	0	0	0.00277	0	0	0	0	0	0.15268	0	0	0	0	0	0	0	0.01277	0	0	0	0.02392	0.00195	0.00948	0	0	0	0	0	0	0	0	0	0	0	0	0	0	0	0	0	0	0	0	0	0	0	0	0	0	0.00091	0.0332	0	0	0.0681	0	0	0	0	0	0	0	0	0	0	0	0	0	0	0.00032	0	0	0.00376	0	0	0	0.12362	0	0.02184	0.00063	0	0	0	0	0	Type2
SRR341685	16.85179	2.4604	0	0.79649	0	0.02679	0.7057	0.86691	0	0	3.88195	0.00065	0.11752	0.05251	0	1.76007	0.04538	0.00382	0.09477	0	8.53448	0.09665	0	0	0	1.9469	1.37893	0.00248	0	0.03428	6.18049	0.15097	0.02362	0.08466	0	0	0	0.30389	0	0.03022	0	0	0.70645	0	0	0	0.09968	0.32667	0	0	0	0	0	0	0	0	0	0.00984	0	0.27091	0	0	0.02653	0.00221	0	0.00494	0	0	0	0.84835	0	0.00317	0	0	3.22116	0	0	0	0	0.007	0	0.01879	0	0	0	0	0	0	0.02181	0	0	0	0	0	0.03728	0.04725	0.21387	0	0	0.22592	0	0	1.21934	0.02776	0.08813	0	0	0	0	0	0	0.09353	0	0	0.00883	0.0633	0	0	0	0	0	0	0	0.25871	0.00089	0	0	1.51762	0	0	0	0.47526	0.04185	0.05088	0.01374	0.01374	0	0.01022	0	0.06019	0.01503	0	0.01593	0	0.00565	0.17169	0	0.11208	0	0	0	0	0.15238	0	0	0	0.16366	0.16997	0.0007	0	0	0	0	0	0.68526	0	0.00879	0	0	0	0.00308	0	0	0.05593	0	0.14675	0	0	0.04069	0.04818	0	0	0.01064	0.11731	1.37135	0.00019	0	0.101	0	0.02598	0	0	0.01711	0	0	0	0	0	0	0	0	0.05396	0.05797	0.07448	0	0	0.0158	0.0244	0	0	0	0.16643	0.00142	0	7.11933	0.00621	0.01601	0	0	0.33995	4.06037	0.05057	0	0	0	0	0.33187	0	0	0	0	0	0	0	0.00453	0	0	0.00128	0	0	0	0	0.02081	0	0.01538	0	0	0	0	0	0	0	0	0.01348	0	0	0	0	0	0	0	0	0	0	2.87233	0	0.01471	0	0	0	0.36569	0	0	0	0	0	0	0	0	0	0	0	0	0	0	0	0	0.00693	0	0	0.06974	4.51734	0	0.53398	0.0129	0.05567	0.01565	0.02163	0	1.53255	0	0.03693	0	0.07417	0	0	0.01251	0	0	0	0	0	0	0	0	0	0	4.84611	0.00035	0	0	0.00494	0	0	0	0	0.00266	0	0	0.00154	0	0.37929	0	0.01044	0.00036	0	1.8425	0.00039	0	0	0	0	0	0.00212	0	0	0	0.23676	0	0	0	0	0	0	0	0	0.01582	0	0	0	0	0	0	0	0	0	0	0	0	0	0	0	0	0	0	0	0	0	0	0	0.00531	0	0	0	0	0	0	0.00387	0	0.00925	0	0	0	0	0.00032	0	0	0	0.00204	0	0	0	0.00968	0	0	0	0	0	0	0	0	0	0	0	0	0	0.00111	0	0	0	Type2
SRR341684	0.0575	5.23256	0	0.03607	0	0.00456	4.13497	0.33676	0	0	1.70632	0.37223	0	0.07436	0	8.3453	0.4985	0.16064	0.1195	0.05062	0.00665	0.14358	0	0	0	0	0.13466	0	0.15744	0.05761	0.3872	0.15314	0.15939	0.07363	0	0	0	4.15346	0.00518	0	0	0.12817	0.38431	0.18209	0	0	0.07075	0.2007	0	0	0	0.18774	0	0	0.038	0	0.04833	0	0	0.06159	0	0.00019	0	0	0	0	0.01798	0	0	0	0	0.00239	0	0	15.07984	0	0	0	12.86579	0.00159	0	0	0	0	0	0	0	0.07964	0	0	0	0.10733	0.01034	0	0.70164	0	0.06364	0	0	0	0.07912	0.06232	0	0	1.26538	0	0.10087	0	0	0.0165	0	0.15379	0.05707	0	0.57164	0.132	0	0	0.31532	0	0.89128	0	0	0	0	0	0	0	0.01821	0	0	0.00016	0	0	0.29749	0	0	0	0	0.29283	0	0	0	0	0	0	0	0	0	0.0219	0	0.03023	0.00479	0	0	0	0.00828	0	0	0	0	0.01759	0	0	0.26066	0	0	0	0	0	0.00055	0	0	0	0	0.07528	0	0	0	0.04028	0.00318	0	0	0	0.32197	0	0	0	0	0	0.00834	0	0	0.20536	0	0	0.01315	0	0	0	0	0	0	0	0.33239	0	0	0.01338	0	0	0	0	0	0	4.43354	0	0	0	0	0.39718	0	0.01933	0	0	0	0	0.27672	0	0	0.01585	0	0	0	0	0.26646	0	0	0	0	0	0.08852	0	0	0	0.07722	0	0	0	0	0.0731	0	0	0	0	0	0	0	0.02939	0	0	0	0	14.86135	0	0	0	0.01355	0	0	0	0.04565	0	0.0187	0	0	0	0	0.01238	0	0	0	0.00421	0.13941	0.01738	0	0	0	0	0.01573	0	0	0	0	0.14545	0.22513	0	0	0.02399	0.00148	0	0	0	0	0.00546	0.19753	0.0026	0	0	0	0	0	0	0.00371	0	0	0	0	0	0	0	0	0	0	0	0	0.004	0	0	0	0.00014	0	0	0	0.10105	0	0	2.1445	0	0	0	0	0	0.00299	0	0	0	0	0	0	0	0	0	0	0	0	0	0	0	0	0	0	0	0	0	0	0	0	0	0	0	0	0	0	0.00638	0	0	0	0	0	0	0	0.07817	0	0	0	0	0	0	0	0	0	0	0.52828	0	0	0	0	0	0	0	0	0	0	0	0.00041	0	0	0	0.01479	0	0	0	0	0	0	0	0	0.00804	0	0	Type2
SRR341681	0.14077	0.42455	0.15625	0.48046	0	0.03103	0	0	0	0	0	1.16119	0	0	0	7.1423	0	0	0.0193	0	8.34723	0	0.17691	0	0.02212	0	0.86426	0	0	0.05245	7.567	0	0	0.14181	0	0	0	2.96392	0.0122	0.05649	0	0	2.08398	0	0	0	1.30605	1.01524	0	0	0	0	0	0	0.14923	0.01584	1.07824	0.0006	0	0	0	0.14105	0	0	0.17758	0.03422	0.00018	0	0.02018	0	0	0.00216	0	0	21.58696	0	0.26814	0	0	0.00683	0	0	0	0	0	0	0	0	0	0	0	0.29255	0	0	0	0	0	0	0	0	0	0	0	0	0	0	0	0	0	0	0	0	0	0	0	0	0	0	0	0	0	0	0	0	0	0	0	0.55758	0	0	0	0.00259	0	0	0	0	0	0	0	0.07366	0	0	0.05068	0	0	0	0	0	0	0	0	0	0.0732	0	0	0.08629	0	0	0	0	0	0	0	0	0	0	0	0	0	0	0	0	0	0.06042	0	0.18633	0	0	0	0	0	0	0	0	0.62719	0	0	0	0	0	0	0	0	0	0	0	0	0	0	0	0	0	0	0	0	0	0	0.01074	0	0	0	0	0	0	16.03874	0	0.07967	0	0	0	0	0	0	0	0	0	0.09819	0	0	0	0	0	0	0	0	0	0	0	0	0	0	0	0	0	0	0	0	0	0	0	0	0	0	0	0	0	0	0	0	0	0	0	0	0	0	0	0.01449	0	0	0	0.79102	0	0	0	0	0	0	0	0	0	0	0	0	0	0	0	0	0.02001	0.00892	0	0.01114	0	0	0	0.15945	0.03257	0	0.06382	0.10105	0	0	0	0	0.16093	0	0	0	0	0.00362	0	0	0	0	0	0.01742	0	0	0	0	0	0	0	0	0	0	0	0.00154	0	0.00735	0.00234	0	2.28341	0	0	0	0	0	0.00069	0	0	0	0	0	0	0	0	0	0	0	0	0	0	0	0	0	0	0	0	0	0	0	0	0	0.0236	0	0	0	0	0	0	0	0	0	0	0	0	0	0	0	0	0.00373	0	0	0	0.05224	0	0	0	0	0	0.0551	0	0	0	0.08765	0.00535	0	0	0	0	0	0	0	0	0	0	0	0	0	0	0	0	0	0	0	0	0	0	0	0	Type2
SRR341679	7.78095	0	0.0753	0.12174	0	0.32165	2.31395	0.24334	0.00213	0.03399	5.52615	0.8659	0	0	0	5.23691	0.35467	0	0.44531	0.01286	0.32693	0.08508	0	0	0	1.72919	0.78386	0.04455	0.02012	0.03278	3.7382	0.13778	0.21565	0.09121	1.53343	0	0.00986	0.38218	0	0	0	0	0.86536	0.47182	0	0	0.09453	0.3164	0	0	0	0	0	0	0	0	0	8.40564	0	0.16798	0	0.01594	0.93121	0	0.0257	0.00186	0.00801	0	0	0.35067	0	0.0012	0.00428	0	0.02542	0	4.37755	0	0	0	0	0	0	0	0	0	0	0.00017	0.59715	0.23221	0.40087	1.49106	0	0	1.28211	0.12697	0	0	0	0.34296	0	0	0.16459	1.71636	0.10804	0	0.26077	0	0	0	0	0	0	0.20718	0	0	0	0	0.45011	0	0	0	0.35398	0	0	0.21493	0	0	0	0	0	0.37406	0.0025	0.01594	0	0	0	0	0.00437	0.19661	0.02453	0	0.14483	0	0.06771	0	0	0	0	0.21257	0	0	0.0637	0	0	0.20178	1.09393	0.04472	0.02034	0	0.06914	0	0	0.03609	0.00277	0	0.1513	0	0.47479	0	0	0	0	0.10227	0	0.58333	0	0	0.01978	0.90868	0	0	0	0.12643	0.20139	0.0019	0	0	0.01725	0	0	0	0.06111	0	0.00116	0	0.84383	0.08489	0.12676	0	0	0	0.10811	0	0	0	0	0.04839	0	0	0	0.03576	0.03313	0	0.741	0	0	0	0	0.72337	0	0.03759	0	0	0	0	1.99071	0	0	0	0.7221	0	0	0	0	0	0	0.47724	0	0	0	0	0.04981	0	0	1.01745	0	0.00299	0	0	0.07091	0	0	0	0	0	0	0.01619	0	0.00681	0	0	0	0	3.43789	0	0.00124	0	0	0	0.03196	0	0	0.15741	0	0	0	0	0	0	0	0	0	0	0	0.00684	0	0.05057	0.04751	0.06666	0	0	0	0.0542	0.23901	0.01583	0	0.09813	0	0.0031	0	0.00141	0.00233	0.00555	0.02074	0.02266	0	0	0	0	0	0	0.00872	0	0.00508	0	0	0	0.00153	0	0	0.03074	0.03819	0	0	0	0	0.00478	0	0	0	0	0.03196	0	0	0	0	0	0	0	0	0	0	0	0.57885	0	0.08045	0	0	0	0	0	0	0	0.00858	0	0	0	0.02383	0.00198	0	0	0	0.00219	0	0	0	0	0	0	0	0	0	0	0.00165	0	0	0	0	0.00215	0.0014	0	0	0.01458	0	0.00808	0	0.00385	0	0.07297	0	0	0	0	0	0	0	0	0	0	0	0.00086	0	0	0	0	0	0	0.02052	0.00996	0	0	0	0.02471	0	0	0.06646	0	0	0	Type2
SRR341677	35.93042	0	0	0.89354	0	0	0	0	0	0	0.44336	2.77006	0	0	0	6.541	0.07373	0	0	0	13.40048	0.05847	0	0	0	0.00671	1.4566	0	0	0	2.29683	0	0.53145	0	0.00229	0	0	9.05623	0	0.00788	0	0	0.04241	0	0	0.002	0.77437	0	0.90687	0	0	0	0	0	0	0.14557	0	0	0	0	0	0.09455	0	0	0.09758	0.03023	0	0.00455	0	1.11097	0	0.00069	0	0	0.02379	0	0.00061	0	0.01252	0	0	0	0	0	0	0	0	0	0	0	0.04915	0	0	0	0	0	0	0	0	0	0	0	0	0	0	0	0	0	0	0	0	0	0	0	0	0	0	0	0	0	0	0	0	0	0	0	0	0	0	0	0	0	0	0	0	0	0	0	0	0.00402	0	0	0.00714	0	0	0	0	0	0	0	0	0	0	0	0	0	0	0	0	0	0	0	0	0	0	0	0	0	0	0	0	0	0	0	0	0.03457	0	0	0	0	0	0	0	0	0.60145	0	0	0	0	0	0	0	0	0	0	0	0	0	0	0	0	0	0	0	0	0	0	0	0	0	0	0	0	0	0.02714	0	0.1589	0	0	0	0	0	0	0	0	0	0	0	0	0	0	0	0	0	0	0	0	0	0	0	0	0	0	0	0	0	0	0	0	0	0	0	0	0	0	0	0	0	0	0	0	0	0	0	0	0	0	0	0	0	0.46642	0	0	0	0	0	0	0	0	0	0	0	0	0	0	0	0	0	0	0	0.05075	0	0	3.19315	0	0.01735	0	0	0	0	0	0	0	0	0	0	0	0	0	0	0	0	0	0	0.06165	0	0	0.11174	0	0	0	0	0	0	0	0	0	0	0	0	0	1.11249	0.03375	0	0	0	0	0	0	0	0	0	0	0	0	0	0	0	0	0	0	0	0	0	0	0	0	0	0	0	0	0	0	0	0	0	0	0	0	0	0	0	0	0	0	0	0	3.02095	0	0	0.0035	0	0	0	0	0	0	0	0	0	0	0	0	0	0.01415	0	0	0	0	0	0	0	0	0	0	0	0	0	0	0	0	0	0	0	0	0	0	0	0	0	Type2
SRR341676	5.83477	3.25957	0.01	0.05556	0.13156	0.44551	3.05236	0.66152	0	0	2.9443	0.17376	0.01574	0.49223	0.22106	6.11366	0.7091	0.07467	0	0.00046	3.78396	0.13835	0.10523	0	0.00566	3.29706	1.84723	0.11762	0.21895	0.27661	2.81207	0.15791	0	0.18856	3.32903	0	0	0.07205	0	0.00913	0	0	0.14431	0	0	0	0.01638	0.38764	0	0	0	0	0	0	0	0.17013	0.03454	0	0.01093	0.18205	0	0.01183	0	0	0	0.00066	0	0	0	0.11151	0	0	0	0.00543	0.01253	0	1.00633	0	3.00398	0.00394	0.07349	0	0	0	0	0	0.07979	0	0	0.04135	0	0.09824	0	0	0	0	0	0	0	0	0	0	0.0336	0	0.00118	0	0.02312	0	0	0	0	0.43104	0	0	0.5421	0	0.00113	0	0	0	0	0	0	1.06065	0.4792	0	0	0.00153	0.05095	0	0	0.00077	0.02329	0.03008	0.36834	0	0	0	0.06202	0.47473	0.10148	0	0.13093	0	0	0.63352	0.43152	0	0	0	0	0.12996	0.00618	0.00326	0	0	0	0.01718	0	0	0.00497	0.47807	0	0	0	0	0	0	0.03669	0.01155	0	0	0	0.07303	0	0.34899	0	0	0	0	0	0.01159	0.17296	0.43857	0.1656	0.00639	0	0.00541	0	0.01216	0	0	0.29785	0.03041	0	0.00924	0.01205	0	0	0	0	0.04228	0	0	0	0	0	0	0	0	0	0	0.00753	0.00645	12.33624	0	0.16252	0	0	0	0	0	0	0.48309	0.34883	0	0.37109	0	0	0	0	0	0	0	1.0493	0.00711	0.00311	0.38604	0	0	0.10641	0	0.03053	0	0.61801	0.80597	0	0	0	0	0.01954	0	0	0	0	0	0	0	0	0.02385	0	0	0.62444	0	0	0	0	0	0	0.0307	0.79611	0.07616	0	0	0	0	0	0	0	0.50998	0	0.02527	0	0	0	0	0	0.02531	0	0	0.00913	0	0	0.13129	0	0	0	0	0	0.05357	0	0.01048	0	0	0.03294	0.00319	0	0	0	0	0	0.2548	0	0	0	0	0	0.00551	0	0	0	0	0	0.02159	0	0.12327	0.00077	0	0	0.00058	0	0	0	0	0	0	0	0	0	0	0	0	0	0	1.6116	0	0	0	0	0	0	0	0.09724	0	0	0	0	0	0	0	0	0.0067	0	0.3196	0	0	0	0	0.02092	0.0425	0	0.08789	0	0	0.01563	0	0	0	0	0	0.00388	0	0	0	0.00243	0	0	0	0	0	0.07683	0	0	0	0.00015	0	0	0.01393	0.05226	0	0	0	0	0	0	0	0	0	0	1.4084	0	0	0	0	0	0	0	0	0	0	Type2
SRR341672	0.20732	0	0	8.22405	0	0	0	0	0	0	0.03791	0.00224	0	0	0	0.0124	0	0	0	0	0.08571	0	0	0	0	0.00416	38.91143	0	0	0	0.02548	0	0	0	0	0	0	0.02549	0	0.26584	0	0	0.03769	0	0	0	8.7955	0	0	0	0	0	0.01172	0	0	0.33307	0	0.009	0	0	0	0	0	0	0	0.0144	0	0.02217	0	0	0	0	0	0.01684	0	0.00516	0	0	0	0	0	0	0	0	0	0	0	0	0	0	0	0	0	0	0	0	0	0	0	0	0	0	0	0	0	0	0	0	0	0	0	0	0	0	0	0	0	0	0	0	0	0	0	0	0	0	0	0	0	0	0	0	0	0	0	0	0	0	0	0	0	0	0	0	0	0	0	0	0	0	0	0	0	0	0	0	0	0	0	0	0	0	0	0	0	0	0	0	0	0	0	0	0	0	0	0.01381	0	0	0	0	0	0	0	0	0	0	0	0	0	0	0	0	0	0	0	0	0	0	0	0	0	0	0	0	0	0	0	0	0	0	0	0	0	0	0	0	0	0	0	0	0	0	0	0	0	0	0	0	0	0	0	0	0	0	0	0	0	0	0	0	0	0	0	0	0	0	0	0	0	0	0	0	0	0	0	0	0	0	0	0	0.00245	0	0	0	0	0	0	0	0	0	0	0	0	0	0	0	0	0	0	0	0	0	0	0	0	0	0	0	0	0	0	0	0	0	0	0.13218	0	0	0	0	0	5.33481	0	2.04982	0.01342	0	0	0	0	0	0	0	0	0	0	0	0	0	0	0	0	0	0	0	0	0	0	0	0	0	0	6.6167	0	0	0	0	0	0	0	0	0	0	0	0	0	0	0	0	0	0	0	0	0	0	0	0	0	0	0	0	0	0	0	0	0	0	0	0	0	0	0	0	0	0	0	0	0	0	0	0	0.13219	0	0	0	0	0	0	0	0	0	0	0	0	0	0	0	0	0	0	0	0	0	0.00525	0	0	0	0	0	0	0	0	0	0	0	0	0	0	0	0	0	Type2
SRR341668	0.04665	0.72883	0	0.09404	0.49036	0	3.48182	0	0	0	4.19666	3.40016	0	0	0	3.68173	0.54806	0	0	0	6.27288	0	0	0	0	4.49202	0.71174	0	0.07523	0.01245	6.60899	0	0	0	1.4982	0	0	6.52792	0.19549	0.1626	0	0	4.65603	0	0	0.01133	0	0	0	0	0	0	0	0	0	0.12823	0.00019	0	0	0	0	0	0	0	0.01758	0	0	0	0	0	0	0.00117	0	0	16.46723	0	0	0	0	0.00392	0	0	0	0.00061	0	0	0	0	0	0	0	0	0	0	0	0	0	0	0	0	0	0	0	0	0	0	0	0	0	0	0	0	0	0	0	0	0	0	0.00957	0	0	0	0	0	0	0	0	0	0	0	0	0.00201	0	0	0	0	0	0	0	0.07535	0	0	0.00211	0	0	0	0	0	0	0	0	0	0.08289	0	0	0	0	0	0	0	0	0	0	0	5.42979	0	0	0	0	0	0	0	0	0	0	0.78751	0.00163	0	0	0	0	0	0	0	0	0	0	0	0	0	0	0	0	0.20761	0	0	0	0	0.16464	0	0	0	0	0	0	0	0	0	0	0	0	0	0	0	9.6693	0	0	0	0	0.65243	0	0	0	0.01865	0	4.47619	0	0	0	0	0	0	0	0	0	0	0	0	0	0	0	0	0	0	2.7533	0	0	0	0	0	0	0	0	0	0	0	0	0	0	0	0	0	0	0	0	0	0	0	0	0	0.35249	0	0	0	0	0	0	0.00185	0	0	0	0	0	0	0	0	0	0	0	0	0	0	0	0	0.10634	0	0	0	0	0.02753	0	0	0	0	0.0583	0	0	0	0	0	0	0	0	0	0	0	0	0	0.00122	0	0.46113	0	0	0	0	0.00055	0.00074	0	0	0.00031	0	0	0	0	0	0	0	8.00E-05	0	0	0	0	0	0	0	0	0	0	0	0	0	0	0	0	0	0	0	0	0	0	0	0	0	0.0519	0	0	0	0	0	0	0	0.00124	0	0	0	0	0	0.27093	0	0.0199	0.00021	0	0	0	0	0	0	0	0	0	0	0	0	0.0977	0	0	0	0.01677	0.00382	0	0	0	0	0	0	0	0	0	0	0.02512	0	0	0	0	0	0	0	0	0	0	Type2
SRR341665	4.62162	0	0	0.03961	0.04803	0.01794	4.42266	0.23377	0	0	0.1906	0.00493	0	0.00193	0	9.77351	0.21152	0	0.03097	0	0.0133	0.03036	0	0	0	0.42039	0.09941	0.02236	0.03387	0.04483	0.38679	0.00986	0.04952	0.06692	0.60595	0.00014	0.02224	0.13268	0.00873	0	0	0	0.26771	0.22154	0	0	0.00273	0.06285	0	0	0	0.03191	0	0	0	0	0	20.37516	0	0.36286	0.00736	0	0	0	0	0	0.01244	0	0	0.0765	0	0	0	0	0.18479	0	1.80508	0	0	0	0	0.43854	0.04732	0.00727	0	0	0	0	0	0.19735	0	0.22987	0	0	0.52287	0	0	0	0.42029	0	0.02094	0.23694	1.2101	0	1.09291	0.03139	3.87777	0	0.00135	0.02987	2.1198	0.04924	0.10176	3.45154	0.08553	0.12852	0.0891	0	0	0	0.42868	0	0.94619	0.33417	0	0	0	0	0	0	0	0	0	0.13031	0.2431	0.03255	0	0.08114	0	0.05838	0	0	0.0018	0.01142	0	0	0	0	0.10072	0.45116	0	0.00558	0.0228	0	0.14173	0	0.06992	0.16387	0	0	0	0.02035	0.00345	0	0.00806	0	0.00045	0	0.16055	0.00686	0.00141	0.00027	0	0.01586	0.01287	0.00738	0	0	0	0	0.0261	0	0.00228	0.06037	0	0	0	0	0	0.01568	0.0073	0	0.02607	0.01663	0	0	0.0678	0	0	0.01573	0.01657	0	0	0	0.00086	0.00879	0	0	0.00101	0	0	0	0	0	1.13254	0.01308	0.07756	0	0	0	1.93384	0.29345	0	0	0	0	0	0	0.02047	0	0	0	0	0	0.54166	0	0	0.01836	0	0.00842	0.09152	0	0	0	1.0158	0.30178	0	0.00036	0.00196	0	0	0	0.00036	0.1861	0.0018	0.01961	0	0	0.00057	0	2.48075	0	0	0	0	0	0	0	0	0	0	0.01026	0	0	0	0	0	0	0.00334	0	0	0	0	0.00194	0	0	0.00125	0.00046	0	0	0	0	0	0	0	0	0.00246	0.00015	0	0.21302	0.02436	0.00162	0	0	0.01713	0	0	0	0	0	0	0.00272	0	0	0	0	0	0.06708	0	0	0	0	0	0	0	0	0	0	0	0	0	0.01877	0	0	0	0	0	0	0	0	0	0	0	0	0.1514	0	0	0	0	0	0	0	0	0	0	0	0	0	0	0	0	0	0	0	0.00164	0	0	0	0.90218	0	0	0	0	0	0	0	0	0	0	0.00662	0	0	0	0	0.00546	0	0	0	0	0	0	0	0	0	0	0	0	0	0.00316	0	0	0	0	0	0	0	0.28934	0	0	0	0	0	0	0	0	0	0	0	0	0	Type2
SRR341663	1.39978	0.01254	0	0.32873	0	0.0619	0	0.23425	0.00176	0	1.49684	1.52544	0.14173	0.02085	0	12.89845	0.15524	0	0.38201	0.00489	5.80646	0.16991	0	0	0	0.00173	0.50915	0.03949	0.42685	0.17517	1.19788	0	0.02861	0.08458	0	0	0	0.8531	0	0	0	0.00433	3.74714	0.02538	0	0	0.17899	0.46051	0.04181	0	0	0.13815	0	0	0.01307	0.00665	0.00337	0	0.00585	0	0	0	0	0.8199	0.08034	0.01863	0	0	0	0.3005	0	0.00376	0	0	16.08726	0	0.00252	0	0.00797	0.01942	0.36735	0	0	0.00234	0	0	0	0	0	0	0	0	0	0	0	0	0	0	0	0.07558	0	0	0	0	1.13516	0	0	0	0	0	0	0.39778	0	3.23863	0	0	0	0	0	0	0	0	0	0	0	0	0	0	0.0016	0	0	0.00221	0.0752	0.0213	0	0	0	0	0	0.07562	0	0	0.05894	0	0	0.42327	0.12432	0	0	3.07488	0	0	0.16391	0.00619	0.00763	0.05485	0	0.17167	0	0	0.00961	0.04107	0	0	1.33069	0	0.10786	0	0.23804	0	0.10232	0	0	0.02699	0	0.14665	0	0	0	0.18633	0	0.11914	0.21933	0.00174	0	0	0	0.03426	0	0	0	0	0.46966	0	0	0	0.715	0	0	0	0	0.08426	0.03513	0	0	0	0.02049	0.05576	0	0	0	0	0.04201	0	10.84324	0	0.19074	0	0	0.47127	1.38422	0.10661	0	0.02581	0.00268	0.00409	0	0	0	0	0	0	0	0	0	0.03257	0	0.38296	0	0	0	0	0.0176	0	2.08878	0	0	0	0	0	0	0	0	0	0	0	0	0	0	0	0	0	0	0	3.22815	0	0	0	0	0.07572	0.30269	0	0.00087	0	0	0	0	0	0	0.05386	0	0	0	0.06072	0	0	0	0.04952	0.31757	0	0.53887	0	0	0.24356	0	0.06822	0	0.08324	0.04229	0	0.03846	0.07729	0	0.01878	0.02274	0.04137	0	0	0	0	0	0	0	0	0	0	0.41762	0	0	0	0	0.02906	0.01394	0	0	0	0.00124	0.01198	0.01012	0.001	0	0	0.48431	0	0	0	0	0.00012	0	0	0.00643	0	0	0	0	0	0	0	0	0.44207	0	0	0	0	0	0	0	0	0.12529	0	0	0	0	0	0	0	0	0	0	0	0	0	0	0	0	0	0	0.24801	0	0.00783	0	0	0.00237	0	0.01252	0	0	0	0	0	0	0	0	0	0	0.26747	0	0.00077	0	0	0.03721	0	0	0.02243	0	0	0	0	0	0	0	0	0	0.01	0	0	0	0.00597	0.01409	0	Type2
SRR341662	7.5697	0.25821	0	0.01115	0	0.01236	1.98469	0.37267	0	0	1.0155	0	0.06947	0	0	3.3926	0.15565	0.15486	0.07478	0	0	0.02876	0	0	0	1.77181	0.02019	0.12233	0.07285	0	1.83392	0.06558	0.01103	0.00199	0	0.05548	0.01446	1.65801	0	0	0	0	0.64116	0.06047	0	0	0.00032	0.23507	0	0	0	0	0	0.01628	0	0	0	0	0	0.52577	0	0	0.03334	0	0	0	0	0	0	0.03387	0	0.00095	0	0	1.10089	0	2.49793	0	9.92575	3.98408	0.68773	0.1658	0.38111	1.044	0.07045	0.19122	0.30805	0.00122	0	0.01293	0.58772	0.43124	0.01548	0.03507	0.46139	0.00949	0	0.04671	0	2.18433	0	0.27619	0.29162	0	0.01418	0.00495	0.21202	0.03546	0	0.01272	0	0.11558	0.08155	0	0.03376	0.19766	0	0.16785	0.50704	0	0.01473	0	0.09862	0.27039	0.01954	0	0.05694	0.00438	0.07733	0.02233	0	0.36635	0.02181	0.08863	0	0.03226	0	0	0.07055	0.01586	0.22274	0	0.03031	0.00439	0	0.04647	0.02402	0	0.03608	1.54149	0.14704	0.07119	0.23805	0.03003	0	0	0.00515	0.07666	0.01629	0	0.01332	0.06979	0.00715	0.00243	0.16162	0	0	0.04192	0	0.02021	0.00559	0.06159	0.00369	0.03458	0	0.01473	0.00256	0.07311	0.00382	0.01549	0.0365	0.00376	0.01905	0.02469	0.18721	0	0.1619	0.51221	0.01197	0.07278	0	0	0.14052	0.0038	0	0.00109	0	0	0	0	0	0.07045	0.00335	0	0.03491	0.00514	0.09294	0.00966	0.02972	0	0	0	0.01627	0	4.2095	0.07597	0.07102	0	0	0.17163	0	0.02782	0	0	0.18266	0	2.56156	0.04113	0	0.00973	0.32137	0	0	0.03294	0	0	0.01406	0.02251	0	0.00068	0.0311	0.04507	0.01918	0	0.80824	0	0.00365	0	0	0	0.02825	0	0	0.04131	0.0143	0	0	0	0.00398	0	0	0	0.26644	0	0	0.05485	0.0131	0	0	0.02069	0.04486	0	0.00707	0.06212	0	0	0	0	0	0	0	0	0	0.00054	0	0	0	0.01052	0	0	0.00183	0	0	0	0	0	0.00173	0	0	0.12768	0.01809	0	0	0	0	0	0	0	0	0	0.00667	0	0	0	0	0	0.03367	3.56659	0.61116	0	0	0	0	0	0.00116	0.24894	0.00513	0	0	0.00095	0	0.02986	0	0	0	0	0	0.00061	0	0	0	0	0.00132	0	0.25631	0	0	0	0	0	0	0	0.01058	0	0	0	0.06456	0	0	0	0	0.02692	0	0	0	0	0	0	2.86991	0	0	0	0	0	0	0	0	0	0	0	0	0	0	0	0	0.00539	0.0076	0.47256	0.00156	0	0	0	0	0	0	0	0	0	0	0	0	0	0	0.09239	0	0	0	0	0	0	0	0	0.00045	0	0	0	0	0	0	0.03032	Type2
SRR341659	11.62224	0.13631	0	0.65304	0.14504	0.51262	2.14508	0.07182	0	0.03505	0.01607	0.79328	0.18079	0.28881	0	2.82959	0.74893	0.04374	1.11564	0	1.23943	0.01697	0	0	0	1.86671	0.02465	0.23715	0.03381	0.00046	0.29131	0.30397	0.48087	0.05363	0	0.08369	0.20141	2.02335	0	0	0	0.00895	0.38038	0.00042	0	0	0.00161	0.78854	0	0.00722	0	0.0459	0	0.00315	0	0.02312	0.0137	0.00362	0	0.30987	0	0	0	0	0	0.01053	0.00961	0.0125	0	0.24533	0	0.00031	0	0	0	0.00893	0.50683	0	0	0.00207	0	0	1.30786	0	0	0	0	0	0	0	0	0.38023	0	0	0.11898	0	0	0	0	0	0	0	0.03847	0	0.07685	0	0	0	0	0	0	0.20855	0	0	0	0.02736	0	0	0	0	0	0	0	0.34341	0	0	0	0.20893	0	0	0	0.00029	0.15484	0.00152	0.08475	0.00847	0	0	0.29693	0.04947	0.63014	0	0.01082	0	0	0.02285	0.05855	0	0	0	0	0	0	0	0	0	0.06279	0	0	0	0.04921	0.11548	0.00092	0	0.17868	0	0	0.10131	0	0.03348	0	0.00486	0	0.52566	0	0.12225	0	0	0	0.00554	0.07166	0.0006	0.06107	0.01485	0.04281	0	0	0	0	0.0037	0	0.0653	0.14574	0.0496	0	0.0052	0.00837	0	0	0	0	0.04372	0	0	0	0	0	0	0.0198	0	0.00217	0	0	0.01605	4.39567	0.04624	0.20722	0	0	0.07561	0	0	0	0	0	0	0.01217	0	0	0	0	0	0	0	0	0	0.00225	0.21288	0	0	0.0218	0	0.00818	0	0.77342	0	0.0037	0.00164	0	0	0	0	0	0	0	0	0	0	0	0	22.66923	0	0	0	2.246	0	0	0	0	0.04386	0.04415	0	0	0	0	0	0	0	0.02484	0.02674	0.04546	0	0	0	0	0	0	0.01401	0	0	0.06528	0	0	0	7.8283	0	0	0.00552	0	0	0	0	0	0	0.00543	0	0	0	0	0	0	0	0.01365	0	0	0	0.06316	3.40194	0	0	0.03978	0	0	0.01935	0	0	0.00011	0	0	0.00026	0	0.08439	0	0	0	0	0.60118	0.00033	0	0	0	0	0	0	0	0.00429	0	0	0	0	0	0	0.06466	0.00639	0	0	0	0	0	0	0	0	0.02848	0	0	0	0	0	0.02099	0	0	0.00329	0	0	0	0	0	0	0	0	0	0	0	0	0	0	0	0	0	0	0	0	0	0	0	0	0	0	0	0	0.19817	0	0	0	0	0	0	0	0	0	0	0	0	0	0	0	0	0	0	0	Type2
SRR341649	8.45728	0	0	0.08675	0.0359	0.8337	2.55623	0.3861	0.00221	0.01057	0	0.0422	0.12756	0	0	2.24698	0.14773	0.18898	0.32677	0	0.24654	0.20218	0	0.09124	0.0296	0.01734	0.27857	0.21051	0.62953	0.55118	0.32906	0.21376	0.04494	0.01771	0	0	0	0.94001	0.20615	0	0.28529	0.10307	0.32728	0.04434	0	0.05223	0	0.46746	0.00634	0.19994	0	1.0151	0.04963	0	0	0	0.09128	0	0.00576	0.04024	0	0.01652	0.00054	0	0.01979	0	0	0.01772	0	0	0.00138	0.00612	0	0.01996	0.00108	0	0.03841	6.10723	2.33754	0.01023	0	0	0.00278	0.0008	0	0	0	0	0.05299	0	0	0.01608	0	0	0.02314	0	0	0	0	0	0	0	2.43569	0	0.7889	0	0	0	0	0	0	0.07349	0	0	0.04428	0	0	0	0	0	0	0	0	0.00022	0	0	0	0.0256	0.38582	0	0	0.0041	0.29038	0.08481	0.15096	0	0	0	0	0.05426	0.40655	0	0	0	0	1.05351	0.05064	0	0	0.02878	0	0	0.02117	0	0	0	0	0.00731	0.02503	0	0.19585	0	0	0	4.76771	0	0	0	0	0	0	0.14703	0	0.15138	0	0	0	0	0	0	0	0.24734	0.00986	0.56268	0.35423	0	0	0.00875	0	0.03211	0	0	0.11516	0	0	0	0	0	0	0	0	0.00712	0	0	0	0	0.0255	0	0	0	0	0	0.0004	0.00407	3.50543	0.14522	0.17	0	0	1.81613	0	0.05441	0	0.00103	2.04147	0.00064	0	0	0	0	0	0	0	0.04036	0	0	0	0	0	0	0	0	0.0026	0	0.34643	0	0	0	0.00223	0	0	0	0	0	0	0	0	0.00197	0	0	0	0	3.67103	0	2.24732	0	0.00539	0.0062	0	0.08762	0.01794	0	0	0	0.00155	0	0	0	0	0	0	0	0.0251	0	0	0	0	0	0	0	0.03633	0	0	0.01217	0.01211	0	0	0	0	1.39971	0.00599	0	0	0.0021	0	0.01288	0	0	0	0.00076	0.04641	0	0	0.86967	0	0.01143	0	0	0	0.03091	2.32625	0	0	0	0	0.16453	0.0037	0	0	0.00429	0	0.56058	0	0	0	0	1.12361	0.00085	0	0	0	0	0.00105	0.00034	0	0	0	0.00437	0	0	0	0	0	0	0	0	0	0	0	0	0	0	0	0	0	0	0	0	3.31175	0	0	0	0	0	0	0.00279	0.00192	0	0	0	0.00168	0	0.00392	0	0.00076	0	0	0	0	0	0	0	0	0	0	0	0	0.00077	0	0	0	0	0	0	0	0	0	0	0	0	0	0	0	0	0	0	0	0	0	0	Health
SRR341645	0.9903	0.39035	0	0	0	0.26805	1.67032	0.09991	0	0	0.82723	0.01963	0.02568	0.01291	0	1.17514	0.13988	0.10923	0.01474	0	0	0.04622	0	0.17937	0	0.11569	0	0.06146	0.06337	0.03324	0.11848	0.24114	0.00594	0	0.12776	0.02132	0.00202	0.09445	0.0076	0	0	0.06982	0.26383	0.20458	0	0	0	0.1499	0	0	0	0.16867	0	0.00385	0	0	0.01862	0.00272	0	0.08852	0	0	0.04926	0	0	0	0.0161	0	0	0.00579	0	0.0018	0	0	0.9369	0	0.64541	0	0.09081	0.06101	1.22244	0.12426	0	0.09362	0.00691	0	0.02882	0.16046	0.30771	0.07888	0.19225	0.207	0	0.01703	0.12997	0	0	0.09514	0.41341	0.00425	0.02049	0.00276	0.16078	0.01162	0	0.08911	0	0	0.01688	0	0	0.04759	0.00197	0.00589	0.47992	0.07689	0.00332	2.99514	0.311	0.00766	0.01811	0.17068	0.06912	0.1427	0.0917	0	0.01728	0.09931	0.0066	0	0.04762	0.03917	0.03289	0.02821	0.46924	0.01819	0	0	0	0.0285	0.14792	0	0	0	0	0.54722	0.06307	0.00874	0.0068	0.8065	0	0.00553	0.00395	0	0.0731	0	0.00191	0.14076	0.01815	0	0.003	0.34445	0.00087	0	1.02964	0	0	0.03622	0.02868	0.00309	0	0.0389	0	0.05572	0.00152	0.00582	0.05046	0.00785	0	0.00409	0.01007	0.01386	0.00475	0.02668	0.0221	0	0.05202	0.00395	0	0.02344	0	0.00014	0.0141	0.05866	0	0.00193	0.00496	0	0	0.00731	0	0.02752	0	0	0	0.02396	0.15351	0	0.00627	0	0.00446	0	0.00598	0.00248	3.90254	0.0282	0.06366	1.20372	0.14424	0.55459	0	0.04592	0.02295	0.03183	0.1255	0	0.00864	0.02174	0.01336	0.10515	0	0.08182	0	0.0297	1.02858	0.02159	0.00187	0.0024	0.00073	0	0.00889	0.00209	0	0	0.01907	0.03489	0	0	0	0	0.00473	0	0.00135	1.16161	0.0075	0.00048	0	0	0.01567	0	0	0.94765	0	0	0	0	0	0	0	0.00084	0.00358	0.0432	0	0	0	0.07563	0.00276	0	0.0146	0.00725	0.02273	0	0	0	0	0	0	0	0	0	0.00658	22.00252	0	0	0.08261	0	0	0	0	0.02396	0	0	0	0	0.00482	0	0	0	0	0	0	0.00683	0	6.19447	0	0	0.43028	0	0.00945	0	0	0	0	0.006	0	0.00066	0.00245	0	0	0.00182	0	0	0	0	0	0	0.08133	0.00131	0	0	0	0	0	0	0	0	0	0	0	1.27599	0	0	0	0	0	0.00237	0	0	0	0	0	0	0	0	0	0	0	0	0	0	0	0	0	0	0	0	0	0	0	0.01088	0	0	0	0	0	0	0	0	0	0	0	0	0	0	0	0	0	0	0	0	0	0	0	0	0	0	0	0	0	0	0	0	0.00458	0	0	0	0	0	0	0	Health
SRR341642	0.04805	0	0	0.00018	0.00398	0.7785	8.23992	0.20962	0	0	1.71173	0.06994	0.3661	0	0	1.66725	0.26495	0.771	0.47043	0	2.42792	0.40553	0	0	0.01194	0.00377	0.15723	0.21435	0.44443	0	1.01702	0	0.06097	0.05441	0	0.04383	0	1.90608	0.00755	0	0	0.01637	7.41794	0	0	0	0.03954	0.00568	0	0.00071	0	0.01687	0.00075	0	0	0.0005	0.00141	0.00018	0	0	0	0	1.68417	0.04278	0	0	0	0	0	0.11427	0	0.00871	0	0	9.23755	0	0.00517	0.0036	0	0.00492	0	0	0	0.41354	0	0	0	0	0	0	2.09122	0.62645	0	0	0	0	0	0	0	3.39199	0	0.2189	0	0	0.01269	0	0	0	0	0	0	0.24107	0	0	0	0.11742	0	0.6208	0	2.07387	0	0	0	0	1.23532	0	0	0	0.11667	0	0	1.86699	0	0.00259	0.26469	0	0	0	0.11582	0.22087	0.42286	0	0.07032	0	0	0	0	0	0.00684	0.09572	0.00314	0	0	0	0	0	0	0	0.08504	0	0.03777	0	0	0	1.68718	0	0	0.07117	0	0.11505	0.0015	0.38211	0	0.08552	0	0.01057	0	0	0	0.02628	0	0.03077	0.08899	0.37787	0	0	0	0	0	0	0	0	0.75823	4.05894	0	0	0	0.00089	0.00224	0	0	0	0.07514	0	0	0	0.01136	0.00927	0	0	0	0	0.03477	0	0.00821	0.04067	0.19728	0	0	0.01697	0	2.78852	0	0	0	0.01964	0	0	0	0.00262	0	0	0	0	4.32665	0	0	0.19649	0	0	0	0	0.0405	0	0	0	0	0	0	0	0.12413	0	0	0	0	0	0	0	0	0	0	0	0	0	0.11899	0	0	0	0	0	0	0	0	0	0	0	0.00575	0	0	0	0	0.01097	0	0	0	0	0	0.02714	0.01715	0	0.18888	0	0	0	0	0.01133	0	0.0097	0	0	0	0.14725	0	0.0168	0	0.06573	0	0	0	0.00015	0	0	0	0	0	0	0	0	0.00206	0	0	0.01088	0	0	0	0.00057	0.00266	0	0.12203	0	0	0	0.04464	0	0	0	0	0	0.00359	0	0	0	0	0.0003	0	0	0	0	0	0	0	0	0	0	0	0.04084	0.01144	0	0	0	0	0	0	0	0	0	0	0	4.76261	0	0	0	0	0	0	0	0	0	0	0	0	0.00154	0	0	0	0.01258	0	0	0	0	0	0	0	0	0	0	0	0.01248	0	0	0	0	0.00474	0	0	0	0	1.03479	0	0	0	0	0	0	0	0	0	0.01782	0	0	Health
SRR341637	6.16283	0	0	0	0.02714	0.28622	1.71076	0.0722	0	0	0.3454	3.37403	0.0282	0	0.00042	6.9547	0.18048	0.13293	0.06198	0.0161	0	0.10924	0	0	0	0.0024	0.01698	0.03719	0.95024	0.01834	0.18094	0.39972	0	0.20413	0.46246	0	0.00803	0.03741	0.03259	0	0.01102	0.03511	0.76645	0.17356	0.01701	0	0	0.06187	0	0.03621	0	0.01287	0	0.03405	0	0	0.00858	0	0	0.4936	0	0	0.61258	0	0	0	0.01428	0	0	0.1434	0	0.00195	0	0	0.00176	0	2.81005	0	2.88793	7.18176	0.10894	0	0	1.72824	0.02174	0	0	0	0	0.1558	0.45325	0.35539	0.09209	0.06758	0.25837	0.01145	0.65148	0	0	1.33699	0	0.24297	0.73349	0.06785	0.11334	1.17946	0.08512	0	0	0.02596	0	0.22156	0.19152	0	0	0.2678	0	0	0	0.17169	0.01876	0	0.68286	0.33957	0.06616	0	0	0	0	0.00757	0.00707	0.18729	0.08748	0.01792	2.29246	0.02554	0	0.00241	0.165	0.11319	0.03799	0	0	0.09008	0	0	0.06065	0.01067	0.01406	4.39139	0.0023	0.02955	0	0.0305	0	0	0	0.04945	0.02706	0	0.08292	0.04646	0	0	0	0	0	0.00894	0	0.0063	0.00107	0	0	0.01917	0	0	3.20563	0	0.04542	0.03988	0	0.03455	0.00387	0.02004	0.03664	0	0	0.0056	0.00024	0.03325	0.09734	0	0.08493	0.53035	0	0	0.06566	0	0	0.0312	0.0061	0	0	0.37073	0.01981	0.02088	0.0023	0	0.00823	0	0	0	0.0177	0.00686	0.0575	0.02809	0.12579	0	0	0	0.00277	0	0	0	0	0.00082	1.0752	0	0.01549	0.18781	1.95177	0	0	0.22611	0	0	0	0.00813	0	0	0.12859	0.0039	0.00341	0	5.61022	0.00065	0.00349	0.00916	0	0	0	0	0	0.2688	0.00885	0.0017	0	0.00209	0.01669	0	0.00189	0	0	0	0	0.12342	0.00373	0	0	0.01585	0.01569	0.04123	0.00839	0	0.00098	0	0.01716	0.00946	0	0.00388	0	0	0	0	0	0	0.00109	0.01061	0.00388	0	0.00061	0	0	0	0.04082	0	0	0	0	1.29088	0.07882	0	0	0	0.03474	0.00068	0.00916	0	0	0	0.00228	0.02422	0.03351	0	0	0	0	0	0	0	0	0	0	0	0	0	0.00436	0	0	0.00131	0	0	0	0	0	0.00113	0.00169	0	0	0	0	0	0.00053	0.00116	0	0.02975	0	0	0.0407	0.34945	0	0	0	0	0	0	0	0	0	0	0	0	0	0	0	0	0	0	0	0	0	0	0	0	0	0	0	0	0	0.00114	0	0	0	0	0	0	0	0	0.00166	0	0	0	0	0	0	0	0	0	0	0	0	0	0	0	0	0	0	0	0	0	0	0.0053	0	0	0	0	0	0	0	0	Health
SRR341636	0	0.00633	0	0.00483	0	0.38275	3.59604	0.36111	0	0	0	0.36065	0	0.36165	0	10.60756	0.14885	0	0.23959	0	18.19443	0.03638	0	0	0	0	1.70459	0	0.06556	0	0	0.30807	0	0	0	0	0	0	0.19472	0.06133	0.44664	0	13.02284	0	0	0.01751	0.61325	0.0765	0.02032	0.00863	0	0.03727	0.06605	0	0	0	0.70434	0	0	0	0	0	0	0.96476	0	0.04615	0	0	0	0.92989	0	0	0	0	0.00207	0	0	0.00651	0	0	0.29099	0	0	0	0	0	0	0	0	0	0	0	0	0	0	0	0	0	0	0	0	0	0	0	0.00688	0	0.0189	0	0	0	0	1.12963	0	5.53604	0	0	0	0	0.33909	0	0	0	0	0	0	0	0	0	0	0	0	0	0	0.23387	1.44888	0	0	0	0	0.08891	0.01404	0	0.09018	0	0	2.19591	0	0	0	0	0	0	0.58655	0	0	0	0	0	0	0	0	0.06313	0	0	0.00889	0	0.14004	0	0.01409	0	0	0.00614	0	0	0	0.88923	0	0	0	0	0	0	0	0	1.44612	0	0	0	0	0	0	0	0.51351	0	0	0	0	0	0	0	0	0	0	0	0	0	0.01196	0	0	0	0	0	0.00183	0	0	0.03276	0.52578	0	0	9.10716	0	0.0435	0	0.19755	0	0.03608	0	0	0	0	0	0	0	0	0	0	0	0	0	0	0	0	0	0	3.49105	0	0	0	0	0	0	0	0	0	0	0	0	0	0	0	0	0	0	0	0	0	0	0	0	0	0.71421	0	0	0	0	0	0	0	0	0	0	0	0	0.00944	0	0	0	0.18774	0	0	0.03011	0	0	0	0	0.18751	0	0.11105	0	0	0.01742	0.02307	0	0.12121	0.06731	0	0	0	0	0	0	0	0	0	0.00033	0	0	0	0	0	0	0	0	0	0	0	0	0	0.01485	0	0	0	0	0	0	0	0	0	0.0004	0	0	0	0	0	0	0	0	0	0	0	0	0	1.24036	0	0	0	0	0	0	0	0	0	0	0	0	0	0.00124	0	0	0	0	0.00325	0	0	0	0	0	0	0	0	0.01006	0	0	0	0.13393	0	0	0.0061	0	0	0	0	1.03365	0	0	0	0.24083	0.08921	0	0.00509	0	0	0.02827	0	0	0	0	0	0	0	0	0	0	0	0	0.00876	0.13978	0	0	0	Health
SRR341628	5.55316	0.01179	0	0.09253	0.0086	0.18806	2.16636	0	0.01979	0.06026	0.17355	0.01499	0.09852	0.00132	0	0.46625	0.41654	0	0.31923	0	0.01159	0.12276	0	0	0	0.81568	0.39066	0.03053	0.19279	0.03936	0.21576	0.51572	0.01212	0	0.47524	0.04263	0.01421	1.38742	0.0056	0	0	0	0.49965	0	0	0	0.0013	0.69277	0.02483	0	0	0	0	0	0.00367	0	0	7.14631	0	0.05917	0	0.03229	0.00046	0.02209	0.18956	0	0.00737	0	0	0.07624	0	0.00149	0.00607	0	0.00282	0	0	3.55621	3.0807	0	0.08561	0	0	0	0	0	0	0	1.1563	0	0.34124	0.3094	0	0	0	0.00356	0	0	0.88245	0	0	0.01897	20.49491	0	0.04361	0	0.04303	0	0	0	0	0.01443	0	0	0	0.0039	0	0.10047	1.69348	0	0	0	0	0.0821	0	0	0	0	0	0.02134	0	0	0.07442	0.31303	0	0	0	0	0	0.15371	0	0	0.02715	0	0	0	0.07679	0	0	0.36743	0	0	0	0	0	0	0.01295	0.07416	0.01508	0	0.26746	0.18743	0	0	3.77107	0	0.002	0.00992	0.35261	0	0	0	0	0.06353	0	0.01413	0	0	0	0.01862	0	0.01552	0.00846	0	0.22686	0	0	0.83168	0	0	0	0	0.12767	0	0	0.02262	0.00126	0	0	0	0	0.09416	0	0	0	0	0.86099	0.00142	0	0	0	0.0032	0.00098	0	0.34295	0	0.15236	0	0	0	0	0.16229	0	0	0	0.00033	0.10916	0	0	0	0	0	0	0	0	0	0	0.04162	0	0	0.00288	0	0	0	0.61059	0.37777	0	0.00392	0	0	0.00495	0	0	0	0	0	0	0.00218	0.01094	0	0.00088	0	0	0	3.29951	0	0.01795	0	0	0	0.33869	0.04192	0	0	0	0	0	0.0864	0	0.04066	0.0142	0	0.02699	0	0	0	0	0.01489	0	0	0.7171	0	0	0	0	0.0396	0	0	0.00025	0	0.00739	0	0	0.00375	0.01174	0	0	0.00609	0	0.00032	0	0	0	0	0	0	0	0	0	0	0	0	0	0.00031	0	0.00471	0	0	0	0	0	0	0	0	0	0	0	0	0	0	0	0.00017	0.00091	0	0	0	0	0	0	0	0	0	0	0	0	0	0	0	0	0	0	0	0	0	0	0	0	0	0	0.02316	0	0	0	0	0	0	0	0	0	0	0	0	0	0	0	0	0.00174	0	0	0	0	0	0	0	0	0.0031	0	0	0	0	0	0	0	0.10565	0.00083	0	0	0	0	0	0	0	0	0.05808	0	0	0	0.00797	0	0.02735	Health
SRR341623	10.14439	0	0	0.01748	0.00571	0.17602	0.79056	0.03265	0	0.14667	0.8567	0.69222	0.04514	0	0	3.6296	0.14548	0.05847	0.10783	0.01968	0	0.05139	0	0	0	0.30977	0	0.0518	0.19689	0.00565	0.11369	0.07823	0.07758	0.12797	0.36337	0.01018	0	0.05598	0.0071	0	0	0.00426	0.6117	0.01846	0.00062	0	0.00068	0.14969	0	0.00014	0	0.03058	0	0.00947	0	0	0.00029	0	0	0.09847	0	0	0	0	0	0	0	0	0	0.0356	0	0.00282	0	0	0.00226	0	0.74929	6.10091	0.27273	0.00143	0.7114	0.28941	0	0	0	0	0	0.08003	0.00598	0	0.06563	0.22738	0	0.0371	0.26016	0.0339	0	0	0.45458	0.04662	0	0.02368	0.89238	0	1.72981	0.24557	0	0	0	0	0	0.20031	0.01073	0	0.13608	0.08204	0	0	0	0	0	0	0	0.72645	0	0	0	0.19473	0	0	0	0.00025	0.03132	0.19296	0.04473	0.03236	0.00434	0	0.07484	0.06693	0.13692	0	0	0	0.00125	0	0.10282	0	0	0.01393	0.18715	0.01525	0.04845	0	0	0	0	0.10707	0.02556	0	0.00198	0.12596	0	0	0.68655	0	0	0.02313	1.55867	0.00326	0.00074	0.07089	0.00134	0.02416	0	0	7.82654	0	0	0	0.01927	0	0	0.0516	0.18477	0	0.05578	6.25713	0	0.06511	0	0	0.00969	0	0	0.0081	0.00374	0	0	0	0	0	0	0	0	0	0	0	0.00796	0	0	0	0.01056	0.00257	2.63812	0.00201	0.06646	0	2.18634	0.03361	0	0	0	0.55436	0	0	0	0.01647	0	0	1.42905	0	0	0	2.43628	0.00374	0.00793	0.04069	0	0	0.1105	0	0.0093	0	0.63672	0.2706	0	0.00137	0.00126	0	0.0298	0	0.0035	0	0	0	0	0	0.01552	0.00297	10.91728	1.44593	0	0	0	0	0.00255	0	0	0.00425	0.03499	0.01689	0	0	0	0	0	0	0	0.01933	0.0239	0	0	0	0	0.00157	0	0.00293	0	0	0.01353	0	0	0	0	0	0	0	0	0.32689	0.00434	0	0	0	0	0	0	0	0	0	0	0	0	1.06322	0	0	0	0	0	0	0	0	0	0	0	0	0	0	0	0	0	0	0	0	0	0	0	0.0004	0	0	0	0	0	0	0	0	0	0	0	0	0	0	0.00421	0	0	0	0	0	0	0	0	0	0	0	0	0	0	0.00609	0	0	0	0	0	0	0	0	0	0	0	0	0	0	0	0	0	0	0	0	0	0	0	0	0	0	0	0	0	0	0	0	0	0	0	0	0	0	1.59803	0	0	0	0	0	0	0	0	0	0	0	0	0	Health
SRR341620	3.1375	0.05071	0	0	0	0.13321	4.92852	0.11007	0.01279	0	0.829	0.01171	0.05666	0	0	0.56339	0.17883	0.0643	0.27377	0	0.00996	0.01306	0	0	0	0	0.00523	0.046	1.92379	0	1.41661	0.03906	0.05523	0.01911	0.14281	0.03659	0.00624	0.30911	0.0247	0	0.03175	0.00384	0.55295	0.00435	0.00276	0	0	0.07476	0	0.01038	0	0.00709	0.00198	0.00446	0	0	0	0	0	0.17489	0	0	0.15204	0	0	0	0	0	0	0.07246	0	0.00091	0	0	0.00414	0	0.51831	1.03635	2.72878	3.11527	0.73041	1.31066	0	0.37757	0.12013	0.93629	0	0	0	0	0.27929	0.78368	0.00999	0.04946	0.24895	0.08504	0.31752	0.82267	0.65312	0.6911	0.32744	0.00815	1.99697	0	0.00715	0.96095	0	0	0	0.00218	0	0.16958	0.25705	0.92644	0.11964	0.11109	0.09216	1.09304	0.34168	0.05998	0.01487	0	0.10875	0.21187	0.01945	0	0.08497	0	0.08703	0	0.2842	0.67412	0.18403	0.15072	1.0383	0.14094	0.02549	0.05257	0.16985	0.02931	0.38642	0	0.00254	0.01272	0	0.21308	0.38775	0.066	0.00665	5.08517	0.00107	0.0053	0.00815	0.00928	0	0	0.00737	0.01636	0.03214	0	0.01016	0.08028	0	0.00187	0.11866	0.00811	0	0.03125	0	0	0.00159	0.05663	0.00117	0.03322	0.00464	0	2.50312	0	0	0.00787	0.02712	0.0099	0.00902	0.52016	0.05613	0	0.0464	0	0.0016	0.06646	0	0	0.12934	1.14591	0	0.00164	0.00814	0	0	0.01264	0.00041	0.0475	0.00607	0.04028	0	0.00666	0.06791	0.00129	0.01686	0.0267	0.00411	0	0.03264	0	0.0083	0.0208	0.05819	0	0	0	0	0.34095	0	0	0.0377	0.00112	0.02498	0.05124	0.00297	0	1.78211	0	0	0.09748	0	0	0.024	0.03555	0.04098	0.00167	0.02645	0.02269	0.00968	0.99383	2.5929	0.80445	0.00861	0	0.06758	0.02975	0.02444	0	0	1.86074	0.02004	0.00235	0	0.03645	0.00517	0.00023	1.59269	0	1.24305	0	1.59408	0.0241	0.00634	0	0.01329	0.03303	0.10585	0.08432	0	0	0.00079	0.14391	0	0	0	0.01741	0	0	0.00417	0	0	0	0.00191	0	0	0	0.00227	0	0	0	0	0	0	0	0	0.04444	0.01433	0	0	0	0	0	0	0	0	0	0	0	0	0	0	0	0.16051	0	0.00054	0	0	0	0	0	0	0	0.00381	0	0	0.00091	0	0	0.00229	0	0	0	0	0.00027	0	0	0	0	0.0005	0.05738	0	0	0	0	0	0	0	0	0.12169	0.00237	0.00058	0.02407	0	0.01344	0	0	0.00072	0.00861	0	0	0	0	0	0.00882	0	0	0	0	0	0	0	0	0	0	0	0	0	0	0	0	0	0	0.0209	0	0	0	0	0	0	0	0	0	0	0	0	0	0	0	0	0	0	0	0	0	0	0	0	0.00686	0	0	0	0	0	0	0	0	Health
SRR341617	10.2761	1.38034	0	0.79993	0	0.55748	2.91452	0.36416	0	0.01146	0.47936	4.26647	0	0.033	0	4.68787	0.76543	0	0	0	4.85787	0.04742	0	0	0.09512	0.00516	0.05696	0	0	0	0.66279	0.25855	0	0	0.37003	0	0	0.05978	0.0417	0	0	0	1.28553	0	0	0	0.03334	0.02435	0.01778	0.09085	0	0.12814	0	0	0	0.07283	0	0	0	0.00365	0	0	0.23906	0.10356	0	0.00095	0	0.00037	0	0.02002	0	0.01549	0	0	8.80038	0	0.00638	0	0	0.2239	0.82106	0	0	0.00047	0	0	0	0	0	0	0	0.01637	0	0	0	0	0	0	0	0	0	0.21972	0	0	0.94934	0	0	0	0	0	0	0.12013	0	0	0	0.11611	0	0	0.78257	0.22662	0	0	0	0	0	0	0	0	0	0	0	0.79304	0	0.04179	0	0	0	0	0	0.1665	0	0	0.00022	0	0	0	0	0	0	0	0	0.01277	0.09375	0	0	0	0	0.01343	0	0	0	0.18551	0	0	0.03458	0	0	0	1.0992	0	0	0	0	0.07961	0	0.05748	0	0	0	0.01118	0	0	0	0	0	0	0.04161	0	0	0.01337	0	0	0.17377	0	0	0	0	0	0	0	0	0.10521	0	0	0	0	0	0	0	0	0	0	0	0	0.00678	0.04547	0	0	0	1.01935	7.94108	0.05025	0	0	0	0.00284	0	0	0	0	0	0	0	0	0	0.26218	0	0	0	0	0	0	0.00649	0	0	0	0	0.0078	0	0	0	0	0	0	0	0.01092	0	0.02744	0	0	0	0	0	0	14.0362	0.00549	0	0	0	0	0.22298	0	0	0	0	0	0	0	0	0	0	0	0	0.01199	0	0	0	0.00033	0.00082	0	0.27151	0	0	0.09657	0	0.04086	0	0.00399	0.00179	0.64367	0.00091	0	0	0	0.02202	0	0	0	0	0	0	0	0	0	0	0	0	0	0	0	1.03224	0	0	0	0	2.64113	0.00067	0	0.03707	0	0	0.10521	0	0	0	0	0	0	0	0	0	0	0	0.00014	0	0	0	0	0.00142	0	0	0	0	0	0	0	0	0	0	0	0	0	0	0	0	0	0	0.00363	0	0	0	0	0	0	0	0	0	0	0	0.07865	0	0	0	0	0.02454	0	0	0	0	0	0	0	0	0	0	0	0	0.00311	0	0	0	0	0	0	0	0	0	0	0	0	0	0	0	0	0	0	0	0	0	0	Health
SRR341614	6.58297	0	0.03301	0	0	0.6166	3.04574	0.33557	0.00046	0.1183	0.84866	0.01974	0.05753	0	0	6.56578	0.33201	0.04316	0.08999	0.0021	0.15067	0.27692	0	0.78364	0	0	0.06328	0.12075	0.38603	0.00713	0.26071	0.10251	0.10131	0.17622	0	0.00659	0	0.6385	0.06477	0	0	0	0.25925	0	0	0.00478	0.01266	0.19705	0	0	0	0	0	0	0	0.01087	0	0.0057	0	0.28707	0	0	0.27684	0	0	0.00698	0	0	0	0.06467	0	0.01403	0	0	10.0732	0	0	0	3.01141	6.64268	4.27479	0	0	0	0	0	0.13705	0	0	0.1536	0	0.56385	0	0.05455	0.81966	0.06467	1.9746	0	0	0.10199	0	0	0	0	0.28788	0	0	0	0	0	0	0.19262	0.15632	0.72135	0.00033	0.03933	0	0	0	0	0	0	0.32262	0.46444	0	0	0	0.04071	0	0	0	0.01101	0.24114	0.07769	5.01536	0	0	0	0.37223	0.05148	0.23953	0	0.03061	0	0.03429	0.00972	0.01539	0	0	0	0.00032	0.01095	0.01988	0	0	0	0.00981	0.60194	0.09232	0	0.01486	0.37486	0.00708	0	0.8546	0.01047	0.00329	0	0.11601	0.07172	0.01423	0.04055	0.00684	0.04059	0	0.03574	0.02879	0	0.01313	0.03477	0	0	0.01304	0.00734	0.69635	0.01523	0.20521	0.46439	0	0	0	0	0.11267	0.39665	0	0.05646	0.0389	0	0	0	0	0	0	0.04593	0	0	0	0.00229	0	0	0.00247	0	0.00169	0	7.8007	0.05786	0.01542	0	0.01354	0.49475	0	0.2741	0	0	0	0	0	0	0	0	0	0.08447	0.00426	0.00675	0	0	0.01869	0.149	0	0	0.59943	0.01061	0.01498	0.91038	0.06233	0	0.00254	0	0.01987	0.04018	0.01363	0	0	0	0	0	0	0.0765	0	0	0	0.03116	0.21619	0.4783	0	0	0.00738	0	0	0.02318	0.1144	0	0	0	0	0.706	0	0	0.00935	0.0777	0	0	0	0.04577	0	0.00093	0.00463	0.00617	0	0	0.02666	0	0	0.03406	0	0	0	0	0	0.24019	0	0.00557	0.00333	0	0	0	0	0	0	0	0	0	0	0	0	0	0	0	0.66876	0	0	0.00983	0	0.0014	0	0	0.01521	0	0	0.01277	0	0	0	0	0	0	0	0.00381	0	0	0	0	0.00154	0.00024	0	0	0	0.41077	0.00241	0	0	0	0.03366	0	0	0	0	0	0.03183	0	0	0	0	0	0	0	0	0.0076	0	0	0	0	0.007	0	0	0	0	0	0	0	0	0	0	0	0	0	0	0	0	0	0	0	0	0	0	0	0.00098	0.00336	0.00497	0	0	0	0	0	0	0	0	0	0	0	0	0	0	0.04645	0	0	0	0	0.08869	0	Type2
SRR341611	7.42675	0.65511	0.02123	0.17359	0.01277	0.00774	6.45815	0.13599	0	0.02453	1.27091	0.41737	0	0	0	12.39778	0.18517	0	0.20974	0	0	0.01663	0.00125	0	0	0.43349	0.01267	0.08885	0.124	0	0.66496	0.18221	0.07725	0.05136	0.54421	0	0	1.32235	0.00266	0	0	0	0.08359	0	0	0	0.03777	0.23991	0	0	0	0	0	0	0	0	0	0.00084	0	0.13223	0	0	0.61559	0	0	0	0	0	0	0.06671	0	0.00159	0	0	0.005	0	1.23249	10.26278	3.07749	0.02242	0.06726	0.67566	0	0	0	0.28142	0	0	0	0	0.09184	0.42742	0	0	0	0	0.71817	0	0	0.0091	0	0	1.40021	0	0.7548	0	0	0	0	0	0.03982	0.04139	0	0	0	0.0554	0	0	0	0	0	0	0	0.06903	0.2226	0	0	0	0	0	0.02314	0.04892	0.02618	0.09383	0.76797	0	0	0	0.04831	0.09861	0.02343	0.00167	0.00671	0	0	0.15808	0.02391	0	0.05611	0.12994	0	0	0.01679	0	0	0	0	0.14906	0.00753	0	0.03091	0	0	0	0	0	0.00155	0	0	0.02286	0.01639	0	0	0.0185	0	0.01667	0	0	0	0.02897	0	0	0.10402	0.00426	0.06728	0.02549	0	0	0	0	0	0	0.0391	0.13837	0	0	0	0	0	0	0	0	0	0.03395	0	0	0	0	0	0	0	0	0	0	0.15744	0	0.0511	0	0	0.95971	5.14019	0.2119	0	0	0	0	0.64324	0	0	0	0	0	0	0	0	0.0221	0	0.11432	0	0	0	0	0.00052	0	0.37076	0.20127	0	0.00292	0	0.00728	0	0	0	0	0	0	0	0.0115	0	0	8.64407	0	0	0	2.66386	0	0.00145	0	0	0	0	0	0	0	0	0.02184	0.00014	0	0	0	0	0	0.00768	0	0	0	0	0.01302	0	0	0.02122	0	0	0.02633	0	0	0	0	0	0	0.00728	0	0	0	0	0	0	0	0	0	0	0	0	0	0	0	0.04048	0.95573	0	0	0	0	0	0	0	0	0.29092	0	0	0	0	0	0	0	0	0	1.56487	0	0	0	0	0	0.00203	0	0	0	0.01846	0	0	0	0	0	0	0	0	0	0	0	0	0	0	0	0	0	0	0	0	0	0	0	0	0	0	0	0	0	0	0	0	0	0	0	0	0	0	0	0	0	0	0	0	0	0	0	0	0	0	0	0.00445	0	0.00042	0	0	0	0	0	0	0	0	0	0	0	0	0	0	0	0	0	0	0	Type2
SRR341607	0.02005	0	0	0.22456	0	0	0.1361	0	0	0	0	0.99199	0	0	0	0	0.60962	0	0	0	19.63849	0	0	0	0	0.03792	0.50884	0	0.02902	0	6.35621	0	0	0	0	0	0	0.03722	0	0.00227	0	0	25.13615	0	0	0	2.88107	0	0.05277	0	0	0	0	0	0	0.0505	0	0.0004	0	0	0	0	0.00061	0	0.08737	0	0	0	0	0.33772	0	0	0.09254	0	0	0	0	0	0	0	0	0	0	0.00686	0	0	0	0	0	0	2.24746	0	0	0	0	0.05682	0	0	0	0	0	0	0	0	0.0066	0	0	0	0	0	0	0	0	0	0	0	0	0	0	0	0	0	0	0.05663	0	0	0	0	0	0	0	0	0	0	0	0	0	0	0	0	0	0	0	0	0.04826	0	0	0	0	0	0	0	0	0	0	0	0.18494	0	0	0	0	0	0	0	0.10495	0	0	0	0	0	0	0	0	0.00851	0	0.0391	0	0	0	0	0	0	0	0	0	0	0	0	0	0	0	0	0	0	0	0	0	0	0	0	0	0	0	0	0	0	0	0	0	0	0	0.2216	0	0	0	0	0	0	0	0.00604	0	0	0	0	0	0.06427	0	0	0	0	0	0	0	0	0	0	0	0	0	0	0	0	0	0	0.00315	0	0	0	0	0	0	0	0	0	0	0	0	0	0	0	0	0	0	0	0	0	0	0	0	0	0.05533	0	0	0	0	0	0	0	0	0	0	0	0	0	0	0	0	0.07967	0	0	0	0	0	0	0.01084	0	0	0.16965	0	0.19335	0	0	0	0.00192	0	0	0	0	0	0	0	0	0	0	0	0	0	0	0	0	0	0	0	0	0	0	0	0	0	0	0	0.12129	0	0	2.85591	0	0	0	0	0	0	0	0	0	0	0	0	0	0	0	0	0.0036	0	0	0	0	0.58198	0	0	0	0	0	0	0	0	0.00039	0	0	0	0	0	0	0	0	0	0	0	1.19371	0.00813	0	0	0	0	0	0	0	0	0	0	0	0	0	0.33897	0	0	0	0	0	0	0	0	0	0.00199	0	0	0	0	0	0	0	0	0	0	0	0	0	0	0.05416	0	0	Type2
SRR341603	10.27976	0.29758	0	0.27714	0	0.12652	2.83174	0.03443	0	0	0.24838	0.07758	0.00551	0	0	0.66316	0.53439	0.02905	0.22659	0.07638	0	0	0	0	0	0.40553	0.02299	0.08329	0.03815	0.40039	0.15562	0.08213	0.16576	0.03587	0	0	0.00466	0.01172	0	0	0	0.00168	0.17031	0	0	0	0	0.16673	0	0	0	0.07761	0	0.0026	0	0	0	0.3802	0	0.00161	0	0	0	0	0	0	0	0	0	0.00673	0	0.00293	0	0	0.0028	0	0.20035	0	2.40439	0.008	0	0	0	0	0	0	0	0	0	0	0	0.02867	0	0	0.0099	0	0	0	0	0.00257	0	0	0.31776	0	0.39259	0	0	0	0	0	0	0.1028	0	0.12254	0.05183	0	0	0	0	0	0	0	0.00896	0.14382	0.01577	0	0	0	0	0	0	0.00212	0.03128	0.0304	0	0	0	0	0.09105	0.00921	0	0	0	0	0	0.00753	0	0	0	0	0.00094	0	0.01059	0	0	0	0	0.0086	0.00631	0	0.04182	0.03216	0	0	0.753	0	0	0.03529	0	0.01786	0	0.02619	0	0.03013	0	0.00337	0	0	0	0	0	0.02409	0	0.08457	0.01015	0	0	0	0	0	0	0	0.02495	0	0	0	0	0	0	0	0	0	0	0	0	0	0	0	0	0	0	0	0	0	3.23505	0.03121	0.00464	0	0	0	11.88912	0	0	0	0	0	0	0	0	0	0	0	0	0	0	0	0	0	0	0	0	0	0	0	0.62836	0	0	0	0	0	0.02676	0	0	0	0	0	0	0	0	0	0	0	0	0	0.94249	0	0	0	0	0	0	0	0	0	0	0	0	0.15158	0	0.04602	0	0	0	0	0	0	0	0	0	0	0	0	0	0	0	0	0	0	0	0	0	0	0	0	0.01072	0	0	0	0	0	0	0.00297	0	0	0	0	0	0.1909	0	0	0	0	0	0	0	0	0.00064	0	0	0.0013	0	0	0	0	0	0	0	0.00013	0	0	0	0	0.00114	0	0	0	0	0	38.1003	0	0	0	0	0	0	0	0	0	0	0	0	0	0	0	0	0	0	0.02347	0	0	0	0	0	0	0	0	0	0	0	0.00327	0	0	0	0	0	0	0	0	0	0	0	0	0	0	0	0	0	0	0.0122	0	0	0	0	0.0182	0	0	0	0	0	0.09689	0	0	0	0	0	0	0	0	0	0	Type2
SRR341601	4.92868	0.08439	1.1198	0.00462	0	0.02432	3.1	0.01995	0	0.2973	0.05571	2.61941	0	1.18905	0	3.12564	0.36644	0	0.03411	0.09552	0.00717	0.03073	0.10296	0	0	1.53777	0.51372	0.00798	0.06872	0.07748	0.87741	0.16938	0.035	0.0485	0	0.00488	0.17873	1.60058	0.17809	0	0	0	0.33084	0.56005	0	0.00441	0.00445	1.20562	0	0	0.00915	0	0.00198	0.00181	0	0	0	0.00455	0	0.91048	0	0	0	0	0	0	0	0	0	0.39704	0	0.0013	0	0	0.0482	0	5.21271	3.00839	0	0.0042	0.20572	0	0	0.00194	0	0	0.14462	0	1.17259	0	0.51071	0.90538	0	0	0.34853	0	0	0	0	0	0	0	0.84378	0	1.02766	0	0	0	0	0	0	0.16364	2.51389	0	0.79065	0	0	0	0.1359	0	0	0	0	0.19764	0	0	0	0.0013	0.02556	0	0	0.07255	0.33844	0.1184	0.79069	0.00299	0	0	0.0266	0.03822	0.01149	0	0.55755	0	0	0.01898	0.01496	0	0	0	0	0.07286	0.04091	0.00835	0	0	0.04366	0	0.0067	0	0.0476	0.47103	0	0	0.00207	0	0	0	0	0	0	0	0	0.03384	0	0.17387	0	0	0	0.09028	0	0	0	0	0.00258	0	0	0	0	0	0	0	0.03864	0.02518	0	0	0.40541	0	0	0	0	0.00844	0	0	0	0	0.01213	0	0	0	0	0	0	0.00677	2.05873	0.00895	0	0	0	0.11065	0	0	0	0	0	0	0	0	0	0	0	0	0	0	0	0	0	0.05946	0	0	0.23904	0	0	0	0.95626	0.0119	0	0	0	0	0	0	0	0	0	0	0	0	0	0	10.15946	0	0	0	0	0	0.01919	0	0	0	0.00852	0	0	0	0	0.00664	0	0	0	0.09848	0	0	0	0	0	0	0	0.01216	0	0	0	0	0	0	0.11133	0.04172	0	0	0	0	0	0	0	0	0.0122	0	0	0	0	0	0.02619	0	0.00839	0	0	0	0	0	0	0	0	0	0	0.01547	0	0	0	0	0	0.0004	0	0	0.46088	0	0	0	0	0	0	0	0	0	0	0	0.82946	3.61804	0.06836	0.76991	0	0	0	0	0.00331	0	0	0	0	0	0	0	0	0	0	0	0	0	0	0	0.33542	0	0.60868	0.0559	0	0	0	0	0	0	0	0.00484	0.00092	0	0	0	0	0	0.00677	0	0	0.06234	0.05601	0.00598	0	0	0	0	0	0	0	0	0	0	0	0	0	0	0	0	0	0	0	0	0	0	0	0	0	0	0	0	Type2
SRR341600	7.56535	0	0.11016	0.63557	0	0	0	0.59168	0	0	2.94005	19.90628	0.00684	0	0.12549	0.01414	0.61417	0	0	0	4.74691	0	0	0	0	0.00777	1.51771	0	0	0	4.6358	0	0	0	0.00308	0.23033	0	0.03101	0.01501	0.20468	0	0	8.06604	0	0	0	0.79049	0	0.13607	0	0	0	0	0	0.09355	0.20153	0	0.00306	0	0	0	0	0	0	0	0	0	0.00153	0	0.19579	0.00163	0.00147	0	0	0.01035	0	0	0	12.09783	0	0	0	0	0.00915	0	0	0	0	0	0	0	0	0	0	0	0	0	0	0	0	0	0	0	0	0	0	0	0	0	0	0	0	0	0	0	0	0	0	0	0	0	0	0	0	0	0	0	0.06482	0	0	0	0	0	0	0	0	0	0	0	0	0	0	0.00078	0	0	0	0	0	0	0	0	0	1.19378	0	0	0	0	0	0	0	0	0	0	0	0	0	0	0	0	0	0	0	0	0	0	0.05035	0	0	0	0	0	0	0	0	1.50187	0	0	0	0	0	0	0	0	0	0	0	0	0	0	0	0	0	0	0	0	0	0	0	0	0	0	0	0.00241	0	0.00017	0	0.03483	0	0	0	0.00791	0	0	0.14141	0.00283	0.02604	0	0	0	0	0	0	0	0	0	0.00527	0	0	0	0	0	0	0	0	0	0	0	0	0	0	0.03122	0	0	0	0	0	0	0	0	0	0	0	0	0.03573	0	0	0	0	0	0	0	0	0	0	0	0	0	0	0	0	0	0	0	0	0	0	0	0.06822	0	0	0.00072	0	0	0.66843	0.00878	0	0	0.06948	0	0	0	0	0	0.07845	0.02474	0	0	0	0	0	0	0	0	0	0	0	0	0	0.00525	0	0	0	0	0	0	0	0	0	0	0	0	0	0	0	0	0	0	0	0	0	0	0	0.00435	0	0	0	0	0.48662	0	0	0	0	0	0	0	0	0	0	0	0	0	0	0	0	0	0	0	0	0	0	0	0	0	0	0	0	0	0	0	0	0.00629	0	0	0	0	0	0	0	0	0	0.07962	0	0	0.00167	0	0	0	0	0.0119	0	0.82294	0	0.00146	0	0	0	0	0	0	0	0	0	0	0	0	0	0	0	0	0	Type2
SRR341595	5.67413	0	0	0.05304	0	0	0.79997	0.35736	0	0	0.00076	1.12957	0	0	0	1.95606	1.42203	0.14631	0.3467	0	0.04569	0.10111	0	0	0	6.29972	0.08359	0	1.93909	0	0.36943	0.17766	0.22871	0	0	0	0	0.22859	0.02423	0	0	0	2.05116	0.29188	0	0.01551	0.13017	0.02298	0	0	0	0	0	0	0.11792	0.09112	0	0	0	0.49514	0	0.0244	1.98312	0	0	0.03698	0	0	0.0516	0.19002	0	0.00162	0.03558	0	0.0043	0	2.65644	0.04734	3.63614	0.02016	0	0	0	0.73005	0.3123	0	0	0	0	0.07316	1.07766	0.42464	0	0	0.24728	0.16029	0	0	0	0.35129	0	0.25131	0.00218	0	0.48673	0	0.01714	0	0.0121	0.3249	0	0	0.05687	3.48828	0.17032	0.00236	0	0	0	1.37604	0	0	0.9927	0.50501	0	0	0.3083	0.04795	0	0	0	0.41179	0	1.67678	0	0.00599	0	0	0	0.02065	0.25902	0	0.25859	0	0	0	3.61212	0	0	0	0	0.05299	0.03905	0	0	0	0.04156	0.05059	0	0	0.24306	0	0	0	0	0.00385	0.10507	0	0	0	0.04342	0	0	0.07474	0	0.11291	0	0	0.00653	0.52331	0	0.0558	0.16193	0.02354	0	0.04911	0.01986	0	0.07568	0	0	1.56716	0	0.38646	0.00642	0	0.20331	0	0.00789	0	0	0.36454	0.00876	0.1357	0	0	0.09906	0.0136	0	0	0	0	0	0	9.82409	0	0.03106	0	0	1.6956	0.02284	0.01049	0	0	0	0.00724	0.63379	0	0.09359	0	0	0	0	0	0	0	0	0.11939	0	0	0	0	0.00389	0	0	0	0	0.0138	0	0	0	0.00206	0	0	0	0	0	0	0	0.0043	0.04308	0	0	0	0.00512	0.02132	0.24074	0	0	0.02802	0.00735	0.04679	0	0	0	0	0	0	0	0.14045	0	0	0	0.06724	0	0	0	0.01906	0.05618	0	0	0	0	0	0	0	0.0156	0.14485	0	0	0.01244	0.06914	0	0.05609	0.00343	0.01408	0	0	0	0	0	0	0	0	0	0	0	0	0	0	0	0.03599	0	0.02317	0	0	0.00886	0.00647	0.02835	0.004	0	0	0.09011	0	0	0	0.00048	0.00357	0.1214	0.01388	0	0.00076	0.00179	0	0.25561	0	0	0.7505	0.00647	0	0	0	0	0	0	0.02342	0.00294	0	0	0	0.00205	0	0	0	0	0	0	0	0	0	0	0	0	0	0	0	0	0	0	0	0	0	0	0	0	0.00022	0	0	0	0	0	0	3.02331	0.00658	0	0.12498	0	0	0	0.00298	0	0	0	0	0	0	0	0.19196	0	0	0	0	0	0.01276	0.00322	0	0.11257	0.21517	0	0	Type2
SRR341593	7.63451	0.79747	3.11433	0.03044	0.71639	0	2.70405	0.20988	0	0	1.5101	0	0.01456	1.07866	0	1.37691	0.10111	0.27321	0.21702	0	0	0	0.03392	0	0	4.4647	1.95286	0.02009	0.06043	0.08838	0.19044	0.44855	0.09147	0.0203	1.84619	0	0.30491	0.73141	0.01155	0.00626	0	0	0.32773	0.03851	0	0	0.00811	0.23294	0	0	0.03115	0	0	0	0.00031	0	0	6.80535	0	0.46642	0	0	0.90994	0	0	0	0.0099	0	0	0.00779	0	0.00397	0	0	0.02654	0	6.92646	1.05892	1.01815	0.06995	0	0	0.01013	0.00054	0	0	0	0	0	0.0094	0.00687	0.44056	0	0	0.63558	0	0	0	0	0.05861	0	0.40588	0.17199	0	0.01319	0	0	0	0.00024	0	1.77525	0.10214	0	0	0.00584	0.40079	0	0	0	0.00121	0	0	0.24284	0.00481	0.44489	0.13938	0	0.03718	0	0	0	0	0.43963	0.64873	0.01795	0	0	0	0.18462	0.32595	0.02352	0	0.21547	0	0	0.39254	0.07469	0	0.35105	2.09302	0	0.04257	0	0	0	0	0.44835	0.17177	0.07976	0	0	0.17438	0	0	0.0635	0	0.00189	0	0	0	0	0	0	0.05361	0	0.06017	0	0	0	0.21216	0	0	0.02713	0.00589	0.41604	0.01706	0	0	0	0.001	0	0.01663	0.08983	0.62162	0	0.01169	0	0	0	0	0	0	0	0.81486	0.00344	0	0.01051	0.01279	0	0	0	0	0	0.00163	0.80916	0.01985	0.13274	0.53459	0	0.01302	1.60413	0.00238	0	0	0	0	0	0	0	0	0	0	0	0.00929	0	0	0	0.20047	0	0	0.00089	0	0.00855	0	0.50186	0	0	0.00153	0	1.03085	0	0	0	0.19194	0	0.00638	0	0	0.00626	0	0.29431	0	0	0	0.23157	0.27752	0.00274	0	0	0.01089	0	0	0	0	0	0	0	0	0	0.06689	0	0	0	0.01195	0	0	0.00825	0.00282	0.0141	0.09671	0.00531	0.00016	0	0	0	0	0	0.00953	0	0	0.01214	0	0	0.14464	0	0.00614	0	0	0	0	0	0	0	0	0	0	0	0	0.00714	0	0	0.00194	0.04615	0.01084	0	0	0	0	0	0	0	0	0.05631	0	0	0	0	0	0	0	0	0	0	0	0.48055	0.03269	0	0	0	0	0.50235	0	0.08534	0	0	0.00435	0	0	0.00795	0	0	0	0	0	0	0.00247	0	0	0.04232	0	0.01011	0	0	0	0	0	0	0	0	0	0.0132	0	0	0	0	0	0	0	0	0.01251	0	0	0	0	0	0	0	0	0	0.00111	0	0	0	0	0	0	0	0	0	0	0	0	0	0.01103	0	0	0	0	0	0	Type2
SRR341592	28.27641	0.2565	0	0.32713	0.25099	1.13002	0	0	0	0	0.00564	8.79441	0	0.075	0	4.64622	0.20112	0	0.04028	0	0.0088	0	0	0.00484	0	4.03997	0.50065	0	0	0.07748	3.02704	0.18177	0	0.05868	0	0	0	1.41692	0	0	0	0	0.98056	0	0	0	0.03782	0	0.0563	0	0	0	0	0	0.01597	0	0.08967	0.02762	0	0	0	0	0.0424	0	0	0	0	0	0	0.31408	0	0.01454	0	0	0.01046	0	0.01789	0	8.30545	0.01573	0	0	0	0.00793	0	0	0	0	0	0	0	0.1048	0	0	0	0	0	0	0	0.02544	0	0	0	0	0	0	0	0	0	0	0	0.0064	0	3.06379	0	0	0	0	0.01928	0	0	0	0	0	0	0	0	2.24394	0	0	0	0.00818	0.1081	0	0	0	0	0	0	0.0079	0.01864	0	0	0	0	0.09691	0	0	0	0.00582	0	0	0	0	0	0.20926	0.04296	0	0	0	0	0	0	0	0.08203	0	0	0	0	0	0	0	0	0	0	0.01544	0	0	0	0	0	0	0	0	2.47519	0	0	0.12462	0	0	0	0	0	0	0	0	0	0	0	0	0	0	0	0	0	0	0	0	0	0	0	0	0.00581	0	9.33158	0	0.31287	0	0	0.5883	0	0	0	0	0	0.00411	1.13308	0	0	0	0	0	0	0	0	0	0	0	0	0	0	0	0	0	0	0	0	0	0	0	0.02678	0	0	0	0	0	0	0.05287	0	0	0	0	0	0	0	0	0	0	0	0.01923	0.13648	0	0	0	0	0	0	0.00675	0	0	0	0	0	0	0	0	0	0	0	0	0.00202	0	0	0	0	0.01072	0	0.07948	0	0	0	0	0	0	0.04436	0	0	0	0	0	0	0	0	0	0.02418	0	0	0	0	0	0	0	0	0	0	0	0.00622	0	0	0.00775	0	0	0	0	0	0	0.23688	0.00139	0	0	0	0	0.00339	0.00025	0	0	0	0	0	0	0	0	0	0	0	0	0	0	0	0	0	0	0	0	0	0	0	0	0	0.02661	0	0	0	0	0	0	0	0	0	0	0	0	0	0	0	0	0	0	0	0	0	0	0.05461	0	0	0	0	0	0	0	0	0	0	0	0	0	0	0	0	0	0	0	0	0	0	0	0	0	0	0	Type2
SRR341591	1.31704	0.08639	0	0.44671	0	0.00225	0.00465	0.01152	0	0	0.56888	2.67936	0	0	0	1.04129	0.25022	0	0.12773	0	0.10558	0	0	0	0	0.61538	0.00775	0	0.01519	0	5.12799	0	0	0	0.59191	0	0.00107	0.07782	0.45874	0.01127	0	0	0.19547	0	0	0	0.33817	1.23444	0	0	0	0.00693	0.13283	0	0.00389	0.64334	0	0.05276	0	0.46643	0	0.15878	0.00901	0	0.00439	0	0	0	0	0.10116	0	0.00197	0.00163	0	1.71218	0	4.2042	0	0.00487	3.12772	0	0	0	0.0005	0	0.56576	0.10699	0	0	0.03318	0.83342	0.96421	0	0.02229	0.31081	0.03272	0.00357	0	0	0.04143	0	0	0.35471	0	0	0	0	0	0.00109	0	0	0	0	0.17823	0	0.06132	0	0	0	0.77422	0	0	0	0	0	0	0	0.00032	0	0	0.0036	0.10968	0	0.14623	0	0	0	0	0	0.0031	0	0	0.11066	0	0.01117	0	0	0	0.03528	0	0	0.01105	0.06231	0	0	0	0	0.32431	0	0	0.08412	0	0	0.05182	0.00513	0	0.01161	0	0.00169	0	0.16234	0	0	0.04976	0	0.01558	0	0	0.18811	0.27226	0	0	0	0	0.09175	0.01234	0	0	0.00786	0	0	0	0	0	0	0	0.19113	0.00926	0	0.12716	0	0	0	0.11496	0	0	0	0.00256	0	0.02172	0	0.02646	0	0	6.16661	0	0.0042	0	0	0	0.79209	0	0	0	0.04738	0.36308	0	0	0.08947	0	0	0	0	0	0	0	0	0.52935	0	0	0	0	0.00019	0	0	0.28078	0	0.00205	0	0	0	0	0	0	0	0	0	0.03637	0	0	1.15627	0	0	0	0	0	0.0007	0	0.00682	0	0.146	0.04329	0	0	0	0	0.04821	0	0	0	0	0	0.03847	0.00267	0	0	0	0.00658	0	0	0	0.00201	0	0.07015	0.02402	0	0.0321	0.10451	0.01668	0	0	0.05666	0	0.4312	0	0.01967	0	0	0	0	0	0	0.00086	0	0.01294	0.00657	0	0.06525	0.52531	0	0	0.00557	0.08682	0	0.00033	0	0.00999	0	0.03411	0.00367	0	0	0	0	0	0	0	0.00331	0.82218	0	0	0	0.77917	0	0.12626	0	0	0	1.79989	0	0	0.0409	0	0	0	0	0.01122	0	0.01539	0	0	0	0	0	0	0	0	0	0	0	0	0.01934	0.62404	0	0.06633	0.00511	0	0	0	0	0	0.06854	0.00117	0	0	0	0	0	0.00589	0	0	0	0	0	0.01382	0	0	0	0	0	0	6.00E-05	0	0	0	0	0	0	0.00337	0	0.64827	0.02544	0	0.04434	0	0	0	0.00102	0	0	Type2
SRR341588	13.98646	0	0	1.38363	0.27646	0	0	0	0	0	6.94467	6.20689	0	0	0	0	0	0	0	0	3.09067	0	0	0	1.00416	3.73206	2.91168	0	0	0	0	0	0	0	0	0	0	11.72142	0	0.05761	0.04203	0.12482	4.37817	0	0	0	5.37845	0	0	0.05331	0	0	0	0	0	1.28546	0.46144	0	0	0	0	0	0	0.00681	0	0.00905	0	0	0	0	0	0.00518	0	0	0.012	0	0	0	0	0	0	0	0	0.01941	0	0	0	0	0	0	0	0	0	0	0	0	0	0	0	0.12554	0	0	0	0	0	0	0	0	0	0	0	0	0	0	0	0	0	0	0	0	0	0	0	0	0	0	0	0.26034	0	0	0	0	0	0	0	0	0	0	0	0	0	0	0	0	0	0	0	0	0	0	0	0	0	0	0	0	0	0	0	0	0	0	0	0	0	0	0	0	0	0	0	0	0	0	0	0.12938	0	0	0	0	0	0	0	0	0	0	0	0	0	0	0	0	0	0	0	0	0	0	0	0	0	0	0	0	0	0	0	0	0	0	0	0	0	0	0	0	0	0	0	0	0	0	0	0	0	0.02285	0	0	0	0	0	0	0	0	0	0	0	0	0	0	0	0	0	0	0	0	0	0	0	0	0	0	0	0	0	0	0	0.53571	0	0	0	0	0	0	0	0	0	0	0	0	0	0	0	0	0	0	0	0	0	0	0	0	0	0	0	0	0	0	0	0	0	0.00768	0	0	0.04171	0	0	0.40724	0	0	0	0.58821	0	0.27447	0.07911	0	0	0	0	0	0	0	0	0	0	0	0	0	0.01278	0	0	0	0	0	0	0	0	0	0	0	0	1.10482	0	0	0	0	0	0	0	0	0	0	0	0	0	0	0	0	0	0	0	0	0	0	0	0	0	0	0	0	0	0	0	0	0	0	0	0	0	0	0	0	0	0	0	0	0	9.58693	0	0	0.01667	0	0	0	0	0	0	0	0	0	0	0	0	0.19207	0	0	0	0	0.00248	0	0	0	0.01606	0	0	0	0	0	0	0	0	0	0	0	0	0	0	0	0	0	Type2
SRR341587	28.91722	1.79907	0	0.32904	0	0	0.10587	0	0	0.33062	0.00115	0.14364	0	0	0	0	0.50179	0	0	0	13.63097	0	0	0	0	0.01054	0.80655	0	0	0.15796	2.49387	0	0	0	0	0	0	5.91479	0.02446	0	0.05856	0.18374	5.54226	0	0	0	2.45338	0	0	0.19126	0	0.01625	0.00689	0	0	0.1926	0.13568	0.00285	0	0	0	0	0	0	0	0.00605	0	0	0	0	0	0.00985	0	0	0.00828	0	0	0	0	0	0	0	0	0.00935	0	0	0	0	0	0	0	0	0	0	0	0	0	0	0	0	0	0	0	0	0	0	0	0	0	0	0	0.24188	0	0	0	0	0	0	0	0	0	0	0	0	0	0	0	0	0.32292	0	0	0	0	0	0	0	0	0	0	0.59453	0	0	0.09	0	0	0	0	0	0	0	0	0	0	0	0	0	0	0	0	0	0	0	0	0	0	0	0	0	0	0	0	0	0	0	0	0.14818	0	0	0	0	0	0	0	0	0	0	0	0	0	0	0	0	0	0	0	0.04313	0	0	0	0	0	0	0	0	0	0	0	0	0	0	0	0	0	0	0	0	0.06435	0	0	0.07378	0	0	0	0	0	0.01503	0	0	0	0	0	0	0	0	0	0	0	0	0	0	0	0	0	0	6.40799	0	0	0	0	0	0	0	0	0	0	0	0	0	0	0	0	0	0	0	0	0	0	0	0	0	0.50791	0	0	0	0	0	0	0	0	0	0	0	0	0	0	0	0	0	0	0	0	0	0	0	0.14586	0.34878	0	0	0	0	0	0.18538	0	0.23637	0.04549	0	0	0	0	0	0	0	0	0	0	0	0	0	0	0	0.89703	0	0	0	0	0	0	0	0	0	0	0	0	0	0	0	0.39814	0	0	0	0	0	0	0	0	0	0	0.03741	0	0	0	0	0	0	0	0	0	0	0	0	0	0	0.00676	0	0	0	0.0051	0	0	0	0	0	0	0	0	0	0	0.06443	0	0	0.00236	0	0	0	0	0	0	0	0	0	0.01254	0	0	0	0	0	0	0	0	0	0.22834	0	0.00346	0	0	0	0	0	0	0	0	0	0	0	0	0	0	0	0	0	Type2
SRR341586	8.15357	0.02435	0.59421	0.02407	0	0.01931	0.8128	0.34976	0.01843	0	5.21122	0.06308	0.00332	0	0	7.94617	0.13756	0.01383	0.09894	0	0.29917	0.1144	0.0004	0	0	0.25883	0.92245	0.02909	0.20959	0	1.6284	0.20658	0.42682	0.04902	2.9548	0	0.14368	0.42765	0.07275	0.04524	0	0	0.13294	0.00732	0	0	0.20605	1.38112	0	0	0.00201	0	0.02467	0	0.01054	0	0	1.4246	0	0.53187	0	0	0	0	0	0.00141	0.04598	0	0	0.41519	0	0.00814	0	0	4.02644	0	5.71596	0	0	0	0	0	0	0.5238	0	0	0.09899	0	0	0.00167	0	0.38534	0	0	1.53356	0.00957	0	0	0	0.27503	0	0	0.98172	0	0.0128	0	0	0	0	0.05939	0.00645	0.06086	0	0	0.03457	0.16844	0.11697	0	0.15777	0	0.15057	0	0.07486	0.04222	0	0	0	0.03088	0	0	0.03077	0.00196	0.04968	0.27263	0	0	0	0	0.39051	0.06533	0.89058	0	0.03173	0.00073	0	0.19917	0.01522	0	0.1787	1.26318	0	0	0.17907	0.00255	0	0	0.28135	0.28419	0	0	0.01049	0.07121	0	0	0.47246	0	0.02522	0	0.06865	0	0.019	0	0	0.145	0	0.10029	0.63371	0	0	0	0.23839	0	0.07036	0	0.03636	0	0	4.44961	0.00555	0.06302	0	0	0.0398	0	0	0	0.78139	0	0	0	0	0.04811	0.00038	0.30895	1.5526	0	0.16357	0.0091	0.08237	0	0	0	0.01243	0	0.48928	0	0.03825	0	0	1.5117	0	0.23829	0	0	0.00316	0	0	0	0	0	0	0	0.00794	0	0	0	0	1.2711	0	0	0.01346	0	0.01128	0	0.1979	0	0	0.00408	0	0.01593	0	0	0	0.02249	0	0	0	0	0.04384	0	0.00576	0	0	0	0	1.16035	0.05012	0	0	0.08476	0.03796	0	0	0	0	0	0.16508	0.001	0	0.03458	0	0	0.03157	0.01024	0	0.02006	0	0.01396	0.01028	0.12187	0.02296	0.05208	0	0.00494	0.24514	0.04155	0	0.03929	0.00321	0	0.0752	0.02552	0	0.04178	0	0	0.01902	0	0	0	0	0	0	0.00641	0	0	0	0	0.56612	0	0.4378	0.01331	0.03066	0.00876	0	0	0	0.01669	0	0	0	0	0	0	0	0	0	0	0.00789	0	0	0	0	0.01797	0	0	0	0	0	0	0	0	0	0	0	0	0	0	0.04332	0	0.00465	0	0	0.00277	0	0	0	0	0.02801	0	0	0	0.00352	0	0	0	0	0	0	0	0.00784	0	0	0	0	0.01029	0.08712	0.00645	0	0.11331	0.64016	0	0	0	0	0.01969	0	0	0	0.00542	0	0	0	0.00685	0.00183	0	0	0	0	0	0.02436	0	0.00071	0.01149	0	0	0	0	0	0	Type2
SRR341584	5.88056	0.5648	0	0.01147	0	0.03775	1.73597	0.19372	0	0	1.55867	0.04373	0.05646	0	0	0.96435	0.34632	0.19986	0.02589	0	0.04233	0.07178	0	0	0	1.42937	0.07703	0.07561	0.15137	0.00944	1.10137	0.04009	0.03723	0	0.19674	0	0.00156	1.15909	0.01205	0	0.00242	0.00121	0.63559	0.00326	0	0	0.05021	0.14006	0	0.01858	0	0.00211	0.01238	0	0.00459	0	0.06138	26.20716	0	0.13642	0	0	0.0057	0.01392	0	0.00682	0	0	0.01648	0.07283	0	0.00097	0	0	0.05601	0	0.64237	0	1.55578	0.01594	0	0	0	0.00398	0.00729	0.48978	0	0	0	0.0452	0.22597	0	0	0	0.20897	0.03135	0	0.03753	0.70666	0.00271	0	0	0.5295	0	0.13218	0.06579	1.50671	0	0	0	0.02575	0.02911	0.04743	0	0	0.09963	0.04217	0	0	0	0.02469	0	0	0.1297	0	0	0	0.00504	0	0	0.10983	0.00606	0.00971	0.00086	0.43839	0	0.00116	0.01524	0.08506	0.08224	0.06848	0	0	0	0.00316	0.01968	0.04738	0	0	2.41683	0	0.00588	0.0064	0.00119	0	0	0.02664	0.24391	0.01335	0	0	0.0194	0	0	1.13117	0	0	0.01271	0	0	0	0	0	0.01061	0	0.00399	0.02166	0	0.0428	0.01422	0.00162	0	0.03877	0.01848	0.28124	0	0.14905	0	0.00213	0.04023	0	0	0.02914	0.01752	0	0.02808	0.05463	0	0	0	0	0.11821	0	0	0	0.00134	0.0014	0	0.02633	0	0	0	0	0	4.13835	0.0146	0.3147	0	0	0.35242	0.00681	0.06662	0.01825	0.0125	0.2059	0.00245	0	0	0	0	0.36355	0	0	0	0.86288	0.00519	0.02671	0.01239	0	0	0.46582	0.00307	0	0	2.20238	0	0	0.01122	0.00112	0	0.02214	0	0	0.23651	0	0	0	0.00219	0	0	0	0	0.37332	0.02403	0	0	0.00313	0	0.13572	0.01094	0.01023	0.01412	0	0	0	0	0	0	0	0	0	0	0	0.00569	0	0	0	0.00577	0.00634	0	0.04007	0	0	0	0	0	0	0.00086	0	0.02233	0.00408	0	0	0	0.00425	0	0	0	0	0	0.00546	0	0	0	0	0	0	2.34425	0.00203	0	0	0.01049	0	0	0	0	0.00051	0	0	0.00211	0	0	0	0	0	0	0	0.00031	0	0	0	0	0.00059	0	0.32555	0	0	0	0.03436	0	0	0	0	0	0	0	0.00804	0	0	0	0	0	0	0	0	0	0.00615	0	0	0	0	0	0	0	0	0	0	0	0	0	0	0	0	0	0	0	0.02268	0	0.04108	0	0.0274	0	0	0	0	0	0	0	0	0	0	0	0	0.03534	0	0	0	0.0021	0	0	0	0	0.00635	0	0	0	0	0	0	0	Type2
SRR341582	0.00555	0	0	0	0	0.01033	5.29282	0.36393	0	0.38616	1.26328	6.18218	0	0	0	6.61227	0.04004	0	0.02501	0	4.1338	0.14912	0.01776	0	0	0.18485	1.23494	0.06194	0.07679	0.05643	1.07855	0.07681	0	0	0	0	0.09387	2.84134	0.16948	0	0	0	1.069	0	0	0	0.0767	0.40234	0	0	0	0.00945	0	0	0	0	0.00054	0	0	0.79682	0	0	0.10824	0.06145	0	0.02175	0	0	0	0.2568	0	0.0105	0	0	12.12723	0	0.06194	0.02068	0.00027	0.22692	0	0	0	0.00335	0	0	0	0	0	0.0293	0	0	0	0	0	0.1052	0	0	0	0.12113	0	0	8.90732	0	0	0	0	0	0.10064	0	0	0.40579	1.74749	2.87823	0	0	0	0	0	1.64584	0	0	0	0.03201	0.21624	0	0	0.27449	0	0.2333	0	0	0.10964	0.27276	0	0	0	0	0.6308	0.04982	0	0	0.36461	0	0.10112	0.616	0	0	0	0	0.00053	0	0.14724	0	0	0	0.00248	1.83092	0	0	0.03097	0.02234	0	0.00248	0	0	0	0	0	0	0.17782	0	0	0.04009	0	0.017	0	0	0.17563	0.15109	0	0	0.01776	0	0.00648	0	0	0	0	0.09603	0	0	0.09338	0	0	0	0	0	0	0	0	0.19894	0.02247	0	0	0	0.02607	0	0	0	0	0	0.07266	0	0	0	0.02834	0	0	1.07808	0.00424	0.02267	0	0	0	0.00267	0	0	0	0	0	0	0.00642	0	0	0	0	0.07936	0	0	0	0	0	0.20923	0.65328	0	0	0	0	0	0	0	0	0	0	0	0	0	0	0	0.01555	0	0	0	0	0	0.06365	0	0	0	0.43745	0	0	0	0	0.01087	0	0.01764	0	0.67848	0	0	0	0.17281	0	0.00194	0	0.21383	0	0.07572	0	0.00076	0	0	0	0.02271	0.0014	0.02579	0.02361	0	0	0	0	0.08714	0.01038	0	0	0	0	0	0	0.00278	0	0	0	0	0	0	0	0	0	0.02816	0.247	0	0	0	0	0.02874	0	0	0	0	0	0	0	0	0.00611	0	0.02999	0	0.00339	0	0	0	0	0	0.57059	0	0	0	0	0	0	0	0	0	0.02175	0	0.01605	0	0	0	0	0	0	0	0	0	3.2947	0.00084	0.01002	0.81192	0.01265	0	0	0	0	0	0	0	0.00405	0.14123	0	0.00918	0	0	0	0	0.02957	0.02483	0	0	0	0	0	0	0	0	0	0	0	0	0	0	0.01548	0	0	0	0	0	0.04196	0	0	0.01561	0	0	0	0	0	0	Type2
SRR341581	23.18029	0	0	1.02202	0	0	0	0	0	0	1.48685	18.75665	0	0	0	2.99631	0	0	0	0	7.64359	0	0	0	0	0.00432	0.57697	0	0	0.12646	2.75107	0.4497	0	0	0.55321	0	0	0.77054	0	0.21265	0	0	3.88193	0	0	0	0.19985	0.28485	0	0	0	0	0	0	0	0.0963	0	0	0	0	0	0.17048	0	0.53687	0.30411	0	0	0.00156	0	0.22754	0	0.00751	0.04046	0	0.01174	0	0	0	0.03759	0	0	0	0	0.00869	0	0	0	0	0	0	0	0	0	0	0	0	0	0	0	0	0	0	0	0	0	0	0	0	0	0	0	0	0	0	0	0	0	0	0	0	0	0	0	0	0	0	0	0	0	0	0	0	0	0	0	0	0	0	0	0	0	0	1.45525	0	0	0	0	0	0	0	0	0	0.00084	0	0	0	0	0	0	0	0.52138	0	0	0	0	0	0.04411	0	0	0	0	0	0	0	0	0.0595	0	0	0	0	0	0	0	0	0	0	0	0	0	0	0	0	0.2446	0	0	0	0	0	0	0	0	0.10657	0	0	0	0	0	0.02032	0	0	0	0	0	0	0	0	0	0	0	0	1.8423	0	0	0	0	0.00983	0	0	0	0	0	0	0	0	0	0	0	0.02148	0	0	0	0	0	0	0	0	0	0	0	0	0	0	0	0	0	0	0	0	0	0	0	0	0	0	0	0	0	0	0	0	0.2918	0	0	0	0	0	0	0	0	0	0	0	0	0	0	0	0	0	0.02012	0	0	0	0	0.63426	0	0.1764	0	0.28322	0	0	0.01205	0.10961	0	0.45733	0.18362	0.05144	0	0	0	0	0	0.01131	0	0	0.139	0	0	0	0.0017	0	0	0	0	0	0	0	0	0	0	0	0	0.16447	0	0	0	0	0	0	0	0	0	0	0	0	0	0	0	0	0	0	0	0	0	0	0	0	0	0	0	0	0	0	0	0	0	0	0	0	0	0	0	0.888	0	0	0	0	0	0.00962	0	0.01222	0	0	0	0	0.04425	0	0	0	0	0	0	0	0	0.05116	0.0098	0.14051	0	0	0	0	0	0	0.08164	0	0	0	0	0	0	0.02786	0	0	0	0	0	0	0.0007	0.35047	0	0	Type2
SRR413772	1.88583	0	1.18705	0	0	0.01962	0.93323	0.02944	0.01708	0	0.45331	0.13136	0.02211	0	0.1381	9.85964	0.09953	0.00441	0.28993	0	0.85414	0.04055	0.02319	0	0	1.20032	0.5389	0.03072	0.13758	0	1.27902	0.22051	0.02997	0.00087	0.34103	0.02471	0.46755	0.15564	0.04442	0.03844	0	0	1.09307	0.39414	0	0	0.02757	1.02636	0	0	0.00413	0	0	0.00155	0.03916	0.00129	0	0.2931	0	0.35592	0	0	1.15413	0	0	0.01095	0.03137	0	0	0.2055	0	0	0	0	0.5223	0	2.79229	0	0	0.00211	0.06475	0	0	0	0	0.22382	0	2.71112	0.11245	0.1576	0	0.43749	0.54706	0	1.41057	0.28782	7.80586	0	0	0	0	0.23865	0.85406	0.08509	0.65142	0	0	0	0	0	0	0.01415	0.34969	1.52628	0.29911	0.28816	0	0	0	0	0.30721	0	0	0.13229	0	0	0	0.00357	0	0	0.97306	0	0.0913	0.359	2.06987	0.04762	0	0	0.10736	0.11371	0.04327	0	0.86952	0	0	0.62477	0.0143	0.67619	0	0.10312	0	0.0225	0.12876	0.02054	0.4975	0	0.726	0.09897	0.02072	0.01553	0.05065	0.01883	0	0.04677	0.04879	0.02755	0.02991	0.0571	0	0	0.04868	0	0	0.08519	0	0.02769	0	0	0.05164	0.24535	0	0	0.00899	0	0.03465	0.02829	0	2.13862	0.00688	0	0.00294	0.00215	0.02571	0.26195	0.00352	0	0.30397	0.02191	0	0	0	0.1362	0.04489	0.32516	0	0.23187	0.01476	0.00047	0.07572	0.03758	0.02368	0.07846	9.00E-05	0.00348	2.49106	0.01348	0	0	0	0.19334	1.25555	0.23519	0	0	0	0.0009	7.89554	0	0	0	0.92376	0	0	0	0.1124	0	0.00405	0.04651	0.00606	0	0.22105	0	0.01684	0	0.10514	0	0	0.00294	0.00974	0.02467	0	0	0	0	0.00046	0.02975	0.03076	0.16676	0.01601	0	0.52166	0	0.43305	0	0	0	0.02058	0	0	0.03217	0.044	0.04209	0	0.06833	0	0.46968	0	0	0	0.00859	0	0.00161	0	0.02746	0	0.00241	0	0.00958	0	0	0	0	0	0	0.13632	0.06195	0.00195	0.0024	0	0.00333	0.00408	0.00098	0	0.03107	0	0	0	0	0	0	0	0	0	0	0	0	0.00247	0	1.8275	0	0.07288	0.00543	0	0.05129	0	0	0	0	0.02086	0.00021	0	0	0	0.03581	0	0.00793	0	7.00E-05	0.01182	0.01188	0	0	0	7.00E-05	0	0.2247	0.02064	0	0	0	0	0	0.01191	0.00087	0.00423	0	0.03446	0	0.02097	0	0.00062	0	0	0	0	0	0.0059	0	0	0	0	0	0	0	0	0	0	0	0	0	0.00098	0	0	0.00161	0	0.02692	0	0	0.00498	0	0	0	0	0	0	0	0	0	0	0.00632	0	0.00153	0	0.00544	0.00373	0.00029	0	0	0.00022	0	0	0.01365	0.00059	0.02217	0.0006	0	0	0.00088	0	0	Type2
SRR413771	5.65188	0.04032	0	0.18786	0	0.21343	0.64009	0.06752	0.02736	0	1.15845	0.1308	0	0	0	6.12813	0.23275	0.02628	0.00584	0	1.05406	0.06095	0	0	0	0.15626	4.92498	0.04964	0.11313	0	4.44206	0.00214	0.01191	0.03867	0.31295	0.04584	0	0.52983	0	0	0	0	0.70751	0	0	0	0.02481	1.68021	0.07441	0	0	0	0	0	0.00251	0.0928	0	0.00598	0	0.08044	0.01716	0.10611	5.24096	0	0	0.01206	0	0	0.00998	0	0	0	0	0	0.00053	0	1.68027	0	0	0.00053	0	0	1.11838	0	0	0	0.15107	0.00975	0.00029	0	0	0.58851	0.01365	0.00047	0	0.02461	0.50933	0	0	1.98976	0.28421	0.15291	0	0.02277	0	0	0.21582	0.28948	0	0	0	0.06393	0.00206	0	0	0.02158	0	0.54551	0	0	0	0	0	0.05212	0	0	0.01313	0.00955	0.0094	0	0	1.99448	0	0.03173	0	0	0	0	0.06942	0.29219	0.06577	0	0.0719	0.09058	0	0.02661	0	0.00093	0	3.10793	0	0.07313	0.02479	0.01765	0.01838	0	0.00857	0.5516	0	0.00392	0.05193	0	0	0.1443	0.00124	0.01721	0	0	0	0	0.02344	0	0	0.09978	0	0.07906	0	0	0.06184	0.48806	0.08535	0.05844	0.03004	0	0	0	0	1.11031	0.00047	0	0.05841	0	0.05041	0.03913	0	0	0	0.027	0	0	0	0	0	0	0	0	0.00686	0	0.00334	0.07345	0	0	0	0	0.00428	0	0	0.55919	0	0.00112	0	0.01005	0	0	0	0	5.62364	0	0	0.04302	1.2834	0	0.01907	0	0	0.01427	0	0.0614	0.01651	0.00573	0	0	0.07166	0	0.15436	0	0	0	0.00274	0.03049	0	0.01031	0	0.05681	0	0.07576	0	0.68882	0	0.00826	0	0	0	0	0	0	0.00093	0.0041	0.03532	0	0	0.04149	0.0379	0	0	0	0	0	0.02743	0.09342	0	0	0	0.03388	0.00835	0	0	0.01539	0.00426	0	0.02682	0	0	0	0	0.02946	0	0.01501	0	0	0.00281	0.03041	0	0.0054	0	0	0	0	0	0	0	0	0	0	0	0	0	0	0	0	0	0.02268	0	0.00138	0.24937	0.02245	0.00037	0	0.12275	0	0	0	0	0.00784	0	0	0.01761	0	0.00088	0	0	0	0	0	0	0	0	0.73165	0	0	0	0	0	0	0.00442	0	0.04618	0	0.02108	0.00231	0.00521	0	0	0.01648	0	0	0	0	0.08932	0	0	0	0	0	0	0	0	0	0	0	0.01023	0	0	0	0	0	0	0	0.00173	0	0	0	0	0	0.00046	0.06152	0	0	0	0	0	0	0	0	0.00299	0	0	0	0.33883	0	0	0.01274	0	0	0	0	0.07124	0.01343	0	0.00991	Type2
SRR413770	4.27223	0	0	2.57075	0.03234	0	0	0.08012	0	0	0	0.00128	0.03104	0.00309	0	0.02511	0	0	0	0	3.44847	0.02096	0	0	0	0.08562	0.04392	0	0.01444	0	1.98	0	0	0	0	0.00017	0	0.89736	0	0.16412	0	0	1.76427	0	0	0	1.28368	0.32435	0	0	0	0	0	0	0	0.12088	0	33.07943	0	0.01163	0	0.10339	0.09635	0.49374	0	0.03324	0.04189	0	0	0.10124	0	0	0	0	0.00319	0	2.59588	0.9542	0	1.37335	0	0	0	0.01457	0	0	0	0	0	0	1.53656	0.54656	0	0	0.01015	0.14024	0	0	0	1.49833	0	0.14948	0	0	0	0	0.26073	0	0	0.04818	0	0	0	0	0	0	0	0	0	1.04807	0	0	0	0	0	0	0	0.23473	0	0	0	0.00338	0	0	0	0	0	0	0	0	0	0	0.92757	0	0	0	0	0	0	0	0	0.00933	0.02898	0	0	0	0.04695	0.20669	0	0	0	0	0	0.01622	0	0	0.00277	0	0	0	0.2	0	0	0	0	0.15383	0	0	0.19559	0.43701	0	0	0.04132	0	0	0.02201	0	0	0.00612	0	0	0	0	0	0.00743	0	0.02074	0.08269	0.10629	0	0	0	0.10471	0	0	0	0	0.03844	0	0	0	0	0.00191	0	2.21547	0	0	0	0	0	0	0	0	0	0	0.00084	0.27574	0	0	0	0	0	0	0	0	0	0	0.00404	0	0	0	0	0.04885	0	0	0	0	0	0	0	0	0	0	0	0	0	0	0.2706	0	0.02163	1.39793	0	0	0	0	0	0.00427	0	0	0	0	0.0349	0	0.00542	0	0	0.00108	0	0	0	0	0	0	0.08998	0	0.00148	0	0.05835	0.03247	0.00577	0	0	0	0	0.0686	0	0	0.07283	0.02157	0	0	0.03592	0	0.4942	0.07579	0.13303	0.00177	0.02501	0.00108	0.0028	0	0	0.01571	0	0	0	0	0	0	0	0	0.33415	0	0	0	0	0.00087	0	0.04851	0	0.00235	0	0.00376	0	0.0019	0	0	0	0.11196	0.01212	0.00416	0.01182	0	0	0.45511	0	0	0	0	0	0	0.01314	0	0.01485	0.00414	0	0.02917	0	0	0.00768	0.00886	0	0	0.00514	0	0	0	0	0	0	0	0	0	0	0	0	0	0	0	0	0	0	0	0	0	0.00568	0.0193	0	0	0	0	0	0	0	0.01403	0	0.2294	0	0	0	0	0.01348	0.00811	0	0.00378	0.0057	0	0	0.03511	0	0	0	0	0	0.00692	0.00208	0.04127	0	0	0	Type2
SRR413767	9.97152	0.00134	0	0	0	0.06863	3.05541	0.3261	0	0	2.31464	0.24712	0.08269	0.01093	0	2.84271	0.24759	0.15849	0.21367	0	0.35471	0.10211	0	0	0	0	0.01309	0.09734	0.161	0	0.1717	0.05788	0.03307	0.04007	0	0	0.02867	0.34299	0.00045	0	0	0.007	1.28101	0.01733	0.00773	0	0.02751	0.366	0	0	0	0.02772	0	0	0.00299	0.00735	0.00637	0.00215	0.0337	1.66	0	0	0.66524	0	0	0.01088	0	0	0	0.16695	0	6.00E-05	0	0.00145	0.00162	0	4.30337	0	0	0.00331	0.72713	1.22496	0	2.89993	0.46487	0	0	0	0	0.31717	0	0.89231	0.11805	0.13981	1.55297	0.07843	0	1.11612	0	0.98105	2.10587	0.05162	0.11552	0.0179	3.26426	0.51109	0	0	0	0.11994	0.35398	0.15578	0.88293	1.03956	0.82018	0.59318	0	0	0.43653	0	0	0.27667	0	0.13576	0	0	0.04986	0	0.01446	0	0.05849	0.0019	0	0.02225	2.7272	0	0.11438	0.09317	0.2169	0.04308	0.469	0	0.0404	0.04597	0	0.09505	1.21176	0.01832	0.17092	0.11928	0	0.0678	0.18431	0.02887	0	0	0.02043	0.06516	0.0633	0.00144	0	0	0.0206	0.00164	0.05894	0.00231	0	0.07405	0.02366	0.0184	0.04684	0.05707	0	0.06674	0	0.10609	0	0	0.06028	0.08332	0	0.02037	0.08854	0.01632	0.15997	0	0	0.50485	0.00258	0	0.0002	0.00672	0.15581	0.0013	0.00395	0.01624	0.14189	0	0	0	0	0	0.07232	0	0	0.05684	0.00101	0.0019	0.05491	0	0.02323	0	0.02234	0.01503	14.62688	0	0.10859	0.13933	0	0	0	0.0296	0	0	0	7.00E-05	0.21438	0.02286	0	0.7446	0	0	0	0	0.25021	0.00973	0	0.01121	0	0.00318	0.21039	0	0.04712	0	0.56362	0.01113	0	0.00087	0.00206	0.08309	0	0	0	0	0	0.00481	0	0.217	0	0	0	0.11272	0	0	0.83335	0	0.02007	0	0	0	0.5954	0.01999	0.01284	0	0.00762	0	0	0	0	0.00644	0	0	0.06449	0.02961	0.00194	0	0.00564	0.02361	0.00105	0	0.00467	0	0	0.01185	0	0	0	0.00729	0	0	0.00408	0.01426	0	0.00373	0	0	0	0	0	0	0	0	0	0	0	0	0.10525	0	0	0	0	0.04366	0	0.00897	0.00981	0	0.00141	0	0	0.00129	0	0.01667	0	0	0	0.00142	0.12136	0.00026	0	0	0	0	0	0	0.65701	0	0	0	0	0.37318	0	0.00395	0	0	0	0.00503	0.00653	0	0.00344	0	0	0	0	0.00768	0	0	0	0	0.09461	0	0	0	0	0.02212	0	0	0.00026	0	0	0	0	0	0	0	0.00101	0	0.00985	0	0	0	0	0	0	0	0	0	0	0	0	0	0	0	0	0	0.00391	0	0	0	0	0	0	0	0	0	0	0	0	0	0	0	Type2
SRR413764	1.16375	0.13562	0	0	0.00438	0.04273	3.11988	0.20409	0.00079	0.0005	0.24125	0.10339	0.02879	0.01537	0.07561	0.13496	0.09118	0.07053	0.0308	0	0.01495	0.0468	0	0	0	0.07159	0.00567	0.06533	0.26497	0.03383	0.05127	0.0267	0.00832	6.00E-05	0.12305	0.01082	0.02038	0.1746	1.23432	0	0.50036	0.30546	0.05454	0.2367	0	0	0	0.12261	0	0.82313	0	1.19791	0.04792	0	0	0	0.13134	39.53721	0.03035	0.22744	0	0	0	0	0	0	0.00474	0.00194	0	0.01001	0.00251	0	0	0.00488	0.00495	0	0.48753	0	0.43628	0.00219	0.10672	0.04538	0	0	0.0012	0.01107	0	0	0.62292	0	0	0.0793	0.01068	0.03241	0.32475	0	0	0	0	0.00389	0.16646	0.05759	4.66077	0.05251	0.43879	0	0	0	0	0	0.14337	0.04887	0.26609	0.53049	0.39463	0.11294	0.00186	0	0.04982	0	0.0096	0	0.06564	0.11858	0	0	0	0	0.08134	0.00295	0.00223	0	0.07249	0.02153	0.06037	0.09867	0.03079	0.02333	0.02182	0.03774	0.04889	0	0	0	0.00526	0.4151	0.05455	0	0	0.00332	0	0.00263	0.00243	0	0	0	0	0.03465	0.02446	0	0.00837	0.01638	0	0	0.63154	0	0	0.01503	7.00E-05	0	0	0	0	0.05009	0	0	0.00216	0	0	0.00376	0.00109	0.0105	0	0.05858	0.02957	0	0.0991	0	0	0.06645	0	0.04465	0.0174	0.01248	0	0.00485	0.0121	0.00545	0	0.00013	0	0.02166	0.00303	0.02055	0	0	0.00373	0	0.00054	0.00015	0.00361	0	0.00226	0.02298	0.22788	0.02621	0.09221	0.35807	0.53082	1.5154	0.48695	0.00409	0	0	0.00069	0	0	0	0	0.06404	0	0	0	0	0.03465	0.03246	0.03163	0.00461	0	0	0.02559	0	0.00095	0	1.55762	0.10642	0.00155	0	0	0	0.01108	0	0	3.14552	0.00476	0.01221	0	0	0	0	2.05292	0	0	0	0.02952	0	8.00E-05	0	0	0.02524	0.03677	0	0	0	0.13003	0	0	0	0	0.00317	7.00E-05	0	0	0.00233	0.00226	0.00042	0.00011	0	0	0	0.02443	0	0	0	0.38872	0	0	0	0	0.38649	0.01908	0	0.03357	0	0.00343	0	0.02511	0	0	0	0.00132	0.00606	0.03867	0.01463	0	0.00486	0	0	0	0.05418	0	0	0	0	0	0	0	0	0	0	0.01458	0	0	0	0.04224	0	0	0	0	0	0	0	0	0	0.14492	0	0.00892	0	0	0.29343	0.25529	0	0.0303	0	0	0.00057	0	0	0	0	0	0.01019	0	0	0.00322	0	0	0	0.36698	0	0.01049	0	0.01244	0.02637	0.0051	0.00102	0.0034	0	0	0	0	0	0.00107	0	0	0	0.00504	0	0	0.00348	0	0.00632	0.0018	0	0	0	0	0	0	0	0	0	0	0	0	0	0	0	0	0.00974	0.01879	0	0	0	0	0	0	0	0	0	Type2
SRR413763	7.50751	0.02788	0	0.66863	0.31717	0.10621	0	0	0	0	0.00259	0	0	0.01124	0	0.74771	0.00174	0	0.08193	0	0.53217	0	0	0	0	0	0.03557	0	0	0	0.34205	0	0	0	0.05668	0	0	0.16586	0	0	0	0	0.318	0	0	0	0.1268	0.12162	0.2773	0	0	0	0	0	0	0.00242	0	0	0	0	0	0.05763	0	0	0.00964	0	0	0	0	0	0	0.00113	0	0	0.00387	0	0	0	10.54004	0.02832	0	0	0	0.00697	0	0	0	0	0	0	0	0	0	0	0	0	0	0	0	0	0	0	0.00757	0	0	0	0	0	0	0	0	0	0	0.00274	0	0	0	0	0	0	0	0	0	0	0	0	0	0	0	0	0	0.01059	0	0	0	0	0	0	0	0	0	0	0	0	0	0.01105	0	0	0	0	0	0	0	0	0	0	0	0	0	0	0	0	0	0	0.02835	0	0	0	0	0	0	0	0	0.04826	0	0	0	0	0	0	0	0	0	0	1.70512	0	0	0	0	0	0	0	0	0	0	0	0	0	0	0	0	0	0	0	0	0	0	0	0	0	0	0	0.00163	0	34.09593	0	0.00624	0	0	0	8.99888	0	0	0	0	0	0.00919	0	0	0	0	0	0	0	0	0	0	0	0	0	0	0	0	0	0	0	0	0	0	0	0	0	0	0	0	0	0	0	0	0	0	0	0	0	0	0	0	0	0	0	0.83791	0	0	0	0	0	0	0	0	0	0	0	0	0	0	0	0	0	0	0	0.00101	0	0	0	0	0	0	0.00808	0	0	0	0	0	0	0	0	0	0	0	0	0	0	0	0	0.06919	0	0	0.0037	0	0	0	0	0	0	0	0	0.00856	0	0	0.01208	0	0.17278	0	0	0	0	0	0.00431	0	0	0	0	0.00388	0	0.51894	0	0	0	0	0	0	0	0	0	0	0	0	0	0	0	0	0	0	0	0	0	0	0	0	0	0	0	0	0	0	0	0	0	0	0	0	0	0	0	0	0	0	0	0	0	0	0	0	0	0	0	0	0	0	0	0	0	0	0	0	0	0	0	0	0	0	0	0	0	0	0	0	0	0	0	Type2
SRR413758	11.81754	0	0	0	0	0.43862	2.21712	0	0	0	0	8.15248	0	0	0	2.19928	0	0	0	0	1.70659	0.26251	0	0	0	0.00115	0.99859	0	0	0	1.15466	0.6361	0.65643	0	0	0	0	0.02602	0	0.17265	0.00341	0	3.72822	1.57277	0	0	0.22146	0	0	0.00519	0	0	0	0	0	0.69945	3.64277	0	0.02937	0	0	0	0	0	0	0	0	0	0	0	0.00895	0.00222	0	0	0.00803	0	2.21519	0	2.39038	0	0	0	0	0.00497	0	0	0	0	0	0	2.44087	0.36202	0	0	0	0	0	0	0	3.65874	0	0.21013	3.64235	0	0	0	20.46708	0	0	0	0	0	0	0	0.81147	0	0	0	0	0	0	0	0	0	0	0	0	0	0	0	0	0	0.44154	0	0	0	0	0	0	0.4643	0	0	0.99622	0	0	0.37621	0	0	0	0	0	0	0	0	0	0	0.05656	0	0.17881	0	0.61701	0	0	0	0	0	0	0	0	0	0	0	0	0	0	0	0	0	0	0	0	0	0	0	0	0	0	0	0	0.09099	0	0	0	0.67969	0	0	0	0	0	0	0	0	0	0	0	0	0	0	0	0	0	0	0	0	0	0	0	0	0	0	0	0	0	0	0	0.0083	0.31643	0	0	0	0	0	0	0	0	0	0	0	0	0	0	0	0	0	0	0	0	0	0	0	0	0	0	0	0	0	0	0	0	0	0.00035	0	0	0	0	0	0	0	0	0	0	0	0	0	0	0	0	0	0	0.12498	0	0	0	0	0	0	0	0	0	0	0	0	0	0	0	0	0	0	0	0	0	0	0	0	0	0	0	0	0	0	0	0	0	0	0	0	0	0	0	0.01201	0	0	0	0	0	0	0	0	0	0	0	0	0	0	0	0	0	0	0	0	0	0	0.00079	0	0	0	0	0	0	0	0	0	0	0	0	0	0	0	0	0	0	0	0.00295	0	0	0	0	0	0	0	0	0	0	0	0	0	0	0	0	0	0.00381	0	0	0	0	0	0	0	0	0	0	0	0	0	0	0	0	0	0	0	0	0	0	0	0	0	0	0	0	0	0	0	0	0	0	0	0	0	0	0	Type2
SRR413747	0.14449	0.27166	0.59795	0	0	0.29802	3.01638	0.12777	0.00172	0.45306	0.0381	0.12173	0.00625	2.28913	0	0.4658	0.22492	0.03007	0.06344	0	0	0.06837	0.02452	0	0	0.00167	0.07308	0.06345	0.16351	0	0.31619	0.12059	0.00348	0.09832	0	0.00079	0.13906	0.01777	0.04961	0	0.12152	0.02955	0.03288	0.25959	0.01607	0	0	0.6574	0	0.00624	0.00024	0.03295	0	0.02555	0	0	0.08501	14.84058	0	0.11957	0.01888	0	0.04385	0	0	0	0	0	0	0.02199	0	0	0	0	0.001	0	0	0	0	0	0	0.00309	0.16985	0.02033	0.01268	0	0	0	2.82247	0	0.00781	0.11619	0.01861	0.03926	0.09069	0.02021	0.02244	0	0	0.0383	0	0	0.43321	0.03624	0.009	0.03943	0	0.01111	0.0281	0.02911	0.09307	0.09081	0.00974	1.93984	0.09685	0.03093	0.02262	0	0	9.00E-05	0.03711	0	0	0.23474	0.03863	0	0.02004	0.00254	0	0	0.01415	0	0.10482	0.02772	0.02169	0.08639	0.01814	0.02427	0.00555	0.09362	0	0.00255	9.00E-05	0.03599	0.00726	0	0.02018	0.02725	0	0.25625	0	0.01507	0.00151	0	0	0	0.01017	0.03058	0.02771	0	0.05339	0.05995	0.01865	0	0.02077	0.00135	0	0.00586	0	0.00845	0	0.00338	0	0.11628	0.00884	0	0	0.24895	0	0.00432	0.00443	0.00699	0.01213	0.01426	0.13271	0.00593	0	2.19458	0	0.03511	0.11741	0.09313	0.02253	0	0	0.00596	0.01438	0	0	0	0.01252	0.00552	0.0001	0.26248	0	0.15239	0.02393	0	0.00483	0.00504	0.04538	0	0.00668	0.02247	0	0.04448	0.09605	1.47071	0	0.70597	0.20011	0.68073	0	0	0	0	0.0146	0.09575	0.02105	0	0.0075	0	0.07715	0.00959	0	0	0.02718	0.05629	0.06833	0.0437	0.28527	0	0.00237	0	0	0	0.0035	0.00254	0	0	0.00086	0.00058	0.08004	1.54771	0.01353	0	0.00904	0.01935	0	0.00585	0	0.334	0	0.00167	0	0	0	0	0.00356	0.00809	0	0	0	0	0.05414	0	0	0	0.01835	0.1864	0	0	0	0.0023	0	0	0.00474	0	0	0.00496	0.00159	4.56192	0	0	0.03229	0	0	0	0	0	0	0	0.00032	0	0	0.00493	0.0002	0	0	0	0	0	0.00821	0	0	0	0	0	0	0.00727	0	0	0	0	0	0	0	0	0	0	0	0	0.00537	0	0	0.0017	0	0	0	0	0	0	0	0	0	0	0.00736	0	10.28124	0	0.19176	0	0	0	0	0	0	0.01607	0.00367	0	0	0	0	0	0	0	0	0.00888	0.10994	0.02743	0.3296	0	0	0	0	0	0	0	0	0	0	0	0	0	0	0	0	0	0	0	0	0	0	0	0	0	0	0	0	0	0	0	0	0	0	0	0.03386	0	0	0	0	0	0.03076	0	0	0	0	0	0	0	Type2
SRR413741	0.25151	0.16917	1.49739	0.05136	0	0.02325	4.45025	0.0159	0	0.02905	1.56284	0.58828	0.02354	0.00101	0.65021	8.54682	0.01223	0	0.03466	0	0.0731	0	0	0	0	0.46514	0.13722	0	0.14261	0	4.38253	0.43954	0.23283	0.04523	0	0.08895	0.18358	3.81892	0.01099	0	0	0	1.23648	0	0	0	0.04585	0.02482	0	0.00043	0.00798	0	0	0	0.01273	0.0193	0	0.00363	0	0.91893	0.28959	0	0.18349	0	0	0.0367	0	0	0	0	0	0.00049	0.00272	0	8.5816	0	0	0	0	0.00143	0	0	0	0	0	0	0	0	0	0.25017	0	0.2124	0	0	0	0	0	0	0	0	0	0	0	0	0	0	0	0	0	0	0	0.48493	0	0	0	0	0	0	0	0	0	0	0	0	0	0	0	0.02562	0	0	0	0.12247	0.14118	0.40597	0.0248	0	0	0	0	0.03683	0	0	0.02075	0	0	0.05072	0	0	0.42052	0	0	0	0	0	0	0	0	0.13689	0	0	0.13695	0.00815	0	0	0.01745	0	0	0	0	0	0.04769	0	0	0.04332	0	0.03541	0	0	0	0.41018	0	0	0.09537	0.07974	0.12695	0	0	0	0	0	0	0	0.00206	0	0	0	0	0.03045	0.12212	0	0	0	0	0	0	0	0.00232	0	0	0	0	0	0.01024	0.01395	3.46668	0	0.00686	0	0	3.8643	0	0	0	0	0	0	0.31888	0	0	0	0	0	0	0	0	0	0.07954	0	0	0	0.25053	0	0.06501	0	1.50523	0	0	0.02235	0	0	0	0	0	0	0	0.00341	0	0	0	0	0	0	0	0.13099	0.01127	0	0	0	0	0	0.55866	0	0	0	0	0	0	0	0	0	0	0	0	0	0.00311	0	0	0.03921	0.03467	0	0	0	0	0	0.19231	0.02674	0	0.0969	0	0	0.00616	0.01777	0	0.01604	0	0	0	0	0.00165	0	0.00867	0	0	0	0	0	0.00199	0	0	0	0	0.13343	0	0.01007	0	0	0	0.02129	0	0	0	0	0.00493	0	0	0	0	0	0.0261	0	0	0	0	0	0	0	0	0.32908	0	0	0	0	0	0	0	0	0	0.07711	0.0004	0	0	0	0	0	0	0	0	0.00055	0	0.01746	0	0	0	0	0	0	0	0	0	0	0	0	0	0	0	0	0	0.01531	0	0	0	0	0	0	0.00182	0	0	0	0	0	0	0	0	0	0	0	0	0	0	0	0	0	0	0.00165	0.01022	0	0	0	0	0	Type2
SRR413740	8.70389	0.24076	0.03787	0.08817	0.00742	0.05799	5.3021	0.16239	0	0.13032	0.53926	1.32394	0.08404	0.02161	0.01373	6.06349	0.07655	0.08272	0.09503	0	0.0707	0.03986	0	0	0.01475	0.88285	0.14042	0.10093	0.59401	0.01594	1.10275	0.06554	0.01925	0.00646	0.5696	0	0.03755	0.76116	0.0033	0	0	0.02159	1.0114	0.21507	0	0	0.02496	0.26874	0	0	0	0.06171	0	0	0	0	0.02207	0.00119	0	0.35345	0.00275	0	0.22762	0	0	0	0	0	0.02732	0.16537	0	0.00041	0	0	0.12517	0	4.29181	0	4.41355	0.34248	0.90904	0	0	0	0	0	0	0	0.26234	0.02616	0.14505	0.38962	0	0	0.48885	0.07302	0	0	0	0	0	0.00285	1.18712	0.10603	1.87347	0.89201	0	0	0	0	0	0.07998	0.2676	0.90808	0	0.14319	0	0	0	0.14597	0	0	0.93869	0.02835	0	0	0	0.22323	0.02374	0	0	0.00211	0.00908	0.01167	4.55209	0	0	0.02902	0	0.04338	0.07369	0	0.0232	0	0	0.98398	0.47802	0	0.08234	0.03496	0	0.0228	0.08467	0	0	0	0.00407	0.044	0.03223	0.00174	0.00737	0.00442	0	0	1.22629	0	0	0	0.08564	0	0.02225	0	0	0.04396	0	0.01085	0	0	0.04255	0.02451	0	0.03138	0.05469	0.00861	0.06156	0.00049	0	0.05408	0.00116	0.04565	0.00834	0	0.01454	0	0.00117	0.00987	0.10328	0.00606	0	0	0	0.00927	0	0.12469	0.01041	0	0	0.00163	0.017	0.00997	0	0	0.09997	0	11.29997	0.04223	0.12671	0	0	0.01327	0.0808	0.20305	0	0	0.00678	0.00161	0.31381	0.05408	0	0	0	0	0.0139	0.0105	0	0.0368	0.02168	0.00748	0	0	0	0.02592	0.04916	0	3.51293	0.17586	0	0	0	0	0.00718	0.04316	0	0.19857	0.0035	0	0	0.06886	0	0.04448	0.18506	0	0.3802	0	2.20064	0.18582	0	0.0214	0	0	0	0	0	0	0.00338	0	0	0.00434	0	0.00672	0	0.00044	0.00378	0.01376	0	0.00685	0	0.02777	0.00532	0	0.0735	0	0	0	0.15941	0.07844	0.00266	0.00996	0	0.31602	0	0.00209	0.01603	0.00733	0.03153	0.04708	0.08134	0	0	0	0	0.03247	0.01353	0	0	0	0.13578	0.34337	0	0	0	0.00697	0.00258	0.00276	0	0	0.00241	0	0.01138	0.00171	0.00266	0.07064	0	0	0.08787	0	0	0.00064	0.00366	0	0	0	0.00037	0	0	0	0	0.09704	0	0	0	0	0.55043	0	0.0031	0	0	0	0.01909	0	0	0	0	0	0	0	0.03518	0	0.08132	0	0	0	0	0	0	0	0	0	0	0.00181	0	0	0	0	0	0	0	0.00101	0	0.02223	0	0.00031	0	0	0	0	0	0	0	0	0.07388	0.00155	0	0	0.0083	0.00039	0	0	0.01944	0	0	0	0	0.01495	0	0	0.0391	0	0	0	Type2
SRR413739	3.67399	0.02947	0	0.02845	0.00349	0.38309	2.33785	0.21927	0.00313	0	0.638	0	0.07654	0	0	9.73612	0.15197	0.07587	0.13056	0.00429	0	0.05695	0	0	0	0.38259	0.07663	0.15255	0.27611	0.03237	0.26393	0.06562	0.00435	0.0072	0.22128	0.01341	0.01392	0.71227	0.02411	0	0	0	0.37192	0.17394	0.05773	0	0.00168	0.34928	0	0.03742	0	0.02413	0.00071	0.00823	0	0	0.02954	0.01408	0	0.34921	0.07176	0	0.28856	0	0	0	0.00297	0	0	0.00822	0	0	0	0	0.02056	0	2.72469	0	4.79499	0.00208	0.19074	1.23878	0.16071	0.14251	0.25372	0	0.48804	0.14176	0	0.00221	0	0.50879	0.14543	0.06673	0.57528	0.00862	0	0.06177	0	1.11153	0.33156	0.05596	0	0.26211	0	0.17535	1.27193	0	0.01364	0.0936	0.03435	0.27977	0.04784	0.4859	0.37109	0.11365	0.05937	0	0.30821	0	0.3546	0.13198	0.88946	0.76737	0.9834	0	0.0842	0.02999	0.01519	0	0.06554	0.00139	0.04239	0.0158	0.01584	0.08743	0.07102	0	0	0.03722	0.00776	0.00354	0.02555	0.01193	0	0	0.70221	0	0	0.01471	0.00973	0.05969	0.11098	0.01714	3.23818	0	0.03075	0.07924	0.01811	0.00086	0.13042	0.05643	0.04229	0.01083	0.36238	0.18041	0	0	0	0.02473	0.008	0.06081	0	0.0751	0	0.00145	3.56244	0.15518	0.01595	0.05977	0	0.10311	0.00698	0.03053	0.15309	0.06321	0.06709	0	0.00445	0.03653	0.02058	0.03798	0.02348	0.19673	0	0.00539	0.04422	0.00042	0.0394	0	0.04144	0.00444	0	0.00987	0	0.12744	0.0698	0	0	0.0317	0.03124	0.00573	0.03203	0.00387	4.84802	0.03467	0.06197	0.15594	0	0.00639	0	0.01186	0.06003	0.34649	0	0	1.24597	0.02951	0.17154	0.09655	1.64028	0	0	0.00198	0	0.09537	0.00632	0.01901	0.01348	0	0.05037	0	0.01963	0	0.79712	0	0.00942	0.01524	0.02402	0.00836	0	0	0.09384	1.68734	0	0.03153	0	0.0349	0	0.01937	0	0	0	0.008	0.27607	0	0.0162	0	0.00176	0.0115	0	0.04565	0.00878	0.00272	0	0	0.00763	0	0.05766	0.01093	0.01673	0	0	0.00853	0	0	0.00081	0	0.00266	0	0.00654	0	0	0	0.31857	0	0.00653	0.00497	0	0.11911	0.01277	0.00489	0	0	0	0.01896	0	0	0	0	0.02565	0.07646	0	0	0	0	0	0	0.00399	0	0.08441	0.00299	0	0.00722	0.04676	0	0.00054	0	0	0.00037	0	0	0	0	0	0	0	0	0.00686	0.00964	0	0	0.00044	6.00E-05	0	0	0	0	0	0	0	0.08153	0.0025	0	0.00477	0.00265	0	0	0.00071	0.0033	0.01304	0	0	0	0	0	0	0	0	0	0	0	0	0	0	0	0	0	0	0	0	0	0	0	0.01399	0.00567	0	0	0.01401	0	0	0	0	0	0	0	0	0	0	0	0	0.00047	0	0.01571	0.00196	0.00057	0.03388	0	0.00044	0.02344	0	0.0609	0	0	0	0.00052	0.03712	0	0.0404	0	Type2
SRR413734	5.39282	0.21894	0	0.02234	0	0.01824	0	0.00152	8.00E-05	0.00672	0	1.05539	0	3.63019	0	1.51736	1.83009	0	0.00563	0	1.23412	0.05644	0.02049	9.00E-05	0	3.60226	1.15062	0	0.17281	0	0.28681	0.18186	0.0206	0.08825	0	0	1.8801	0.00053	0	0.03803	0	0	0.99168	0	0	0	0.07503	1.13497	0	0	0	0	0	0.00041	0.21717	0.01048	0	0.02662	0	0	0	0.31735	0.00424	0	0	0.00879	0	0	0	0.68674	0	0	0.10792	0	0.00845	0	11.98664	0	0	0.68577	0	0	0	0	0	0	0	0	1.2595	0.30983	0.31915	0.21532	0	0	0	0.02078	0	0	0	0	0	0.87367	0.00838	0	0	0	0	0	0	0	0	1.55343	0	0	0	0	0	0	0	0	0	0	0	0	0	0.0354	0	1.51142	0	0	0	0.00185	0.00792	1.54292	0	0	0	0	0	0.44449	0	0	1.04067	0	0	0	0	0	0	0	0	0.04339	0.0115	0	0	0	0.11067	0.00425	0	0	0.03286	0	0	0	0	0	0.02949	0	0	0.00366	0.37805	0	0	0.08681	0	0.36684	0	0	0	0.24467	0	0	0.26263	0	0.13589	0.27139	0	0	0	0	0	0	0	0	0	0	0	0	0	0	0	0	0	0	0	0	0.02188	0.02844	0	0	0	0	0	0	5.26828	0	0.00216	0	0	0.02542	0.01714	0	0	0	0	0.00059	0	0	0	0	0	0	0.0877	0	0	0	0	1.46545	0	0	0	0	0.09083	0	0	0	0	0.0023	0	0	0	0	0	0	0	0	0	0.05025	0	0	0	0	0.88324	0	0	0	0.00729	0	0	0	0	0	0	0	0	0	0	0	0	0.33679	0	0	0	0.01302	0	0.00063	0.00071	0.20379	0	0	0	0	0	0.01012	0	0	0	0	0.259	0.01708	0.02968	0	0	0.04397	0	0.00047	0	0	0.02098	0.02302	0	0	0	0	0	0	0	0	0.0939	0.00095	0	0	0.03859	0	0.22224	0	0.00106	0.09083	0.05849	0.00034	0	0	0.00702	0	0	0	0	0.0001	0.00099	0.02118	0.01135	0.00041	0	0	0	0	0	0.38954	0	0	0	0	0	0	0	0	0	0	0	0	0.01238	0	0	0.00573	0	0	0	0	0	0	0	0.0719	0	0	0	0	0	0	0	0	0.00225	0.04058	0	0.03665	0	0.20645	0.00427	0.00406	0	0.00069	0	0	0	0.02388	0	0	0	0	0.0073	0.32668	0	0	0	0	0	0	0	0	0	0	0	0	0	0.01617	0.01791	0	0	0.01215	0	0	Type2
SRR413731	26.49047	0.43186	0	0.12306	0	0.17839	0.32715	0.41756	0	0	2.69057	0.86929	0.11038	0	0	2.81412	0.26848	0	0.1528	0	1.92215	0.04621	0.01661	1.70388	0.05488	0	0.48416	0	0.02055	0	1.43292	0.05721	0	0.03479	0	0	0	1.19216	0.04824	0.00134	0.03313	0.00485	1.40914	0	0	0.01547	0.15864	0.40141	0.00461	0	0	0	0	0	0.00035	0	0.01134	0.00472	0	0	0	0.00122	0	0	0.01068	0.02811	0	0	0.01905	0.92922	0.00871	0.00248	0	0	9.77018	0.00152	0	0	0	6.55026	0	0	0	0	0	0	0	0	0	0	0	0	0	0	0	0	0	0	0	0	0	0	0	0	0.01721	0	0	0	0	0	0	0.06614	0	0.81674	0	0	0	0	0	0	0	0	1.35453	0	0	0	0	0.00266	0	0	0	0.00124	0.11444	0.01931	0	0.1128	0	0	0	0.02548	0.11718	0	0.00398	0	0	0.08739	0	0	0	0	0	0	0.05374	0	0	0	0	0	0	0	0.10155	0	0	0	0.30994	0	0.01194	0	0	0	0	0	0	0	0	0.27952	0	0	0	0.12126	0	0	0	0.05032	0	0	0	0	0	0	0	0	0.00039	0	0	0	0	0	0	0	0	0.00655	0	0	0	0	0	0.01724	0	0	0	0	0	0	6.15049	0	0.04651	0	0	0.70559	0	0.01055	0	0	0	0.00056	0	0	0	0	0	0	0	0	0	0	0	0	0	0	0	0	0.00808	0	0	0	0	0	0	0	0.01017	0	0	0	0	0	0	0	0	0	0.00186	0	0.03565	0	0	0	0.01003	0	0	0	0	0	0	0	0.0001	0	0	0	0	0	0	0	0	0	0.0025	0	0	0	0	0	1.24012	0	0	0.70203	0	0	0	0	0	0	0	0	0	0	0	0	0	0.02384	0	0	0	0	0	0	0.00428	0	0	0	0	0	0	0	0	0	0	0	0.00125	0	0	0.00081	0	0	0	0	0	0	0	0.00017	0	0	0	0	0	0	0	0.54688	0	0	0	0	0	0	0	0	0	0	0	0	0	0	0	0	0.00183	0	0	0	0	0	0.44677	0	0	0	0	0	0	0	0	0	0	0	0.00057	0	0	0	0	0	0	0.00116	0	0	0	0	0	0	0	0	0	0	0	0	0	0	0	0	0	0	0	0	0	0	0	0	0	0	0	0	0	0	0	0	Type2
SRR413728	6.5552	0	0	0.07283	0.13976	0	0	0.32163	0	0	0.00306	2.2487	0	0	0	9.79268	0.43585	0	0.01838	0	0.02972	0	0	0	0	3.80243	0.0065	0	0.00517	0	4.0152	0.08389	0	0	0.62907	0	0	0.00285	0.0247	0.00221	0	0	3.85274	0	0	0	0.21328	1.12375	0	0	0	0	0.00256	0	0	0.0453	0	0.00311	0	0	0.19232	0.08323	0.5961	0	0	0.02615	0.04147	0	0.23228	0	0	5.00E-05	0	0.00126	0.32991	0	8.00E-05	3.92739	0.28804	0.00791	0	0	0.31195	0.0002	0	0	0	0	0	0	0.34003	0.44984	0	0	0	0	0	0	0	0.02982	0	0	0	0	0	0	0	0	0	0	0	0	0.24489	0	0	0	0	0	0	0	0	0	0	0	0	0	0	0.06994	0	0	0	0.00297	0	0.16323	0	0	0	0	0	0.00464	0.64493	0	1.03015	0	0	0	0	0	0	0	0	0	0	0	0	0	0.15214	0.13108	0	0	0	0	0	0.0181	0	0	0.13196	0	0	0	0	0	0	0	0	0.43928	0	0	0	0.67952	0	0	0.75342	0	0	0	0	0	0.00468	0	0	0	0	0	0	0	0	0	0	0	0	0	0	0	0	0	0	0	0	0	0	0	0	0	21.22451	0	0.3342	0	0	0	0	0	0	0	0	0.00246	0.47281	0	0	0	0	0	0	0	0	0	0	0	0	0	0	0	0.13857	0	0	0	0	0	0	0.03853	0	0.00202	0	0	0	0	0	0.01102	0	0	0	0	0	0	0	0	0	0	0	0	0	0	0	0	0	0	0	0	0	0	0	0.05149	0	0.13366	0	0	0	0	0.54634	0	0	0.20684	0	0	0	0.0402	0	0.24061	0	0	0.00275	0.01801	0	0.05419	0	0	0	0	0	0	0	0	0	0	0.05255	0	0	0.00485	0	0	0.01748	0	0	0	0.07234	0	0.00234	0	0	0.002	0	0	0	0.02527	0	0.00188	0	0.00091	0	0.00503	0	0.01376	0	0	0	0	0	0	0	0	1.17697	0	0	0	0	0	0	0	0	0	0	0	0	0.0273	0	0	0	0	0	0	0	0	0	0	0	0	0	0	0	0	0	0	0	0	0	0	0	0	0	0	0	0	0	0	0.07329	0.22838	0	0	0	0	0	0	0.16114	0	0	0	0	0	0	0	0	0	0	0	0	0	0.31188	0	0	0	Type2
SRR413727	6.5588	0	0	0.07654	0	0.19775	2.9682	0	0	0.03741	0.41763	0.21738	0	0.66022	0	7.7822	0.51579	0.12539	0	0	0.90907	0.04537	0	0.14312	0.04933	5.30901	0.42116	0.0242	0.09356	0	0.73402	0	0.25495	0.10198	1.41633	0.0118	0.14575	0.04055	0.00085	0	0	0	0.33484	0.33274	0	0	0.02305	1.54661	0	0	0	0	0.00036	0	0	0.00596	0	0	0	0.77222	0	0	0.04003	0	0	0	0.03347	0	0.00077	0.41863	0	0.00012	0.0002	0	0.04835	0	4.65749	0.00131	0.00072	0.98832	0	0	0	0.53762	0	0	0	0	0	0.94093	0.53934	0.39187	0	0	0.92508	0.11833	0	0	0	0.04528	0	0.25603	0	0	0.06487	0	0	0	0	0	0	0.25647	0	1.86942	0.31737	0.34843	0	0	0	0.00643	0	0	1.91285	0.16476	0	0.11076	0	0	0	0	0	0.00129	0	0.32513	0.04978	0.03264	0	0	0	0.02582	0.36275	0	0.03848	0	0.11767	0	0.06845	0	0	0.00564	0	0.00444	0.0577	0.00445	0	0	0.00387	0.01914	0.11736	0	0.05659	0	0	0	0.17013	0	0.01197	0	0	0	0.05506	0	0	0.03071	0	0.16869	0	0	0.00322	0.23989	0	0	0.00084	0	0.43329	0.00888	0	0	0.00286	0	0	0	0.03855	0	0	0	0.17171	0.00354	0.25592	0	0	0	0	0.78264	0	0	0	0.04188	0.00925	0.00417	0	0	0	0.00486	9.61628	0	0.14997	0	0	2.50488	0	0.02637	0	0	0	0	0.3336	0	0	0	0	0	0.02769	0	0	0	0	0.37529	0	0	0.00028	0	0.04225	0	2.38014	0	0	0.00257	0	0.02419	0	0.02552	0	0	0	0.00432	0	0.01343	0.00462	0	0	0	0	0	0	0.29321	0.01329	0	0	0	0.06471	0	0	0.10642	0	0	0	0	0	0.02713	6.00E-05	0.00813	0.01974	0.03551	0	0	0	0.0043	0	0	0	0	0.29536	0.06163	0	0.00164	0.03394	0.02736	0	0.01887	0.00506	0.00204	0	0.00897	0	0.00336	0	0.0497	0	0	0	0	0	0	0	0	0	0	1.20541	0	0	0.00789	0	0.00852	0	0	0.00125	0.00552	0.00466	0.0007	0	0.06375	0.10417	0	0	0	0	0.00042	0	0	0	0	0	0	0	0.95897	0	0.70718	0	0	0	0	0	0	0	0.00435	0	0.00101	0.00886	0	0	0	0	0.00176	0	0	0.01592	0	0	0	0.04777	0	0	0	0	0	0	0	0	0	0.00043	0	0	0.01933	0	0	0.0029	0.00076	0.00024	0.01524	0	0	0	0	0	0	0	0	0	0.00034	0	0.00102	0	0	0	0	0	0	0.00362	0	0	0	0	0.02231	0.00156	0.00398	0	0	0	0	Type2
SRR413726	1.18273	0	0	0.01087	0.09184	0.11243	1.88483	0.07528	0.00186	0.09316	0.00868	0.38022	0.12952	0.00836	0	0.75757	0.26665	0.05091	0.04301	0	0	0.02616	0	0	0	0.2102	0	0.03625	0.0203	0.0024	2.92932	0.09154	0.02268	0.0441	0.14947	0.00772	0.13203	0.0478	0	0	0	0.00193	0.05504	0	0.0098	0	0	0.11011	0	0	0	0.10557	0.01184	0.00421	0	0	0.00786	23.85096	0	0.00611	0.239	0	0	0	0	0.00138	0.00012	0	0	0.01712	0	0	0	0	0.35356	0	0.04483	0	0	0	0.28391	0.00089	0	0.00445	0	0	0.00071	0	0	0	0.01957	0.00079	0	0	0.07267	0	0.00353	0	0.59035	0.00191	0	0	0	0	0.10744	0	0	0	0	0	0	0.13867	0	0	0.23887	0.02544	0.01596	0	0.57877	0.00523	0	0	0.23687	0.22397	0	0	0	0	0	0	0.0026	0	0.05895	0.07385	0	0	0	0	0.06628	0.03054	0.15686	0	0.0047	0	0	0	0.11357	0	0	0.12246	0	0.14406	0	0.0241	0.04986	0	0	0	0.08656	0	0.03254	0.04005	0	0	0.05384	0	0	0.00342	0	0	0	0	0	0.11592	0	0.20114	0.24041	0	0	0.04004	0	0.00478	0	0.10244	0.14535	0	0.39965	0	0	0.02737	0	0	0.03034	0.19254	0	0	0	0	0	0	0	0.03566	0	0.00649	0	0	0.00092	0	0	0	0.00239	0	0	0.00215	0.29378	0.02626	0.12127	0	0	0	5.66971	0.05816	0	0	0	0	0.0081	0	0	0	0	0	0	0	0	0.0023	0.05695	0.04651	0	0	0.02815	0	0.0172	0	1.52542	0.27584	0.00379	0.00412	0	0	0.01881	0.00946	0	0.00186	0	0	0	0	0	0	9.18277	0	0.36185	0	0	0.00384	0	0	0	0.02913	0.02372	0.00389	0	0	0.00029	0	0.00043	0	0	0.12122	0	0	0	0	0	0.00015	0.00846	0	0	0	0.00748	0	0	0.01316	0.80446	0	0	0	0	0	0.01284	0	0.00269	0	0	0	0	0.01672	0	0	0.08648	0	0.00095	0	0	0	0	0	0	0	0.01873	0	0	0	0	0	0	0	0	0	0	0	0.00332	0	0	0	0.0736	0	0	0	0	0	0	0	2.08313	0	0	0	0	0	0	0	0	0	0	0	0	0	0	0	0	0	0	0.00223	0.00102	0	0	0.00647	0	0	0	0	0	0	0	0	0.00132	0	0	0	0	0	0	0	0	0	0	0	0	0	0	0.00159	0	0	0	0	0	0	0	0	0	0	0	0	0	0	0	0	0	0	0	0	0	0	0	0	0	0	0	0	Type2
SRR413722	9.28674	0	0.28665	0.68397	0.08266	0.3713	7.16416	0.61893	0	0.0424	1.45671	0.83184	0	0.39711	1.1678	0.53357	0.74378	0.16314	1.25763	0.01286	0.54246	0.21985	0.06144	0	0	1.30181	0.11219	0	0.15118	0.02276	0.58493	0.22453	0.14011	0.10788	0.19466	0	1.3951	0.06173	0.04246	0.01235	0.00689	0	1.20819	0.24062	0	0	0.04329	1.20196	0	0.00305	0.00038	0.07883	0.01662	0	0	0	0.00241	0	0.01432	0.44382	0	0	0.00492	0.3238	0	0.07805	0	0.02804	0	0.202	0.00728	8.00E-05	0.00866	0.00952	0	0.01634	0	8.84229	11.44614	0.0017	0	0	0	0	0	0	0	0	0	0.05324	0.16692	0.24736	0	0	0	0.02184	0	0	0	0.02388	0	0	0.04139	0	0.29673	0	0	0	0	0	0	0.11482	0	2.12215	0.14136	0.14805	0	0	0	0.01173	0	0	0	0.19706	0	0	0	0	0	0	0	0.06897	0	0.14174	0	0	0	0	0	0.06164	0	0	0.02037	0	0	0	0	0	0	0	0.00028	0.00066	0.00833	0	0	0	0.00511	0.0694	0.05531	0	0	0	0	0	5.87469	0	0	0	0	0	0	0	0.0013	0.52738	0	0.14591	0	0	0	0.05625	0	0.30132	0.1151	0.05574	0.57157	0	0	0	0	0	0	0	0	0.01658	0	0	0	0	0.01421	0	0	0	0	0.00257	0	0	0.00855	0	0	0	0	0	0	0.06818	7.83501	0	0.30598	0	0.0314	0.562	0	0.01393	0	0	0	0.00037	0.25933	0	0	0	0	0	0	0	0	0.07937	0	0.11557	0	0	0	0	0.03512	0	0.35266	0	0	0	0	0	0	0	0	0	0	0	0	0	0	0	0	0	0.25504	0	7.00498	0	0	0	0	0	0.09148	0	0	0	0	0.06901	0	0	0	0.00967	0	0	0	0	0	0.00044	0	0.02479	0	0	0.19064	0	0	0	0	0	0	0.01817	0.03646	0	0.03844	0	0	0.01223	0.00588	0	0	0	0.00044	0.00501	0	0	0	0	0	0.00301	0	0	0	0	0	0	0	0	0	0.00033	0.00036	0	0	0.00027	0	0	0	0	0	0	0	0.00016	0	0	0	0	0.00043	0	3.68001	0	0.05512	0	0	0	0	0	0	0	0	0	0	0	0	0	0	0	0.00441	0.03177	0	0	0	0	0	0	0	0	0.00171	0	0	0.00049	0.00439	0	0	0.00385	0	0	0	0	0	0.00564	0	0.00161	0	0	0	0	0	0	0	0	0	0	0.01493	0	0	0	0	0	0	0	0	0	0	7.00E-05	0	0	0	0	0	0	0	0	0	0	Type2
SRR413720	0.03374	0	0	0	0	0.32691	0.38464	0.21744	0	0.05936	1.31992	0.06659	0.11869	0.01614	0.02071	6.75159	0.10297	0.07964	0.2171	0	0.02404	0.03431	0	0	0	1.06011	0.30591	0.07032	0.18503	0.00014	0.15415	0.11601	0.04086	0.17447	0.41289	0	0.00188	0.14381	0.01327	0	0	0	0.08561	0.32521	0	0	0.005	0.31078	0	0.00091	0	0	0.00508	0	0	0	0	0	0	0.2917	0	0	0.07369	0	0	0.00124	0	0	0	0.12639	0	0.00199	0	0	5.73324	0	1.39867	0	1.65672	0.0019	1.06606	0.79817	0	0.00821	0.16417	0	0	0.0752	0.82563	0	0.04309	0.62224	0.52991	0.09795	0.275	0.07027	0.08726	0.0741	0	0.07801	4.1765	0	0	2.81191	0.29892	0.49832	0.36312	0.10511	0.00878	0.17665	1.4217	0.3664	0.04152	1.55915	0.02548	0.12268	0.02061	0	0	0	0.1414	0	0.37435	0.05843	0	0.14894	0.04071	0.39288	0	0	0.04408	0	0.09709	0.08453	0.78446	0.02319	0.02568	0	0	0.03516	0.05839	0	0.04049	0.00317	0	0.10681	0.1697	0	0.13502	0.07523	0	0	0.02822	0.00303	1.09388	0.60928	0.01412	0	0.00559	0.02936	0.03248	0.04825	0	0	0.17171	0.00973	0	0.0416	0	0	0.00904	0	0	0.09602	0	0.00048	0.50678	0.00394	0.04994	0	0.00195	0.02253	0.02552	0.16317	0.51916	0	0.10861	0.19858	0.01349	0.00437	0.2406	0.02301	0.05087	0.2421	0.0044	0	0.00137	0.02138	0.02818	0	0	0	0	0.03339	0.00074	0	0.00361	0.01438	0.04637	0	0.02356	0.00138	0	0.00351	2.07212	0.00938	0.05887	0	0	0.68828	0	0.06772	0	0	0	0	0.02964	0	0	0	0.0231	0	0.02788	0.02357	0	0	0	0.06031	0	0.01565	0.17065	0.00308	0	0	0	0	0	0	0	0	0.00327	0	0	0	0	0.00382	0	0.10699	0	0.00848	11.94766	0	0	0	0	0	0.00665	0.01634	0	0.06763	0.02272	0.0102	0.00071	0	0	0	0	0	0	0.00821	0.00578	0	0	0.00727	0	0.01011	0.00196	0.00704	0.00704	0	0.01354	0	0	0	0	0.00166	0.00126	0	0	0	0.00593	0	0	0.0087	0	0.00955	0	0.00304	0.0007	0	0.0014	0	0	0	0	0	0	0	0.00102	0	0	0.00732	0	0	0	0	0	0.00432	0	0	0	0	0	0	0	0.00139	0	0	0	0	0	0	0.00027	0	0	0.18313	0	0.04806	0	0.40062	0	0	0	0	0.0052	0.00123	0.00052	0	0.00427	0.00377	0.00801	0	0	0	0	0	0	0	0	0	0	0	0	0	0	0	0	0	0	0	0	0	0	0	0	0	0	0	0	0	0	0	0	0	0	0	0	0	0	0	0	0	0	0	0.01472	0.00768	0	0	0	0	0	0	0	0	0.00264	0	0	0	0.04101	0	Type2
SRR413717	16.04137	0.52665	0.17157	0.78345	0.05248	0.0884	0.22871	0.34011	0	0.00594	0.61825	0.05962	0	0.00294	0	0.2056	0.11697	0	0.09638	0	1.29884	0.01605	0.18268	0	0	0.25316	0.09343	0.01849	0.23699	0.05625	0.5548	0.56187	0.02754	0.11224	0.3503	0.07754	0.03473	0.19121	0.16736	0.00154	0	0	0.12633	0.03049	0	0.00225	0.05959	1.07589	0.08274	0	0	0	0.01542	0	0.01107	0	0	13.76596	0	0	0	0.07035	0.00691	0	0.00073	0	0.02014	0.00059	0.01105	0.05628	0.00122	0.00313	0	0	0.00212	0	0.18095	2.74479	2.3972	0.02513	0.1124	0	0	0	0	0	0	0	5.77066	0	0.06576	0.04083	0	0	0	0	0	0	0	0	0	0	0	0	0.00014	0	0	0	0	0	0	0.01722	0	0.07896	0	0	0	0	0	0	0	0	0	0	0	0	0	0.00231	0	0	0	0.11378	0	0.05193	0	0	0	0	0	0.06022	0.01361	0	0	0	0	0.00963	0	0	0	0.0587	0	0.04959	0	0	0	0	0.02695	0.01492	0	0	0.05353	0.00595	0	0	0.10061	0	0	0	0	0	0.00077	0	0	0.11856	0	0	0	0	0	0.00064	0	0.01805	0.00312	0	0	0	0	0	0	0	0	0	0.00771	0	0	0	0	0	0.00948	0	0	0.00066	0.00322	0	0.06541	0	0	0.00986	0	0	0	0	0	0	0.59537	0	0.00563	0	0	1.18272	9.91167	0.02479	0	0	0	0	0.00216	0	0	0	0	0	0.00553	0	0	0	0	0	0	0	0	0	0.00196	0	0.60739	0	0	0.0067	0	0.0229	0.00113	0	0	0	0.00201	0.02361	0	0	0	0	5.98174	0	0.57352	0	4.20709	0	0.01505	0	0	0.00472	0.07404	0	0	0	0	0	0.01507	0	0.01185	0	0	0	0.01605	0	0	0	0	0.0113	0	0.01248	0.31434	0.11867	0	0.29377	0	0.01401	0	0	0.02909	0	0.01098	0.00459	0	0	0.00882	0	0	0	0	0	0	0.00278	0	0	0.10155	0	0	1.02869	0.00448	0	0	0	0	0.00168	0	0	0	0	0.00271	0	0	0.16864	0	0.00144	0	0	0.0885	0	0.01186	0	0	0	0.00028	0	0.01129	0	0.05756	0	0	0	0	0	0.00146	0.01488	0	0	0	0	0	0	0	0	0	0	0	0	0.32655	0	0	0	0.00677	0	0	0	0	0	0	0	0	0	0	0	0	0	0	0	0	0	0	0	0	0	0	0	0	0	0	0	0	0.00834	0	0	0	0	0	0	0	0	0	0	0.00281	0	0	0	0	0	0	0	0	0	Type2
SRR413713	14.41812	0	0	0.34471	1.1152	0	1.2987	0	0	0	2.43865	1.21686	0	0	0	4.42751	0.0006	0	0	0	0.00031	0	0	1.76	0	0.29004	0.68785	0	0	0	0.90011	0	0	0	0	0	0	0.5945	0	1.0368	0	0	0.05973	0	0	0	0.09986	1.35671	0.51588	0	0	0	0	0	0	0.80589	0	0	0	0	0	0.21788	0.00027	0.30506	0.76185	0.06716	0	0	0	0.09668	0	0.00284	0	0	0.00679	0	0	0	0	11.62809	0	0	0	12.13026	0	0	0	0	0	0	0.59409	0.0342	0	0	0	0	0	0	0	0.16639	0	0.01569	0	0	0.20441	0	0	0	0	0	0	0	0	0	0	0	0	0	0	0	0	0	0	0	0	0	0	0.00343	0	0	0	0	0	0	0	0	0	0	0	0.19062	0.5774	0	0.01115	0	0	0	0	0	0	0	0	0	0.15196	0	0	0	0	0.04349	0	0	0	0	0	0	0.35618	0	0	0	0	0	0	0	0	0.43091	0	0.1817	0	0	0	0	0	0	0.02783	0	0	0	0	0	0	0	0	0	0	0	0	0	0	0	0	0	0	0	0	0	0	0	0.09264	0	0	0	0	0	0	0	0.00259	0	0.56063	0	0	0	0	0	0	0	0	2.71534	0	0	0	0	0	0	0	0	0	0	0	0	0	0	0	0	0	0	0	0	0	0	0	0.14954	0	0	0	0	0	0	0	0	0	0	0	0	0	0	0	0	0	0	0	0	3.3657	0	0	0	0	0	0	0	0	0	0	0	0	0	0	0	0.01934	0.06713	0	0	0	0	0	1.37022	0	0.08153	0	0	0	0	0	0.01546	0	0.01192	0	0	0	0	0	0	0	0	0	0	0	0	0	0	0.00126	0	0	0	0	0	0	0	0.00161	0	0	0	0	0.54294	0	0	0	0	0	0	0	0.00845	0	0	0	0	0	0	0	0.11889	0	0	0	0	0	0	0	0	0.01345	0	0	0	0	0	0	0	0	0	0	0	0	0	0	0	0	0	0	0	0	0	0	0	0.00277	0	0	0	0.01911	0	0	0	0	0	0	0	0	0.37986	1.46411	0	0	0	0	0	0.00052	0	0	0	0	0	0	0	0	0	0	0	0	0	0	0	0	0	0	0	Type2
SRR413710	2.98035	0.00137	0.68333	0.20191	0.0584	0.04112	0.25218	0.11481	0.01903	0	2.69218	0.0329	0.0377	0.00084	0.00822	7.62121	0.17553	0	0.10702	0	0.87862	0.00508	0	0	0.12685	0.13172	0.35137	0.04587	0.0607	0	0.60191	0.08153	0.0083	0.05043	0.96977	0.02007	0.0786	2.19726	0.0019	0	0	0	0.28861	0.08027	0	0.00149	0.03382	0.34251	0	0	0.00224	0	0	0.03992	0.00047	0.00098	0	0.2229	0	0.09591	0	0	2.09565	0	0	0	0.01136	0	0.00153	0.20278	0	0.00124	0.00107	0	0.58862	0	5.71814	0	0	0.00992	0	0.13624	0	0.00014	0	0.00856	0.19963	3.9624	1.44471	0.20649	0	0.42524	0	0.0635	0.77755	0.11425	0	0	0	3.40646	1.88998	0.12372	0.27304	0.35023	1.25742	0	0	0.00591	0.01021	0.10268	0	0.04168	0.29307	0.67545	0.00745	0.15951	0.07816	0	0	0.17348	0.10335	0	1.01653	0.03649	0.75262	0	1.1975	9.00E-05	0	0	0.95542	0.13986	0.03432	0.23587	0.14373	0	0	0.00899	0.14045	0.01372	0.00639	0.01855	0.19664	0.03021	0	0.53958	0.02511	0	0.33818	0.29826	0	0.06443	0.03609	0.00475	0	0	0.55809	0.46948	0.03445	0	0.05817	0	0	0	0.53743	0.00041	0.00466	0	0	0.01889	0.11732	0	0.03954	0.0528	0.02141	0.05403	0.91795	0	0.00836	0.64304	0.02147	0	0.23505	0	0.12097	0.00778	0.10965	0	0.0102	0.01673	0.22348	0.01631	0.00707	0.34033	0.00862	0	0.29713	0	0	0	0	0.0347	0.0752	0.97377	0	0.05625	0.03679	0.02336	0	0.00417	0.01663	0.03856	0.0323	0	8.22334	0.01212	0.00703	0	0	0.09436	0	0.07624	0	0	0	0	0.68372	0	0.02653	0	0	0	0.00763	0	0.00856	0	0.02423	0.04325	0.03861	0.01293	0.08571	0	0.0064	0	0.03934	0.00585	0	0.00051	0	0	0	0.00605	0.00094	0.10232	0	0.00029	0	0.06562	0.0085	0.00141	0	0.06229	0	0	0	0	0.00127	0	0.00671	0.0008	0.06611	0.02146	0	0	0	0.02708	0	0	0	0.12116	0	0.00671	0	0.0891	0.01033	0.00767	0.01287	0	0	0	0.02472	0	0	0.35227	0.09707	0.07404	0	0.00069	0	0	0	0.0033	0	0.01678	0	0.04502	0	0	0.00311	0	0	0	0	0	0.00728	0	0	0	0.52467	0	0	0.01184	0	0.05786	0	0	0.00348	0	0.0004	0.00245	0	0	0	0.00353	0	0.00734	0.00037	0.00097	0.00833	0	0.00047	0	0	0.25049	0	0	0	0	0	0.28977	0	0	0.02222	0	0.00064	0	0.00389	0.00321	0	0	0.00803	0	0	0.00153	0	0	0	0	0.62224	0	0	0	0	0	0	0	0	0	0	0	0.00128	0	0	0	0	0	0.01138	0.00317	0.00025	0	0	0	0	0	0	0	0	0	0	0	0	0	0	0	0.00072	0	0	0	0	0	0	0.01558	0	0.0349	0.00041	0	0	0	0	0	Type2
SRR413708	13.44449	0	0	0.13708	0.1343	1.24524	1.92228	0.13287	0	0.87078	0.28095	0.22895	0.05267	0.39762	0	1.57377	2.33934	0.24959	0.06442	0	3.29102	0.2612	0.0636	0	0	0.44311	1.71729	0.05687	0.28334	0.02889	1.86081	0.2342	0.01029	0.01935	0	0	0.20285	1.69678	0.14945	0.03461	0	0.25299	0.70068	0.60791	0	0	0.00516	0.23557	0	0	0	0.51443	0.00459	0	0	0.00436	0.31626	0	0.05818	0	0	0	0	0	0	0	0.00101	0	0	0.30876	0	0.00171	0	0.0033	2.05654	0	0	16.34146	0	0.00607	0.20191	0	0.7134	0	0	0	0	0	2.01211	0	0	0	0	0	0	0	0	0	0.23551	0	0	0.08554	6.30595	0	0.04567	0.00596	0.2669	0	0	0	0	0.69772	0	0.00287	0	0	0	0	0	0	0	0	0	0.48116	0	0	0	0.3029	0	0	0	0.00091	0.0473	0.02591	0.00362	0.07858	0	0	0.13496	0.02675	0	0	0.05531	0	0	0	0	0	0	0	0	0	0	0	0	0	0	0	0	0	0.01774	0.04802	0	0	0.66301	0	0	0	0	0.33622	0.00221	0	0	0.14842	0	0.05627	0	0	0	0.06467	0	0.06029	0.02043	0.13005	0.07686	0	0	0	0	0	0	0	0.0326	0.00273	0	0	0	0	0	0	0	0.02217	0.02547	0	0	0	0.00113	0.00289	0	0	0	0	0.00665	0.02736	5.64762	0.14102	0.8481	0	0	2.15181	0	0.01629	0	0	0	0.00052	0	0	0	0	0	0	0	0.08144	0	0.03528	0	0	0	0	0	0	0.00509	0	0.25034	0	0.00161	0	0	0	0.11563	0	0	0	0	0	0	0	0	0	0.00029	0	0	0	1.85466	0	0.02879	0.07255	0	0.07061	0.02576	0	0	0	0.02737	0	0	0.06677	0	0.03593	0	0.01044	0	0.00924	0	0	0	0	0.00876	0	0.08887	0	0	0	0.18129	0.07343	0	0.02354	0	0	0.00128	0.03008	0	0.00055	0.12032	0.00044	0	0	0	0	0	0.10475	0	0	0	0.01185	0.12313	0	0	0	0	0	0	0	0	0.00057	0.00049	0	0	0.00021	0	0	0	0	0	0	0	0.00016	0	0	0.00183	0	0	0	0	3.61565	0	0	0	0	0	0	0	0	0	0	0	0	0	0	0	0	0	0.0031	0.04301	0	0	0	0	0.16785	0	0.1578	0	0.00931	0	0	0	0	0	0.03487	0.0045	0	0	0	0	0	0	0	0	0	0	0	0	0	0	0	0	0.0575	0	0	0	0	0	0.04692	0	0	0	0	0	0.00379	0.0016	0	0	0	0	0	0	0	0	0	Type2
SRR413704	0.08477	0	0	1.9849	0	0	0	0	0	0.05125	2.74092	1.95229	0	0	0	2.14625	0	0	0	0	10.29151	0	0	0	0	0.00239	0.07915	0	0	0	9.35493	0	0	0	0	0	0	5.91082	0	0.29071	0	0	1.81615	0	0	0	11.81906	0.08143	0	0	0	0	0	0	0	0.14223	0	0	0.03029	0	0	0	0	1.08117	0	0.0804	0	0	0	0.08846	0	0.01108	0	0	25.85797	0	0	0	0	0.00759	0	0	1.80608	0.00087	0	0	0	0	0	0	0	0	0	0	0	0	0	0	0	0.17981	0	0	0	0	0	0	0	0	0	0	0	0	0	0	0	0	0	0	0	0	0	0	0	0	0	0	0	0	0	0	0	0.00238	0	0	0	0	0	0	0	0.40473	0	0	0.26343	0	0	0	0	0	0	0	0	0	0	0	0	0	0	0	0	0	0	0	0	0	0	0	0	0	0	0	0.00162	0	0	0	0	0.06188	0	0	0	0	0	0	0	0	0	0	0	0	0	0	0	0	0	0	0	0	0	0	0	0	0	0	0	0	0	0	0	0	0	0	0	0	0	0	7.11734	0	0	0	0	0	0	0	0	0	0	0.0059	0	0	0	0	0	0	0	0	0	0	0	0	0	0	0	0	0	0	0	0	0	0	0	0	0	0	0	0	0	0	0	0	0	0	0	0	0	0	0	0	0	0	0	0	0.00027	0	0	0	0	0	0	0	0	0	0	0	0	0	0	0	0	0	0.00937	0	0	0	0	0	0	0.03229	0	0.11908	0	0	0	0.06793	0.00279	0.43144	0.05282	0	0	0	0	0	0	0	0	0	0	0	0	0	0.00195	0	1.41612	0	0	0	0	0	0.00202	0	0	0.0011	0	0.21625	0	0	0	0	0	0.00038	0.2784	0	0	0	0	0	0	0	0	0	0	0	0	0	0	0	0	0	0	0	0	0	0	0	0	0	0	0	0	0	0	0	0	0.00472	0	0	0	0	0	0	0	0	0	0.21244	0	0	0	0	0	0	0	0	0	0	0	0.06391	0	0	0	0	0	0	1.04181	0	0.01482	0	0	0.00079	0	0	0	0	0	0	0	0	0	0	0	0.0311	0	0	Type2
SRR413702	7.14852	0.10945	0	0.00104	0	0.03904	0.9504	0.33015	0.00116	0	0	0.45785	0.02542	0	0	2.32307	0.11256	0.0991	0.25065	0	0	0.02289	0	0	0.05573	0.05838	1.07538	0.10479	0.04919	0	0.85487	0.11863	0.02983	0	0.98751	0.02266	0.02342	0.42923	0.00482	0	0	0	0.92253	0.01259	0.01071	0	0	0.35521	0	0	0	0.00305	0	0.00184	0	0	0	5.81752	0	0.13301	0	0	0.31484	0	0	0	0.00152	0	0	0.07982	0	0.00319	0	0	1.80007	0	2.56046	0	1.76648	0.65941	0.03745	0.22048	0	0.96471	0.39453	0.15797	0.03662	0	0	0	0	0.36054	0.31439	0.0662	0.62171	0.04027	0.16882	0.05403	0	0.13589	1.29295	0.1683	0.04474	0.31759	0.0003	0	0	0.20959	0.00111	0.043	0.61566	0.10286	0.06208	0.73888	0.15397	0.40263	0.00264	0.00286	0	0	0.38614	0	0.88779	0.0177	0.06996	0.06388	0.18947	0.00071	0	0.00661	0.16649	0	0.05839	0.04095	0.09792	0.01347	0.01799	0.02589	0.01457	0.02007	0.1237	0	0.03195	0.00604	0	0	0.19952	0.02438	0	3.43871	0	0.04801	0.46256	0	0	0	0.29914	0.15261	0.02718	0	0.02428	0.01646	0.00838	0	2.0054	0	0.05173	0.00729	0.56002	0.01392	0.01187	0.01124	0	0.07462	0.00796	0.01625	0	0	0.00755	0.02014	0.01042	0.01558	0.01844	0.12543	0.12754	0	0.15548	0.9962	0.00446	0.00897	0.01728	0.00139	0.05528	0.00905	0.00223	0.00567	0.02308	0	0	0	0.00112	0.03861	0.02191	0	0	0.02105	0.00533	0.0053	0.01553	0.02354	0.01784	0	0.01732	0	0.10912	0.04237	0.009	0.00902	0.00621	0.04903	0	0	0.1124	0	0	0.00144	0.02395	0.04082	0.20356	0	0.23826	0	0.00101	0.04869	0.25903	0	0.0184	0.01803	0.01412	0.00639	0.10484	0.0007	0.0235	0	1.14401	0	0.00567	0.00558	0	0	0.00127	0	0.00237	0.06521	0.0054	0.01053	0	0.028	0	0	1.70288	0.63479	0	0	0	0.01058	0.01372	0.03982	0.01247	0.00408	0	0.0181	0	0.05412	0	0	0	0	0	0.00216	0.01108	0	0	0	0	0.00724	0	0.00889	0	0	0.00615	0	0.66699	0	0	0	0	0	0	0	0.00081	0	0	0	0	0	0	0	0	0	0	0	0	0	0	0	0	0	0	0	0	0	0	0.01281	0	0.02067	0	0	0	0	0	0	0	0	0	0	0	0	0	0	0	0	0.00058	0	0.23643	0	0	0	0	0.47368	0.19705	0	0.00661	0	0	0	0.01654	0	0.0056	0	0	0.01857	0	0	0	0	0	0	0.32296	0	0	0.35	0	0	0	0	0	0	0	0	0.00597	0	0	0	0	0.00159	0.02542	0	0	0	0	0	0	0	0	0	0	0	0	0	0	0	0	0.0588	0	0	0	0.00219	0	0	0	0	0.13652	0	0	0	0	0	0.02652	0	Type2
SRR413696	9.21434	5.74174	0.20891	0.04368	0	0.30442	3.67736	0.20631	0.00954	0.41686	1.37279	0.5552	0	0.57154	0	0.61624	0.58061	0.11045	0.11108	0	0.0227	0.08459	0	0	0	0	0.10065	0.07835	0.11681	0	0.92465	0.14059	0.05062	0	0.82633	0	0.21869	0.27845	0.0261	0	0.00441	0.0018	0.44931	1.23656	0	0.00892	0.02717	0.12903	0	0.00096	0	0.03835	0.01816	0	0.00067	0.00133	0	0.00499	0	0	0.0866	0.02379	0	0	0	0.01281	0	0	0.00993	0.34845	0	0.00065	0.00497	0	0.76691	0	0	0	0	0.00194	0	0	0	0	0	0	0	0	8.00E-05	0.09316	0	0	0	0	0	0	0	0	0	0.06286	0	0	0	0	0.61323	1.95639	0.01187	0	0.09851	0	0	0.51904	0	1.09548	0	0.32797	0	0	0.35458	0	0	0	0	0	0	0.42471	0	0.33377	0	0	0	0.01794	0.20331	0.02931	0.26562	0	0	0	0	0.15694	0	0	0.19544	0	0.0401	0.47067	0	0	0	0	0	0.08872	0.16668	0.01174	0	0.16223	0.00145	0	0.05532	0	0.22644	0.11017	0	0	0	0	0.02352	0	0.0429	0	0.0381	0	0	0.05795	0	0.22193	0	0	0	0.15505	0	0.1314	0.2614	0.13751	0.27481	0.05475	0.26199	0	0	0	0	0.02785	0.05057	0.13997	0.00129	0	0.14327	0.00752	0	0	0	0.16966	0	0.55895	0	0	0.07432	0.03905	0	0.01353	0	0	0.01072	0.01156	6.21247	0	0.11769	0.82206	0	0.51576	2.65587	0.03835	0	0	0.00931	0	0.98332	0	0	0	0	0	0.06057	0	0	0	0	0	0	0	0	0	0.02538	0	0	0	0	0.01072	0.06333	0.10198	0	0	0	0	0	0.01483	0	0	0	0.01438	19.82966	0	0	0	0	0	0.03557	0	0	0	0	0.02773	0	0	0	0	0	0	0	0	0	0.0013	0.00847	0.04075	0	0.01822	0.00646	0.00704	0.00199	0	0.0262	0	0	0.0075	0.00357	0.0162	0.0037	0.01287	0.0095	0.79155	0.01189	0.00451	0.00029	0.01319	0	0	0	0	0	0	0	0	0	0	0	0	0.86822	0.00274	0	0	0	0	0	0	0	1.61329	0.00012	0	0	0	0	0	0	0	0	0.00399	9.00E-05	0	0	0	0	0.00077	0	0	0	0.36312	0.06662	0	0	0	0	0	0	0	0.01273	0	0	0	0	0	0	0	0	0.00688	0	0	0	0	0	0	0.01949	0	0	0	0	0	0	0	0.00014	0	0	0	0	0.00056	0	0	0	0	0	0	0	0	0	0	0	0.00725	0	0	0	0	0	0	0	0	0	0.00041	0	0	0	0	0	0	0	0	0.00103	0.00746	0.01626	0	0	0	Type2
SRR413694	0.00133	0	0	0.78563	0.03502	0.12723	2.41924	0.41112	0	0.01895	1.93832	2.4229	0.00019	0.03649	0	5.6379	0.214	0.26271	0.30938	0.06391	5.54244	0.14401	0	0.19221	0	0.9835	5.61097	0	0.51185	0.02148	0.37863	0	0	0.10168	0.69308	0	0.00982	0.27699	0.26507	0	0.26757	0.40823	0.71404	0	0	0.01025	0.17187	0	0	0.05743	0	0.27156	0.00553	0	0	0.00556	0.15718	0	0.01422	0.20402	0	0.04123	0	0	0.17181	0.00903	0	0	0	0.21994	0.01103	0.00877	0.0053	0	14.55416	0	0.53633	0	0	3.89594	0	0	0	0.00288	0	0	0	0	0	0	0	0.27986	0	0	0	0.00828	0	0	0	0.0026	0	0	0	0	5.39954	0	0	0	0	0	0	0.26484	0	0	0	0	0	0	0.54804	0	0	0	0	0	0	0	0	0	0	0	0	0	0	0.01638	0.02233	0	0	0	0.07055	0.04349	0	0	0.11429	0	0	0.25037	0	0	0	0	0	0	0.02893	0	0	0	0.00196	0	0.05501	0	0	0	0	0	4.26931	0	0.0022	0	0	0	0	0	0	0.20854	0	0.0768	0	0	0	0.04694	0	0.03436	0.25876	0	0.70331	0	0.20247	0	0	0	0	0	0	0	0	0	0	0	0	0	0	0	0	0	0	0	0	0.01625	0	0	0	0	0.02066	0	0	0	0.66293	0	0	0	0	0	0	0	0	0.00201	0	0	0	0	0	0	0	0.00033	0	1.25761	0	0.03684	0	0	0	0	0.02825	0	11.44805	0	0	0	0	0	0.12642	0	0	0	0	0	0	0	0	0	0	0	0	0	0	0	0.02443	0	0	0	0	0.00245	0	0	0.24173	0	0	0.00202	0	0	0	0.00505	0.0776	0.00325	0	0	0	0.0228	0	0	0	0	0	0.38213	0.13579	0	0.0099	0.04226	0.01954	0	0	0.04435	0	0.02339	0.00011	0	0	0	0	0	0	0.00151	0.01662	0	0.11206	0.00184	0	0	0.00164	0	0	0.00736	0	0	0	0.00361	0.00051	0	0.01633	0	0	0	0.02428	0	0.00012	0	0	0	0.01139	0	0	0	0	0	0	0	0	0	0	0	0	0	0	0	0	0	0.00134	0	0	0	0	0	0.00533	0	0.00056	0.0048	0	0	0	0	0	0	0	0.00813	0	0	0	0.00984	0.00183	0	0.0165	0.00254	0	0	0	0.00934	0	0.0012	0	0	0	0	0	0	0	0	0	0.02236	0.02741	0	0	0	0	0	0	0	0	0	0	0	0	0	0	0	0	0	0.01279	0.00077	0	0	Type2
SRR413692	26.05191	0	0	0.36596	0	0	0.29369	0.7519	0	0	0.00508	0.84186	0	0	0	5.89704	0.4118	0.00642	0.05201	0	0.40907	0.05564	0.07978	0.0001	0	1.0382	0.07371	0	0.03585	0.00656	2.50988	0.10078	0	0	1.0898	0.04664	0	0.08268	0.00715	0.002	0	0	0.12891	0	0	0	0.37812	0.12693	0	0	0	0	0	0	0	0	0.06321	0.00186	0	0.16812	0	0.09087	0	0.20178	0.07733	0.00152	0	0.00339	0	0.16142	0	0.00117	0.16069	0.0025	0.00041	0.00357	0	0	0	0.00242	0	0	0	0.33096	0	0	0.0632	0	0	0	0.13549	0	0	0	0	0.01349	0	0	0	0.0479	0	0	0	0	0	0	0	0	0.00271	0	0	0.06766	0	0	0	0	0	0	0	0	0	0	0.44068	0	0	0	0	0.9443	0	0	0	0.00024	0.19878	0	0	0	0	0	0	0	0.0204	0	0.00568	0	0	0	0	0	0	0	0	0	0.07299	0	0	3.48045	0	0	0	0	0.10351	0.06273	0	0	0	0	0	0	0	0	0	0	0	0.02161	0	0.00202	0	0	0	0	0	0	0.00189	0.00608	4.10914	0	0	0	0	0	0	0	0.00387	0.07734	0	0	0	0	0.02769	0	0	0	0	0	0	0	0	0	0	0	0	0	0.04033	0	3.00042	0	0.09647	0	0	0	0	0	0	0	0	1.40153	0.09124	0	0	0	0	0	0	0	0	0	0	0	0	0	0	0	0	0	0	0	0	0	0	0	0	0	0	0	0	0	0	0.02143	0	0	21.47472	0	0	0	1.25038	0	0	0	0	0	0	0	0	0	0	0	0	0	0	0	0	0	0	0	0	0	0	0.02086	0.03889	0	0.06781	0	0	0.76045	0.95452	0	0	0.02786	0	0	0	0	0.01482	0.00166	0	0	0.00549	0	0	0	0	0	0.01461	0	0.14012	0	0	2.34207	0	0	0	0	0	0	0	0	0	0	0	0.0005	0.00405	0	0	0	0.00479	0	0	0	0	0	0	0	0	0	0	0	0	0	0	0	0	0	0	0	0	0	0.00103	0	0	0	0	0.03041	0	0	0.00262	0.00756	0	0	0	0	0	0	0	0	0	0.00397	0	0	0	0	0	0	0	0	0	0	0	0	0	0	0	0	3.00902	0.00979	0	0	0	0	0	0	0	0	0.00017	0	0	0	0	0	0	0	0.00106	0	0	0	0.00293	0	0	0	0	0	Type2
SRR413688	1.28259	0	16.82892	0.02928	6.16317	0.00703	0.09912	0.00281	0	0.09918	0	0.01973	0.00568	0.35387	0	0.03803	0	0	0	0	1.20566	0	0.01715	0	0	0	0.04242	0	0	0.00461	0.48096	0	0	0	0.29387	0	0.05263	0	0.31308	0.00369	0	0.00327	0.10443	0	0	0	0.0061	0	0	0	0.07483	0.01409	0	0	0	0.0154	0	40.07881	0.00307	0	0	0	0	0	0	0	0	0	0	0	0	0	0	0.00409	0.00179	0	0	0	0	0	0	0	0	0	0	0	0	0	2.38025	0	0	0	0	0	0	0	0	0	0	0	0	0	0	0	0	0	0	0	0	0	0	0.04216	0	0	0	0	0	0	0	0	0	0	0	0	0	0	0	0	0	0	0	0	0	0	0	0	0	0	0	0.00048	0	0	0.00094	0	0	0	0	0	0	0	0	0	0	0	0	0	0	0	0	0	0	0	0	0	0	0	0	0	0	0	0	0	0	0.00761	0	0.0252	0	0	0	0	0	0	0	0	0.0161	0	0	0	0	0	0	0	0	0	0	0	0	0	0	0	0	0	0	0	0	0	0	0	0	0	0	0	0	0	0.11526	0	0.01416	0	0	0.00021	0.77988	0	0	0	0	0	0	0	0	0	0	0	0	0	0	0	0	0	0	0	0	0	0	0	0	0	0	0	0	0	0	0	0	0	0	0	0	0	0	0	0.05913	0	0	0	0	0	0	0	0	0	0.006	0	0	0	0	0	0	0	0	0	0	0	0	0	0	0	0	0	0	0	0.00141	0	0	0	0.00068	0.03532	0	0.00457	0	0	0	0	0	0.00015	0	0	0	0	0	0	0	0	0	0.00053	0	0.01563	0	0	0	0	0	0	0	0	0	0	0	0	0	0	0	0.16567	0	0	0	0	0	0	0	0	0	0	0	0	0.19943	0	0	0	0.00052	0	0	0	0	0	0	0	0	0	0	0	0	0	0	0	0.03186	0	0	0	0	1.36851	0.29879	0	0	0	0	0	0.00387	0	0	0	0	0	0	0	0	0	0	0	0	0	0	0	0	0	0	0	0	0	0	0	0	0	0	0	0	0	0	0	0	0	0	0	0	0	0	0	0	0	0	0	Type2
SRR413685	0	0	0	4.69214	0	0	0	0	0	0.00434	0.00179	1.68136	0	0	0	0.52205	1.29587	0	0	0	0.72911	0	0	0	0	5.35604	12.39531	0	1.40095	0	2.12362	0.29236	0	0	0	0	0	0.01112	0	0.07924	0	0	8.71841	0	0	0	2.49287	0	1.52967	0	0	0	0.00334	0	0.15229	0.41719	0	0	0.00559	0	0	0	1.72542	2.65856	0	0	0	0.00913	0	0.02326	0.00648	0	0	0	0.00015	0.01406	0	0	0	0	0	0	0	0.0039	0	0	0	0	0	0	0	0	0	0	0	0	0	0	0	0.80931	0	0	0	0	0	0	0	0	0	0	0	0	0	0	0	0	0	0	0	0.41639	0	0	0	0	0	0	0	0	0	0	0	0	0	0.25511	0	0	0	0	0	0	0	0	0	0	0	0	0	0	0	0	0	0	0.01549	0	0	0	0.03266	0.36194	0	0	0	0	0	0	0	0	0	0	0	0	0	0	0	0	0	0	0	0	0	0	0	0	0	0	4.04627	0	0	0	0	0	0	0	0	0	0	0	0	0	0	0	0	0	0.13985	0	0	0	0	0	0	0	0	0	0.00613	0	0	0	0	0	0	0	0	0	0	0	0	0.01981	0	0	0	0	0	0	0	0	0	0	0	0	0	0	0	0	0	0	0	0	0	0	0	0	0	0	0	0	0	0	0	0	0	0	0	0	0	0	0.01009	0	0	0	0	0	0	0	0	0	0	0	0	0	0	0	0	0	0	0	0	0	0	0	0	0	0.00518	0	0	0	0	0	0	0.1047	0	0	0	0.09904	0	0.14492	0	0	0	0	0	0	0	0	0	0	0	0.00208	0	0	4.80226	0	0	0	0	0	0	0	0	0	0	0	0	1.74627	0	0.15696	0	0	0	0	0	0	0	0	0	0.00921	0	0	0	0	0	0	0	0	0	0	0	0	0.0415	0	0	0	0	0	0.01522	0	0	0	0.00041	0	0	0.07644	0	0.01634	0	0	0	0	0	0.03166	0	0	0.04059	0	0	0	0	0	0	0	0	0	0	0	0	0.21802	0.22201	0	0	0.0154	0.07425	0	0	0	0.00325	0	0	0	0	0	0	0	0.00278	0	0	0	0	0	0	0	0	0	Type2
SRR413683	7.72736	0.96963	0	0.09885	0	0.07167	0.11224	0.19124	0	0	2.07177	2.36415	0.17374	0.01505	0	9.72646	0.01406	0	0.08124	0	0	0.08727	0	0	0	0.88561	0.28422	0.04924	0.17888	0.00326	0.7361	0.06868	0.00941	0.09466	0	0.02816	0.04022	0.521	0	0.02777	0	0	0.82959	0.09812	0	0	0.03937	0.93464	0	0	0	0	0	0	0	0.00102	0	0.00386	0	0.79199	0	0.0008	2.46664	0	0	0.01336	0	0	0.00163	0.05507	0	0.00023	0	0	0.00296	0	0	0	3.01088	0.00312	0.01394	0	0	0.01593	0	0	0	0.09726	0	0	0.59637	0.28495	0.1318	0.02823	0.34989	0.035	0	0	0	0.71359	0	0.69568	0.00875	0.03158	1.03503	0.00971	1.93824	0	0	0	0	0.05449	0.03028	0.56925	0	0.06716	0	0	0.14967	0.71846	0.1693	0.13858	1.40786	0.02559	0	0	0	0.28726	0.02107	0	0	0.00122	0.05167	0.01615	0.02905	0.39348	0	0	0.05399	0.04792	0.05223	0	0.24991	0	0	0.00703	0.03999	0	0.12723	0.40283	0	0	0.17008	0.01298	0.09724	0	0.16467	0.18349	0.00239	0.0035	0	0.06457	0	0.02635	0.10958	0	0.00413	0.02815	0	0.0012	0.1056	0	0	0.10524	0	0.17885	0.96732	1.46589	0.00506	0.34325	0.00522	0	0.18444	0	0.14922	0.00011	0.03219	0	0.01053	0	0.13352	0	0.03414	0.03209	9.00E-05	0	0.10844	0.00624	0	0.06306	0	0	0.02616	0	0	0	0.00375	0.01466	0	0.02931	0	0.00598	0	0	6.86397	0	0	0	0	0.00244	0	0.06149	0	0.12441	0.01785	0.00107	0.09741	0	0.01956	0.0002	10.25529	0	0.01714	0	0.06694	0.02183	0	0.03651	0	0	0.01872	0	0.05494	0	0.04944	0.0262	0	0.00092	0	0.14739	0	0.10704	0	1.0943	0	0.07018	0	0.26271	0	0.02766	0	0	0	0	0	0.05638	0.09177	0	0.00073	0.01406	0.00545	0	0.00084	0	0	0.02996	0.00428	0	0	0.01896	0	0.01627	0	0.03836	0	0	0	0.02362	0.01615	0.09354	0.14897	0	0	0	0.00291	0	0	0.0025	0	0	0	0.01208	0	0.01675	0	0.00572	0	0.00885	0	0.00028	0	0	0	0	0	0	0	0	0.06049	0	0	0.02953	0.00676	0.0033	0.32178	0.1446	0.00078	0	0.0059	0.00131	0	0	0	0.00611	0	0.02021	0.00253	0.00045	0.00648	0	0	0	0	0.00014	0	0	0	0	0	0	0	0	0	0.00733	0.0118	0	0.03356	0	0.00548	0.00545	0.0053	0	0	0.01293	0	0	0.01015	0	0	0	0	0	0	0	0	0	0	0	0	0	0	0	0	0	0	0.00614	0	0	9.00E-05	0	0	0.01496	0	0	0	0	0.38733	0	0.04536	0	0	0.00144	0.00406	0	0	0.00462	0	0	0.00355	0.00056	0	0.21666	0	0	0.0007	0.0065	0	0	0.02901	0	Type2
SRR413679	4.53739	0	0	0.00711	0.45876	0.16774	2.73787	1.19897	0.01729	0.17771	3.9825	1.03134	0.01615	0.18581	0.18074	0.34119	0.69591	0.0613	0.1089	0	0	0.06538	0	0	0	1.53786	1.76536	0.06313	0.26024	0	2.94013	0.25091	0.02813	0.07543	0.58297	0.12917	0.44148	0.25865	0.0661	0.00906	0	0	0.05943	0.33969	0	0	0.05343	0.63954	0	0	0	0	0	0.00429	0	0.02055	0	7.08663	0	0.33212	0	0.0262	0.21064	0	0	0.0473	0.06467	0	0	0.39201	0	0	0.04428	0	0.00061	0.00118	3.75046	0.33937	5.33811	0	0	0	0	0	0	0	0.36361	0	0.00074	0.01441	0.27546	0.05141	0	0.07696	0	0.26812	0.0051	0	0	0.06431	0	0	6.09949	0	0.95556	0	6.85207	0	0	0	0	0.1225	0	0	0	0	0	0	0	0.74452	0	0	0	0	1.97821	0.17523	0	0.19488	0	0	0	0	0.21319	0.28481	0	0.55359	0	0	0.06326	0.09148	0.61123	0	0.5461	0	0	0.28435	0.00316	0	0.05338	0.07075	0	0.05673	0.00608	0	0	0	1.0716	0.52357	0	0	0.09479	0.12294	0	0	0.32915	0	0.14259	0	0	0	0.23247	0.03657	0.05042	0.25875	0	0.21881	0	0	0.04618	0.7983	0.43588	0.03501	0.44377	0.06435	2.32465	0.06512	0	0	0	0.06499	0	0	0.03252	0.02842	0	0	0.36296	0	0.00861	0	0	0.20545	0.00358	0	0	0	0.05767	0.02246	0	0	0.03885	0.0433	0.03932	0.02395	0.31554	0	0.41825	0	0	0	1.71975	0.04555	0	0	0	0	2.28832	0	0	0	0	0	0.05077	0	0	0	0.00925	0.52656	0	0	0.22488	0	0.06519	0	0	0	0.00176	0.03545	0.05663	0	0.076	0	0	0	0	0	0	0.08169	0	0.02599	0.00031	0	0	0	0.70186	0	0	0	0	0.35508	0.04091	0.10909	0	0	0	0	0	0	0	0	0	0	0.02378	0.0514	0.03425	0.00654	0.01022	0.02403	0.01483	0	0.07506	0	0	0.128	0	0.05481	7.00E-05	0.08102	0.02285	0.01094	0.02671	0.02786	0	0.07889	0	0.0778	0	0	0.01099	0.00266	0	0	0	0	0	0	0	0.02963	0.00056	0	0	0.01127	0.12813	0	0	0	0	0	0.01834	0	0	0	0.03001	0.01229	0.00524	0.03199	0	0	0	0.02088	0.00715	0.00232	0.00038	0.05538	0	0	0	0.00836	0	0	0	0	0	0	0	0	0.00056	0	0.0006	0	0.02554	0.03232	0.00557	0	0	0	0	0	0	0	0	0	0.00158	0	0	0	0	0	0	0	0.00166	0	0	0	0	0	0.18189	0.0017	0.00047	0	0	0.02861	0	0	0	0	0	0	0	0	0	0	0	0.00252	0.02883	0.00117	0	0	0.01401	0	0	0	0	0.00452	0.03497	0	0.06812	0	0	0	Type2
SRR413667	13.63473	0	0.01793	0.19128	0.07265	8.0843	15.77897	0.84386	0	0	0.00191	0.16254	0.50657	0.06004	0.25127	0.72461	0.99178	0.09352	0.37947	0.00412	0	0.3326	0	0.05407	0.02575	0.09201	1.53336	0.07937	0.03873	1.22021	0.23834	0.06271	0.16839	0	0.11073	0.00125	0.13318	0.42014	0.46923	0	0	0.0873	0.12427	0.32848	0	0.03469	0	0.91416	0	0	0	0.84163	0.00157	0.01176	0	0	0.09098	0.00329	0.00728	0.01957	0	0.00691	0	0	0	0	0.0028	0.01643	0	0	0	0	0	0.03603	0.00018	0	0.08782	0	0	0	0	0	0	0	0	0	0	0	0	0	0	0.01173	0	0	0.00571	0	0	0	0	0.00171	0	0	0	0	0	0	0	0	0	0	0	0.55412	0.00385	0	0.16503	0.02704	0	0	0	0	0	0	0.02869	1.72157	0.00364	0	0	0	0	0	0	0	0.25036	0.34659	0	0	0	0	0	0.06946	0	0	0	0	0	0	0.02289	0	0	0	0.00043	0.00241	0.00329	0	0	0.11605	0	0.00238	0	0	0.10332	0	0	0	0	0	0	0	0	0.03263	0	0	0	0.17953	0	0.00088	0	0	0	0.00038	0	0	0	0.08363	0.91367	0	0	0	0	0	0	0	0.14297	0	0	0.0331	0	0	0	0	0	0.02944	0	0	0	0	0	0	0	0	0	0	0	0	0	0.02047	0.46243	0	0	0.59116	0	0	0	0.02585	0	0	0	0	0	0	0	0	0	0	0	0	0	0	0	0	0	0.02367	0	0	13.60476	0	0	0	0	0	0.01359	0	0	0	0	0	0	0.00409	0	0	0	0	0	0	0	0	0	0	0	0.00045	0.09353	0	0	0	0	0	0	0.02032	0	0	0	0	0	0	0	0	0	0	0	0	0.20234	0	0	0.06184	1.65066	0.0317	0	0	0	0.00736	0.00407	0	1.15556	0	0.00773	0	0	0	0	0	0	0.07258	0.00547	0.54595	0	0.00291	0	0	0	0	0.03192	0	0	0	0	0	0	0	0	0	0	0	0	0	0	0	0	0	0	0	0	0	0	0	0	0	0	0	0	0	0	0	0	0	0	0	0	0	0	0	0	0	0	0	0.07454	0.01111	0	0	0	0	0	0	0.01885	0.01049	0.00928	0.01659	0.00905	0	0.00421	0.00025	0.00156	0	0.001	0	0	0	0	0	0	0	0	0.04287	0	0	0	0	0	0	0	0	0	0	0	0	0	0	0	0	0	0	0.00075	0	0	0	0	0	0	0	0	0	Health
SRR413665	19.4308	11.68099	0	0.18169	0.10013	2.60814	5.44359	0	0	0	1.67011	0.02757	0	0.4508	0	2.98108	0.06029	0	0.34966	0.02978	0.04279	0.96637	0	0	0	0	0.71776	0.22536	0.48049	0.10892	0.64248	0.12843	0	0.04703	0	0	0.25679	0	0.02355	0.05132	0.00678	0.03588	0.70463	0	0	0.04977	0.07265	0.52677	0.03529	0	0	0.27757	0	0	0	0	0.06268	0.0074	0.01041	0	0	0	0	0	0	0.0077	0	0.00257	0	0.0879	0	0	0	0.00911	0	0	0	0	0	0.00171	0	0	0	0	0	0	0	0	0	0	0	0	0	0	0	0	0	0	0	0	0	0	0.20762	0	0.79831	0	0	0	0	0	0	0.04645	0	10.11165	0.82286	0	0	0	0.0396	0	0	0	0	0	0	0	0	0.36173	0.31736	0	0	0.00054	0	0.14392	0	0	0	0	0.03925	0.01541	0	0	0	0	0	0	0.86864	0	0	0	0	0	0	0	0	0	0	0	0	0	0	0	0	0	8.65485	0	0	0	0	0	0	0	0	0	0	0.08999	0	0	0	0	0	0	0	0	0.40858	0	0	0	0	0	0	0	0.00352	0	0	0	0	0	0	0	0	0	0.01256	0	0	0	0	0	0	0	0	0	0	0	6.4833	0	0.52184	0	0	0.0755	0	0	0	0	0	0	0	0	0	0	0	0	0	0	0.23824	0	0	0	0	0	0	0	0	0	0.75508	0	0	0	0	0	0.01181	0	0	0	0	0	0	0	0	0	0	0	0.02392	0	0.28174	0	0	0.04965	0	0.08294	0.48379	0	0	0	0.00608	0	0	0	0	0	0	0	0	0	0	0	0.00509	0.03837	0	0	0	0	0	0	0.36729	0.06167	0	0.00375	0	0.72313	0.01148	0.08059	0.03753	0	0.02224	0.08995	0.00649	0	0	0	0	0.01501	0.03788	0	0	0	0	0	0	0.00026	0	0	0	0	0	0.00075	0.00023	0	0	0.00028	0.0004	0.07807	0	0	0	0	0	4.00E-05	0	0	0	0	0	0	0	0	0	0	0	0	0	0	0	0	0	0	0	0	0	0	0	0	0	0	0	0.00619	0	0	0	0	0	0.00149	0	0	0	0	0	0.0126	0.00909	0.00093	0.00099	0	0	0	0	0	0	0	0	0	0	0	0	0	0	0.00038	0	0.01123	0.00327	0	0.03902	0	0	0	0	0	0	0	0	0.00458	0	0	0	0	0	0	0	0	0	0.13946	Health
SRR413656	0.36683	0.00261	0	0.05188	0.23503	0.01938	2.14882	0.59543	0.00132	0.00465	0	0.02459	0.00134	0.05328	0.0033	2.81287	0	0.06478	0.08036	0.0011	0.66961	0.04932	0.02463	0	0	0.29988	0.5385	0.02537	0.03128	0.02083	0.31462	0.2723	0.03602	0.00959	0.62739	0.00845	0.04266	0.05467	0.05593	0.07905	0	0	0.26124	0.32378	0	0.0016	0.00536	0.47489	0	0	0	0	0.00988	0	0	0	0	0.00011	0	0.98319	0.06864	0	0.02283	0	0	0	0	0.0007	0	0.01807	0	0	0	0.00482	0.05354	0	0.96039	0	0.35331	0.18306	0.09958	0.3614	0	0.06273	0.51476	0.05761	0.3842	0	0	0.41117	0.00054	0.26989	0.82333	0.27663	0.18485	0	0	0	0	0.15263	0	0.04459	0.04703	6.92287	0.01555	0.07001	4.34918	1.10456	0.09692	0.66445	0.00169	0.52353	0.97955	1.25529	0.0139	1.20434	0	0	0.311	0	3.66794	0.07718	0.33882	0.24526	0	0.02784	0	0	0	0.00974	0.02101	0	0.07318	0.39263	0.32633	0.00245	0.21986	0.13289	0.03665	0.02806	0.00629	0	0.4829	0.18006	0	1.42907	0	0.16073	0	0.00579	0	0.00307	0	0.02224	0	0	0	0.00951	0	0.0537	0.06168	0	0.10636	0.03434	0.14818	0.00452	0	0	0.06193	0.01754	0	0	0	0.06946	0.01973	0.03395	0	0.63049	0	0.02003	0.01924	0	0.00352	0.02402	0.05133	0.01661	0	1.60275	0.01605	0.02014	0.41241	0.04228	0.02575	0.58597	0	0.00223	0.12842	0.00794	0	0.00349	0	0.09843	0	2.84927	1.85601	0.0505	0	0.00169	0.00815	0.02023	0.0016	0.06679	0.00257	0.00145	0.80218	0.01484	0.02659	0	0	0.00854	0	0.00242	0	0	0.02281	0	0.63159	0.00281	0.05438	0	0	0	0	0.00692	0.03056	0.00541	0	0.20513	0.08939	0.01094	0.59763	0.00321	0	0	0.50511	0.07959	0.00191	0.01251	0.01173	0.03516	0	0	0.27293	0.46044	0.00199	0.00075	0	0.03617	0	0	0.0678	0	0.23934	0	0	0	0.00832	0	0	0.0757	0.02426	0	0	0	0	0	0	0	0.01624	0.00775	0.0201	0.00047	0	0.00212	0	0	0.00241	0.0001	0	0.00994	0.04106	0.2899	0	0	0.17205	0.04924	0	0.02062	0	0.0022	0.01507	0	0	0.03504	0.01127	0	0	0	0	0	0	0	0	0	0	0	0.01507	0.00941	0	0	0	0.01546	0	0.03161	0	0	0	0	0	0	0	0	0	0.01301	0	0.00416	0	0	0.03101	0	0	0	0	0	0.14209	0.13523	0	0.00882	0	0	0.56452	0	0.38967	0	0.00124	0	0	0	0.03954	0.00236	0.00173	0	0	0	0	0	0	0	0.00026	0	0	0	0	0	0	0	0	0	0	0	0.00078	0	0	0	0	0	0	0	0	0	0	0	0	0	0	0	0.00667	0	0	0	0.63426	0	0	0.0022	0	0	0	0	0.00534	0	0	0.02607	0.67347	0.04859	0.00077	0.00528	0	0	0	0.00197	Health
SRR413654	0.96056	4.6502	0.2036	0	0.00729	0.01648	8.24012	0.23976	0	0.19217	0.30568	0.86386	0.05208	0.01414	0	0.56666	0.12484	0.11011	0.01122	0	0	0.14138	0.05697	0	0	0	0.31825	0.11659	0.31456	0.00701	0.0657	0.035	0.0138	0.0068	0.10661	0	0.02229	0.04899	0.09476	0	0	0.00963	0.16265	1.70471	0	0	0	0.72913	0	0	0	0.20335	0	0	0	0	0.00472	0	0.03095	0.04429	0	0	0.01259	0	0	0	0	0	0	0.07534	0	0	0	0	0.41855	0	1.06744	1.68944	0	0	0	0	0	0	0	0	0	0	1.21357	0	0	0	0	0	0.7113	0.00202	0	0	0	0	0	0.05413	6.87412	0	0.05809	0	0	0	0	0	0	0.10447	0	6.98151	0.06705	0.34556	0	0	0	0	0	0	0	3.20802	0	0	0	0	0	0	0	0	0.46522	0.07195	3.92249	0.21135	0.05702	0	0.17963	0.04352	0	0	0	0	0	0	0.31543	0	0	0.06044	0	0.04426	0.0011	0	0	0	0	0.00761	0.09204	0	0.00836	0	0	0	0.86215	0	0	0	0.01349	0.0212	0	0.0775	0	0.02616	0	0.00626	0	0	0.02138	0.00891	0.06588	0.01476	0.00919	0.23851	0.06901	0.00123	0	0.66034	0	0	0	0	0.01798	0	0	0.0132	0	0	0	0	0	0	0	0	0	0	0	0	0	0	0	0	0.00027	0.00148	0.93066	0.01725	0.0363	0	0	4.03949	0	0.42486	0	0	1.56004	0	0	0	0	0	0	0	0	0.18358	0	0	0	0.22848	0	0	0.26543	0	0	0	6.7145	0	0	0	0.0067	0	0.01091	0	0	0	0	0	0	0	0.00345	0	4.02387	0	0	0.98801	0	0	0	0	0	0	0.09687	0.01115	0	0	0.00372	0.03824	0	0	0	0	0	0	0	0	0	0	0.00219	0	0	0	0.01745	0	0	0	0.79266	0	0	0	0	0	0	0	0.0936	0	0	0	0.05488	0	0	0	0	0	0.01561	0	0	0	0	0	0.077	0	0.38557	0	0	0	0	0	0	0	0	0	0.01968	0	0	0	0	0	5.21267	0	0	0	0	0	0	0	0	0	0.13246	0	0	0	0	0	0	0	0	0	0	0	0	0	0	0	0	0	0	0	0	0	0	0	0.01075	0	0	0	0	0	0	0	0.00901	0	0	0	0.00609	0	0	0	0	0	0	0	0	0	0	0	0	0	0	0	0.00297	0	0	0	0	0	0	0	0	0	0	0	0	0	0	0	0	0	0	0	0	0	Health
SRR413653	3.22573	0.03555	0	0	0.00762	0.07153	5.33022	0.37354	0	0.13847	1.01719	0.38769	0.15719	0.04478	0	1.76938	0.1469	0.31784	0.0993	0	0	0.0729	0	0.50322	0	0.1729	0.02773	0.12618	0.31857	0.00489	0.20493	0.10819	0.00209	0.03197	0	0.00863	0.12808	0.31769	0.04255	0	0.01758	0.02199	0.41763	0	0.02383	0	0	0.07916	0	0.00433	0	0.08683	0.01156	0	0	0	0.04911	0.00363	0	0.05139	0	0	0.08232	0	0	0.00209	0	0.0013	0	0.10055	0	0	0	0.0015	0.07642	0	1.70035	0	2.11913	0.00065	0	0	0	0	0	0	0	0	0	0.10258	0.07209	0.12767	0.01175	0.42658	0.05314	0.01892	0.05526	0	0	0.10579	0	0.0042	4.97093	0	0.16556	0.24994	0.09837	0.01464	0	0	0.00096	0.06771	0.25307	1.28074	0.47879	0.32913	0	0.15316	0.25091	0.04385	0.08593	0	0.058	3.62131	0	0	0	0.02562	0.20325	0	0	0	0.24447	0.0947	1.02304	0.31524	0.09	0	0	0.02276	0.14924	0	0.01335	0	0	0.12644	0.29681	0	0.00065	4.18467	0.00016	0.02526	0.04519	0.03359	0	0	0.0021	0.01572	0.04955	0	0.03981	0.02333	0	0	1.33741	0	0.00168	0.01013	0.07867	0	0	0.09582	0.00225	0.17828	0	0.0224	3.91742	0.11329	0	0.00867	0.0588	0.00424	0.02018	0.05843	0.24769	0.0019	0	5.81464	0	0.24898	0	0.05049	0.00684	0.22975	0	0.00402	0.2442	0	0.03208	0	0	0	0	0	0	0.01316	0.00313	0.00817	0.02105	0	0.01511	0	0.00466	0	4.63588	0.06065	0.12086	0	0	0.44074	0	0.05947	0	0	0	0	0.21665	0.11654	0	0.00825	0.64834	0	0.00351	0.03679	1.15337	0.03501	0.02841	0.0683	0	0.00039	0.20973	0.03407	0	0	0.23733	0	0	0.01003	0.02093	0	0.01204	0.00582	0	0	0	0.00904	0	0	0	0	5.93726	0.5635	0	0.15439	0	0	0.01427	0.00811	0	0.02508	0.0761	0.04427	0	0	0.08506	0.05028	0	0	0	0.00862	0.02515	0.0006	0.01917	0.01731	0	0.00429	0.00311	0.00176	0	0.00102	0.04256	0	0.05265	0	0.00769	0	0	0	0	0.77976	0.00571	0	0	0	0	0.00236	0	0	0	0.00044	0	0	0	5.36628	0	0	0	0	0	0	0	0	0	0.00077	0	0	0	0	0	0	0.00109	0	0.00333	0	0	0	0.00095	0	0	0	0	0	0	0	0	0	0	0.06364	0.00174	0	0	0	0	0	0.00049	0.00018	0	0	0.00376	0	0	0	0	0.00071	0	0	0	0.00212	3.11749	0	0	0	0	0	0.00039	0	0	0	0.00092	0	0	0	0	0	0	0.00359	0	0	0	0	0	0.00528	0	0	0	0.02854	0	0	0	0	0	0	0	0	0	0	0.877	0	0.00566	0	0.00088	0	0	0	0	0	0	0	0	0	Health
SRR413649	3.80494	12.12138	0.09963	6.47722	0.04242	0	0	0	0	0.08362	0.22993	1.38595	0	0.04112	0	3.20144	0.86316	0	0	0	0	0	0	0	0	0	0.1642	0	0.37666	0.1081	0.07627	0	0	0	0	0	0.03574	0.01751	0.34155	0	0.86184	1.7927	1.01	0	0	0.00437	0.01799	0.26672	0	1.4271	0	0.81008	0.0081	0	0	0.045	2.32475	0	0	0	0	0	0	0.02265	0	0.01437	0	0	0	0	0	0	0	0	0	0	0.01254	4.10138	0	0.01686	0	0	0	0	0	0	0	0	1.19212	0	0	0	0	0	0	0	0	0	0	0	0	0	0	0	0	0	0	0	0	0	0	0.30983	0	0	0	0.09234	0	0	0	0	0	0	0	0	0	0	0	0	0.56271	0	0	0	0	0	0.01893	0	0	0	0	0.11383	0	0	0	0	0	1.14557	0	0	0	0.02495	0	0	0.037	0	0.00846	0	0	0	0	0	0	0	0	0	4.38749	0	0	0	0	0	0	0	0	0.1317	0	0.04346	0	0	0	0	0	0	0	0	0	0	0	0	0	0	0	0	0	0	0	0	0	0	0	0	0	0	0	0	0	0	0	0	0	0	0	0	0	0	4.71221	0	0	0	0	1.33409	0	0	0	2.02759	0	0	0	0	0	0	0	0	0	0	0	0	0	0	0	0	0	0	0	0	0	0	0	0	0	0	0	0	0	0	0	0	0	0	0	0	8.06761	0	0	0	0	0	0	0	0	0.03491	0.48147	0	0	0	0	0.01093	0	0	0	0	0	0	0	0	0	0	0	0	0	0	0	0	2.43215	0	2.26947	0.09378	0	0	0	1.34741	0	0	0	0	0	0	0.00988	0	0	0	0	0	0	1.98837	0	0	0	0	0	0	0	0	0	0	0	0.01274	0	0	0	0	0	0.17183	0	0	0	0	0	0	0	0	0	0	0	0	1.06271	0	0	0	0	0	0	0	0	0	0	0	0	0	0	0	0	0	0	0	0	0	0	0	0	0	0	0	0	0	0	0	0	0	0	0	0	0.02551	0	0	0	0	0	0	0	0	0	0	0	0	0	0	0	0	0	0	0.02748	0	0	0	0	0	0	0	0	0	0	0	0	0	0	0	0	0	0	0	Health
SRR413648	0.00719	6.33238	0	4.05087	0.1566	0.34786	6.37011	0.96225	0	0	0	0.38429	0.04088	0	0	0.11478	0.23743	0.26977	0.49866	0.05716	0.18661	1.53937	0	0	0	0.82864	0.04607	0.1217	1.41744	0.17071	0.04194	1.54459	0.41231	0	0	0.04321	0.49711	0.02727	0.04693	0.00771	0	0.00718	0.44973	0	0	0.05805	0.02774	0.04815	0.15295	0	0	0.2536	0	0	0.00211	0	0.18217	0.00788	0.00783	0	0	0.01551	0	0	0.60011	0.00827	0	0.00258	0	0.0114	0.00096	0	0	0.00815	0.73641	0.01098	0	0	0	0	0	0	0	0	0	0	0	0	2.66264	0	0	0	0	0	0	0	0	0	0	0	0	0	3.95798	0	0.04423	0	0	0	0	0	0	0.41514	0	0	0.42807	0	0	0	0	0	0	0	0	1.484	0	0	0	0	0	0	0	0	0	0.00176	0	0	0	0	0	0.19325	0.07826	0	0	0	0	0	0.73891	0	0	0	0.00088	0	0	0	0	0	0	0	0	0	0.72681	0	0	0	0	0	0	0	0.61706	0	0	0	0	0.68921	0	0.169	0	0	0	0	0	0.10659	0.02167	0.00572	0.06249	0	0	0	0	0.37218	0	0	0.00101	0	0	0	0	0	0	0	0	0	0	0	0	0	0	0	0	0	0	0	0.00555	0.02554	0.43605	0.06928	0.10431	0	0	0	0	0	0	0	0.00288	0	0	0	0	0	0	0	0	0.0461	0	0.09914	0	0	0	0	0	0	0.05393	0	0	0	0	0	0	0	0	0	0	0	0	0	0	0	0	0	0.00736	0	0	0	0	0	0	0	0	0.07058	0.83772	0	0	0	0.02988	0	0	0.01217	0	0	0	0.00658	0.01204	0	0	0	0	0	0	0	0.2185	0	0	0.06443	0.01365	0.29123	0	0	0	0	0.09343	0.00895	0	0.00157	0.01011	0	0	0	0	0	0	0.02858	0.00048	0	0.00776	0	0	0.01166	0	0	0	0	0	0	0	0	0	0	0	0	0	0	0	0	0	0	0	0	0	0	0	0	0	0	0	0	0	0	6.17151	0	0	0	27.05679	0	0	0	0	0	0	0	0	0	0.00735	0	0.01064	0.01908	0	0.07987	0.17018	0	0	0	0	0	0.00194	0.00301	0	0	0.0124	0.00062	0	0	0	0	0	0	0	0	0	0	0	0	0.09686	0	0.00083	0	0	0	0	0	0	0	0	0	0	0	0	0	0	0.02201	0.00102	0	0	0	0.00031	0	0	0	0	0	Health
SRR413646	2.35402	0.97368	0	0.18438	0	0.11047	0	0.58918	0	0	6.30338	0.42802	0	2.33627	1.26367	1.95442	0.3378	0	0	0	1.19873	0.36705	0	0	0	2.03901	0.1004	0	0.08265	0.02785	0.60031	0.10992	0.10711	0.32731	0.23129	0	0.95164	0.0507	0.00155	0.02693	0	0	0.08825	0	0	0	0.06065	0.62769	0	0	0	0	0	0	0	0.00616	0	0.00049	0.00829	0.05804	0	0.00474	0	0	0.00014	0.03051	0	0	0	1.62818	0	0	0.01916	0.00248	0.28197	0	0.48809	0	0	0	0	0	0	0	0	0	0	0	0	0.21819	0	0	0	0	0	0	0	0	0	0.14825	0	0	0	0	0.00047	0	0	0	0	0	0	0.7672	0	0	0	0	0	0	0	0	0	0	0.40655	0	0	0.0184	0	2.19174	0	0	0	0	0.05237	0.08436	0	0	0	0	0	0.11929	0	0	1.03519	0	0	0.09698	0	0	0	0	0	0	0	0.03878	0	0.69518	0.11344	0.01091	0	0	0	0	0	0	0	0	0.16322	0	0	0	0	0	0	0.11052	0	2.64537	0	0	0	3.63628	0	0.0561	0.9618	0	0.77735	0	0	0	0	0	0	0	0.0509	0	0	0	0	0	0	0	0	0	0	0	0	0	0	0	0	0	0	0	0.00125	0	0.07146	0	0.20999	0	0	2.4889	0	0.08098	0	0	0	0	0.32185	0	0	0	0	1.14034	0	0	0	0	0	0	0	0	0	0	0	0	0	0.18292	0	0	0	0	0.04689	0	0	0	0	0.00869	0	0.00552	0	0	0	0	0	0	0	0.04277	0	0.03584	0	0	0.00477	0	0	0	0	0	0	0	0	0	0	0.00467	0	0	0.01374	0.00278	0	0.12355	0	0	0.10487	0	0	0.25762	0.05301	0	0	0.11145	0	0	0	0.08925	0.00285	0.05547	0.01855	0	0	0	0	0	0	0	0.00474	0	0	0	0	0.08758	0.00029	0	0	0	0	0	0	0	0	0	0	0	0	0	0	0	0	0	0	0	0	0.0072	0	0	0	0	0	0	0	0	0	1.17671	0	0	0	0	0	0	0	0.01988	0	0	0	0	0	0.01665	0.00113	0.00644	0	0	0	0.21959	0	0	0.00204	0.00809	0	0	0	0	0.01974	0	0	0	0	0	0	0	0	0.01023	0	0.02528	0.00845	0	0.00588	0.00152	0	0	0.02614	0	0.00137	0.01419	0	0	0	0	0	0	0	0	0	0	0	0	0	0	0.00189	0	0	0	0	0	Health
SRR413645	1.92558	1.0222	0	0	0.03308	0.11063	0.24586	0.15933	0	0.09894	0.2082	0.46274	0	0.16948	0	0.35278	0.18655	0.09093	0.02088	0	0	0.04944	0.007	0	0	0	0.0382	0.02458	0.03025	0	0.44248	0.07172	0	0.02124	0	0.00075	0.06084	0.34931	0.00899	0	0	0	0.59381	6.78985	0	0	0	0	0	0	0	0.00827	0	0	0	0	0	0	0	1.43965	0	0	0.01482	0	0	0	0	0	0	0.11415	0	0	0	0	0.5183	0	0	1.55074	0.20537	0.71299	0.00868	0	0	0.39236	0	0	0	0	3.6279	0	0	0	0	0	1.53033	0	0	0.01989	0	0	0	0	2.77411	0	0.31856	0.02066	0	0	0	0	0	0.04937	0	2.1055	0	0.11017	0	0	0.00212	0	0	0	0	0	0	0	0	0.7354	0	2.22634	0	0	0.11323	0.04626	0.17939	0.2325	0	0	0	0.0064	0.06484	0	0.0249	0	0	0.08063	0.03574	0	0	0.15085	0	0.04398	0.056	0.01967	0	0.04581	0.35646	0	0	0	0.00933	0	0	0	0.12163	0	0	0	0	0.00854	0.04204	0	0	0.00882	0	0.01269	0.12292	0	0	0.12378	0.13913	0	0	0.0779	0.03154	0	0.01428	5.10856	0	0	0.03709	0	0.00413	0	0	0.00091	0.0108	0	0	0	0	0.00727	0	0	0	0	0.0136	0	0	0	0	0	0.00317	0	0.09915	0.00295	0.03237	5.26169	0	0.19891	0	0.36021	0	0	0	0	0	0	0	0.19713	0	0	0.00295	0	0.10592	0.00333	0	0.28864	0	0	0	0	0	0	0	0	0	0	0.01089	0	0.02788	0.02425	0	0.7508	0	0.02081	0	0	0	0	8.10271	0	0	0.00236	0	0	0	0	0	0	0.00478	0	0	0	0	0	0	0	0.00577	0.00116	0	0	0	0.02418	0	0	0	0.00102	0	0	0	7.71301	0	0	0.70155	0	0	0.00188	0	0.19323	0.00862	0	0	0	0.02507	0.02922	0.01328	0	0	0	0	0.00939	0	0	0	0	0	0	0	0	0	0	0	0	0	0	0	0.00785	0	0	0	0	0	0	0.06885	0	0	0	0	0	0	0	0	0	0	1.18367	0	0	0	0	0.30525	0	0	0	0.00156	0	0	0.02436	0.0476	0	0	0	0	0	0	0	0	0.00336	0.19283	0	0	0	0	0	0	0	0	0	0	0	0	0	0	0	0	0	0	0	0	0.0174	0	0	0	0	0	0	0	0	0	0	0	0	0	0	0	0	0.14957	0	0	0	0	0	0	0	0	0	0	0	0	0	Health
SRR413644	0.67869	0.81895	0.05263	0.00095	0.01844	0.1425	6.84121	0.33847	0.0066	0	0	0.13867	0.00552	0.04012	0	0.081	0.07252	0.09647	0.06263	0.02553	0	0.29082	0.0233	0	0	0.02093	0.00361	0.07207	0.60156	0.08909	0.03024	0.19395	0.07536	0.04351	0.19284	0.01196	0.33301	0.07535	0.00825	0	0	0	0.12419	0.98588	0.05959	0.00698	0.00076	0.20418	0	0	0	0.00199	0	0.01706	0	0	0	17.04267	0	0.28087	0.03189	0	0	0	0	0	0.04603	0	0.0058	0.00274	0	0	0	0	0	0	0.56965	1.77207	0.77096	0	0.63746	0.10066	0	0	0	0	0.25094	0	0	0.10185	0.00201	0.05321	0.24098	0.03759	0.38158	0.00916	0	0	0	0.01728	0.20255	0.02647	3.04972	0	0.4477	0	0	0	0.00494	0	0.04048	0.14237	0.64403	0	1.56331	0.2218	0	0	0	0	0.076	0	0.12738	2.33771	0.53763	0	0	0.00114	0	0	0.00713	0	0.15729	0.04759	0.83764	0	0.04931	0	0.31422	0.05094	0.04487	0.01063	0.00655	0.01175	0	0.38557	0.20711	0.02913	0.03473	0.00312	0.04123	0	0.00268	0.03447	0	0	0	0.01845	0.02407	0	0.03546	0.02008	0.03672	0	1.8907	0.00253	0	0.00273	0	0	0.00871	0	0	0.16796	0.02503	0.00617	0.11641	0	0	0.00285	0.0392	0.04006	0.0064	0.00422	0.04472	0.00068	0	0	0.00325	0.13397	0.0198	0.08386	0.03765	0.00481	0	0	0.0035	0	0	0	0	0.03506	0	0.44238	0	0.03417	0.03656	0.00553	0.00613	0.0032	0.00633	0	0	0.02408	0.11631	0.02611	0.16688	0	0	0.55202	0	0.00888	0.25181	0.15354	0.31914	0	0.01013	0.04407	0.01209	0	0	2.53496	0	0.01653	0	0.0862	0.0119	0.04147	0	0.00682	0.01395	0	0.01371	0	2.43125	1.27496	0	0.00475	0.01436	0	0.00676	0	0	2.25649	0.00538	0.01484	0	0	0.00488	0.00014	0.34299	0	0	0	3.21882	0	0.02597	0	0.00173	0.02454	0.25349	0.04402	0	0	0	0	0	0	0.02129	0	0.02298	0.00046	0	0	0	0.00131	0.00877	0	0	0	0.03341	0	0	0	0.13309	0	0.00279	0	0	0.62923	0.04973	0	0.00125	0.00018	0.00858	0	0.0004	0	0	0.00113	0	0.04135	0.01172	2.29512	0	0	0.08763	0	0	0	0	0	0	0	0	0	0	0	0	0	0	0	0	0	0	0	0	0	0	0.00021	0	0	0	0	0.47306	0	0	0.00563	0	0	0	0	0.01092	0	0	0	0	0	0	0	0.00144	0	0	0.00018	0	0.0003	0	0	0	0	0	0	0.00311	0	0	0	0	0	0.00296	0	0	0	0	0	0	0	0	0	0	0	0	0	0	0	0	0	0	0	0	0.00102	0	0	0	0	0.00013	0	0	0	0.00279	0	0	0	0.14132	0.00511	0.00097	0	0	0	0	0.00089	Health
SRR413643	2.22891	0.00153	0	2.02538	5.73145	0.82458	0	3.13689	0	0.01152	1.10303	0.76012	0	0	0	0.49202	1.82772	0	0	0	2.88841	0.84661	0	0	0.03581	1.77928	0.19564	0	2.08803	0.01384	0.03895	3.43452	0	0	0.01128	0	0	0.43987	0.02812	0.04406	0	0	0.79753	0	0.08266	0	0.77116	0	1.40209	0	0	0.01207	0	0	0.10966	1.1122	0	0.02299	0.01026	0	0	0	0	0	1.44336	0.59826	0	0	0	0	0	0	0	0.0025	0.1399	0	0	0	0	0	1.09623	0	0	0.02154	0	0	0	0	0	0	0.49663	0	0	0	0	0	0	0	0	0	0	0	0	0	0	0	0	0	0	0	0	0.58185	0	0	0	0	0	0	0	0	0	0	0	0	0	0	0	0	0	0	0	0	0	0.00509	0	0	0	0	0	1.49117	0	0	0	0	0	0	0	0	0	0	0	0	0	0	0	1.52682	0	0	0	0	0	0	0	0	3.77527	0	0	0	0	0	0	0	0	0	0	0.33948	0	0	0	0	0	0.20297	0	0.19719	0.00065	0	0	0	0	0.46249	0	0	0	0	0	0.12094	0	0	0	0	0	0	0	0	0	0	0	0	0	0	0	0	0.27881	0	0.42425	0	0.73517	0	0	1.50423	7.6922	0	0	0	0	7.00E-05	0	0	0	0	0	0	0	0	0	0.21839	0	0	0	0	0	0	0	0	0.01892	0	0	0	0	0	0	0	0	0	0	0	0	0	0	0	4.86629	0	0	0	7.76938	0	0	0	0	0	0.39664	0	0	0	0	0	0	0	0	0	0	0	0.55566	0	0	0	0	0	0	0	2.95056	0	0	1.87258	0.00444	0	0	0	0	1.14112	0	0	0	0	0	0	0	0	0	0	0	0	0	0	0.12904	0	1.312	0	0	0	0	0	0	0	0	0.00034	0	0	0	0	0	0	0	0	0	0	0	0	0	0	0	0	0	0	0	0	0	0	0	0	0	0	0	0	0	0	0	0	0	0	0	0	0	0	0	0.00375	0	0	0	0.00073	0	0	0	0.00354	0	0	0	0	0	0	0	0	0	0	0	0	0	0	0	0	0	0	0	0.0677	0	0	0	0	0	0	0	0	0	0	0	0	0	0	0	0	0	0	0	0	0	0	0	0.01259	0	0	Health
SRR413641	14.59108	2.06536	0	0.30825	0.68794	1.09231	7.97716	0.31379	0	0.00301	2.0994	8.08029	0.00965	0	0	0.51613	0.18954	0.09746	0.29798	0	1.96362	0.30187	0	1.82048	0	0	0.02947	0.03637	0.26675	0	0.74994	0.12513	0.11932	0.18646	0.02703	0	0	0.00373	0.00281	0.10735	0	0.00995	0.73584	0	0	0	0.01986	0.87697	0.00692	0	0	0.01394	0	0	0	0	0	0	0	0.31238	0	0	0	0.00365	0.0233	0.04024	0	0	0	0.41638	0	0	0	0	0	0	0	14.86475	0	0	0.37655	0	0	0	0	0	0	0	0	0	0.16847	0	0	0	2.92314	0	0	0	0	0.07733	0	0	3.89767	0	0.04933	0	0	0	0	0	0	0.52395	0	0	2.31094	0	0	0	0	0	0	0	0	1.02198	0	0	0	0	1.45066	0	0	0	0.38337	0.02502	0	0	0	0	0	0.01669	0.03937	0	0.04164	0	0	0.34569	0.00322	0	0	0.00185	0.05473	0	0	0	0	0.00708	0	0	0.68146	0	0.42158	0	0	0	0.00296	0	0	0	0.41097	0	0	0	0	0.06799	0	0.12128	0	0	0.07219	0	0	0.00722	0	0.00325	0	0	0	0	0	0.0274	0	0	0.10454	0	0	0	0	0	0	0	0	0	0	0	0	0	0	0	0	0	0	0	0	0.31108	0	0	0.1296	0	0	0	0	0	0	0	0	0	0	0	0	0	0	0	0	0	0	0	0	0.60118	0	0	0	0	0.02643	0	2.45744	0	0	0	0	0	0.00273	0	0	0	0	0	0.00164	0.03823	0	0	0	0	0	0	0	0	0.02533	0.24294	0	0.01625	0.0258	0	0	0	0	0	0	0	0	0	0	0	0	0	0	0	0	0.00152	0	0	0.07733	0	0	0	1.17176	0.03111	0	0	0	0.46435	0	0.00032	0	0.02561	0.2706	0	0	0	0	0	0	0.03377	0	0	0	0	0	0	0	0	0	0	0	0	0	0	0	0	0	0	0	0.03194	0	0	0	0	0	0	0	0.03345	0	0	0	0	0	0	0	0	0	0	0	0	0	0	0	0	0.11363	0	0	0	0	0.06694	0	0	0	0	0	0	0	0	0	0.01002	0	0	0	0	0	0	0	0	0	0	0	0	0.01593	0.07403	0	0	0	0	0	0	0	0	0	0	0	0.00441	0	0	0	0	0	0	0	0	0	0	0	0	0	0	0	0	0	0	0	0	0.0028	0	Health
SRR413639	5.49028	12.90983	0	0.34023	2.0056	5.03674	1.13594	0	0.01558	0	0.34991	0.0671	0	0.28594	0	0.44757	0.06743	0	0.6185	0.21386	0.00303	0.09523	0	0.45457	0	0.20808	4.16914	0.14193	0.34978	0.84187	0.26195	0.20477	0.00113	0	0.37193	0	0.42154	0.41609	0.01681	0	0.03937	0.00518	0.35543	0	0	0.02228	0.0227	0.58978	0.01578	0.01517	0	0.01268	0.00637	0	0	0	0.04752	0.01446	0	0.05336	0	0	0	0	0	0.01106	0	0.01447	0	0.03483	0.01545	0	0.00182	0.00842	0	0.01247	0	0	0	0	0	0	0	0	0	0	0	0	0	0.00303	0.09691	0.13081	0	0	0	0	0	0	0	0.07192	0	0.17994	13.15014	0	1.48682	0	0	0	0	0	0	0.55303	0	0.23074	0	0.03053	0	0	0	0	0.0075	0	0.10083	0	0	0	0	0	0	0	0	0.05806	0	0	0.00146	0	0	0	0.03421	0.13417	0.0158	0	0.00965	0	0	0	0.04327	0	0	0	0	0	0	0	0	0.47388	0	0.06401	0	0	0	0	0	0	0	0	0	0	0	0.05206	0	0	0	0.10602	0	0.03771	0	0	0	0.02025	0	0.20528	0	0.15789	0.98993	0	0	0	0	0	0	0	0	0	0	0	0.00901	0	0	0	0	0	0	0	0	0	0	0	0.00176	0	0	0	0	0	0	0	0.81803	0	0	3.20363	0	0.24324	0	0	0.09431	0	0.33636	0	0	0	0	0	0	0	0	0	0	0.05492	0	0	0	0	0.00258	0	0.00964	0	0	0.00308	0.00143	0	0	0	0	0	0	0.00033	0	0.00596	0	0	0	0	0	0	0	0	0.00391	0	0	0	0.1889	0	0	0	0.00283	0	0	0.43119	0	0	0	0	0	0	0	0	0	0	0.00724	0	0	0	0	0	0.0475	0.09954	0	0.00404	0.00602	0.00054	0.17257	0.0233	0.00394	0.00024	0.00632	0	0.00511	0	0	0	0	0.01746	0	0.08431	0	0	0	0	0	0.03048	0	0	0	0	0	0	0	0	0	0	0	0	0	0.00138	0	0	9.22089	0	0	0	0	0	0	0	0	0.03326	0	0.01605	0	0	0	0	0	0	0	0	0	0	0	0	0	0	0.00576	0.00055	0.00659	0.02325	0	0	6.79428	0	0	0	0	0	0	0.00642	0	0	0.01289	0.00803	0.00752	0	0	0	0	0	0	0	0	0	0	0	0.0019	0	0	0	0	0	0	0	0	0	0	0	0	0	0	0	0	0	0	0	0	0	0	0	0	0	0	0	Health
SRR413637	3.61149	0.00226	0	0.85011	0.42789	3.33724	2.00232	0.0762	0	0	0	0.00995	0	0.11545	0.0472	0.09495	0.03196	0.03201	0.6026	0	0.42538	0.07435	0	0	0	0.00435	0.01685	0.00522	0	1.47844	0.01591	0.14325	0.02355	0.03478	0.01003	0	0.08231	0.00571	0.29579	0	0	0.00167	0.00729	0.04287	0	0.04462	0	0.6558	0	0	0	0.70806	0.0298	0	0	0.01829	0.0853	0.0262	0.10372	0	0	0	0	0	0	0	0	0.03852	0	0	0.00418	0	0	0.13855	0	0.0037	0.00848	0	0	0.01038	0.00021	0	0	0.14011	0	0	0	0	0	0	0	0	0	0	0	0	0	0	0.003	0	0	0	2.16027	0	0.11138	0	0	0	0	0	0	0.19451	0	0.1641	0.16524	0.00351	0	0	0	0	0	0	0	0.08609	0	0	0	0	0	0	0	0	0.0378	0.00998	9.00E-05	0	0	0	0	0.01738	0	0	0	0	0	0.11648	0	0	0	0	0	0	0	0	0	0	0	0	0	0	0.02549	0.01397	0	0	2.57345	0	0	0	0	0	0	0	0	0.0956	0	0.00638	0	0	0	0	0	0	0	0.01038	0.09136	0	0	0	0	0	0	0	0.00309	0	0	0	0	0	0	0	0	0.05545	0	0.00306	0	0	0	0	0	0	0	0	0	0	0.39855	0	0.5257	0	0	5.51734	0	0	0	0	0	0	0.00453	0	0	0	0	0	0	0	0	0.36187	0.00071	0.00021	0	0	0	0	0	0	0.33095	0	0	0	0	0	0.03866	0	0	0	0	0	0	0	0	0	22.27403	0	0	0	8.46876	0	0	0	0	0	0.19953	0	0	0	0	0	0	0	0	0	0	0.01252	0.00634	0	0	0	0	0	0	0	0.43838	0.00335	0	0	8.02947	0	0	0	0	0.0005	0	0	0	0	0.65831	0	0	0	0	0	0	0	0.00193	0	0	0.00693	0.05148	0	0	0	0	0	0	0	0	0	0	0	0	0	0	0.88132	0	0	0	0	6.70952	0	0	0	0	0	0	0	3.73707	0	0	0	0	0	0	0	0	0	0	0	0	0	0	0	0	0	0.00194	0	0	0.01686	0	0	0.17272	0	0	0	0.00727	0.07723	0.00149	0.00452	0.02822	0.02723	0.00902	0	0	0	0.00384	0	0	0	0	0	0	0	0.04763	0	0.04881	0	0	0	0	0	0	0	0	0	0	0	0	0	0	0	0	0	0.01676	0	0	0	0	0	0	0	0	0	Health
SRR413635	0	6.21682	11.43405	2.31534	0	0.61796	0	0	10.34118	0.5571	0	0	0	6.96638	0	0	1.64923	0	0	0	0	0	0	0.00061	0	0	0.99879	0	0	0.13228	0	0	0	0	0	0	0	0	0.06392	0.39037	0.09324	0.0201	0.00126	0	0	0.00905	0.57679	0	0	0.03783	0.02606	0.03513	0.03631	0	0	1.20074	2.38872	0.00163	0.00539	0	0	0	0	0	0	0	0	0.00078	0	0	0	0	3.02827	0	0	0	0	0	0	0	0	0	0	0	0	0	0	0	0	0	0	0	0	0	0	0	0	0	0	0	0	0	0	0	0	0	0	0	0	0	0	0	0	0	0	0	0	0	0	0	0	0	0	0	0	0	0	2.26821	0	0	0	0	0	0	0	0	0	0	0	0	0	0	0	0	0	0	0	0	0	0	0	0	0	0	0	1.63907	0	0	0	0	0	0	0	0	0	0	0	0	0	0	0	0	0	0	0	1.78091	0	0	0	0	0	0	0	0	0	0	0	0	0	0	0	0	0	0	0	0	0	0	0	0	0	0	0	0	0	0	0	0	0	0	0	0	0	0	0	0	0	0	0	0	0	0.37961	0	0	0	0	0	0	0	0	0	0	0	0	0	0	0	0	0	0	0	0	0	0	0	0	0	0	0	0	0	0	0	0	0	0	0	0	0	0	0	0	0	0	0	0	0	0	0	0	0	0	0	0	0.00581	0	0	0	0	0	0	0	0	0	0	0	0	0	0	0	0	0	0	0	0.06542	0	0.32511	0	0	0.0004	0	1.75887	0	3.11689	0.00164	0	0	0	0	0	0	0	0	0	0	0	0	0	0	0	0	0	0	0	0	0	0	0	0	0	0	0.32385	0	0	0	0	4.49794	0	0	0	0	0	0	0	0	0	0	0	0.00069	0	0	0	0	0	0	0	0	0	0	0	0	0	0.00064	0	0	0	0	0	0.68342	0.07625	0	0.0213	0	0	0.00151	0	0	0	0.00495	0	0.00154	0.34299	0	0	0.10581	0	0	0	0	0	0.19544	0	1.28459	0.01368	0.1368	0	0	0.04842	0.06069	0	0	0	0.00069	0	0	0	0	0	0	0	0.00277	0	0	0	0	0	0	0	0	0	Health
SRR413633	15.36051	0	0	0.1614	0	1.37559	2.56802	0.365	0	0	0.48883	0.26016	0	0.0822	0	0.42784	1.1459	0	0.25511	0.00489	0.5721	0	0.08737	0	0	0	0.16245	0.05025	0.23379	1.46797	0.076	0.33468	0.11567	0.1453	0	0	0	0.06411	0.08855	0	0.00921	0.0012	0.19841	0	0	0.0381	0.00018	3.12423	0.00043	0.00027	0	0.06584	0.00414	0	0.04137	0	0	0	0.05613	0	0	0.0084	0.0025	0	0.14307	0.01202	0	0.01931	0	0	0	0.00029	0	0.00988	0.07924	0.01109	0.06806	0	0.00046	0.00105	0.66746	0	0	0	0	0	0	0	0	0	0	0	0	0	0.01264	0	0	0	0	0	0	0	0	0	0.33896	0	0	0	0	0	0	0.8367	0	0	0	0.08561	0	0	0	0	0	0	0	9.32572	0	0	0	0.46066	0	0	0	8.00E-05	0	1.15347	0	0.51363	0	0	0.48712	0.0768	0.06354	0	0	0	0	0.05927	0.02425	0	0	0.00411	0	0	0	0	0	0	0	0	0	0	0.62425	0	0	0	3.20459	0	0	0.01343	0.25753	0.03192	0	0	0	0.43364	0	0.02347	0	0	0	0	0	0.27503	0	0.63517	0.83852	0	0.00445	0	0	0.86158	0	0	0.04648	0	0	0	0	0	0	0	0	0	0	0.00396	0	0	0.00609	0	0	0	0	0	0.07586	0.02469	6.21491	0.04508	0.09158	0	0	6.26123	0	0.00021	0	7.85475	0.0082	0	0.05357	0	0	0	0	0	0	0	0	0	0	0	0	0	0.0001	0	0.00583	0	0.29027	0	0	0.0026	0	0	0	0	0	0	0	0	0	0	0	0	0	0	0.0088	0	0.00096	0	0.00311	0	0	0	0	0	0	0	0.00073	0	0	0.04187	0	0.06024	0	0	0	0	0	0	0	0	0	0	0.04882	0	0	0.01274	0.26468	0.13618	0	0	0	3.05112	0.03953	0	0.17852	0	0	0	0.07332	0	0	0	0	0.01156	0.21363	0	0	0.00279	0	0	0	0.00142	0	0	0	0	0	0	0	0	0	0.00022	0.03971	0	0	0	0.00343	0	0.00077	0	0	0	0	0	0	0	0	0	0	0	0	0	0	0	0	0	0	0	0	0	0	0	0	0	0.01549	0	0.00017	0.01276	0	0	0.00021	0	0	0	0.00283	0.01512	0	0.00196	0.00551	0	0.00809	0	0.00021	0	0.00112	0	0	0	0	0	0	0	0	0	0	0.00236	0	0	0	0	0	0	0	0	0	0	0	0	0	0	0	0	0	0	0	0	0	0	0	0	0	0	Health
SRR413628	2.93577	0.20609	0	0.0247	0.01016	0.32749	4.46548	0.19125	0.00475	0	0.32538	0.05269	0	0.01663	0	1.18792	0.21333	0.13889	0.09439	0.01937	0.0404	0.11322	0.00851	0	0	0.18614	0.16347	0.13315	0.08854	0.01984	0.19167	0.06094	0.0263	0.01369	0.37988	0.00329	0.07415	0.01234	0.04101	0	0.00111	0	0.1794	0.50107	0.01387	0.007	0	0.24903	0	0.00238	0	0.00941	0.014	0.01196	0	0	0	0.00015	0	0.15231	0.08248	0	0.02538	0	0	0	0.007	0.00274	0	0.0595	0	0	0	0	0.03971	0	0.56159	4.59129	0	0.10978	0.64627	0.9462	0.03443	0.0366	0	0	0.04662	0	1.13251	0.15231	0.16305	0.26954	0	0.00055	0.40747	0.00809	0	0	0	0.08498	0	0.00018	0.44082	0.0987	1.13913	0.1114	0.00855	0	0	0.03143	0	0.10579	0	3.22718	0.1357	0.23832	0.00751	0	0.55373	0.00878	0.11296	0	0.02334	1.3279	0	0	0	0	0.25362	0.69349	0	0	0.23312	0.08052	1.26127	0.47668	0.0387	0.03318	0.05305	0.0736	0.03271	0.00821	0.01665	0.0063	0.01041	0.0244	0.04466	0.03351	0.02903	0.08154	0	0	0	0.02491	0	0	0.00545	0.06253	0.03758	0.00243	0.01706	0.0138	0	0.00096	2.85894	0.00032	0	0	0	0.00832	0.00557	0	0.00556	0.03548	0	0.02471	0.08798	0	0.00572	0.05768	0.05302	0.0173	0.02428	0.01191	0.07982	0.01997	0.13252	0.63025	0.00153	0.04039	0.00366	0.0427	0.03654	0.02977	0	0	0.03173	0	0.01212	0	0	0.03561	0	0.07374	0.17758	0.01358	0	0.0007	0.00509	0.00162	0.00941	0	0.05044	0.00166	0.40858	0.03688	0.10805	2.0704	1.37751	0.45245	1.18431	0.02717	0	3.80247	0.01705	0	0.02216	0	0.01855	0.01471	0.03999	0	0.01358	0.03295	0.20284	0.10092	0	0.02394	0	0.00259	0	0.01858	0.02152	0	3.03564	0	0	0.00554	0.05334	0.08702	0	0.03872	0	0.88312	0.00175	0	0	0.00203	0.00401	0.00096	7.76314	0	1.41602	0	0.05143	0.08087	0.00333	0	0	0.02002	0.01313	0.01683	0	0	0	0.00223	0.00759	0.00637	0	0.01349	0	0.00135	0.00495	0.03036	0	0	0	0	0.00015	0.03381	0	14.39126	0	0	0.14165	0	0	0	0	0.35155	0.01521	0	0	0	0	0	0	0	0	0	0	9.00E-05	0	0	0	0	0.16081	0.48857	0	0	0.00667	9.00E-05	0	0	0	0.00024	0	0	0	0	0	0	0	0	0	0	1.39476	0	0	0	0	0	0	0	1.2057	0	0.002	0	0	0	0	0.01375	0	0	0	0	0	0	0.0059	0	0	0.00156	0	0.00058	0	0	0	0.00663	0	0	0	0.01385	0	0	0	0	0	0	0	0	0	0	0	0	0	0	0.00994	0	0	0	0	0	0	0	0	0	0	0	0	0	0	0	0	0.0244	0	0	0	0	0	0.02747	0	0	0	0	0	0	0	0	0	0	Health
SRR413623	4.91937	0	0	0.05472	0	0.21567	3.46349	0.24591	0.02791	0	1.07688	0.05891	0.1219	0.91849	0	4.73703	0.48193	0.14137	0.45533	0	0.00031	0.89927	0	0	0.00641	0.89118	0.01882	0.05654	0.13129	0.00236	0.22533	0.13871	0.07119	0.0029	0	0	0.22874	3.1366	0.11738	0.0003	0	0.0003	1.39987	0	0.0307	0	0.01277	2.58614	0	0	0	0	0	0.01995	0	0	0.01254	0.00511	0.01283	1.5078	0	0	0.21706	0	0	0.04103	0	0	0.00381	0.13202	0	0	0	0.00233	0	0	2.78437	0	3.44474	0.92329	3.10567	0.2486	0	0	0	0	0	0	0	0.55816	0	0.30128	0.62996	0.2224	1.71478	0.15661	0.93748	0	0	0.20967	0.31348	0	0.3509	0	1.75702	0.11405	0.83609	0	0	0	0	0.26088	0.90079	0.61974	1.17394	0.36558	0.01527	1.07205	0	0	0.19233	0	0.20197	0.86158	1.10825	0.03782	0	0.27305	0.03247	0.82267	0	0.39939	0.38019	0.04057	0.0281	0	0.02884	0.15106	0	0.09695	0.29954	0	0.12084	0	0.12456	0.00145	0.09905	0.16428	0	0.03708	0	0.05034	0.07063	0.14755	0	0.38282	0.01899	0.13906	0.04014	0	0.02965	0	0	0.04887	0.15265	0.02263	0.00974	0.01452	0.22914	0.04751	0.01683	0	0.00358	0.17635	0.02733	0.02262	0	0	0.04964	0.05215	0.16196	0.11061	0.01766	0.05563	0.40716	0.01626	0.30883	0	0.00102	0	0	0.10806	0.06232	1.01571	0.011	0.01659	0.24649	0.00218	0	0	0	0.53381	0.09818	0.76941	0.04773	0.14763	0.01371	0.01041	0.03255	0.03245	0.02147	0.0379	0.03113	0.04772	0.00031	0.04224	0.12631	0	0	1.39171	0	0.23948	0	0.02279	0	0.00105	0.40972	0	0	0	0.65677	0	0.03214	0.0043	0	0	0.04362	0.13222	0	0	0.00195	0.00485	0	0	1.41517	0	0.01361	0.02235	0	0.08023	0.03791	0	0	0	0	0	0	0.04243	0	0.00045	0	0	0	0	3.78909	0	0.01693	0	0	0.03544	0.12972	0.10088	0.00582	0	0	0	0.0141	0	0.07348	0.03555	0	0.00943	0	0.12085	0	0	0	0.01981	0.01645	0	0.03334	0	0	0.01233	0	0	8.00E-05	0.00273	0	0	0	0.00028	0	0.00878	0.04643	0.01785	0	0	0.00074	0.00366	0	0	0	0	0.01395	0	0.31665	0	0	0.01217	0	0.00602	0	0	0.05499	0.02358	0.00044	0	0	0	0	0	0.00996	0.00519	0	0.005	0.48518	0	0.00552	0.01559	0	0	0	0.0065	0	0.02961	0	0	0	0	0	0.00999	0	0	0.00339	0	0.00104	0	0.00522	0.00647	0.01427	0	0	0.00203	0	0	0	0	0	0	0	0	0	0	0	0	0	0	0	0	0	0	0	0	0	0.00204	0	0	0	0	0	0	0	0	0	0	0.01119	0	0	0	0	0.00828	0	0	0.00313	0.01254	0	0	0	0	0	0	0.20115	0.00584	0.00658	0	0	0	0	0	Health
SRR413620	0.11406	1.72568	0	0.90269	0	0.2697	4.86901	0	0	0.40269	0.00183	0.25052	0	0.42113	0	0.01126	0.36409	0.0789	0.26418	0	4.1483	0.17016	0	0	0.05454	0	0.44	0	0.7083	0	2.11456	0.02925	0.01342	0.15105	0.00329	0	0.4467	0.00648	0.12787	0.0233	0	0.00052	10.79859	0.00128	0	0	0.20761	0.03105	0	0	0	0	0	0	0	0.15912	0.01064	0.00511	0.00413	0	0	0	0	0	0.29071	0.09974	0	0.00052	0	0.03469	0	0	0.03654	0	0	0	0.00798	0.00413	0.01025	0	0	0	0	0	0	0	0.01072	0	1.35066	0	0	0	0	0	0.00013	0	0	0	0	0	0	0	0	0	0.2683	0	0	0	0	0	0	0.0743	0	1.72914	0.00154	0	0	0	0	0	0	0	0	0.28443	0	0	0	0	0	0	0	0	0	0	0.25579	0	0	0	0	0.01814	0	0	0.42621	0	0	0.53632	0	0	0	0	0	0	0	0	0	0	0	0	0	0	0	0.00974	0	0	0.7635	0	0.02709	0	0	0	0	0	0	0.18229	0	0.66431	0.00036	0	0	0	0	0	0	0	0	0.10593	0	0.00188	0	0	0	0	0.05839	0	0	0.04067	0	0	0	0	0	0	0	0.00336	0	0	0	0	0	0	0	0	0	0	0.03104	0	0.35175	0	0	0.00142	0.41648	1.05961	0	0.20543	0	0.00722	0	0	0	0.03299	0.01011	0	0	0	0	0.50994	0	0.49076	0	0	0	0	0	0.00135	0	0	0	0	0	0.25776	0	0	0	0.00291	0	0	0	0	0	0	0.01742	0	0	0	0.01166	0	0	0	0	0	0	0	0	0	0	0	0	0.01788	0	0	0	0.00766	0	0	0	0	0	0	0	0	0	0	0	0	0	0.12371	0.08598	0.15457	0.04142	0	0	0.14486	0	0.11978	0.00891	0.02492	0	0	0	0	0	0.01612	0	0	0.02063	0	0	0.00236	0	0	0	0	0	0	0	0	0	0	0	0	0	0.677	0	0	0	0	0.00616	0	0	0	0	0	0	5.51702	0	0.09199	0	0	0	0	0	0	0	0	0	0	0	0	0	0	0	0	0	0	0	0.00443	0	0	0.00479	0	0	0	0.00664	0.00204	0	0	0	0.18438	0.00043	0	0.00035	0	0	0	0.09172	0	0	0	0	0	0	0	0	0	0.00011	0	0	0.03648	0	0.00977	0	0	0	0	0	0.01806	0	0	0	0	0	0	0	0	0	0	0	0.02975	0	0	Health
SRR413615	1.88199	0.00484	0	0.53163	2.89585	0.29194	2.62284	0	0	0.49811	0.76391	0.71416	0	0	0	1.77592	0.53026	0	0.48947	0.00406	0.53787	0.00167	0	0	0	3.02727	0.71363	0.03046	0.03557	0.00757	0.18558	1.92072	0	0.43473	1.12103	0	0	0.12735	0.28172	0.01823	0	0	0.07232	1.73392	0	0.00594	0.05853	0.77162	0	0	0	0	0.00241	0	0.02306	0.00822	0.01229	0.00297	0.00484	0.80163	0	0.03356	0.00924	0	0.0412	0.00591	0	0	0	0.25828	0	0	0	0.00257	0.69264	0.00023	0	0	0	0.00366	0	0	0	0.20391	0	0	0	0	4.10215	0	0.22754	0.20751	0	0	0	0	0	0	0	0	0	0	0.19372	0	0.01186	0.01084	0.12553	0	0	0	0	0.26824	0	5.10754	0	0.05226	0	0	0.91655	0	0	0	0	0	0	0	0	0.47408	0	0.56143	0	0.03229	0	0.22802	0.61256	0.91886	0	0	0.01515	0.09057	0.08637	0	0.20873	0	0	0	0.07023	0.04751	0	0	0	0	0.00878	0.14573	0	0.27238	0.09195	0.18265	0.01902	0.02601	0.34281	0.04136	0	0.04887	0.03362	0	0.007	0	1.02664	0	0.05899	0	0	0.29388	0	1.17583	0	0	0	0.73288	0	0	0.96292	0.0035	0.16704	0.04424	0	2.44063	0	0	0	0.03282	0.01169	0.14327	0	0	0.18711	0	0.10938	0	0	0.00244	0	0	0	0	0.00088	0	0	0	0	0	0.00273	0.03098	5.92913	0	0.02489	0	0	0.45992	0	0.01029	0	0	0	0	0	0	0	0	0	0	0.1791	0	0	0	0	0	0	0	0	0	0.05672	0	0.00699	0.04518	0	0	0	0.24037	0	0	0	0.05282	0	0	0	0	0	0.05778	10.18953	0	0.7347	0	1.49618	0	0	0	0	0.03632	0.00847	0	0.00471	0	0	0	0	0	0	0	0	0.01085	0.21533	0.07754	0	0	0	0.02312	0.0014	0	0.03209	0	0	0.10566	0	0.03127	0	0.00497	0.00742	0	0.03852	0.03751	0	0.06469	0.02492	0.03777	0	0.01147	0	0	0	0.05485	0	0	0.01796	0	0	0	0	0	0	0.00871	0	0	0	0	0	0	0.09412	0	0	0	0.02424	0.00739	0	0	0	0	0	0.09525	0	0	0	0	0.01622	0	0	0	0	0	0	0	0	0	0	0	0	0	0.03312	0.00396	0.04682	0	0.00201	0.29163	0	0.0004	0.0026	0	0	0	0	0	0	0.00203	0	0	0.00025	0	0.00921	0	0.0007	0	0	0.03277	0.03382	0	0	0	0	0.14465	0	0	0	0	0	0.01251	0	0	0	0.02979	1.73477	0	0	0	0	0.00164	0	0	0.02536	0	0	0	0	0.00314	0	0.00408	0	0	0	0	Health
SRR413614	14.05448	0.38876	0	0.00078	0.02432	0	6.28957	0.38145	0	0.10569	0.00907	0.44948	0	0.01472	0	1.61715	0.17737	0.1471	0.02528	0.29771	0.02199	0.06066	0	0	0	0.21182	0.00744	0.15974	0.23714	0.02065	0.08201	0.02345	0.00495	0.0238	0.29605	0	0.00532	0.44022	0.01097	0	0	0	0.26866	1.28824	0	0	0.01234	0.42059	0	0	0	0.02863	0	0	0	0	0	0.00468	0	0	0	0	0.00663	0	0	0	0	0	0	0.16034	0	0	0	0	0.01378	0	2.3964	0	3.70835	0.00192	0	0	0	0	0.31452	0.0375	0.12562	0	0.00025	0	0.19683	0.28141	0.30305	0	0.57495	0	0.19322	0.01775	0	0.08446	0	0.24607	0	0	1.12666	0.24278	0.10399	0	0	0.09526	0	0.16771	0.53706	0.12028	1.01956	0.15518	0	0	0.10221	0.27205	0.18	0	0	0.73516	0.01559	0	0	0	0.11226	0	0	0.00081	0.13027	0.07267	0	0.06044	0	0	0.00114	0.03979	0.07001	0	0.08076	0	0	0.02396	0.15727	0.05825	0.09087	0.22953	0	0.09989	0.00908	0	0.06068	0.08055	0	0.02068	0.1266	0	0	0	0	0	0.04029	0	0.00214	0	0	0	0.04262	0	0.02344	0.01755	0	0.23468	0.22324	0	0.0008	0.23574	0	0	0	0	0.12233	0	0.0502	1.40247	0.00175	0	0	0	0.05381	0.01554	0.00217	0	0.22234	0.01367	0	0	0.02103	0.01068	0	1.85225	0.04742	0.09402	0.00967	0.01044	0	0.0221	0	0	0	0.00345	6.77728	0.07522	0.19663	0	0.00198	0.51995	1.26839	0.01572	0.00919	0	0	0	0.5218	0.10384	0	0	3.24587	0.67981	0.01698	0	0	0.08135	0	0.07028	0	0	0.00241	0	0	0.88637	0.00661	0	0	0	0.00679	0	0	0.03038	0	1.72495	0	0.00697	0	0.0124	0	0.00743	0	0	0.22476	0	0	0.03307	0	0.01495	0	0	0.11373	0	0	0	0	0	0.01384	0.00494	0	0.01309	0	0	0	0	0	0	0	0.00559	0.00684	0	0.01988	0	0.2112	0	0	0	0.00267	0	0.00057	0.00132	0	0.00767	0	0.01918	0.0143	0.02207	0	0	0	0	0	0.00649	0	0	0	0	0	0	0	0	0.33024	0.00257	0.01259	0	0	0	0.00044	0	0.01048	0	0	0	0	0	0	0.00443	0	0	0	0	0	0	0	0	0	0	0	0	0	0	0	0	0.00282	0	0	0	0	0.0057	0.06465	0	0.00013	0	0	0	0	0	0	0	1.66083	0	0	0.00162	0	0	0	0	0	0	0	0	0	0	0	0	0	0.00727	0.00986	0	0	0	0	0	0	0	0	0	0	0	0	0	0	0	0	0	0	0.00443	0	0.00407	0	0.01492	0	0.04333	0	0	0	0.0161	0	0	0	0	Health
SRR413613	0.59522	0	0	0.03737	0.39568	0.16275	0.54278	0.33632	0	0.02451	0.64247	0.13636	0.05536	0	0	2.27039	0.11813	0.02973	0.1798	0.0105	0.15431	0.13685	0	0	0	0.08882	0.03497	0.0443	0.22882	0	0.47537	0.04986	0.05593	0.05394	0.14359	0.01375	0.04882	0.24922	0.02562	0	0	0.01137	0.23989	0.30132	0	0	0.01144	0.23508	0	0	0	0	0	0	0	0.0022	0.00282	0.00738	0	0	0.00858	0	0.02487	0	0	0.00615	0.00116	0	0.0023	0.13217	0	0	0	0	1.70436	0	5.60954	0	1.01201	1.6412	0.62256	9.11571	0.20423	0.08676	0	0	0.06304	0	0	0.68805	0	0.23969	0.6268	0	5.47945	0.41993	0	0	0	0.13286	1.961	0	0.23774	0	0.11059	0.56075	0.10518	0	0	0	0	0.11163	0	1.4417	1.08379	0.17184	0	0	0.01909	0.36055	0.55358	0	0	0.42931	0	0	0	0.00664	0	0	0	0.25339	0.03257	0.06012	0.29856	0	0	0	0.05397	0.02083	0.07211	0	0.18507	0	0	0.2471	0.35932	0	0	0.07905	0	0.17715	0.11834	0.02424	0.02643	0.33211	0.06961	0.18437	0.01702	0	0.06628	0	0	0	0.00142	0.01405	0.02995	0.07217	0	0	0.01049	0	0.02006	0.05168	0	0.28315	0.61495	0.25269	0.01883	0.22644	0	0	0.04144	0	0.13071	0.00462	0.02633	0	0	0	0	0	0.05496	0.02013	0.00858	0	0.02372	0	0	0.0294	0.06137	0	0.00409	0.89193	0	0	0.00318	0.03864	0	0	0	0.01389	0.01684	0	1.86892	0.01239	0.0098	1.01544	2.54592	0.12125	0	0.02565	0	0	0	0	5.32473	0	0	1.49952	0.07232	0	0.13693	0	0	0	0	0.63936	0	0	0	0.00261	0.09883	0.40776	4.07374	0	0.01513	0	0	0.07587	0	0	0	2.04837	0	0	0	0.01411	0.02201	0.04791	8.71399	0	0.70718	0.23838	0	0.20188	0.03311	0	0	0.01854	0.01657	0.0208	0	0	0	0	0.02548	0	0.01613	0	0.00846	0.00052	0	0.02353	0.00385	0.0091	6.00E-05	0.02789	0.01106	0.0404	0.02132	0	0	0	0.01882	0.33592	0	0.01779	0	0	0.00038	0.01345	0.08788	0.00309	0.01342	0	0	0	0	0	0.00734	0	0	0	0	0	0	0	0.9415	0	0	0.25365	0.02637	0.01222	0.02389	0	0.00109	0.02566	0	0	0	0	0.00906	0.00435	0.00802	0.01209	0.12543	3.00E-05	0.0273	0	0	0.00012	0	0	0	0.01017	0	0.16204	0	0	0	0	0.00425	0	0.02407	0.00212	0	0	0.0333	0.00443	0.0181	0	0	0.01541	0	0	0	0.00809	0	0	0	0	0	0	0	0	0	0	0	0	0	0	0	0	0	0.37154	0	0.00087	0.00227	0	0	0	0	0	0	0	0.03938	0	0.00089	0	0	0.00234	0.00085	0	0	0.00896	0	0	0.08597	0	0	0.07457	0.00038	0.01512	0	0.00112	0	0	0	0	Health
SRR413610	0.0044	0.4571	0	6.02282	0	1.59104	0	0	0	0	0	0.0038	0	0.2737	0	0.00282	0.00476	0	0	0	9.42427	0.81368	0	0	0	0	0.18518	0.18287	0.63486	0.07992	0	0	0	0	0	0	0	0	1.62563	0.02778	0.02244	0.09364	0	0	0	0.02338	0.1289	0	0.12326	0.00736	0	0.41714	0.03385	0	0	0.075	0.19525	0	0.00797	0	0	0.2983	0	0.01227	0.00319	0.13345	0	0.04646	0.01364	0.12969	0.00108	0	0.00412	0.00652	3.99441	0.00257	0	0	0	0	0	0	0	0	0	0	0	0	0.05017	0	0	0	0	0	0	0	0	0	0	0	0	0.18368	0	0	5.66648	0	0	0	0	0	0	0.89886	0	5.03298	0	0	0	0	0	0	0	0	0	0	0	0	0	0	0	0	0	0	0	0	0.19677	0	0	0	0	0.08918	0	0	0.15762	0	0	0	0	0	0	0	0	0	0	0	0	0	0	0	0	0	0	0	0	0	9.97315	0	0.00292	0	0	0	0.00331	0	0	0.92764	0	0.30996	0	0	0	0.06509	0	0	0.10207	0	0	0	0	0	0	0	0	0	0	0	0	0	0	0	0	0	0	0	0	0	0	0	0	0.0062	0	0.01577	0	0	0	0.34239	0	0	0	0	0	1.84864	0	0.12713	0	0	0	0	3.09745	0	0	0	0	0	0	0	0.38992	0	0	0	0	0	0	0	0	0	0	0	0	0	0	0	0	0	0	0	0	0	0	0	0	0	0	0	0	0	21.99036	0	0	0	0	0	0.87316	0	0	0	0.02908	0	0	0.00375	0	0	0	0	0.38338	0.04676	0.01384	0.0026	0	0.02799	0	0	0	0	0	0.0056	0.01135	0.11348	0	0.08514	0.01868	2.26074	0	0.05411	0	0.04196	0.01386	0	0.004	0	0.00069	0	0	0.01751	0	0	0.14432	0	0	1.17006	0	0.00029	0.35997	0.00902	0.01603	0.00287	0	0.00114	0	0	0	0	0.01123	5.10285	0	0.0939	0.01608	0.00253	0	0	0.01319	0	0	0	0	0	0	0	0	0	0	0	0	0	0	0	0	0	0	0	0.00014	0	0	0	0	0	0.06526	0.00669	0	0	0	0.04021	0	0	0.01177	0	0.07149	0.03093	0	0	0.02239	0	0	0	0.00221	0	0.00374	0	0	0	0.00045	0	0	0	0.05514	0	0.00181	0	0.00012	0.02448	0	0	0	0	0	0	0	0	0	0.05603	0	0.1125	0.0208	0	0	0	0.00737	0	0.01612	0	0.33918	0	Health
