Kingdom,Phylum,Class,Order,Family,Genus,Species
k__Archaea,p__Euryarchaeota,c__Methanopyri,o__Methanopyrales,f__Methanopyraceae,g__Methanopyrus,s__Methanopyrus_kandleri
k__Archaea,p__Euryarchaeota,c__Methanobacteria,o__Methanobacteriales,f__Methanothermaceae,g__Methanothermus,s__Methanothermus_fervidus
k__Archaea,p__Euryarchaeota,c__Methanobacteria,o__Methanobacteriales,f__Methanobacteriaceae,g__Methanothermobacter,s__Methanothermobacter_thermautotrophicus
k__Archaea,p__Euryarchaeota,c__Methanobacteria,o__Methanobacteriales,f__Methanobacteriaceae,g__Methanothermobacter,s__Methanothermobacter_marburgensis
k__Archaea,p__Euryarchaeota,c__Methanobacteria,o__Methanobacteriales,f__Methanobacteriaceae,g__Methanobacterium,s__Methanobacterium_formicicum
k__Archaea,p__Euryarchaeota,c__Methanobacteria,o__Methanobacteriales,f__Methanobacteriaceae,g__Methanobacterium,s__Methanobacterium_sp_Maddingley_MBC34
k__Archaea,p__Euryarchaeota,c__Methanobacteria,o__Methanobacteriales,f__Methanobacteriaceae,g__Methanobacterium,s__Methanobacterium_sp_AL_21
k__Archaea,p__Euryarchaeota,c__Methanobacteria,o__Methanobacteriales,f__Methanobacteriaceae,g__Methanobacterium,s__Methanobacterium_sp_SWAN_1
k__Archaea,p__Euryarchaeota,c__Methanobacteria,o__Methanobacteriales,f__Methanobacteriaceae,g__Methanosphaera,s__Methanosphaera_stadtmanae
k__Archaea,p__Euryarchaeota,c__Methanobacteria,o__Methanobacteriales,f__Methanobacteriaceae,g__Methanobrevibacter,s__Methanobrevibacter_smithii
k__Archaea,p__Euryarchaeota,c__Methanobacteria,o__Methanobacteriales,f__Methanobacteriaceae,g__Methanobrevibacter,s__Methanobrevibacter_ruminantium
k__Archaea,p__Euryarchaeota,c__Methanobacteria,o__Methanobacteriales,f__Methanobacteriaceae,g__Methanobrevibacter,s__Methanobrevibacter_sp_AbM4
k__Archaea,p__Euryarchaeota,c__Methanococci,o__Methanococcales,f__Methanocaldococcaceae,g__Methanocaldococcus,s__Methanocaldococcus_infernus
k__Archaea,p__Euryarchaeota,c__Methanococci,o__Methanococcales,f__Methanocaldococcaceae,g__Methanocaldococcus,s__Methanocaldococcus_villosus
k__Archaea,p__Euryarchaeota,c__Methanococci,o__Methanococcales,f__Methanocaldococcaceae,g__Methanocaldococcus,s__Methanocaldococcus_vulcanius
k__Archaea,p__Euryarchaeota,c__Methanococci,o__Methanococcales,f__Methanocaldococcaceae,g__Methanocaldococcus,s__Methanocaldococcus_fervens
k__Archaea,p__Euryarchaeota,c__Methanococci,o__Methanococcales,f__Methanocaldococcaceae,g__Methanocaldococcus,s__Methanocaldococcus_sp_FS406_22
k__Archaea,p__Euryarchaeota,c__Methanococci,o__Methanococcales,f__Methanocaldococcaceae,g__Methanocaldococcus,s__Methanocaldococcus_jannaschii
k__Archaea,p__Euryarchaeota,c__Methanococci,o__Methanococcales,f__Methanocaldococcaceae,g__Methanotorris,s__Methanotorris_igneus
k__Archaea,p__Euryarchaeota,c__Methanococci,o__Methanococcales,f__Methanocaldococcaceae,g__Methanotorris,s__Methanotorris_formicicus
k__Archaea,p__Euryarchaeota,c__Methanococci,o__Methanococcales,f__Methanococcaceae,g__Methanococcus,s__Methanococcus_aeolicus
k__Archaea,p__Euryarchaeota,c__Methanococci,o__Methanococcales,f__Methanococcaceae,g__Methanothermococcus,s__Methanothermococcus_okinawensis
k__Archaea,p__Euryarchaeota,c__Methanococci,o__Methanococcales,f__Methanococcaceae,g__Methanothermococcus,s__Methanothermococcus_thermolithotrophicus
k__Archaea,p__Euryarchaeota,c__Methanococci,o__Methanococcales,f__Methanococcaceae,g__Methanococcus,s__Methanococcus_voltae
k__Archaea,p__Euryarchaeota,c__Methanococci,o__Methanococcales,f__Methanococcaceae,g__Methanococcus,s__Methanococcus_vannielii
k__Archaea,p__Euryarchaeota,c__Methanococci,o__Methanococcales,f__Methanococcaceae,g__Methanococcus,s__Methanococcus_maripaludis
k__Archaea,p__Euryarchaeota,c__Thermococci,o__Thermococcales,f__Thermococcaceae,g__Pyrococcus,s__Pyrococcus_yayanosii
k__Archaea,p__Euryarchaeota,c__Thermococci,o__Thermococcales,f__Thermococcaceae,g__Pyrococcus,s__Pyrococcus_sp_ST04
k__Archaea,p__Euryarchaeota,c__Thermococci,o__Thermococcales,f__Thermococcaceae,g__Pyrococcus,s__Pyrococcus_furiosus
k__Archaea,p__Euryarchaeota,c__Thermococci,o__Thermococcales,f__Thermococcaceae,g__Pyrococcus,s__Pyrococcus_sp_NA2
k__Archaea,p__Euryarchaeota,c__Thermococci,o__Thermococcales,f__Thermococcaceae,g__Pyrococcus,s__Pyrococcus_horikoshii
k__Archaea,p__Euryarchaeota,c__Thermococci,o__Thermococcales,f__Thermococcaceae,g__Pyrococcus,s__Pyrococcus_abyssi
k__Archaea,p__Euryarchaeota,c__Thermococci,o__Thermococcales,f__Thermococcaceae,g__Thermococcus,s__Thermococcus_sibiricus
k__Archaea,p__Euryarchaeota,c__Thermococci,o__Thermococcales,f__Thermococcaceae,g__Thermococcus,s__Thermococcus_barophilus
k__Archaea,p__Euryarchaeota,c__Thermococci,o__Thermococcales,f__Thermococcaceae,g__Thermococcus,s__Thermococcus_onnurineus
k__Archaea,p__Euryarchaeota,c__Thermococci,o__Thermococcales,f__Thermococcaceae,g__Thermococcus,s__Thermococcus_sp_4557
k__Archaea,p__Euryarchaeota,c__Thermococci,o__Thermococcales,f__Thermococcaceae,g__Thermococcus,s__Thermococcus_sp_CL1
k__Archaea,p__Euryarchaeota,c__Thermococci,o__Thermococcales,f__Thermococcaceae,g__Thermococcus,s__Thermococcus_kodakarensis
k__Archaea,p__Euryarchaeota,c__Thermococci,o__Thermococcales,f__Thermococcaceae,g__Thermococcus,s__Thermococcus_zilligii
k__Archaea,p__Euryarchaeota,c__Thermococci,o__Thermococcales,f__Thermococcaceae,g__Thermococcus,s__Thermococcus_gammatolerans
k__Archaea,p__Euryarchaeota,c__Thermococci,o__Thermococcales,f__Thermococcaceae,g__Thermococcus,s__Thermococcus_sp_AM4
k__Archaea,p__Euryarchaeota,c__Methanomicrobia,o__Methanomicrobia_noname,f__Methanomicrobia_noname,g__Methanomassiliicoccus,s__Methanomassiliicoccus_luminyensis
k__Archaea,p__Euryarchaeota,c__Euryarchaeota_noname,o__Euryarchaeota_noname,f__Euryarchaeota_noname,g__Aciduliprofundum,s__Aciduliprofundum_boonei
k__Archaea,p__Euryarchaeota,c__Thermoplasmata,o__Thermoplasmatales,f__Thermoplasmataceae,g__Thermoplasma,s__Thermoplasma_volcanium
k__Archaea,p__Euryarchaeota,c__Thermoplasmata,o__Thermoplasmatales,f__Thermoplasmataceae,g__Thermoplasma,s__Thermoplasma_acidophilum
k__Archaea,p__Euryarchaeota,c__Thermoplasmata,o__Thermoplasmatales,f__Picrophilaceae,g__Picrophilus,s__Picrophilus_torridus
k__Archaea,p__Euryarchaeota,c__Thermoplasmata,o__Thermoplasmatales,f__Ferroplasmaceae,g__Ferroplasma,s__Ferroplasma_acidarmanus
k__Archaea,p__Nanoarchaeota,c__Nanoarchaeota_noname,o__Nanoarchaeota_noname,f__Nanoarchaeota_noname,g__Nanoarchaeum,s__Nanoarchaeum_equitans
k__Archaea,p__Thaumarchaeota,c__Thaumarchaeota_noname,o__Nitrososphaerales,f__Nitrososphaeraceae,g__Nitrososphaera,s__Candidatus_Nitrososphaera_gargensis
k__Archaea,p__Thaumarchaeota,c__Thaumarchaeota_noname,o__Thaumarchaeota_noname,f__Thaumarchaeota_noname,g__Thaumarchaeota_noname,s__Marine_Group_I_thaumarchaeote_SCGC_AB_629_A13
k__Archaea,p__Thaumarchaeota,c__Thaumarchaeota_noname,o__Thaumarchaeota_noname,f__Thaumarchaeota_noname,g__Thaumarchaeota_noname,s__Marine_Group_I_thaumarchaeote_SCGC_AB_629_I23
k__Archaea,p__Thaumarchaeota,c__Thaumarchaeota_noname,o__Cenarchaeales,f__Cenarchaeaceae,g__Cenarchaeum,s__Cenarchaeum_symbiosum
k__Archaea,p__Thaumarchaeota,c__Thaumarchaeota_noname,o__Nitrosopumilales,f__Nitrosopumilaceae,g__Candidatus_Nitrosoarchaeum,s__Candidatus_Nitrosoarchaeum_limnia
k__Archaea,p__Thaumarchaeota,c__Thaumarchaeota_noname,o__Nitrosopumilales,f__Nitrosopumilaceae,g__Candidatus_Nitrosoarchaeum,s__Candidatus_Nitrosoarchaeum_koreensis
k__Archaea,p__Thaumarchaeota,c__Thaumarchaeota_noname,o__Nitrosopumilales,f__Nitrosopumilaceae,g__Nitrosopumilus,s__Candidatus_Nitrosopumilus_salaria
k__Archaea,p__Thaumarchaeota,c__Thaumarchaeota_noname,o__Nitrosopumilales,f__Nitrosopumilaceae,g__Nitrosopumilus,s__Candidatus_Nitrosopumilus_sp_AR2
k__Archaea,p__Thaumarchaeota,c__Thaumarchaeota_noname,o__Nitrosopumilales,f__Nitrosopumilaceae,g__Nitrosopumilus,s__Nitrosopumilus_sp_AR
k__Archaea,p__Thaumarchaeota,c__Thaumarchaeota_noname,o__Nitrosopumilales,f__Nitrosopumilaceae,g__Nitrosopumilus,s__Nitrosopumilus_maritimus
k__Archaea,p__Thaumarchaeota,c__Thaumarchaeota_noname,o__Nitrosopumilales,f__Nitrosopumilaceae,g__Nitrosopumilus,s__Nitrosopumilus_sp_SJ
k__Archaea,p__Korarchaeota,c__Korarchaeota_noname,o__Korarchaeota_noname,f__Korarchaeota_noname,g__Candidatus_Korarchaeum,s__Candidatus_Korarchaeum_cryptofilum
k__Archaea,p__Crenarchaeota,c__Crenarchaeota_noname,o__Crenarchaeota_noname,f__Crenarchaeota_noname,g__Crenarchaeota_noname,s__Crenarchaeota_archaeon_SCGC_AAA471_B05
k__Archaea,p__Crenarchaeota,c__Crenarchaeota_noname,o__Crenarchaeota_noname,f__Crenarchaeota_noname,g__Crenarchaeota_noname,s__Crenarchaeota_archaeon_SCGC_AAA471_O08
k__Archaea,p__Crenarchaeota,c__Crenarchaeota_noname,o__Crenarchaeota_noname,f__Crenarchaeota_noname,g__Crenarchaeota_noname,s__Crenarchaeota_archaeon_SCGC_AAA471_L14
k__Archaea,p__Crenarchaeota,c__Thermoprotei,o__Thermoproteales,f__Thermofilaceae,g__Thermofilum,s__Thermofilum_pendens
k__Archaea,p__Crenarchaeota,c__Thermoprotei,o__Thermoproteales,f__Thermoproteaceae,g__Caldivirga,s__Caldivirga_maquilingensis
k__Archaea,p__Crenarchaeota,c__Thermoprotei,o__Thermoproteales,f__Thermoproteaceae,g__Vulcanisaeta,s__Vulcanisaeta_distributa
k__Archaea,p__Crenarchaeota,c__Thermoprotei,o__Thermoproteales,f__Thermoproteaceae,g__Vulcanisaeta,s__Vulcanisaeta_moutnovskia
k__Archaea,p__Crenarchaeota,c__Thermoprotei,o__Thermoproteales,f__Thermoproteaceae,g__Thermoproteus,s__Thermoproteus_uzoniensis
k__Archaea,p__Crenarchaeota,c__Thermoprotei,o__Thermoproteales,f__Thermoproteaceae,g__Pyrobaculum,s__Pyrobaculum_islandicum
k__Archaea,p__Crenarchaeota,c__Thermoprotei,o__Thermoproteales,f__Thermoproteaceae,g__Pyrobaculum,s__Pyrobaculum_neutrophilum
k__Archaea,p__Crenarchaeota,c__Thermoprotei,o__Thermoproteales,f__Thermoproteaceae,g__Pyrobaculum,s__Pyrobaculum_calidifontis
k__Archaea,p__Crenarchaeota,c__Thermoprotei,o__Thermoproteales,f__Thermoproteaceae,g__Pyrobaculum,s__Pyrobaculum_sp_1860
k__Archaea,p__Crenarchaeota,c__Thermoprotei,o__Thermoproteales,f__Thermoproteaceae,g__Pyrobaculum,s__Pyrobaculum_aerophilum
k__Archaea,p__Crenarchaeota,c__Thermoprotei,o__Thermoproteales,f__Thermoproteaceae,g__Pyrobaculum,s__Pyrobaculum_arsenaticum
k__Archaea,p__Crenarchaeota,c__Thermoprotei,o__Thermoproteales,f__Thermoproteaceae,g__Pyrobaculum,s__Pyrobaculum_oguniense
k__Archaea,p__Crenarchaeota,c__Thermoprotei,o__Desulfurococcales,f__Desulfurococcaceae,g__Ignicoccus,s__Ignicoccus_hospitalis
k__Archaea,p__Crenarchaeota,c__Thermoprotei,o__Sulfolobales,f__Sulfolobaceae,g__Acidianus,s__Acidianus_hospitalis
k__Archaea,p__Crenarchaeota,c__Thermoprotei,o__Sulfolobales,f__Sulfolobaceae,g__Metallosphaera,s__Metallosphaera_yellowstonensis
k__Archaea,p__Crenarchaeota,c__Thermoprotei,o__Sulfolobales,f__Sulfolobaceae,g__Metallosphaera,s__Metallosphaera_sedula
k__Archaea,p__Crenarchaeota,c__Thermoprotei,o__Sulfolobales,f__Sulfolobaceae,g__Metallosphaera,s__Metallosphaera_cuprina
k__Archaea,p__Crenarchaeota,c__Thermoprotei,o__Sulfolobales,f__Sulfolobaceae,g__Sulfolobus,s__Sulfolobus_solfataricus
k__Archaea,p__Crenarchaeota,c__Thermoprotei,o__Sulfolobales,f__Sulfolobaceae,g__Sulfolobus,s__Sulfolobus_islandicus
k__Archaea,p__Crenarchaeota,c__Thermoprotei,o__Sulfolobales,f__Sulfolobaceae,g__Sulfolobus,s__Sulfolobus_tokodaii
k__Archaea,p__Crenarchaeota,c__Thermoprotei,o__Sulfolobales,f__Sulfolobaceae,g__Sulfolobus,s__Sulfolobus_acidocaldarius
k__Archaea,p__Crenarchaeota,c__Thermoprotei,o__Desulfurococcales,f__Pyrodictiaceae,g__Hyperthermus,s__Hyperthermus_butylicus
k__Archaea,p__Crenarchaeota,c__Thermoprotei,o__Desulfurococcales,f__Pyrodictiaceae,g__Pyrolobus,s__Pyrolobus_fumarii
k__Archaea,p__Crenarchaeota,c__Thermoprotei,o__Desulfurococcales,f__Desulfurococcaceae,g__Aeropyrum,s__Aeropyrum_pernix
k__Archaea,p__Crenarchaeota,c__Thermoprotei,o__Acidilobales,f__Acidilobaceae,g__Acidilobus,s__Acidilobus_saccharovorans
k__Archaea,p__Crenarchaeota,c__Thermoprotei,o__Acidilobales,f__Caldisphaeraceae,g__Caldisphaera,s__Caldisphaera_lagunensis
k__Archaea,p__Crenarchaeota,c__Thermoprotei,o__Fervidicoccales,f__Fervidicoccaceae,g__Fervidicoccus,s__Fervidicoccus_fontis
k__Archaea,p__Crenarchaeota,c__Thermoprotei,o__Desulfurococcales,f__Desulfurococcaceae,g__Ignisphaera,s__Ignisphaera_aggregans
k__Archaea,p__Crenarchaeota,c__Thermoprotei,o__Desulfurococcales,f__Desulfurococcaceae,g__Staphylothermus,s__Staphylothermus_marinus
k__Archaea,p__Crenarchaeota,c__Thermoprotei,o__Desulfurococcales,f__Desulfurococcaceae,g__Staphylothermus,s__Staphylothermus_hellenicus
k__Archaea,p__Crenarchaeota,c__Thermoprotei,o__Desulfurococcales,f__Desulfurococcaceae,g__Thermogladius,s__Thermogladius_cellulolyticus
k__Archaea,p__Crenarchaeota,c__Thermoprotei,o__Desulfurococcales,f__Desulfurococcaceae,g__Thermosphaera,s__Thermosphaera_aggregans
k__Archaea,p__Crenarchaeota,c__Thermoprotei,o__Desulfurococcales,f__Desulfurococcaceae,g__Desulfurococcus,s__Desulfurococcus_mucosus
k__Archaea,p__Crenarchaeota,c__Thermoprotei,o__Desulfurococcales,f__Desulfurococcaceae,g__Desulfurococcus,s__Desulfurococcus_kamchatkensis
k__Archaea,p__Crenarchaeota,c__Thermoprotei,o__Desulfurococcales,f__Desulfurococcaceae,g__Desulfurococcus,s__Desulfurococcus_fermentans
k__Archaea,p__Euryarchaeota,c__Archaeoglobi,o__Archaeoglobales,f__Archaeoglobaceae,g__Ferroglobus,s__Ferroglobus_placidus
k__Archaea,p__Euryarchaeota,c__Archaeoglobi,o__Archaeoglobales,f__Archaeoglobaceae,g__Archaeoglobus,s__Archaeoglobus_profundus
k__Archaea,p__Euryarchaeota,c__Archaeoglobi,o__Archaeoglobales,f__Archaeoglobaceae,g__Archaeoglobus,s__Archaeoglobus_veneficus
k__Archaea,p__Euryarchaeota,c__Archaeoglobi,o__Archaeoglobales,f__Archaeoglobaceae,g__Archaeoglobus,s__Archaeoglobus_fulgidus
k__Archaea,p__Euryarchaeota,c__Archaeoglobi,o__Archaeoglobales,f__Archaeoglobaceae,g__Archaeoglobus,s__Archaeoglobus_sulfaticallidus
k__Archaea,p__Euryarchaeota,c__Methanomicrobia,o__Methanomicrobiales,f__Methanomicrobiaceae,g__Methanoplanus,s__Methanoplanus_petrolearius
k__Archaea,p__Euryarchaeota,c__Methanomicrobia,o__Methanomicrobiales,f__Methanomicrobiaceae,g__Methanoplanus,s__Methanoplanus_limicola
k__Archaea,p__Euryarchaeota,c__Methanomicrobia,o__Methanomicrobiales,f__Methanocorpusculaceae,g__Methanocorpusculum,s__Methanocorpusculum_labreanum
k__Archaea,p__Euryarchaeota,c__Methanomicrobia,o__Methanomicrobiales,f__Methanospirillaceae,g__Methanospirillum,s__Methanospirillum_hungatei
k__Archaea,p__Euryarchaeota,c__Methanomicrobia,o__Methanomicrobiales,f__Methanoregulaceae,g__Methanolinea,s__Methanolinea_tarda
k__Archaea,p__Euryarchaeota,c__Methanomicrobia,o__Methanomicrobiales,f__Methanomicrobiaceae,g__Methanofollis,s__Methanofollis_liminatans
k__Archaea,p__Euryarchaeota,c__Methanomicrobia,o__Methanomicrobiales,f__Methanomicrobiaceae,g__Methanoculleus,s__Methanoculleus_marisnigri
k__Archaea,p__Euryarchaeota,c__Methanomicrobia,o__Methanomicrobiales,f__Methanomicrobiaceae,g__Methanoculleus,s__Methanoculleus_bourgensis
k__Archaea,p__Euryarchaeota,c__Methanomicrobia,o__Methanomicrobiales,f__Methanoregulaceae,g__Methanosphaerula,s__Methanosphaerula_palustris
k__Archaea,p__Euryarchaeota,c__Methanomicrobia,o__Methanomicrobiales,f__Methanoregulaceae,g__Methanoregula,s__Methanoregula_boonei
k__Archaea,p__Euryarchaeota,c__Methanomicrobia,o__Methanomicrobiales,f__Methanoregulaceae,g__Methanoregula,s__Methanoregula_formicica
k__Archaea,p__Euryarchaeota,c__Methanomicrobia,o__Methanocellales,f__Methanocellaceae,g__Methanocella,s__Methanocella_arvoryzae
k__Archaea,p__Euryarchaeota,c__Methanomicrobia,o__Methanocellales,f__Methanocellaceae,g__Methanocella,s__Methanocella_paludicola
k__Archaea,p__Euryarchaeota,c__Methanomicrobia,o__Methanocellales,f__Methanocellaceae,g__Methanocella,s__Methanocella_conradii
k__Archaea,p__Euryarchaeota,c__Methanomicrobia,o__Methanosarcinales,f__Methanosaetaceae,g__Methanosaeta,s__Methanosaeta_harundinacea
k__Archaea,p__Euryarchaeota,c__Methanomicrobia,o__Methanosarcinales,f__Methanosaetaceae,g__Methanosaeta,s__Methanosaeta_thermophila
k__Archaea,p__Euryarchaeota,c__Methanomicrobia,o__Methanosarcinales,f__Methanosaetaceae,g__Methanosaeta,s__Methanosaeta_concilii
k__Archaea,p__Euryarchaeota,c__Methanomicrobia,o__Methanosarcinales,f__Methanosarcinaceae,g__Methanosarcina,s__Methanosarcina_barkeri
k__Archaea,p__Euryarchaeota,c__Methanomicrobia,o__Methanosarcinales,f__Methanosarcinaceae,g__Methanosarcina,s__Methanosarcina_mazei
k__Archaea,p__Euryarchaeota,c__Methanomicrobia,o__Methanosarcinales,f__Methanosarcinaceae,g__Methanosarcina,s__Methanosarcina_acetivorans
k__Archaea,p__Euryarchaeota,c__Methanomicrobia,o__Methanosarcinales,f__Methanosarcinaceae,g__Methanohalophilus,s__Methanohalophilus_mahii
k__Archaea,p__Euryarchaeota,c__Methanomicrobia,o__Methanosarcinales,f__Methanosarcinaceae,g__Methanohalobium,s__Methanohalobium_evestigatum
k__Archaea,p__Euryarchaeota,c__Methanomicrobia,o__Methanosarcinales,f__Methanosarcinaceae,g__Methanosalsum,s__Methanosalsum_zhilinae
k__Archaea,p__Euryarchaeota,c__Methanomicrobia,o__Methanosarcinales,f__Methanosarcinaceae,g__Methanococcoides,s__Methanococcoides_burtonii
k__Archaea,p__Euryarchaeota,c__Methanomicrobia,o__Methanosarcinales,f__Methanosarcinaceae,g__Methanomethylovorans,s__Methanomethylovorans_hollandica
k__Archaea,p__Euryarchaeota,c__Methanomicrobia,o__Methanosarcinales,f__Methanosarcinaceae,g__Methanolobus,s__Methanolobus_psychrophilus
k__Archaea,p__Euryarchaeota,c__Methanomicrobia,o__Methanosarcinales,f__Methanosarcinaceae,g__Methanolobus,s__Methanolobus_tindarius
k__Bacteria,p__Poribacteria,c__Poribacteria_noname,o__Poribacteria_noname,f__Poribacteria_noname,g__Poribacteria_noname,s__Candidatus_Poribacteria_sp_WGA_4G
k__Archaea,p__Euryarchaeota,c__Euryarchaeota_noname,o__Euryarchaeota_noname,f__Euryarchaeota_noname,g__Euryarchaeota_noname,s__Marine_group_II_euryarchaeote_SCGC_AAA288_C18
k__Archaea,p__Euryarchaeota,c__Nanohaloarchaea,o__Nanohaloarchaea_noname,f__Nanohaloarchaea_noname,g__Nanohaloarchaea_noname,s__Candidatus_Haloredivivus_sp_G17
k__Archaea,p__Euryarchaeota,c__Halobacteria,o__Halobacteriales,f__Halobacteriaceae,g__Halarchaeum,s__Halarchaeum_acidiphilum
k__Archaea,p__Euryarchaeota,c__Halobacteria,o__Halobacteriales,f__Halobacteriaceae,g__Halobacterium,s__Halobacterium_salinarum
k__Archaea,p__Euryarchaeota,c__Halobacteria,o__Halobacteriales,f__Halobacteriaceae,g__Halobacterium,s__Halobacterium_sp_DL1
k__Archaea,p__Archaea_noname,c__Archaea_noname,o__Archaea_noname,f__Archaea_noname,g__Archaea_noname,s__halophilic_archaeon_DL31
k__Archaea,p__Euryarchaeota,c__Halobacteria,o__Halobacteriales,f__Halobacteriaceae,g__Candidatus_Halobonum,s__Candidatus_Halobonum_tyrrellensis
k__Archaea,p__Euryarchaeota,c__Halobacteria,o__Halobacteriales,f__Halobacteriaceae,g__Halorubrum,s__Halorubrum_sp_J07HR59
k__Archaea,p__Euryarchaeota,c__Halobacteria,o__Halobacteriales,f__Halobacteriaceae,g__Halorubrum,s__Halorubrum_aidingense
k__Archaea,p__Euryarchaeota,c__Halobacteria,o__Halobacteriales,f__Halobacteriaceae,g__Halorubrum,s__Halorubrum_lacusprofundi
k__Archaea,p__Euryarchaeota,c__Halobacteria,o__Halobacteriales,f__Halobacteriaceae,g__Halorubrum,s__Halorubrum_saccharovorum
k__Archaea,p__Euryarchaeota,c__Halobacteria,o__Halobacteriales,f__Halobacteriaceae,g__Halorubrum,s__Halorubrum_kocurii
k__Archaea,p__Euryarchaeota,c__Halobacteria,o__Halobacteriales,f__Halobacteriaceae,g__Halorubrum,s__Halorubrum_lipolyticum
k__Archaea,p__Euryarchaeota,c__Halobacteria,o__Halobacteriales,f__Halobacteriaceae,g__Halorubrum,s__Halorubrum_hochstenium
k__Archaea,p__Euryarchaeota,c__Halobacteria,o__Halobacteriales,f__Halobacteriaceae,g__Halorubrum,s__Halorubrum_tebenquichense
k__Archaea,p__Euryarchaeota,c__Halobacteria,o__Halobacteriales,f__Halobacteriaceae,g__Halorubrum,s__Halorubrum_coriense
k__Archaea,p__Euryarchaeota,c__Halobacteria,o__Halobacteriales,f__Halobacteriaceae,g__Halorubrum,s__Halorubrum_californiense
k__Archaea,p__Euryarchaeota,c__Halobacteria,o__Halobacteriales,f__Halobacteriaceae,g__Halorubrum,s__Halorubrum_sp_T3
k__Archaea,p__Euryarchaeota,c__Halobacteria,o__Halobacteriales,f__Halobacteriaceae,g__Halorubrum,s__Halorubrum_arcis
k__Archaea,p__Euryarchaeota,c__Halobacteria,o__Halobacteriales,f__Halobacteriaceae,g__Halorubrum,s__Halorubrum_terrestre
k__Archaea,p__Euryarchaeota,c__Halobacteria,o__Halobacteriales,f__Halobacteriaceae,g__Halorubrum,s__Halorubrum_distributum
k__Archaea,p__Euryarchaeota,c__Halobacteria,o__Halobacteriales,f__Halobacteriaceae,g__Halorubrum,s__Halorubrum_litoreum
k__Archaea,p__Euryarchaeota,c__Halobacteria,o__Halobacteriales,f__Halobacteriaceae,g__Halonotius,s__Halonotius_sp_J07HN6
k__Archaea,p__Euryarchaeota,c__Halobacteria,o__Halobacteriales,f__Halobacteriaceae,g__Halonotius,s__Halonotius_sp_J07HN4
k__Archaea,p__Euryarchaeota,c__Halobacteria,o__Halobacteriales,f__Halobacteriaceae,g__Halogranum,s__Halogranum_salarium
k__Archaea,p__Euryarchaeota,c__Halobacteria,o__Halobacteriales,f__Halobacteriaceae,g__Halosarcina,s__Halosarcina_pallida
k__Archaea,p__Euryarchaeota,c__Halobacteria,o__Halobacteriales,f__Halobacteriaceae,g__Halogeometricum,s__Halogeometricum_borinquense
k__Archaea,p__Euryarchaeota,c__Halobacteria,o__Halobacteriales,f__Halobacteriaceae,g__Haloquadratum,s__Haloquadratum_walsbyi
k__Archaea,p__Euryarchaeota,c__Halobacteria,o__Halobacteriales,f__Halobacteriaceae,g__Haloquadratum,s__Haloquadratum_sp_J07HQX50
k__Archaea,p__Euryarchaeota,c__Halobacteria,o__Halobacteriales,f__Halobacteriaceae,g__Haloferax,s__Haloferax_elongans
k__Archaea,p__Euryarchaeota,c__Halobacteria,o__Halobacteriales,f__Halobacteriaceae,g__Haloferax,s__Haloferax_larsenii
k__Archaea,p__Euryarchaeota,c__Halobacteria,o__Halobacteriales,f__Halobacteriaceae,g__Haloferax,s__Haloferax_mediterranei
k__Archaea,p__Euryarchaeota,c__Halobacteria,o__Halobacteriales,f__Halobacteriaceae,g__Haloferax,s__Haloferax_mucosum
k__Archaea,p__Euryarchaeota,c__Halobacteria,o__Halobacteriales,f__Halobacteriaceae,g__Haloferax,s__Haloferax_gibbonsii
k__Archaea,p__Euryarchaeota,c__Halobacteria,o__Halobacteriales,f__Halobacteriaceae,g__Haloferax,s__Haloferax_prahovense
k__Archaea,p__Euryarchaeota,c__Halobacteria,o__Halobacteriales,f__Halobacteriaceae,g__Haloferax,s__Haloferax_denitrificans
k__Archaea,p__Euryarchaeota,c__Halobacteria,o__Halobacteriales,f__Halobacteriaceae,g__Haloferax,s__Haloferax_sulfurifontis
k__Archaea,p__Euryarchaeota,c__Halobacteria,o__Halobacteriales,f__Halobacteriaceae,g__Haloferax,s__Haloferax_volcanii
k__Archaea,p__Euryarchaeota,c__Halobacteria,o__Halobacteriales,f__Halobacteriaceae,g__Haloferax,s__Haloferax_sp_ATCC_BAA_646
k__Archaea,p__Euryarchaeota,c__Halobacteria,o__Halobacteriales,f__Halobacteriaceae,g__Haloferax,s__Haloferax_sp_ATCC_BAA_645
k__Archaea,p__Euryarchaeota,c__Halobacteria,o__Halobacteriales,f__Halobacteriaceae,g__Haloferax,s__Haloferax_sp_ATCC_BAA_644
k__Archaea,p__Euryarchaeota,c__Halobacteria,o__Halobacteriales,f__Halobacteriaceae,g__Haloferax,s__Haloferax_alexandrinus
k__Archaea,p__Euryarchaeota,c__Halobacteria,o__Halobacteriales,f__Halobacteriaceae,g__Haloferax,s__Haloferax_sp_BAB2207
k__Archaea,p__Euryarchaeota,c__Halobacteria,o__Halobacteriales,f__Halobacteriaceae,g__Haloferax,s__Haloferax_lucentense
k__Archaea,p__Euryarchaeota,c__Halobacteria,o__Halobacteriales,f__Halobacteriaceae,g__Haladaptatus,s__Haladaptatus_paucihalophilus
k__Archaea,p__Euryarchaeota,c__Halobacteria,o__Halobacteriales,f__Halobacteriaceae,g__Halalkalicoccus,s__Halalkalicoccus_jeotgali
k__Archaea,p__Euryarchaeota,c__Halobacteria,o__Halobacteriales,f__Halobacteriaceae,g__Natronomonas,s__Natronomonas_pharaonis
k__Archaea,p__Euryarchaeota,c__Halobacteria,o__Halobacteriales,f__Halobacteriaceae,g__Halococcus,s__Halococcus_saccharolyticus
k__Archaea,p__Euryarchaeota,c__Halobacteria,o__Halobacteriales,f__Halobacteriaceae,g__Halococcus,s__Halococcus_salifodinae
k__Archaea,p__Euryarchaeota,c__Halobacteria,o__Halobacteriales,f__Halobacteriaceae,g__Halococcus,s__Halococcus_hamelinensis
k__Archaea,p__Euryarchaeota,c__Halobacteria,o__Halobacteriales,f__Halobacteriaceae,g__Halococcus,s__Halococcus_morrhuae
k__Archaea,p__Euryarchaeota,c__Halobacteria,o__Halobacteriales,f__Halobacteriaceae,g__Halococcus,s__Halococcus_thailandensis
k__Archaea,p__Euryarchaeota,c__Halobacteria,o__Halobacteriales,f__Halobacteriaceae,g__Halorhabdus,s__Halorhabdus_utahensis
k__Archaea,p__Euryarchaeota,c__Halobacteria,o__Halobacteriales,f__Halobacteriaceae,g__Halorhabdus,s__Halorhabdus_tiamatea
k__Archaea,p__Euryarchaeota,c__Halobacteria,o__Halobacteriales,f__Halobacteriaceae,g__Halosimplex,s__Halosimplex_carlsbadense
k__Archaea,p__Euryarchaeota,c__Halobacteria,o__Halobacteriales,f__Halobacteriaceae,g__Halomicrobium,s__Halomicrobium_mukohataei
k__Archaea,p__Euryarchaeota,c__Halobacteria,o__Halobacteriales,f__Halobacteriaceae,g__Halomicrobium,s__Halomicrobium_katesii
k__Archaea,p__Euryarchaeota,c__Halobacteria,o__Halobacteriales,f__Halobacteriaceae,g__Haloarcula,s__Haloarcula_vallismortis
k__Archaea,p__Euryarchaeota,c__Halobacteria,o__Halobacteriales,f__Halobacteriaceae,g__Haloarcula,s__Haloarcula_japonica
k__Archaea,p__Euryarchaeota,c__Halobacteria,o__Halobacteriales,f__Halobacteriaceae,g__Haloarcula,s__Haloarcula_argentinensis
k__Archaea,p__Euryarchaeota,c__Halobacteria,o__Halobacteriales,f__Halobacteriaceae,g__Haloarcula,s__Haloarcula_hispanica
k__Archaea,p__Euryarchaeota,c__Halobacteria,o__Halobacteriales,f__Halobacteriaceae,g__Haloarcula,s__Haloarcula_amylolytica
k__Archaea,p__Euryarchaeota,c__Halobacteria,o__Halobacteriales,f__Halobacteriaceae,g__Haloarcula,s__Haloarcula_marismortui
k__Archaea,p__Euryarchaeota,c__Halobacteria,o__Halobacteriales,f__Halobacteriaceae,g__Haloarcula,s__Haloarcula_sinaiiensis
k__Archaea,p__Euryarchaeota,c__Halobacteria,o__Halobacteriales,f__Halobacteriaceae,g__Haloarcula,s__Haloarcula_californiae
k__Archaea,p__Euryarchaeota,c__Halobacteria,o__Halobacteriales,f__Halobacteriaceae,g__Salinarchaeum,s__Salinarchaeum_sp_Harcht_Bsk1
k__Archaea,p__Euryarchaeota,c__Halobacteria,o__Halobacteriales,f__Halobacteriaceae,g__Halovivax,s__Halovivax_ruber
k__Archaea,p__Euryarchaeota,c__Halobacteria,o__Halobacteriales,f__Halobacteriaceae,g__Halovivax,s__Halovivax_asiaticus
k__Archaea,p__Euryarchaeota,c__Halobacteria,o__Halobacteriales,f__Halobacteriaceae,g__Natrialba,s__Natrialba_aegyptia
k__Archaea,p__Euryarchaeota,c__Halobacteria,o__Halobacteriales,f__Halobacteriaceae,g__Natrialba,s__Natrialba_asiatica
k__Archaea,p__Euryarchaeota,c__Halobacteria,o__Halobacteriales,f__Halobacteriaceae,g__Natrialba,s__Natrialba_taiwanensis
k__Archaea,p__Euryarchaeota,c__Halobacteria,o__Halobacteriales,f__Halobacteriaceae,g__Natrialba,s__Natrialba_chahannaoensis
k__Archaea,p__Euryarchaeota,c__Halobacteria,o__Halobacteriales,f__Halobacteriaceae,g__Natrialba,s__Natrialba_hulunbeirensis
k__Archaea,p__Euryarchaeota,c__Halobacteria,o__Halobacteriales,f__Halobacteriaceae,g__Natrialba,s__Natrialba_magadii
k__Archaea,p__Euryarchaeota,c__Halobacteria,o__Halobacteriales,f__Halobacteriaceae,g__Natronococcus,s__Natronococcus_jeotgali
k__Archaea,p__Euryarchaeota,c__Halobacteria,o__Halobacteriales,f__Halobacteriaceae,g__Natronococcus,s__Natronococcus_occultus
k__Archaea,p__Euryarchaeota,c__Halobacteria,o__Halobacteriales,f__Halobacteriaceae,g__Natronococcus,s__Natronococcus_amylolyticus
k__Archaea,p__Euryarchaeota,c__Halobacteria,o__Halobacteriales,f__Halobacteriaceae,g__Halobiforma,s__Halobiforma_lacisalsi
k__Archaea,p__Euryarchaeota,c__Halobacteria,o__Halobacteriales,f__Halobacteriaceae,g__Natronobacterium,s__Natronobacterium_gregoryi
k__Archaea,p__Euryarchaeota,c__Halobacteria,o__Halobacteriales,f__Halobacteriaceae,g__Halobiforma,s__Halobiforma_nitratireducens
k__Archaea,p__Euryarchaeota,c__Halobacteria,o__Halobacteriales,f__Halobacteriaceae,g__Natronorubrum,s__Natronorubrum_tibetense
k__Archaea,p__Euryarchaeota,c__Halobacteria,o__Halobacteriales,f__Halobacteriaceae,g__Natronolimnobius,s__Natronolimnobius_innermongolicus
k__Archaea,p__Euryarchaeota,c__Halobacteria,o__Halobacteriales,f__Halobacteriaceae,g__Natronorubrum,s__Natronorubrum_bangense
k__Archaea,p__Euryarchaeota,c__Halobacteria,o__Halobacteriales,f__Halobacteriaceae,g__Natronorubrum,s__Natronorubrum_sulfidifaciens
k__Archaea,p__Euryarchaeota,c__Halobacteria,o__Halobacteriales,f__Halobacteriaceae,g__Haloterrigena,s__Haloterrigena_turkmenica
k__Archaea,p__Euryarchaeota,c__Halobacteria,o__Halobacteriales,f__Halobacteriaceae,g__Haloterrigena,s__Haloterrigena_salina
k__Archaea,p__Euryarchaeota,c__Halobacteria,o__Halobacteriales,f__Halobacteriaceae,g__Halopiger,s__Halopiger_xanaduensis
k__Archaea,p__Euryarchaeota,c__Halobacteria,o__Halobacteriales,f__Halobacteriaceae,g__Haloterrigena,s__Haloterrigena_limicola
k__Archaea,p__Euryarchaeota,c__Halobacteria,o__Halobacteriales,f__Halobacteriaceae,g__Natrinema,s__Natrinema_versiforme
k__Archaea,p__Euryarchaeota,c__Halobacteria,o__Halobacteriales,f__Halobacteriaceae,g__Haloterrigena,s__Haloterrigena_thermotolerans
k__Archaea,p__Euryarchaeota,c__Halobacteria,o__Halobacteriales,f__Halobacteriaceae,g__Natrinema,s__Natrinema_pellirubrum
k__Archaea,p__Euryarchaeota,c__Halobacteria,o__Halobacteriales,f__Halobacteriaceae,g__Natrinema,s__Natrinema_sp_J7_2
k__Archaea,p__Euryarchaeota,c__Halobacteria,o__Halobacteriales,f__Halobacteriaceae,g__Natrinema,s__Natrinema_gari
k__Archaea,p__Euryarchaeota,c__Halobacteria,o__Halobacteriales,f__Halobacteriaceae,g__Natrinema,s__Natrinema_altunense
k__Archaea,p__Euryarchaeota,c__Halobacteria,o__Halobacteriales,f__Halobacteriaceae,g__Natrinema,s__Natrinema_pallidum
k__Bacteria,p__Firmicutes,c__Clostridia,o__Thermoanaerobacterales,f__Thermodesulfobiaceae,g__Thermodesulfobium,s__Thermodesulfobium_narugense
k__Bacteria,p__Dictyoglomi,c__Dictyoglomia,o__Dictyoglomales,f__Dictyoglomaceae,g__Dictyoglomus,s__Dictyoglomus_thermophilum
k__Bacteria,p__Dictyoglomi,c__Dictyoglomia,o__Dictyoglomales,f__Dictyoglomaceae,g__Dictyoglomus,s__Dictyoglomus_turgidum
k__Bacteria,p__Caldiserica,c__Caldisericia,o__Caldisericales,f__Caldisericaceae,g__Caldisericum,s__Caldisericum_exile
k__Bacteria,p__Firmicutes,c__Clostridia,o__Thermoanaerobacterales,f__Thermodesulfobiaceae,g__Coprothermobacter,s__Coprothermobacter_proteolyticus
k__Bacteria,p__Firmicutes,c__Clostridia,o__Thermoanaerobacterales,f__Thermodesulfobiaceae,g__Coprothermobacter,s__Coprothermobacter_platensis
k__Bacteria,p__Thermotogae,c__Thermotogae,o__Thermotogales,f__Thermotogaceae,g__Petrotoga,s__Petrotoga_mobilis
k__Bacteria,p__Thermotogae,c__Thermotogae,o__Thermotogales,f__Thermotogaceae,g__Marinitoga,s__Marinitoga_piezophila
k__Bacteria,p__Thermotogae,c__Thermotogae,o__Thermotogales,f__Thermotogaceae,g__Kosmotoga,s__Kosmotoga_olearia
k__Bacteria,p__Thermotogae,c__Thermotogae,o__Thermotogales,f__Thermotogaceae,g__Mesotoga,s__Mesotoga_prima
k__Bacteria,p__Thermotogae,c__Thermotogae,o__Thermotogales,f__Thermotogaceae,g__Mesotoga,s__Mesotoga_sp_PhosAc3
k__Bacteria,p__Thermotogae,c__Thermotogae,o__Thermotogales,f__Thermotogaceae,g__Fervidobacterium,s__Fervidobacterium_nodosum
k__Bacteria,p__Thermotogae,c__Thermotogae,o__Thermotogales,f__Thermotogaceae,g__Fervidobacterium,s__Fervidobacterium_pennivorans
k__Bacteria,p__Thermotogae,c__Thermotogae,o__Thermotogales,f__Thermotogaceae,g__Thermosipho,s__Thermosipho_melanesiensis
k__Bacteria,p__Thermotogae,c__Thermotogae,o__Thermotogales,f__Thermotogaceae,g__Thermosipho,s__Thermosipho_africanus
k__Bacteria,p__Thermotogae,c__Thermotogae,o__Thermotogales,f__Thermotogaceae,g__Thermotoga,s__Thermotoga_lettingae
k__Bacteria,p__Thermotogae,c__Thermotogae,o__Thermotogales,f__Thermotogaceae,g__Thermotoga,s__Thermotoga_thermarum
k__Bacteria,p__Thermotogae,c__Thermotogae,o__Thermotogales,f__Thermotogaceae,g__Thermotoga,s__Thermotoga_neapolitana
k__Bacteria,p__Thermotogae,c__Thermotogae,o__Thermotogales,f__Thermotogaceae,g__Thermotoga,s__Thermotoga_sp_EMP
k__Bacteria,p__Thermotogae,c__Thermotogae,o__Thermotogales,f__Thermotogaceae,g__Thermotoga,s__Thermotoga_maritima
k__Bacteria,p__Thermotogae,c__Thermotogae,o__Thermotogales,f__Thermotogaceae,g__Thermotoga,s__Thermotoga_sp_RQ2
k__Bacteria,p__Thermotogae,c__Thermotogae,o__Thermotogales,f__Thermotogaceae,g__Thermotoga,s__Thermotoga_petrophila
k__Bacteria,p__Thermotogae,c__Thermotogae,o__Thermotogales,f__Thermotogaceae,g__Thermotoga,s__Thermotoga_naphthophila
k__Bacteria,p__Synergistetes,c__Synergistia,o__Synergistales,f__Synergistaceae,g__Anaerobaculum,s__Anaerobaculum_hydrogeniformans
k__Bacteria,p__Synergistetes,c__Synergistia,o__Synergistales,f__Synergistaceae,g__Anaerobaculum,s__Anaerobaculum_mobile
k__Bacteria,p__Synergistetes,c__Synergistia,o__Synergistales,f__Synergistaceae,g__Thermovirga,s__Thermovirga_lienii
k__Bacteria,p__Synergistetes,c__Synergistia,o__Synergistales,f__Synergistaceae,g__Synergistes,s__Synergistes_sp_3_1_syn1
k__Bacteria,p__Synergistetes,c__Synergistia,o__Synergistales,f__Synergistaceae,g__Aminomonas,s__Aminomonas_paucivorans
k__Bacteria,p__Synergistetes,c__Synergistia,o__Synergistales,f__Synergistaceae,g__Thermanaerovibrio,s__Thermanaerovibrio_acidaminovorans
k__Bacteria,p__Synergistetes,c__Synergistia,o__Synergistales,f__Synergistaceae,g__Thermanaerovibrio,s__Thermanaerovibrio_velox
k__Bacteria,p__Synergistetes,c__Synergistia,o__Synergistales,f__Synergistaceae,g__Aminobacterium,s__Aminobacterium_colombiense
k__Bacteria,p__Synergistetes,c__Synergistia,o__Synergistales,f__Synergistaceae,g__Fretibacterium,s__Fretibacterium_fastidiosum
k__Bacteria,p__Synergistetes,c__Synergistia,o__Synergistales,f__Synergistaceae,g__Dethiosulfovibrio,s__Dethiosulfovibrio_peptidovorans
k__Bacteria,p__Synergistetes,c__Synergistia,o__Synergistales,f__Synergistaceae,g__Pyramidobacter,s__Pyramidobacter_piscolens
k__Bacteria,p__Synergistetes,c__Synergistia,o__Synergistales,f__Synergistaceae,g__Jonquetella,s__Jonquetella_anthropi
k__Bacteria,p__Synergistetes,c__Synergistia,o__Synergistales,f__Synergistaceae,g__Jonquetella,s__Jonquetella_sp_BV3C21
k__Bacteria,p__Firmicutes,c__Clostridia,o__Halanaerobiales,f__Halobacteroidaceae,g__Acetohalobium,s__Acetohalobium_arabaticum
k__Bacteria,p__Firmicutes,c__Clostridia,o__Halanaerobiales,f__Halobacteroidaceae,g__Halobacteroides,s__Halobacteroides_halobius
k__Bacteria,p__Firmicutes,c__Clostridia,o__Halanaerobiales,f__Halobacteroidaceae,g__Orenia,s__Orenia_marismortui
k__Bacteria,p__Firmicutes,c__Clostridia,o__Halanaerobiales,f__Halanaerobiaceae,g__Halothermothrix,s__Halothermothrix_orenii
k__Bacteria,p__Firmicutes,c__Clostridia,o__Halanaerobiales,f__Halanaerobiaceae,g__Halanaerobium,s__Halanaerobium_hydrogeniformans
k__Bacteria,p__Firmicutes,c__Clostridia,o__Halanaerobiales,f__Halanaerobiaceae,g__Halanaerobium,s__Halanaerobium_praevalens
k__Bacteria,p__Firmicutes,c__Clostridia,o__Halanaerobiales,f__Halanaerobiaceae,g__Halanaerobium,s__Halanaerobium_saccharolyticum
k__Bacteria,p__Firmicutes,c__Clostridia,o__Clostridiales,f__Peptococcaceae,g__Thermincola,s__Thermincola_potens
k__Bacteria,p__Firmicutes,c__Clostridia,o__Thermoanaerobacterales,f__Thermoanaerobacteraceae,g__Carboxydothermus,s__Carboxydothermus_hydrogenoformans
k__Bacteria,p__Firmicutes,c__Clostridia,o__Clostridiales,f__Peptococcaceae,g__Candidatus_Desulforudis,s__Candidatus_Desulforudis_audaxviator
k__Bacteria,p__Firmicutes,c__Clostridia,o__Thermoanaerobacterales,f__Thermoanaerobacteraceae,g__Ammonifex,s__Ammonifex_degensii
k__Bacteria,p__Firmicutes,c__Clostridia,o__Clostridiales,f__Peptococcaceae,g__Desulfotomaculum,s__Desulfotomaculum_kuznetsovii
k__Bacteria,p__Firmicutes,c__Clostridia,o__Clostridiales,f__Peptococcaceae,g__Desulfurispora,s__Desulfurispora_thermophila
k__Bacteria,p__Firmicutes,c__Clostridia,o__Clostridiales,f__Peptococcaceae,g__Pelotomaculum,s__Pelotomaculum_thermopropionicum
k__Bacteria,p__Firmicutes,c__Clostridia,o__Clostridiales,f__Peptococcaceae,g__Desulfotomaculum,s__Desulfotomaculum_gibsoniae
k__Bacteria,p__Firmicutes,c__Clostridia,o__Clostridiales,f__Peptococcaceae,g__Desulfotomaculum,s__Desulfotomaculum_acetoxidans
k__Bacteria,p__Firmicutes,c__Clostridia,o__Clostridiales,f__Peptococcaceae,g__Desulfotomaculum,s__Desulfotomaculum_nigrificans
k__Bacteria,p__Firmicutes,c__Clostridia,o__Clostridiales,f__Peptococcaceae,g__Desulfotomaculum,s__Desulfotomaculum_carboxydivorans
k__Bacteria,p__Firmicutes,c__Clostridia,o__Clostridiales,f__Peptococcaceae,g__Desulfotomaculum,s__Desulfotomaculum_ruminis
k__Bacteria,p__Firmicutes,c__Clostridia,o__Clostridiales,f__Peptococcaceae,g__Desulfotomaculum,s__Desulfotomaculum_reducens
k__Bacteria,p__Firmicutes,c__Clostridia,o__Clostridiales,f__Peptococcaceae,g__Desulfotomaculum,s__Desulfotomaculum_hydrothermale
k__Bacteria,p__Firmicutes,c__Clostridia,o__Thermoanaerobacterales,f__Thermoanaerobacteraceae,g__Moorella,s__Moorella_thermoacetica
k__Bacteria,p__Firmicutes,c__Clostridia,o__Thermoanaerobacterales,f__Thermoanaerobacteraceae,g__Thermacetogenium,s__Thermacetogenium_phaeum
k__Bacteria,p__Firmicutes,c__Clostridia,o__Clostridiales,f__Syntrophomonadaceae,g__Syntrophomonas,s__Syntrophomonas_wolfei
k__Bacteria,p__Firmicutes,c__Clostridia,o__Clostridiales,f__Syntrophomonadaceae,g__Syntrophothermus,s__Syntrophothermus_lipocalidus
k__Bacteria,p__Firmicutes,c__Clostridia,o__Clostridiales,f__Heliobacteriaceae,g__Heliobacterium,s__Heliobacterium_modesticaldum
k__Bacteria,p__Firmicutes,c__Clostridia,o__Clostridiales,f__Peptococcaceae,g__Syntrophobotulus,s__Syntrophobotulus_glycolicus
k__Bacteria,p__Firmicutes,c__Clostridia,o__Clostridiales,f__Peptococcaceae,g__Dehalobacter,s__Dehalobacter_sp_FTH1
k__Bacteria,p__Firmicutes,c__Clostridia,o__Clostridiales,f__Peptococcaceae,g__Dehalobacter,s__Dehalobacter_sp_E1
k__Bacteria,p__Firmicutes,c__Clostridia,o__Clostridiales,f__Peptococcaceae,g__Dehalobacter,s__Dehalobacter_sp_DCA
k__Bacteria,p__Firmicutes,c__Clostridia,o__Clostridiales,f__Peptococcaceae,g__Dehalobacter,s__Dehalobacter_sp_CF
k__Bacteria,p__Firmicutes,c__Clostridia,o__Clostridiales,f__Peptococcaceae,g__Desulfosporosinus,s__Desulfosporosinus_acidiphilus
k__Bacteria,p__Firmicutes,c__Clostridia,o__Clostridiales,f__Peptococcaceae,g__Desulfosporosinus,s__Desulfosporosinus_sp_OT
k__Bacteria,p__Firmicutes,c__Clostridia,o__Clostridiales,f__Peptococcaceae,g__Desulfosporosinus,s__Desulfosporosinus_youngiae
k__Bacteria,p__Firmicutes,c__Clostridia,o__Clostridiales,f__Peptococcaceae,g__Desulfosporosinus,s__Desulfosporosinus_meridiei
k__Bacteria,p__Firmicutes,c__Clostridia,o__Clostridiales,f__Peptococcaceae,g__Desulfosporosinus,s__Desulfosporosinus_orientis
k__Bacteria,p__Firmicutes,c__Clostridia,o__Clostridiales,f__Peptococcaceae,g__Desulfitobacterium,s__Desulfitobacterium_metallireducens
k__Bacteria,p__Firmicutes,c__Clostridia,o__Clostridiales,f__Peptococcaceae,g__Desulfitobacterium,s__Desulfitobacterium_dichloroeliminans
k__Bacteria,p__Firmicutes,c__Clostridia,o__Clostridiales,f__Peptococcaceae,g__Desulfitobacterium,s__Desulfitobacterium_hafniense
k__Bacteria,p__Firmicutes,c__Clostridia,o__Clostridiales,f__Peptococcaceae,g__Desulfitobacterium,s__Desulfitobacterium_dehalogenans
k__Bacteria,p__Firmicutes,c__Clostridia,o__Clostridiales,f__Peptococcaceae,g__Desulfitobacterium,s__Desulfitobacterium_sp_PCE1
k__Bacteria,p__Firmicutes,c__Negativicutes,o__Selenomonadales,f__Veillonellaceae,g__Anaeromusa,s__Anaeromusa_acidaminophila
k__Bacteria,p__Firmicutes,c__Negativicutes,o__Selenomonadales,f__Veillonellaceae,g__Pelosinus,s__Pelosinus_fermentans
k__Bacteria,p__Firmicutes,c__Negativicutes,o__Selenomonadales,f__Veillonellaceae,g__Pelosinus,s__Pelosinus_sp_HCF1
k__Bacteria,p__Firmicutes,c__Negativicutes,o__Selenomonadales,f__Veillonellaceae,g__Sporomusa,s__Sporomusa_ovata
k__Bacteria,p__Firmicutes,c__Negativicutes,o__Selenomonadales,f__Veillonellaceae,g__Thermosinus,s__Thermosinus_carboxydivorans
k__Bacteria,p__Firmicutes,c__Negativicutes,o__Selenomonadales,f__Veillonellaceae,g__Acetonema,s__Acetonema_longum
k__Bacteria,p__Firmicutes,c__Negativicutes,o__Selenomonadales,f__Veillonellaceae,g__Zymophilus,s__Zymophilus_raffinosivorans
k__Bacteria,p__Firmicutes,c__Negativicutes,o__Selenomonadales,f__Veillonellaceae,g__Megamonas,s__Megamonas_hypermegale
k__Bacteria,p__Firmicutes,c__Negativicutes,o__Selenomonadales,f__Veillonellaceae,g__Megamonas,s__Megamonas_funiformis
k__Bacteria,p__Firmicutes,c__Negativicutes,o__Selenomonadales,f__Veillonellaceae,g__Megamonas,s__Megamonas_rupellensis
k__Bacteria,p__Firmicutes,c__Negativicutes,o__Selenomonadales,f__Veillonellaceae,g__Selenomonas,s__Selenomonas_sputigena
k__Bacteria,p__Firmicutes,c__Negativicutes,o__Selenomonadales,f__Veillonellaceae,g__Selenomonas,s__Selenomonas_sp_CM52
k__Bacteria,p__Firmicutes,c__Negativicutes,o__Selenomonadales,f__Veillonellaceae,g__Selenomonas,s__Selenomonas_bovis
k__Bacteria,p__Firmicutes,c__Negativicutes,o__Selenomonadales,f__Veillonellaceae,g__Mitsuokella,s__Mitsuokella_multacida
k__Bacteria,p__Firmicutes,c__Negativicutes,o__Selenomonadales,f__Veillonellaceae,g__Selenomonas,s__Selenomonas_ruminantium
k__Bacteria,p__Firmicutes,c__Negativicutes,o__Selenomonadales,f__Veillonellaceae,g__Mitsuokella,s__Mitsuokella_sp_oral_taxon_131
k__Bacteria,p__Firmicutes,c__Negativicutes,o__Selenomonadales,f__Veillonellaceae,g__Selenomonas,s__Selenomonas_sp_F0473
k__Bacteria,p__Firmicutes,c__Negativicutes,o__Selenomonadales,f__Veillonellaceae,g__Selenomonas,s__Selenomonas_sp_FOBRC9
k__Bacteria,p__Firmicutes,c__Negativicutes,o__Selenomonadales,f__Veillonellaceae,g__Selenomonas,s__Selenomonas_sp_oral_taxon_137
k__Bacteria,p__Firmicutes,c__Negativicutes,o__Selenomonadales,f__Veillonellaceae,g__Selenomonas,s__Selenomonas_artemidis
k__Bacteria,p__Firmicutes,c__Negativicutes,o__Selenomonadales,f__Veillonellaceae,g__Selenomonas,s__Selenomonas_sp_oral_taxon_149
k__Bacteria,p__Firmicutes,c__Negativicutes,o__Selenomonadales,f__Veillonellaceae,g__Selenomonas,s__Selenomonas_flueggei
k__Bacteria,p__Firmicutes,c__Negativicutes,o__Selenomonadales,f__Veillonellaceae,g__Selenomonas,s__Selenomonas_noxia
k__Bacteria,p__Firmicutes,c__Negativicutes,o__Selenomonadales,f__Veillonellaceae,g__Selenomonas,s__Selenomonas_sp_FOBRC6
k__Bacteria,p__Firmicutes,c__Negativicutes,o__Selenomonadales,f__Veillonellaceae,g__Selenomonas,s__Selenomonas_sp_oral_taxon_138
k__Bacteria,p__Firmicutes,c__Negativicutes,o__Selenomonadales,f__Veillonellaceae,g__Centipeda,s__Centipeda_periodontii
k__Bacteria,p__Firmicutes,c__Negativicutes,o__Selenomonadales,f__Veillonellaceae,g__Selenomonas,s__Selenomonas_infelix
k__Bacteria,p__Firmicutes,c__Negativicutes,o__Selenomonadales,f__Veillonellaceae,g__Selenomonas,s__Selenomonas_sp_oral_taxon_892
k__Bacteria,p__Firmicutes,c__Negativicutes,o__Selenomonadales,f__Acidaminococcaceae,g__Succinispira,s__Succinispira_mobilis
k__Bacteria,p__Firmicutes,c__Negativicutes,o__Selenomonadales,f__Acidaminococcaceae,g__Phascolarctobacterium,s__Phascolarctobacterium_succinatutens
k__Bacteria,p__Firmicutes,c__Negativicutes,o__Selenomonadales,f__Acidaminococcaceae,g__Acidaminococcus,s__Acidaminococcus_fermentans
k__Bacteria,p__Firmicutes,c__Negativicutes,o__Selenomonadales,f__Acidaminococcaceae,g__Acidaminococcus,s__Acidaminococcus_sp_BV3L6
k__Bacteria,p__Firmicutes,c__Negativicutes,o__Selenomonadales,f__Acidaminococcaceae,g__Acidaminococcus,s__Acidaminococcus_sp_HPA0509
k__Bacteria,p__Firmicutes,c__Negativicutes,o__Selenomonadales,f__Acidaminococcaceae,g__Acidaminococcus,s__Acidaminococcus_sp_D21
k__Bacteria,p__Firmicutes,c__Negativicutes,o__Selenomonadales,f__Acidaminococcaceae,g__Acidaminococcus,s__Acidaminococcus_intestini
k__Bacteria,p__Firmicutes,c__Negativicutes,o__Selenomonadales,f__Veillonellaceae,g__Megasphaera,s__Megasphaera_sp_UPII_135_E
k__Bacteria,p__Firmicutes,c__Negativicutes,o__Selenomonadales,f__Veillonellaceae,g__Megasphaera,s__Megasphaera_genomosp_type_1
k__Bacteria,p__Firmicutes,c__Negativicutes,o__Selenomonadales,f__Veillonellaceae,g__Megasphaera,s__Megasphaera_sp_UPII_199_6
k__Bacteria,p__Firmicutes,c__Negativicutes,o__Selenomonadales,f__Veillonellaceae,g__Megasphaera,s__Megasphaera_elsdenii
k__Bacteria,p__Firmicutes,c__Negativicutes,o__Selenomonadales,f__Veillonellaceae,g__Megasphaera,s__Megasphaera_sp_NM10
k__Bacteria,p__Firmicutes,c__Negativicutes,o__Selenomonadales,f__Veillonellaceae,g__Megasphaera,s__Megasphaera_sp_BL7
k__Bacteria,p__Firmicutes,c__Negativicutes,o__Selenomonadales,f__Veillonellaceae,g__Megasphaera,s__Megasphaera_sp_BV3C16_1
k__Bacteria,p__Firmicutes,c__Negativicutes,o__Selenomonadales,f__Veillonellaceae,g__Megasphaera,s__Megasphaera_micronuciformis
k__Bacteria,p__Firmicutes,c__Negativicutes,o__Selenomonadales,f__Veillonellaceae,g__Anaeroglobus,s__Anaeroglobus_geminatus
k__Bacteria,p__Firmicutes,c__Negativicutes,o__Selenomonadales,f__Veillonellaceae,g__Dialister,s__Dialister_micraerophilus
k__Bacteria,p__Firmicutes,c__Negativicutes,o__Selenomonadales,f__Veillonellaceae,g__Dialister,s__Dialister_invisus
k__Bacteria,p__Firmicutes,c__Negativicutes,o__Selenomonadales,f__Veillonellaceae,g__Dialister,s__Dialister_succinatiphilus
k__Bacteria,p__Firmicutes,c__Negativicutes,o__Selenomonadales,f__Veillonellaceae,g__Veillonella,s__Veillonella_ratti
k__Bacteria,p__Firmicutes,c__Negativicutes,o__Selenomonadales,f__Veillonellaceae,g__Veillonella,s__Veillonella_sp_oral_taxon_780
k__Bacteria,p__Firmicutes,c__Negativicutes,o__Selenomonadales,f__Veillonellaceae,g__Veillonella,s__Veillonella_sp_ACP1
k__Bacteria,p__Firmicutes,c__Negativicutes,o__Selenomonadales,f__Veillonellaceae,g__Veillonella,s__Veillonella_atypica
k__Bacteria,p__Firmicutes,c__Negativicutes,o__Selenomonadales,f__Veillonellaceae,g__Veillonella,s__Veillonella_sp_HPA0037
k__Bacteria,p__Firmicutes,c__Negativicutes,o__Selenomonadales,f__Veillonellaceae,g__Veillonella,s__Veillonella_dispar
k__Bacteria,p__Firmicutes,c__Negativicutes,o__Selenomonadales,f__Veillonellaceae,g__Veillonella,s__Veillonella_sp_oral_taxon_158
k__Bacteria,p__Firmicutes,c__Negativicutes,o__Selenomonadales,f__Veillonellaceae,g__Veillonella,s__Veillonella_parvula
k__Bacteria,p__Firmicutes,c__Negativicutes,o__Selenomonadales,f__Veillonellaceae,g__Veillonella,s__Veillonella_sp_3_1_44
k__Bacteria,p__Firmicutes,c__Negativicutes,o__Selenomonadales,f__Veillonellaceae,g__Veillonella,s__Veillonella_sp_6_1_27
k__Bacteria,p__Firmicutes,c__Clostridia,o__Thermoanaerobacterales,f__Thermoanaerobacterales_Family_III_Incertae_Sedis,g__Thermosediminibacter,s__Thermosediminibacter_oceani
k__Bacteria,p__Firmicutes,c__Clostridia,o__Thermoanaerobacterales,f__Thermoanaerobacteraceae,g__Tepidanaerobacter,s__Tepidanaerobacter_acetatoxydans
k__Bacteria,p__Firmicutes,c__Clostridia,o__Thermoanaerobacterales,f__Thermoanaerobacterales_Family_IV_Incertae_Sedis,g__Mahella,s__Mahella_australiensis
k__Bacteria,p__Firmicutes,c__Clostridia,o__Thermoanaerobacterales,f__Thermoanaerobacterales_Family_III_Incertae_Sedis,g__Thermoanaerobacterium,s__Thermoanaerobacterium_thermosaccharolyticum
k__Bacteria,p__Firmicutes,c__Clostridia,o__Thermoanaerobacterales,f__Thermoanaerobacterales_Family_III_Incertae_Sedis,g__Thermoanaerobacterium,s__Thermoanaerobacterium_xylanolyticum
k__Bacteria,p__Firmicutes,c__Clostridia,o__Thermoanaerobacterales,f__Thermoanaerobacterales_Family_III_Incertae_Sedis,g__Thermoanaerobacterium,s__Thermoanaerobacterium_saccharolyticum
k__Bacteria,p__Firmicutes,c__Clostridia,o__Thermoanaerobacterales,f__Thermoanaerobacteraceae,g__Caldanaerobacter,s__Caldanaerobacter_subterraneus
k__Bacteria,p__Firmicutes,c__Clostridia,o__Thermoanaerobacterales,f__Thermoanaerobacteraceae,g__Thermoanaerobacter,s__Thermoanaerobacter_italicus
k__Bacteria,p__Firmicutes,c__Clostridia,o__Thermoanaerobacterales,f__Thermoanaerobacteraceae,g__Thermoanaerobacter,s__Thermoanaerobacter_mathranii
k__Bacteria,p__Firmicutes,c__Clostridia,o__Thermoanaerobacterales,f__Thermoanaerobacteraceae,g__Thermoanaerobacter,s__Thermoanaerobacter_wiegelii
k__Bacteria,p__Firmicutes,c__Clostridia,o__Thermoanaerobacterales,f__Thermoanaerobacteraceae,g__Thermoanaerobacter,s__Thermoanaerobacter_siderophilus
k__Bacteria,p__Firmicutes,c__Clostridia,o__Thermoanaerobacterales,f__Thermoanaerobacteraceae,g__Thermoanaerobacter,s__Thermoanaerobacter_ethanolicus
k__Bacteria,p__Firmicutes,c__Clostridia,o__Thermoanaerobacterales,f__Thermoanaerobacteraceae,g__Thermoanaerobacter,s__Thermoanaerobacter_thermohydrosulfuricus
k__Bacteria,p__Firmicutes,c__Clostridia,o__Thermoanaerobacterales,f__Thermoanaerobacteraceae,g__Thermoanaerobacter,s__Thermoanaerobacter_indiensis
k__Bacteria,p__Firmicutes,c__Clostridia,o__Thermoanaerobacterales,f__Thermoanaerobacteraceae,g__Thermoanaerobacter,s__Thermoanaerobacter_pseudethanolicus
k__Bacteria,p__Firmicutes,c__Clostridia,o__Thermoanaerobacterales,f__Thermoanaerobacteraceae,g__Thermoanaerobacter,s__Thermoanaerobacter_brockii
k__Bacteria,p__Firmicutes,c__Clostridia,o__Thermoanaerobacterales,f__Thermoanaerobacteraceae,g__Thermoanaerobacter,s__Thermoanaerobacter_sp_X514
k__Bacteria,p__Firmicutes,c__Clostridia,o__Thermoanaerobacterales,f__Thermoanaerobacteraceae,g__Thermoanaerobacter,s__Thermoanaerobacter_sp_X513
k__Bacteria,p__Firmicutes,c__Clostridia,o__Thermoanaerobacterales,f__Thermoanaerobacteraceae,g__Thermoanaerobacter,s__Thermoanaerobacter_sp_X561
k__Bacteria,p__Firmicutes,c__Clostridia,o__Thermoanaerobacterales,f__Thermoanaerobacterales_Family_III_Incertae_Sedis,g__Caldicellulosiruptor,s__Caldicellulosiruptor_saccharolyticus
k__Bacteria,p__Firmicutes,c__Clostridia,o__Thermoanaerobacterales,f__Thermoanaerobacterales_Family_III_Incertae_Sedis,g__Caldicellulosiruptor,s__Caldicellulosiruptor_obsidiansis
k__Bacteria,p__Firmicutes,c__Clostridia,o__Thermoanaerobacterales,f__Thermoanaerobacterales_Family_III_Incertae_Sedis,g__Caldicellulosiruptor,s__Caldicellulosiruptor_owensensis
k__Bacteria,p__Firmicutes,c__Clostridia,o__Thermoanaerobacterales,f__Thermoanaerobacterales_Family_III_Incertae_Sedis,g__Caldicellulosiruptor,s__Caldicellulosiruptor_hydrothermalis
k__Bacteria,p__Firmicutes,c__Clostridia,o__Thermoanaerobacterales,f__Thermoanaerobacterales_Family_III_Incertae_Sedis,g__Caldicellulosiruptor,s__Caldicellulosiruptor_kristjanssonii
k__Bacteria,p__Firmicutes,c__Clostridia,o__Thermoanaerobacterales,f__Thermoanaerobacterales_Family_III_Incertae_Sedis,g__Caldicellulosiruptor,s__Caldicellulosiruptor_lactoaceticus
k__Bacteria,p__Firmicutes,c__Clostridia,o__Thermoanaerobacterales,f__Thermoanaerobacterales_Family_III_Incertae_Sedis,g__Caldicellulosiruptor,s__Caldicellulosiruptor_bescii
k__Bacteria,p__Firmicutes,c__Clostridia,o__Thermoanaerobacterales,f__Thermoanaerobacterales_Family_III_Incertae_Sedis,g__Caldicellulosiruptor,s__Caldicellulosiruptor_kronotskyensis
k__Bacteria,p__Firmicutes,c__Clostridia,o__Clostridiales,f__Ruminococcaceae,g__Ruminococcaceae_noname,s__Clostridium_stercorarium
k__Bacteria,p__Firmicutes,c__Clostridia,o__Clostridiales,f__Clostridiaceae,g__Clostridium,s__Clostridium_thermocellum
k__Bacteria,p__Firmicutes,c__Clostridia,o__Clostridiales,f__Ruminococcaceae,g__Acetivibrio,s__Acetivibrio_cellulolyticus
k__Bacteria,p__Firmicutes,c__Clostridia,o__Clostridiales,f__Clostridiaceae,g__Clostridium,s__Clostridium_clariflavum
k__Bacteria,p__Firmicutes,c__Clostridia,o__Clostridiales,f__Clostridiaceae,g__Clostridium,s__Clostridium_termitidis
k__Bacteria,p__Firmicutes,c__Clostridia,o__Clostridiales,f__Clostridiaceae,g__Clostridium,s__Clostridium_cellulolyticum
k__Bacteria,p__Firmicutes,c__Clostridia,o__Clostridiales,f__Clostridiaceae,g__Clostridium,s__Clostridium_papyrosolvens
k__Bacteria,p__Firmicutes,c__Clostridia,o__Clostridiales,f__Clostridiaceae,g__Clostridium,s__Clostridium_sp_BNL1100
k__Bacteria,p__Firmicutes,c__Clostridia,o__Clostridiales,f__Clostridiales_noname,g__Clostridiales_noname,s__Clostridiales_genomosp_BVAB3
k__Bacteria,p__Firmicutes,c__Clostridia,o__Clostridiales,f__Clostridiaceae,g__Butyricicoccus,s__Butyricicoccus_pullicaecorum
k__Bacteria,p__Firmicutes,c__Clostridia,o__Clostridiales,f__Oscillospiraceae,g__Oscillibacter,s__Oscillibacter_sp_1_3
k__Bacteria,p__Firmicutes,c__Clostridia,o__Clostridiales,f__Oscillospiraceae,g__Oscillibacter,s__Oscillibacter_valericigenes
k__Bacteria,p__Firmicutes,c__Clostridia,o__Clostridiales,f__Oscillospiraceae,g__Oscillibacter,s__Oscillibacter_sp_KLE_1728
k__Bacteria,p__Firmicutes,c__Clostridia,o__Clostridiales,f__Oscillospiraceae,g__Oscillibacter,s__Oscillibacter_sp_KLE_1745
k__Bacteria,p__Firmicutes,c__Clostridia,o__Clostridiales,f__Ruminococcaceae,g__Ruminococcaceae_noname,s__Ruminococcaceae_bacterium_D16
k__Bacteria,p__Firmicutes,c__Clostridia,o__Clostridiales,f__Clostridiales_noname,g__Pseudoflavonifractor,s__Pseudoflavonifractor_capillosus
k__Bacteria,p__Firmicutes,c__Clostridia,o__Clostridiales,f__Lachnospiraceae,g__Lachnospiraceae_noname,s__Lachnospiraceae_bacterium_7_1_58FAA
k__Bacteria,p__Firmicutes,c__Clostridia,o__Clostridiales,f__Clostridiales_noname,g__Flavonifractor,s__Flavonifractor_plautii
k__Bacteria,p__Firmicutes,c__Clostridia,o__Clostridiales,f__Clostridiaceae,g__Clostridium,s__Clostridium_sp_ATCC_BAA_442
k__Bacteria,p__Firmicutes,c__Clostridia,o__Clostridiales,f__Ruminococcaceae,g__Ethanoligenens,s__Ethanoligenens_harbinense
k__Bacteria,p__Firmicutes,c__Clostridia,o__Clostridiales,f__Ruminococcaceae,g__Ruminococcus,s__Ruminococcus_bromii
k__Bacteria,p__Firmicutes,c__Clostridia,o__Clostridiales,f__Clostridiaceae,g__Clostridium,s__Clostridium_leptum
k__Bacteria,p__Firmicutes,c__Clostridia,o__Clostridiales,f__Clostridiaceae,g__Clostridium,s__Clostridium_sp_MSTE9
k__Bacteria,p__Firmicutes,c__Clostridia,o__Clostridiales,f__Clostridiaceae,g__Clostridium,s__Clostridium_sporosphaeroides
k__Bacteria,p__Firmicutes,c__Clostridia,o__Clostridiales,f__Ruminococcaceae,g__Anaerotruncus,s__Anaerotruncus_colihominis
k__Bacteria,p__Firmicutes,c__Clostridia,o__Clostridiales,f__Ruminococcaceae,g__Anaerotruncus,s__Anaerotruncus_sp_G3_2012
k__Bacteria,p__Firmicutes,c__Clostridia,o__Clostridiales,f__Clostridiaceae,g__Clostridium,s__Clostridium_sp_ATCC_29733
k__Bacteria,p__Firmicutes,c__Clostridia,o__Clostridiales,f__Ruminococcaceae,g__Subdoligranulum,s__Subdoligranulum_sp_4_3_54A2FAA
k__Bacteria,p__Firmicutes,c__Clostridia,o__Clostridiales,f__Ruminococcaceae,g__Faecalibacterium,s__Faecalibacterium_prausnitzii
k__Bacteria,p__Firmicutes,c__Clostridia,o__Clostridiales,f__Ruminococcaceae,g__Subdoligranulum,s__Subdoligranulum_variabile
k__Bacteria,p__Firmicutes,c__Clostridia,o__Clostridiales,f__Clostridiaceae,g__Clostridium,s__Clostridium_methylpentosum
k__Bacteria,p__Firmicutes,c__Clostridia,o__Clostridiales,f__Eubacteriaceae,g__Eubacterium,s__Eubacterium_siraeum
k__Bacteria,p__Firmicutes,c__Clostridia,o__Clostridiales,f__Ruminococcaceae,g__Ruminococcus,s__Ruminococcus_albus
k__Bacteria,p__Firmicutes,c__Clostridia,o__Clostridiales,f__Ruminococcaceae,g__Ruminococcus,s__Ruminococcus_flavefaciens
k__Bacteria,p__Firmicutes,c__Clostridia,o__Clostridiales,f__Ruminococcaceae,g__Ruminococcus,s__Ruminococcus_champanellensis
k__Bacteria,p__Firmicutes,c__Clostridia,o__Clostridiales,f__Ruminococcaceae,g__Ruminococcus,s__Ruminococcus_callidus
k__Bacteria,p__Firmicutes,c__Clostridia,o__Clostridiales,f__Clostridiaceae,g__Clostridium,s__Clostridium_sp_ASF356
k__Bacteria,p__Firmicutes,c__Clostridia,o__Clostridiales,f__Clostridiales_noname,g__Epulopiscium,s__Epulopiscium_sp_N_t_morphotype_B
k__Bacteria,p__Firmicutes,c__Clostridia,o__Clostridiales,f__Lachnospiraceae,g__Cellulosilyticum,s__Cellulosilyticum_lentocellum
k__Bacteria,p__Firmicutes,c__Clostridia,o__Clostridiales,f__Clostridiaceae,g__Clostridium,s__Clostridium_phytofermentans
k__Bacteria,p__Firmicutes,c__Clostridia,o__Clostridiales,f__Lachnospiraceae,g__Catonella,s__Catonella_morbi
k__Bacteria,p__Firmicutes,c__Clostridia,o__Clostridiales,f__Clostridiaceae,g__Clostridium,s__Clostridium_sp_M62_1
k__Bacteria,p__Firmicutes,c__Clostridia,o__Clostridiales,f__Clostridiaceae,g__Clostridium,s__Clostridium_sp_7_3_54FAA
k__Bacteria,p__Firmicutes,c__Clostridia,o__Clostridiales,f__Clostridiaceae,g__Clostridium,s__Clostridium_symbiosum
k__Bacteria,p__Firmicutes,c__Clostridia,o__Clostridiales,f__Clostridiaceae,g__Clostridium,s__Clostridium_saccharolyticum
k__Bacteria,p__Firmicutes,c__Clostridia,o__Clostridiales,f__Clostridiaceae,g__Clostridium,s__Clostridium_hathewayi
k__Bacteria,p__Firmicutes,c__Clostridia,o__Clostridiales,f__Clostridiaceae,g__Clostridium,s__Clostridium_asparagiforme
k__Bacteria,p__Firmicutes,c__Clostridia,o__Clostridiales,f__Clostridiaceae,g__Clostridium,s__Clostridium_bolteae
k__Bacteria,p__Firmicutes,c__Clostridia,o__Clostridiales,f__Clostridiaceae,g__Clostridium,s__Clostridium_clostridioforme
k__Bacteria,p__Firmicutes,c__Clostridia,o__Clostridiales,f__Clostridiales_noname,g__Clostridiales_noname,s__Clostridiales_bacterium_1_7_47FAA
k__Bacteria,p__Firmicutes,c__Clostridia,o__Clostridiales,f__Clostridiaceae,g__Clostridium,s__Clostridium_citroniae
k__Bacteria,p__Firmicutes,c__Clostridia,o__Clostridiales,f__Lachnospiraceae,g__Johnsonella,s__Johnsonella_ignava
k__Bacteria,p__Firmicutes,c__Clostridia,o__Clostridiales,f__Lachnospiraceae,g__Lachnospiraceae_noname,s__Lachnospiraceae_oral_taxon_107
k__Bacteria,p__Firmicutes,c__Clostridia,o__Clostridiales,f__Lachnospiraceae,g__Lachnospiraceae_noname,s__Lachnospiraceae_bacterium_ICM7
k__Bacteria,p__Firmicutes,c__Clostridia,o__Clostridiales,f__Lachnospiraceae,g__Lachnoanaerobaculum,s__Lachnoanaerobaculum_saburreum
k__Bacteria,p__Firmicutes,c__Clostridia,o__Clostridiales,f__Lachnospiraceae,g__Lachnospiraceae_noname,s__Lachnospiraceae_bacterium_oral_taxon_082
k__Bacteria,p__Firmicutes,c__Clostridia,o__Clostridiales,f__Lachnospiraceae,g__Stomatobaculum,s__Stomatobaculum_longum
k__Bacteria,p__Firmicutes,c__Clostridia,o__Clostridiales,f__Lachnospiraceae,g__Oribacterium,s__Oribacterium_sp_oral_taxon_078
k__Bacteria,p__Firmicutes,c__Clostridia,o__Clostridiales,f__Lachnospiraceae,g__Oribacterium,s__Oribacterium_sinus
k__Bacteria,p__Firmicutes,c__Clostridia,o__Clostridiales,f__Lachnospiraceae,g__Oribacterium,s__Oribacterium_sp_ACB1
k__Bacteria,p__Firmicutes,c__Clostridia,o__Clostridiales,f__Lachnospiraceae,g__Oribacterium,s__Oribacterium_sp_ACB8
k__Bacteria,p__Firmicutes,c__Clostridia,o__Clostridiales,f__Lachnospiraceae,g__Oribacterium,s__Oribacterium_sp_oral_taxon_108
k__Bacteria,p__Firmicutes,c__Clostridia,o__Clostridiales,f__Lachnospiraceae,g__Oribacterium,s__Oribacterium_sp_ACB7
k__Bacteria,p__Firmicutes,c__Clostridia,o__Clostridiales,f__Lachnospiraceae,g__Coprococcus,s__Coprococcus_catus
k__Bacteria,p__Firmicutes,c__Clostridia,o__Clostridiales,f__Lachnospiraceae,g__Butyrivibrio,s__Butyrivibrio_crossotus
k__Bacteria,p__Firmicutes,c__Clostridia,o__Clostridiales,f__Eubacteriaceae,g__Eubacterium,s__Eubacterium_eligens
k__Bacteria,p__Firmicutes,c__Clostridia,o__Clostridiales,f__Clostridiales_noname,g__Clostridiales_noname,s__Bacteroides_pectinophilus
k__Bacteria,p__Firmicutes,c__Clostridia,o__Clostridiales,f__Eubacteriaceae,g__Eubacterium,s__Eubacterium_ventriosum
k__Bacteria,p__Firmicutes,c__Clostridia,o__Clostridiales,f__Clostridiaceae,g__Clostridium,s__Clostridium_sp_L2_50
k__Bacteria,p__Firmicutes,c__Clostridia,o__Clostridiales,f__Lachnospiraceae,g__Coprococcus,s__Coprococcus_eutactus
k__Bacteria,p__Firmicutes,c__Clostridia,o__Clostridiales,f__Lachnospiraceae,g__Coprococcus,s__Coprococcus_sp_ART55_1
k__Bacteria,p__Firmicutes,c__Clostridia,o__Clostridiales,f__Eubacteriaceae,g__Eubacterium,s__Eubacterium_hallii
k__Bacteria,p__Firmicutes,c__Clostridia,o__Clostridiales,f__Lachnospiraceae,g__Anaerostipes,s__Anaerostipes_caccae
k__Bacteria,p__Firmicutes,c__Clostridia,o__Clostridiales,f__Lachnospiraceae,g__Anaerostipes,s__Anaerostipes_sp_3_2_56FAA
k__Bacteria,p__Firmicutes,c__Clostridia,o__Clostridiales,f__Lachnospiraceae,g__Lachnospiraceae_noname,s__Lachnospiraceae_bacterium_5_1_63FAA
k__Bacteria,p__Firmicutes,c__Clostridia,o__Clostridiales,f__Clostridiaceae,g__Clostridium,s__Clostridium_sp_SS2_1
k__Bacteria,p__Firmicutes,c__Clostridia,o__Clostridiales,f__Lachnospiraceae,g__Anaerostipes,s__Anaerostipes_hadrus
k__Bacteria,p__Firmicutes,c__Clostridia,o__Clostridiales,f__Lachnospiraceae,g__Shuttleworthia,s__Shuttleworthia_satelles
k__Bacteria,p__Firmicutes,c__Clostridia,o__Clostridiales,f__Eubacteriaceae,g__Eubacterium,s__Eubacterium_cellulosolvens
k__Bacteria,p__Firmicutes,c__Clostridia,o__Clostridiales,f__Lachnospiraceae,g__Lachnospiraceae_noname,s__Lachnospiraceae_bacterium_3_1_57FAA_CT1
k__Bacteria,p__Firmicutes,c__Clostridia,o__Clostridiales,f__Clostridiaceae,g__Clostridium,s__Clostridium_sp_KLE_1755
k__Bacteria,p__Firmicutes,c__Clostridia,o__Clostridiales,f__Lachnospiraceae,g__Butyrivibrio,s__Butyrivibrio_fibrisolvens
k__Bacteria,p__Firmicutes,c__Clostridia,o__Clostridiales,f__Lachnospiraceae,g__Butyrivibrio,s__Butyrivibrio_sp_AD3002
k__Bacteria,p__Firmicutes,c__Clostridia,o__Clostridiales,f__Lachnospiraceae,g__Butyrivibrio,s__Butyrivibrio_proteoclasticus
k__Bacteria,p__Firmicutes,c__Clostridia,o__Clostridiales,f__Lachnospiraceae,g__Butyrivibrio,s__Butyrivibrio_sp_AE3009
k__Bacteria,p__Firmicutes,c__Clostridia,o__Clostridiales,f__Lachnospiraceae,g__Butyrivibrio,s__Butyrivibrio_sp_AE2015
k__Bacteria,p__Firmicutes,c__Clostridia,o__Clostridiales,f__Lachnospiraceae,g__Butyrivibrio,s__Butyrivibrio_sp_XPD2006
k__Bacteria,p__Firmicutes,c__Clostridia,o__Clostridiales,f__Lachnospiraceae,g__Butyrivibrio,s__Butyrivibrio_sp_NC2007
k__Bacteria,p__Firmicutes,c__Clostridia,o__Clostridiales,f__Clostridiaceae,g__Clostridium,s__Clostridium_sp_SY8519
k__Bacteria,p__Firmicutes,c__Clostridia,o__Clostridiales,f__Eubacteriaceae,g__Eubacterium,s__Eubacterium_ramulus
k__Bacteria,p__Firmicutes,c__Clostridia,o__Clostridiales,f__Eubacteriaceae,g__Eubacterium,s__Eubacterium_plexicaudatum
k__Bacteria,p__Firmicutes,c__Clostridia,o__Clostridiales,f__Eubacteriaceae,g__Eubacterium,s__Eubacterium_sp_14_2
k__Bacteria,p__Firmicutes,c__Clostridia,o__Clostridiales,f__Eubacteriaceae,g__Eubacterium,s__Eubacterium_rectale
k__Bacteria,p__Firmicutes,c__Clostridia,o__Clostridiales,f__Lachnospiraceae,g__Lachnobacterium,s__Lachnobacterium_bovis
k__Bacteria,p__Firmicutes,c__Clostridia,o__Clostridiales,f__Lachnospiraceae,g__Roseburia,s__Roseburia_intestinalis
k__Bacteria,p__Firmicutes,c__Clostridia,o__Clostridiales,f__Lachnospiraceae,g__Roseburia,s__Roseburia_inulinivorans
k__Bacteria,p__Firmicutes,c__Clostridia,o__Clostridiales,f__Lachnospiraceae,g__Roseburia,s__Roseburia_hominis
k__Bacteria,p__Firmicutes,c__Clostridia,o__Clostridiales,f__Lachnospiraceae,g__Marvinbryantia,s__Marvinbryantia_formatexigens
k__Bacteria,p__Firmicutes,c__Clostridia,o__Clostridiales,f__Lachnospiraceae,g__Blautia,s__Blautia_producta
k__Bacteria,p__Firmicutes,c__Clostridia,o__Clostridiales,f__Lachnospiraceae,g__Blautia,s__Blautia_hansenii
k__Bacteria,p__Firmicutes,c__Clostridia,o__Clostridiales,f__Lachnospiraceae,g__Lachnospiraceae_noname,s__Lachnospiraceae_bacterium_6_1_63FAA
k__Bacteria,p__Firmicutes,c__Clostridia,o__Clostridiales,f__Lachnospiraceae,g__Blautia,s__Blautia_hydrogenotrophica
k__Bacteria,p__Firmicutes,c__Clostridia,o__Clostridiales,f__Ruminococcaceae,g__Ruminococcus,s__Ruminococcus_sp
k__Bacteria,p__Firmicutes,c__Clostridia,o__Clostridiales,f__Lachnospiraceae,g__Blautia,s__Blautia_sp_KLE_1732
k__Bacteria,p__Firmicutes,c__Clostridia,o__Clostridiales,f__Lachnospiraceae,g__Blautia,s__Ruminococcus_obeum
k__Bacteria,p__Firmicutes,c__Clostridia,o__Clostridiales,f__Ruminococcaceae,g__Ruminococcus,s__Ruminococcus_sp_5_1_39BFAA
k__Bacteria,p__Firmicutes,c__Clostridia,o__Clostridiales,f__Ruminococcaceae,g__Ruminococcus,s__Ruminococcus_sp_JC304
k__Bacteria,p__Firmicutes,c__Clostridia,o__Clostridiales,f__Clostridiaceae,g__Clostridium,s__Clostridium_nexile
k__Bacteria,p__Firmicutes,c__Clostridia,o__Clostridiales,f__Lachnospiraceae,g__Lachnospiraceae_noname,s__Lachnospiraceae_bacterium_2_1_46FAA
k__Bacteria,p__Firmicutes,c__Clostridia,o__Clostridiales,f__Lachnospiraceae,g__Coprococcus,s__Coprococcus_sp_HPP0074
k__Bacteria,p__Firmicutes,c__Clostridia,o__Clostridiales,f__Lachnospiraceae,g__Lachnospiraceae_noname,s__Lachnospiraceae_bacterium_9_1_43BFAA
k__Bacteria,p__Firmicutes,c__Clostridia,o__Clostridiales,f__Lachnospiraceae,g__Lachnospiraceae_noname,s__Lachnospiraceae_bacterium_4_1_37FAA
k__Bacteria,p__Firmicutes,c__Clostridia,o__Clostridiales,f__Lachnospiraceae,g__Coprococcus,s__Coprococcus_sp_HPP0048
k__Bacteria,p__Firmicutes,c__Clostridia,o__Clostridiales,f__Lachnospiraceae,g__Coprococcus,s__Coprococcus_comes
k__Bacteria,p__Firmicutes,c__Clostridia,o__Clostridiales,f__Lachnospiraceae,g__Dorea,s__Dorea_longicatena
k__Bacteria,p__Firmicutes,c__Clostridia,o__Clostridiales,f__Lachnospiraceae,g__Dorea,s__Dorea_formicigenerans
k__Bacteria,p__Firmicutes,c__Clostridia,o__Clostridiales,f__Clostridiaceae,g__Clostridium,s__Clostridium_hylemonae
k__Bacteria,p__Firmicutes,c__Clostridia,o__Clostridiales,f__Lachnospiraceae,g__Dorea,s__Dorea_sp_5_2
k__Bacteria,p__Firmicutes,c__Clostridia,o__Clostridiales,f__Clostridiaceae,g__Clostridium,s__Clostridium_scindens
k__Bacteria,p__Firmicutes,c__Clostridia,o__Clostridiales,f__Lachnospiraceae,g__Lachnospiraceae_noname,s__Lachnospiraceae_bacterium_5_1_57FAA
k__Bacteria,p__Firmicutes,c__Clostridia,o__Clostridiales,f__Ruminococcaceae,g__Ruminococcus,s__Ruminococcus_lactaris
k__Bacteria,p__Firmicutes,c__Clostridia,o__Clostridiales,f__Lachnospiraceae,g__Lachnospiraceae_noname,s__Lachnospiraceae_bacterium_1_1_57FAA
k__Bacteria,p__Firmicutes,c__Clostridia,o__Clostridiales,f__Lachnospiraceae,g__Lachnospiraceae_noname,s__Lachnospiraceae_bacterium_8_1_57FAA
k__Bacteria,p__Firmicutes,c__Clostridia,o__Clostridiales,f__Lachnospiraceae,g__Blautia,s__Ruminococcus_torques
k__Bacteria,p__Firmicutes,c__Clostridia,o__Clostridiales,f__Lachnospiraceae,g__Lachnospiraceae_noname,s__Lachnospiraceae_bacterium_3_1_46FAA
k__Bacteria,p__Firmicutes,c__Clostridia,o__Clostridiales,f__Lachnospiraceae,g__Lachnospiraceae_noname,s__Lachnospiraceae_bacterium_2_1_58FAA
k__Bacteria,p__Firmicutes,c__Clostridia,o__Clostridiales,f__Lachnospiraceae,g__Blautia,s__Ruminococcus_gnavus
k__Bacteria,p__Firmicutes,c__Clostridia,o__Clostridiales,f__Clostridiaceae,g__Clostridium,s__Clostridium_sp_D5
k__Bacteria,p__Firmicutes,c__Clostridia,o__Clostridiales,f__Lachnospiraceae,g__Lachnospiraceae_noname,s__Lachnospiraceae_bacterium_1_4_56FAA
k__Bacteria,p__Firmicutes,c__Clostridia,o__Clostridiales,f__Clostridiaceae,g__Clostridium,s__Clostridium_sp_ASF502
k__Bacteria,p__Firmicutes,c__Clostridia,o__Clostridiales,f__Clostridiaceae,g__Caloramator,s__Caloramator_australicus
k__Bacteria,p__Firmicutes,c__Clostridia,o__Clostridiales,f__Clostridiaceae,g__Candidatus_Arthromitus,s__Candidatus_Arthromitus_sp_SFB_rat_Yit
k__Bacteria,p__Firmicutes,c__Clostridia,o__Clostridiales,f__Clostridiaceae,g__Candidatus_Arthromitus,s__Candidatus_Arthromitus_sp_SFB_co
k__Bacteria,p__Firmicutes,c__Clostridia,o__Clostridiales,f__Clostridiaceae,g__Candidatus_Arthromitus,s__Candidatus_Arthromitus_sp_SFB_2
k__Bacteria,p__Firmicutes,c__Clostridia,o__Clostridiales,f__Clostridiaceae,g__Candidatus_Arthromitus,s__Candidatus_Arthromitus_sp_SFB_5
k__Bacteria,p__Firmicutes,c__Clostridia,o__Clostridiales,f__Clostridiaceae,g__Candidatus_Arthromitus,s__Candidatus_Arthromitus_sp_SFB_3
k__Bacteria,p__Firmicutes,c__Clostridia,o__Clostridiales,f__Clostridiaceae,g__Candidatus_Arthromitus,s__Candidatus_Arthromitus_sp_SFB_mouse_SU
k__Bacteria,p__Firmicutes,c__Clostridia,o__Clostridiales,f__Clostridiaceae,g__Candidatus_Arthromitus,s__Candidatus_Arthromitus_sp_SFB_mouse
k__Bacteria,p__Firmicutes,c__Clostridia,o__Clostridiales,f__Clostridiaceae,g__Candidatus_Arthromitus,s__Candidatus_Arthromitus_sp_SFB_1
k__Bacteria,p__Firmicutes,c__Clostridia,o__Clostridiales,f__Clostridiaceae,g__Candidatus_Arthromitus,s__Candidatus_Arthromitus_sp_SFB_4
k__Bacteria,p__Firmicutes,c__Clostridia,o__Clostridiales,f__Clostridiaceae,g__Youngiibacter,s__Youngiibacter_fragilis
k__Bacteria,p__Firmicutes,c__Clostridia,o__Clostridiales,f__Clostridiaceae,g__Clostridium,s__Clostridium_cellulovorans
k__Bacteria,p__Firmicutes,c__Clostridia,o__Clostridiales,f__Clostridiaceae,g__Clostridium,s__Clostridium_perfringens
k__Bacteria,p__Firmicutes,c__Clostridia,o__Clostridiales,f__Clostridiaceae,g__Clostridium,s__Clostridium_colicanis
k__Bacteria,p__Firmicutes,c__Clostridia,o__Clostridiales,f__Clostridiaceae,g__Clostridium,s__Clostridium_celatum
k__Bacteria,p__Firmicutes,c__Clostridia,o__Clostridiales,f__Clostridiaceae,g__Clostridium,s__Clostridium_sp_7_2_43FAA
k__Bacteria,p__Firmicutes,c__Clostridia,o__Clostridiales,f__Clostridiaceae,g__Clostridium,s__Clostridium_sartagoforme
k__Bacteria,p__Firmicutes,c__Clostridia,o__Clostridiales,f__Clostridiaceae,g__Clostridium,s__Clostridium_botulinum
k__Bacteria,p__Firmicutes,c__Clostridia,o__Clostridiales,f__Clostridiaceae,g__Clostridium,s__Clostridium_butyricum
k__Bacteria,p__Firmicutes,c__Clostridia,o__Clostridiales,f__Clostridiaceae,g__Clostridium,s__Clostridium_saccharobutylicum
k__Bacteria,p__Firmicutes,c__Clostridia,o__Clostridiales,f__Clostridiaceae,g__Clostridium,s__Clostridium_saccharoperbutylacetonicum
k__Bacteria,p__Firmicutes,c__Clostridia,o__Clostridiales,f__Clostridiaceae,g__Clostridium,s__Clostridium_sp_DL_VIII
k__Bacteria,p__Firmicutes,c__Clostridia,o__Clostridiales,f__Clostridiaceae,g__Clostridium,s__Clostridium_beijerinckii
k__Bacteria,p__Firmicutes,c__Clostridia,o__Clostridiales,f__Clostridiaceae,g__Clostridium,s__Clostridium_sp_Maddingley_MBC34_26
k__Bacteria,p__Firmicutes,c__Clostridia,o__Clostridiales,f__Clostridiaceae,g__Clostridium,s__Clostridium_sp_JC122
k__Bacteria,p__Firmicutes,c__Clostridia,o__Clostridiales,f__Clostridiaceae,g__Clostridium,s__Clostridium_tunisiense
k__Bacteria,p__Firmicutes,c__Clostridia,o__Clostridiales,f__Clostridiaceae,g__Clostridium,s__Clostridium_sp_BL8
k__Bacteria,p__Firmicutes,c__Clostridia,o__Clostridiales,f__Clostridiaceae,g__Clostridium,s__Clostridium_novyi
k__Bacteria,p__Firmicutes,c__Clostridia,o__Clostridiales,f__Clostridiaceae,g__Clostridium,s__Clostridium_acetobutylicum
k__Bacteria,p__Firmicutes,c__Clostridia,o__Clostridiales,f__Clostridiaceae,g__Clostridium,s__Clostridium_arbusti
k__Bacteria,p__Firmicutes,c__Clostridia,o__Clostridiales,f__Clostridiaceae,g__Clostridium,s__Clostridium_pasteurianum
k__Bacteria,p__Firmicutes,c__Clostridia,o__Clostridiales,f__Clostridiaceae,g__Clostridium,s__Clostridium_tetani
k__Bacteria,p__Firmicutes,c__Clostridia,o__Clostridiales,f__Clostridiaceae,g__Clostridium,s__Clostridium_sporogenes
k__Bacteria,p__Firmicutes,c__Clostridia,o__Clostridiales,f__Clostridiaceae,g__Clostridium,s__Clostridium_carboxidivorans
k__Bacteria,p__Firmicutes,c__Clostridia,o__Clostridiales,f__Clostridiaceae,g__Clostridium,s__Clostridium_tyrobutyricum
k__Bacteria,p__Firmicutes,c__Clostridia,o__Clostridiales,f__Clostridiaceae,g__Clostridium,s__Clostridium_kluyveri
k__Bacteria,p__Firmicutes,c__Clostridia,o__Clostridiales,f__Clostridiaceae,g__Clostridium,s__Clostridium_ljungdahlii
k__Bacteria,p__Firmicutes,c__Clostridia,o__Clostridiales,f__Clostridiaceae,g__Clostridium,s__Clostridium_autoethanogenum
k__Bacteria,p__Firmicutes,c__Clostridia,o__Clostridiales,f__Clostridiaceae,g__Alkaliphilus,s__Alkaliphilus_metalliredigens
k__Bacteria,p__Firmicutes,c__Clostridia,o__Clostridiales,f__Clostridiaceae,g__Alkaliphilus,s__Alkaliphilus_oremlandii
k__Bacteria,p__Firmicutes,c__Clostridia,o__Clostridiales,f__Peptostreptococcaceae,g__Peptostreptococcaceae_noname,s__Clostridium_difficile
k__Bacteria,p__Firmicutes,c__Clostridia,o__Clostridiales,f__Peptostreptococcaceae,g__Peptostreptococcaceae_noname,s__Clostridium_hiranonis
k__Bacteria,p__Firmicutes,c__Clostridia,o__Clostridiales,f__Peptostreptococcaceae,g__Peptostreptococcus,s__Peptostreptococcus_stomatis
k__Bacteria,p__Firmicutes,c__Clostridia,o__Clostridiales,f__Peptostreptococcaceae,g__Peptostreptococcus,s__Peptostreptococcus_anaerobius
k__Bacteria,p__Firmicutes,c__Clostridia,o__Clostridiales,f__Peptostreptococcaceae,g__Peptostreptococcaceae_noname,s__Clostridium_sordellii
k__Bacteria,p__Firmicutes,c__Clostridia,o__Clostridiales,f__Peptostreptococcaceae,g__Peptostreptococcaceae_noname,s__Clostridium_bifermentans
k__Bacteria,p__Firmicutes,c__Clostridia,o__Clostridiales,f__Peptostreptococcaceae,g__Peptostreptococcaceae_noname,s__Clostridium_bartlettii
k__Bacteria,p__Firmicutes,c__Clostridia,o__Clostridiales,f__Peptostreptococcaceae,g__Peptostreptococcaceae_noname,s__Clostridium_glycolicum
k__Bacteria,p__Firmicutes,c__Clostridia,o__Clostridiales,f__Peptostreptococcaceae,g__Peptostreptococcaceae_noname,s__Clostridium_sticklandii
k__Bacteria,p__Firmicutes,c__Clostridia,o__Clostridiales,f__Peptostreptococcaceae,g__Filifactor,s__Filifactor_alocis
k__Bacteria,p__Firmicutes,c__Clostridia,o__Clostridiales,f__Peptostreptococcaceae,g__Peptostreptococcaceae_noname,s__Eubacterium_yurii
k__Bacteria,p__Firmicutes,c__Clostridia,o__Clostridiales,f__Eubacteriaceae,g__Eubacterium,s__Eubacterium_sp_AS15
k__Bacteria,p__Firmicutes,c__Clostridia,o__Clostridiales,f__Eubacteriaceae,g__Eubacteriaceae_noname,s__Eubacteriaceae_bacterium_OBRC8
k__Bacteria,p__Firmicutes,c__Clostridia,o__Clostridiales,f__Eubacteriaceae,g__Eubacteriaceae_noname,s__Eubacteriaceae_bacterium_CM2
k__Bacteria,p__Firmicutes,c__Clostridia,o__Clostridiales,f__Eubacteriaceae,g__Eubacteriaceae_noname,s__Eubacteriaceae_bacterium_ACC19a
k__Bacteria,p__Firmicutes,c__Clostridia,o__Clostridiales,f__Eubacteriaceae,g__Eubacteriaceae_noname,s__Eubacteriaceae_bacterium_CM5
k__Bacteria,p__Firmicutes,c__Clostridia,o__Clostridiales,f__Clostridiales_Family_XI_Incertae_Sedis,g__Sedimentibacter,s__Sedimentibacter_sp_B4
k__Bacteria,p__Firmicutes,c__Clostridia,o__Clostridiales,f__Clostridiaceae,g__Clostridium,s__Clostridium_acidurici
k__Bacteria,p__Firmicutes,c__Clostridia,o__Clostridiales,f__Clostridiales_Family_XI_Incertae_Sedis,g__Finegoldia,s__Finegoldia_magna
k__Bacteria,p__Firmicutes,c__Clostridia,o__Clostridiales,f__Clostridiales_Family_XI_Incertae_Sedis,g__Parvimonas,s__Parvimonas_sp_oral_taxon_393
k__Bacteria,p__Firmicutes,c__Clostridia,o__Clostridiales,f__Clostridiales_Family_XI_Incertae_Sedis,g__Parvimonas,s__Parvimonas_micra
k__Bacteria,p__Firmicutes,c__Clostridia,o__Clostridiales,f__Clostridiales_Family_XI_Incertae_Sedis,g__Parvimonas,s__Parvimonas_sp_oral_taxon_110
k__Bacteria,p__Firmicutes,c__Clostridia,o__Clostridiales,f__Clostridiales_Family_XI_Incertae_Sedis,g__Helcococcus,s__Helcococcus_kunzii
k__Bacteria,p__Firmicutes,c__Clostridia,o__Clostridiales,f__Clostridiales_Family_XI_Incertae_Sedis,g__Anaerococcus,s__Anaerococcus_lactolyticus
k__Bacteria,p__Firmicutes,c__Clostridia,o__Clostridiales,f__Clostridiales_Family_XI_Incertae_Sedis,g__Anaerococcus,s__Anaerococcus_prevotii
k__Bacteria,p__Firmicutes,c__Clostridia,o__Clostridiales,f__Clostridiales_Family_XI_Incertae_Sedis,g__Anaerococcus,s__Anaerococcus_tetradius
k__Bacteria,p__Firmicutes,c__Clostridia,o__Clostridiales,f__Clostridiales_Family_XI_Incertae_Sedis,g__Anaerococcus,s__Anaerococcus_hydrogenalis
k__Bacteria,p__Firmicutes,c__Clostridia,o__Clostridiales,f__Clostridiales_Family_XI_Incertae_Sedis,g__Anaerococcus,s__Anaerococcus_sp_PH9
k__Bacteria,p__Firmicutes,c__Clostridia,o__Clostridiales,f__Clostridiales_Family_XI_Incertae_Sedis,g__Anaerococcus,s__Anaerococcus_vaginalis
k__Bacteria,p__Firmicutes,c__Clostridia,o__Clostridiales,f__Clostridiales_Family_XI_Incertae_Sedis,g__Anaerococcus,s__Anaerococcus_obesiensis
k__Bacteria,p__Firmicutes,c__Clostridia,o__Clostridiales,f__Clostridiales_Family_XI_Incertae_Sedis,g__Peptoniphilus,s__Peptoniphilus_sp_oral_taxon_375
k__Bacteria,p__Firmicutes,c__Clostridia,o__Clostridiales,f__Clostridiales_Family_XI_Incertae_Sedis,g__Peptoniphilus,s__Peptoniphilus_sp_oral_taxon_386
k__Bacteria,p__Firmicutes,c__Clostridia,o__Clostridiales,f__Clostridiales_Family_XI_Incertae_Sedis,g__Peptoniphilus,s__Peptoniphilus_indolicus
k__Bacteria,p__Firmicutes,c__Clostridia,o__Clostridiales,f__Clostridiales_Family_XI_Incertae_Sedis,g__Clostridiales_Family_XI_Incertae_Sedis_noname,s__Clostridiales_bacterium_BV3C26
k__Bacteria,p__Firmicutes,c__Clostridia,o__Clostridiales,f__Clostridiales_Family_XI_Incertae_Sedis,g__Peptoniphilus,s__Peptoniphilus_duerdenii
k__Bacteria,p__Firmicutes,c__Clostridia,o__Clostridiales,f__Clostridiales_Family_XI_Incertae_Sedis,g__Peptoniphilus,s__Peptoniphilus_sp_BV3AC2
k__Bacteria,p__Firmicutes,c__Clostridia,o__Clostridiales,f__Clostridiales_Family_XI_Incertae_Sedis,g__Peptoniphilus,s__Peptoniphilus_sp_oral_taxon_836
k__Bacteria,p__Firmicutes,c__Clostridia,o__Clostridiales,f__Clostridiales_Family_XI_Incertae_Sedis,g__Peptoniphilus,s__Peptoniphilus_lacrimalis
k__Bacteria,p__Firmicutes,c__Clostridia,o__Clostridiales,f__Clostridiales_Family_XI_Incertae_Sedis,g__Peptoniphilus,s__Peptoniphilus_rhinitidis
k__Bacteria,p__Firmicutes,c__Clostridia,o__Clostridiales,f__Clostridiales_Family_XI_Incertae_Sedis,g__Peptoniphilus,s__Peptoniphilus_harei
k__Bacteria,p__Firmicutes,c__Clostridia,o__Clostridiales,f__Clostridiales_Family_XI_Incertae_Sedis,g__Peptoniphilus,s__Peptoniphilus_timonensis
k__Bacteria,p__Firmicutes,c__Clostridia,o__Clostridiales,f__Clostridiales_Family_XI_Incertae_Sedis,g__Peptoniphilus,s__Peptoniphilus_sp_ph5
k__Bacteria,p__Firmicutes,c__Clostridia,o__Clostridiales,f__Clostridiales_Family_XI_Incertae_Sedis,g__Peptoniphilus,s__Peptoniphilus_sp_JC140
k__Bacteria,p__Firmicutes,c__Clostridia,o__Clostridiales,f__Eubacteriaceae,g__Anaerofustis,s__Anaerofustis_stercorihominis
k__Bacteria,p__Firmicutes,c__Clostridia,o__Clostridiales,f__Eubacteriaceae,g__Acetobacterium,s__Acetobacterium_woodii
k__Bacteria,p__Firmicutes,c__Clostridia,o__Clostridiales,f__Eubacteriaceae,g__Eubacterium,s__Eubacterium_limosum
k__Bacteria,p__Firmicutes,c__Clostridia,o__Clostridiales,f__Eubacteriaceae,g__Pseudoramibacter,s__Pseudoramibacter_alactolyticus
k__Bacteria,p__Firmicutes,c__Clostridia,o__Clostridiales,f__Clostridiales_Family_XIII_Incertae_Sedis,g__Clostridiales_Family_XIII_Incertae_Sedis_noname,s__Eubacterium_infirmum
k__Bacteria,p__Firmicutes,c__Clostridia,o__Clostridiales,f__Clostridiales_Family_XIII_Incertae_Sedis,g__Mogibacterium,s__Mogibacterium_sp_CM50
k__Bacteria,p__Firmicutes,c__Clostridia,o__Clostridiales,f__Eubacteriaceae,g__Eubacterium,s__Eubacterium_saphenum
k__Bacteria,p__Firmicutes,c__Clostridia,o__Clostridiales,f__Eubacteriaceae,g__Eubacterium,s__Eubacterium_brachy
k__Bacteria,p__Fusobacteria,c__Fusobacteriia,o__Fusobacteriales,f__Leptotrichiaceae,g__Sebaldella,s__Sebaldella_termitidis
k__Bacteria,p__Fusobacteria,c__Fusobacteriia,o__Fusobacteriales,f__Leptotrichiaceae,g__Streptobacillus,s__Streptobacillus_moniliformis
k__Bacteria,p__Fusobacteria,c__Fusobacteriia,o__Fusobacteriales,f__Leptotrichiaceae,g__Leptotrichia,s__Leptotrichia_goodfellowii
k__Bacteria,p__Fusobacteria,c__Fusobacteriia,o__Fusobacteriales,f__Leptotrichiaceae,g__Leptotrichia,s__Leptotrichia_sp_oral_taxon_215
k__Bacteria,p__Fusobacteria,c__Fusobacteriia,o__Fusobacteriales,f__Leptotrichiaceae,g__Leptotrichia,s__Leptotrichia_shahii
k__Bacteria,p__Fusobacteria,c__Fusobacteriia,o__Fusobacteriales,f__Leptotrichiaceae,g__Leptotrichia,s__Leptotrichia_wadei
k__Bacteria,p__Fusobacteria,c__Fusobacteriia,o__Fusobacteriales,f__Leptotrichiaceae,g__Leptotrichia,s__Leptotrichia_buccalis
k__Bacteria,p__Fusobacteria,c__Fusobacteriia,o__Fusobacteriales,f__Leptotrichiaceae,g__Leptotrichia,s__Leptotrichia_sp_oral_taxon_225
k__Bacteria,p__Fusobacteria,c__Fusobacteriia,o__Fusobacteriales,f__Leptotrichiaceae,g__Leptotrichia,s__Leptotrichia_hofstadii
k__Bacteria,p__Fusobacteria,c__Fusobacteriia,o__Fusobacteriales,f__Leptotrichiaceae,g__Leptotrichia,s__Leptotrichia_sp_oral_taxon_879
k__Bacteria,p__Fusobacteria,c__Fusobacteriia,o__Fusobacteriales,f__Fusobacteriaceae,g__Ilyobacter,s__Ilyobacter_polytropus
k__Bacteria,p__Fusobacteria,c__Fusobacteriia,o__Fusobacteriales,f__Fusobacteriaceae,g__Cetobacterium,s__Cetobacterium_somerae
k__Bacteria,p__Fusobacteria,c__Fusobacteriia,o__Fusobacteriales,f__Fusobacteriaceae,g__Fusobacterium,s__Fusobacterium_mortiferum
k__Bacteria,p__Fusobacteria,c__Fusobacteriia,o__Fusobacteriales,f__Fusobacteriaceae,g__Fusobacterium,s__Fusobacterium_varium
k__Bacteria,p__Fusobacteria,c__Fusobacteriia,o__Fusobacteriales,f__Fusobacteriaceae,g__Fusobacterium,s__Fusobacterium_ulcerans
k__Bacteria,p__Fusobacteria,c__Fusobacteriia,o__Fusobacteriales,f__Fusobacteriaceae,g__Fusobacterium,s__Fusobacterium_gonidiaformans
k__Bacteria,p__Fusobacteria,c__Fusobacteriia,o__Fusobacteriales,f__Fusobacteriaceae,g__Fusobacterium,s__Fusobacterium_necrophorum
k__Bacteria,p__Fusobacteria,c__Fusobacteriia,o__Fusobacteriales,f__Fusobacteriaceae,g__Fusobacterium,s__Fusobacterium_russii
k__Bacteria,p__Fusobacteria,c__Fusobacteriia,o__Fusobacteriales,f__Fusobacteriaceae,g__Fusobacterium,s__Fusobacterium_nucleatum
k__Bacteria,p__Fusobacteria,c__Fusobacteriia,o__Fusobacteriales,f__Fusobacteriaceae,g__Fusobacterium,s__Fusobacterium_periodonticum
k__Bacteria,p__Fusobacteria,c__Fusobacteriia,o__Fusobacteriales,f__Fusobacteriaceae,g__Fusobacterium,s__Fusobacterium_sp_oral_taxon_370
k__Bacteria,p__Firmicutes,c__Erysipelotrichia,o__Erysipelotrichales,f__Erysipelotrichaceae,g__Coprobacillus,s__Coprobacillus_sp_29_1
k__Bacteria,p__Firmicutes,c__Erysipelotrichia,o__Erysipelotrichales,f__Erysipelotrichaceae,g__Coprobacillus,s__Coprobacillus_sp_D6
k__Bacteria,p__Firmicutes,c__Erysipelotrichia,o__Erysipelotrichales,f__Erysipelotrichaceae,g__Catenibacterium,s__Catenibacterium_mitsuokai
k__Bacteria,p__Firmicutes,c__Erysipelotrichia,o__Erysipelotrichales,f__Erysipelotrichaceae,g__Eggerthia,s__Eggerthia_catenaformis
k__Bacteria,p__Firmicutes,c__Erysipelotrichia,o__Erysipelotrichales,f__Erysipelotrichaceae,g__Erysipelotrichaceae_noname,s__Clostridium_spiroforme
k__Bacteria,p__Firmicutes,c__Erysipelotrichia,o__Erysipelotrichales,f__Erysipelotrichaceae,g__Erysipelotrichaceae_noname,s__Clostridium_ramosum
k__Bacteria,p__Firmicutes,c__Erysipelotrichia,o__Erysipelotrichales,f__Erysipelotrichaceae,g__Coprobacillus,s__Coprobacillus_sp_D7
k__Bacteria,p__Firmicutes,c__Erysipelotrichia,o__Erysipelotrichales,f__Erysipelotrichaceae,g__Coprobacillus,s__Coprobacillus_sp_3_3_56FAA
k__Bacteria,p__Firmicutes,c__Erysipelotrichia,o__Erysipelotrichales,f__Erysipelotrichaceae,g__Coprobacillus,s__Coprobacillus_sp_8_2_54BFAA
k__Bacteria,p__Firmicutes,c__Erysipelotrichia,o__Erysipelotrichales,f__Erysipelotrichaceae,g__Erysipelothrix,s__Erysipelothrix_rhusiopathiae
k__Bacteria,p__Firmicutes,c__Erysipelotrichia,o__Erysipelotrichales,f__Erysipelotrichaceae,g__Erysipelothrix,s__Erysipelothrix_tonsillarum
k__Bacteria,p__Firmicutes,c__Erysipelotrichia,o__Erysipelotrichales,f__Erysipelotrichaceae,g__Holdemania,s__Holdemania_filiformis
k__Bacteria,p__Firmicutes,c__Erysipelotrichia,o__Erysipelotrichales,f__Erysipelotrichaceae,g__Holdemania,s__Holdemania_sp_AP2
k__Bacteria,p__Firmicutes,c__Erysipelotrichia,o__Erysipelotrichales,f__Erysipelotrichaceae,g__Bulleidia,s__Bulleidia_extructa
k__Bacteria,p__Firmicutes,c__Erysipelotrichia,o__Erysipelotrichales,f__Erysipelotrichaceae,g__Solobacterium,s__Solobacterium_moorei
k__Bacteria,p__Firmicutes,c__Erysipelotrichia,o__Erysipelotrichales,f__Erysipelotrichaceae,g__Erysipelotrichaceae_noname,s__Eubacterium_biforme
k__Bacteria,p__Firmicutes,c__Erysipelotrichia,o__Erysipelotrichales,f__Erysipelotrichaceae,g__Erysipelotrichaceae_noname,s__Eubacterium_cylindroides
k__Bacteria,p__Firmicutes,c__Erysipelotrichia,o__Erysipelotrichales,f__Erysipelotrichaceae,g__Allobaculum,s__Allobaculum_stercoricanis
k__Bacteria,p__Firmicutes,c__Firmicutes_noname,o__Firmicutes_noname,f__Firmicutes_noname,g__Firmicutes_noname,s__Firmicutes_bacterium_M10_2
k__Bacteria,p__Firmicutes,c__Clostridia,o__Clostridiales,f__Clostridiaceae,g__Clostridiaceae_noname,s__Clostridiaceae_bacterium_JC118
k__Bacteria,p__Firmicutes,c__Erysipelotrichia,o__Erysipelotrichales,f__Erysipelotrichaceae,g__Erysipelotrichaceae_noname,s__Eubacterium_dolichum
k__Bacteria,p__Firmicutes,c__Erysipelotrichia,o__Erysipelotrichales,f__Erysipelotrichaceae,g__Erysipelotrichaceae_noname,s__Erysipelotrichaceae_bacterium_5_2_54FAA
k__Bacteria,p__Firmicutes,c__Clostridia,o__Clostridiales,f__Eubacteriaceae,g__Eubacterium,s__Eubacterium_sp_3_1_31
k__Bacteria,p__Firmicutes,c__Erysipelotrichia,o__Erysipelotrichales,f__Erysipelotrichaceae,g__Erysipelotrichaceae_noname,s__Erysipelotrichaceae_bacterium_3_1_53
k__Bacteria,p__Firmicutes,c__Erysipelotrichia,o__Erysipelotrichales,f__Erysipelotrichaceae,g__Erysipelotrichaceae_noname,s__Erysipelotrichaceae_bacterium_2_2_44A
k__Bacteria,p__Firmicutes,c__Erysipelotrichia,o__Erysipelotrichales,f__Erysipelotrichaceae,g__Erysipelotrichaceae_noname,s__Clostridium_innocuum
k__Bacteria,p__Firmicutes,c__Erysipelotrichia,o__Erysipelotrichales,f__Erysipelotrichaceae,g__Erysipelotrichaceae_noname,s__Erysipelotrichaceae_bacterium_6_1_45
k__Bacteria,p__Firmicutes,c__Clostridia,o__Clostridiales,f__Clostridiaceae,g__Clostridium,s__Clostridium_sp_HGF2
k__Bacteria,p__Firmicutes,c__Erysipelotrichia,o__Erysipelotrichales,f__Erysipelotrichaceae,g__Erysipelotrichaceae_noname,s__Erysipelotrichaceae_bacterium_21_3
k__Bacteria,p__Tenericutes,c__Mollicutes,o__Acholeplasmatales,f__Acholeplasmataceae,g__Acholeplasma,s__Acholeplasma_laidlawii
k__Bacteria,p__Tenericutes,c__Mollicutes,o__Acholeplasmatales,f__Acholeplasmataceae,g__Candidatus_Phytoplasma,s__Peanut_witches_broom_phytoplasma
k__Bacteria,p__Tenericutes,c__Mollicutes,o__Acholeplasmatales,f__Acholeplasmataceae,g__Candidatus_Phytoplasma,s__Candidatus_Phytoplasma_mali
k__Bacteria,p__Tenericutes,c__Mollicutes,o__Acholeplasmatales,f__Acholeplasmataceae,g__Candidatus_Phytoplasma,s__Candidatus_Phytoplasma_australiense
k__Bacteria,p__Tenericutes,c__Mollicutes,o__Acholeplasmatales,f__Acholeplasmataceae,g__Candidatus_Phytoplasma,s__Onion_yellows_phytoplasma
k__Bacteria,p__Tenericutes,c__Mollicutes,o__Acholeplasmatales,f__Acholeplasmataceae,g__Candidatus_Phytoplasma,s__Aster_yellows_witches_broom_phytoplasma
k__Bacteria,p__Tenericutes,c__Mollicutes,o__Entomoplasmatales,f__Spiroplasmataceae,g__Spiroplasma,s__Spiroplasma_melliferum
k__Bacteria,p__Tenericutes,c__Mollicutes,o__Entomoplasmatales,f__Spiroplasmataceae,g__Spiroplasma,s__Spiroplasma_chrysopicola
k__Bacteria,p__Tenericutes,c__Mollicutes,o__Entomoplasmatales,f__Spiroplasmataceae,g__Spiroplasma,s__Spiroplasma_syrphidicola
k__Bacteria,p__Tenericutes,c__Mollicutes,o__Entomoplasmatales,f__Spiroplasmataceae,g__Spiroplasma,s__Spiroplasma_taiwanense
k__Bacteria,p__Tenericutes,c__Mollicutes,o__Entomoplasmatales,f__Spiroplasmataceae,g__Spiroplasma,s__Spiroplasma_diminutum
k__Bacteria,p__Tenericutes,c__Mollicutes,o__Entomoplasmatales,f__Entomoplasmataceae,g__Mesoplasma,s__Mesoplasma_florum
k__Bacteria,p__Tenericutes,c__Mollicutes,o__Mycoplasmatales,f__Mycoplasmataceae,g__Mycoplasma,s__Mycoplasma_putrefaciens
k__Bacteria,p__Tenericutes,c__Mollicutes,o__Mycoplasmatales,f__Mycoplasmataceae,g__Mycoplasma,s__Mycoplasma_yeatsii
k__Bacteria,p__Tenericutes,c__Mollicutes,o__Mycoplasmatales,f__Mycoplasmataceae,g__Mycoplasma,s__Mycoplasma_sp_G5847
k__Bacteria,p__Tenericutes,c__Mollicutes,o__Mycoplasmatales,f__Mycoplasmataceae,g__Mycoplasma,s__Mycoplasma_mycoides
k__Bacteria,p__Tenericutes,c__Mollicutes,o__Mycoplasmatales,f__Mycoplasmataceae,g__Mycoplasma,s__Mycoplasma_capricolum
k__Bacteria,p__Tenericutes,c__Mollicutes,o__Mycoplasmatales,f__Mycoplasmataceae,g__Mycoplasma,s__Mycoplasma_leachii
k__Bacteria,p__Tenericutes,c__Mollicutes,o__Mycoplasmatales,f__Mycoplasmataceae,g__Ureaplasma,s__Ureaplasma_parvum
k__Bacteria,p__Tenericutes,c__Mollicutes,o__Mycoplasmatales,f__Mycoplasmataceae,g__Ureaplasma,s__Ureaplasma_urealyticum
k__Bacteria,p__Tenericutes,c__Mollicutes,o__Mycoplasmatales,f__Mycoplasmataceae,g__Mycoplasma,s__Mycoplasma_penetrans
k__Bacteria,p__Tenericutes,c__Mollicutes,o__Mycoplasmatales,f__Mycoplasmataceae,g__Mycoplasma,s__Mycoplasma_iowae
k__Bacteria,p__Tenericutes,c__Mollicutes,o__Mycoplasmatales,f__Mycoplasmataceae,g__Mycoplasma,s__Mycoplasma_gallisepticum
k__Bacteria,p__Tenericutes,c__Mollicutes,o__Mycoplasmatales,f__Mycoplasmataceae,g__Mycoplasma,s__Mycoplasma_genitalium
k__Bacteria,p__Tenericutes,c__Mollicutes,o__Mycoplasmatales,f__Mycoplasmataceae,g__Mycoplasma,s__Mycoplasma_pneumoniae
k__Bacteria,p__Tenericutes,c__Mollicutes,o__Mycoplasmatales,f__Mycoplasmataceae,g__Mycoplasma,s__Mycoplasma_haemofelis
k__Bacteria,p__Tenericutes,c__Mollicutes,o__Mycoplasmatales,f__Mycoplasmataceae,g__Mycoplasma,s__Mycoplasma_haemocanis
k__Bacteria,p__Tenericutes,c__Mollicutes,o__Mycoplasmatales,f__Mycoplasmataceae,g__Mycoplasma,s__Mycoplasma_wenyonii
k__Bacteria,p__Tenericutes,c__Mollicutes,o__Mycoplasmatales,f__Mycoplasmataceae,g__Mycoplasma,s__Candidatus_Mycoplasma_haemolamae
k__Bacteria,p__Tenericutes,c__Mollicutes,o__Mycoplasmatales,f__Mycoplasmataceae,g__Mycoplasma,s__Mycoplasma_suis
k__Bacteria,p__Tenericutes,c__Mollicutes,o__Mycoplasmatales,f__Mycoplasmataceae,g__Mycoplasma,s__Mycoplasma_parvum
k__Bacteria,p__Tenericutes,c__Mollicutes,o__Mycoplasmatales,f__Mycoplasmataceae,g__Mycoplasma,s__Mycoplasma_mobile
k__Bacteria,p__Tenericutes,c__Mollicutes,o__Mycoplasmatales,f__Mycoplasmataceae,g__Mycoplasma,s__Mycoplasma_orale
k__Bacteria,p__Tenericutes,c__Mollicutes,o__Mycoplasmatales,f__Mycoplasmataceae,g__Mycoplasma,s__Mycoplasma_arthritidis
k__Bacteria,p__Tenericutes,c__Mollicutes,o__Mycoplasmatales,f__Mycoplasmataceae,g__Mycoplasma,s__Mycoplasma_hominis
k__Bacteria,p__Tenericutes,c__Mollicutes,o__Mycoplasmatales,f__Mycoplasmataceae,g__Mycoplasma,s__Mycoplasma_arginini
k__Bacteria,p__Tenericutes,c__Mollicutes,o__Mycoplasmatales,f__Mycoplasmataceae,g__Mycoplasma,s__Mycoplasma_alkalescens
k__Bacteria,p__Tenericutes,c__Mollicutes,o__Mycoplasmatales,f__Mycoplasmataceae,g__Mycoplasma,s__Mycoplasma_auris
k__Bacteria,p__Tenericutes,c__Mollicutes,o__Mycoplasmatales,f__Mycoplasmataceae,g__Mycoplasma,s__Mycoplasma_hyorhinis
k__Bacteria,p__Tenericutes,c__Mollicutes,o__Mycoplasmatales,f__Mycoplasmataceae,g__Mycoplasma,s__Mycoplasma_moatsii
k__Bacteria,p__Tenericutes,c__Mollicutes,o__Mycoplasmatales,f__Mycoplasmataceae,g__Mycoplasma,s__Mycoplasma_conjunctivae
k__Bacteria,p__Tenericutes,c__Mollicutes,o__Mycoplasmatales,f__Mycoplasmataceae,g__Mycoplasma,s__Mycoplasma_ovipneumoniae
k__Bacteria,p__Tenericutes,c__Mollicutes,o__Mycoplasmatales,f__Mycoplasmataceae,g__Mycoplasma,s__Mycoplasma_hyopneumoniae
k__Bacteria,p__Tenericutes,c__Mollicutes,o__Mycoplasmatales,f__Mycoplasmataceae,g__Mycoplasma,s__Mycoplasma_flocculare
k__Bacteria,p__Tenericutes,c__Mollicutes,o__Mycoplasmatales,f__Mycoplasmataceae,g__Mycoplasma,s__Mycoplasma_pulmonis
k__Bacteria,p__Tenericutes,c__Mollicutes,o__Mycoplasmatales,f__Mycoplasmataceae,g__Mycoplasma,s__Mycoplasma_fermentans
k__Bacteria,p__Tenericutes,c__Mollicutes,o__Mycoplasmatales,f__Mycoplasmataceae,g__Mycoplasma,s__Mycoplasma_columbinum
k__Bacteria,p__Tenericutes,c__Mollicutes,o__Mycoplasmatales,f__Mycoplasmataceae,g__Mycoplasma,s__Mycoplasma_bovigenitalium
k__Bacteria,p__Tenericutes,c__Mollicutes,o__Mycoplasmatales,f__Mycoplasmataceae,g__Mycoplasma,s__Mycoplasma_bovis
k__Bacteria,p__Tenericutes,c__Mollicutes,o__Mycoplasmatales,f__Mycoplasmataceae,g__Mycoplasma,s__Mycoplasma_agalactiae
k__Bacteria,p__Tenericutes,c__Mollicutes,o__Mycoplasmatales,f__Mycoplasmataceae,g__Mycoplasma,s__Mycoplasma_anatis
k__Bacteria,p__Tenericutes,c__Mollicutes,o__Mycoplasmatales,f__Mycoplasmataceae,g__Mycoplasma,s__Mycoplasma_crocodyli
k__Bacteria,p__Tenericutes,c__Mollicutes,o__Mycoplasmatales,f__Mycoplasmataceae,g__Mycoplasma,s__Mycoplasma_alligatoris
k__Bacteria,p__Tenericutes,c__Mollicutes,o__Mycoplasmatales,f__Mycoplasmataceae,g__Mycoplasma,s__Mycoplasma_synoviae
k__Bacteria,p__Tenericutes,c__Mollicutes,o__Mycoplasmatales,f__Mycoplasmataceae,g__Mycoplasma,s__Mycoplasma_canis
k__Bacteria,p__Tenericutes,c__Mollicutes,o__Mycoplasmatales,f__Mycoplasmataceae,g__Mycoplasma,s__Mycoplasma_cynos
k__Bacteria,p__Firmicutes,c__Clostridia,o__Clostridiales,f__Clostridiales_Family_XVIII_Incertae_Sedis,g__Symbiobacterium,s__Symbiobacterium_thermophilum
k__Bacteria,p__Firmicutes,c__Clostridia,o__Clostridiales,f__Clostridiales_Family_XVII_Incertae_Sedis,g__Sulfobacillus,s__Sulfobacillus_acidophilus
k__Bacteria,p__Firmicutes,c__Clostridia,o__Clostridiales,f__Clostridiales_Family_XVII_Incertae_Sedis,g__Sulfobacillus,s__Sulfobacillus_thermosulfidooxidans
k__Bacteria,p__Firmicutes,c__Clostridia,o__Clostridiales,f__Clostridiales_Family_XVII_Incertae_Sedis,g__Thermaerobacter,s__Thermaerobacter_subterraneus
k__Bacteria,p__Firmicutes,c__Clostridia,o__Clostridiales,f__Clostridiales_Family_XVII_Incertae_Sedis,g__Thermaerobacter,s__Thermaerobacter_marianensis
k__Bacteria,p__Firmicutes,c__Clostridia,o__Natranaerobiales,f__Natranaerobiaceae,g__Natranaerobius,s__Natranaerobius_thermophilus
k__Bacteria,p__Firmicutes,c__Clostridia,o__Clostridiales,f__Syntrophomonadaceae,g__Dethiobacter,s__Dethiobacter_alkaliphilus
k__Bacteria,p__Firmicutes,c__Clostridia,o__Clostridiales,f__Clostridiaceae,g__Clostridium,s__Clostridium_ultunense
k__Bacteria,p__Firmicutes,c__Bacilli,o__Bacillales,f__Alicyclobacillaceae,g__Kyrpidia,s__Kyrpidia_tusciae
k__Bacteria,p__Firmicutes,c__Bacilli,o__Bacillales,f__Alicyclobacillaceae,g__Alicyclobacillus,s__Alicyclobacillus_pohliae
k__Bacteria,p__Firmicutes,c__Bacilli,o__Bacillales,f__Alicyclobacillaceae,g__Alicyclobacillus,s__Alicyclobacillus_acidoterrestris
k__Bacteria,p__Firmicutes,c__Bacilli,o__Bacillales,f__Alicyclobacillaceae,g__Alicyclobacillus,s__Alicyclobacillus_acidocaldarius
k__Bacteria,p__Firmicutes,c__Bacilli,o__Bacillales,f__Alicyclobacillaceae,g__Alicyclobacillus,s__Alicyclobacillus_hesperidum
k__Bacteria,p__Firmicutes,c__Bacilli,o__Bacillales,f__Thermoactinomycetaceae,g__Desmospora,s__Desmospora_sp_8437
k__Bacteria,p__Firmicutes,c__Bacilli,o__Bacillales,f__Thermoactinomycetaceae,g__Laceyella,s__Laceyella_sacchari
k__Bacteria,p__Firmicutes,c__Bacilli,o__Bacillales,f__Paenibacillaceae,g__Aneurinibacillus,s__Aneurinibacillus_aneurinilyticus
k__Bacteria,p__Firmicutes,c__Bacilli,o__Bacillales,f__Paenibacillaceae,g__Brevibacillus,s__Brevibacillus_laterosporus
k__Bacteria,p__Firmicutes,c__Bacilli,o__Bacillales,f__Paenibacillaceae,g__Brevibacillus,s__Brevibacillus_sp_phR
k__Bacteria,p__Firmicutes,c__Bacilli,o__Bacillales,f__Paenibacillaceae,g__Brevibacillus,s__Brevibacillus_borstelensis
k__Bacteria,p__Firmicutes,c__Bacilli,o__Bacillales,f__Paenibacillaceae,g__Brevibacillus,s__Brevibacillus_panacihumi
k__Bacteria,p__Firmicutes,c__Bacilli,o__Bacillales,f__Paenibacillaceae,g__Brevibacillus,s__Brevibacillus_sp_CF112
k__Bacteria,p__Firmicutes,c__Bacilli,o__Bacillales,f__Paenibacillaceae,g__Brevibacillus,s__Brevibacillus_agri
k__Bacteria,p__Firmicutes,c__Bacilli,o__Bacillales,f__Paenibacillaceae,g__Brevibacillus,s__Brevibacillus_sp_BC25
k__Bacteria,p__Firmicutes,c__Bacilli,o__Bacillales,f__Paenibacillaceae,g__Brevibacillus,s__Brevibacillus_brevis
k__Bacteria,p__Firmicutes,c__Bacilli,o__Bacillales,f__Paenibacillaceae,g__Paenibacillus,s__Paenibacillus_ginsengihumi
k__Bacteria,p__Firmicutes,c__Bacilli,o__Bacillales,f__Paenibacillaceae,g__Paenibacillus,s__Paenibacillus_elgii
k__Bacteria,p__Firmicutes,c__Bacilli,o__Bacillales,f__Paenibacillaceae,g__Paenibacillus,s__Paenibacillus_mucilaginosus
k__Bacteria,p__Firmicutes,c__Bacilli,o__Bacillales,f__Paenibacillaceae,g__Paenibacillus,s__Paenibacillus_sp_JC66
k__Bacteria,p__Firmicutes,c__Bacilli,o__Bacillales,f__Paenibacillaceae,g__Paenibacillus,s__Paenibacillus_sp_HGF7
k__Bacteria,p__Firmicutes,c__Bacilli,o__Bacillales,f__Paenibacillaceae,g__Paenibacillus,s__Paenibacillus_sp_HGH0039
k__Bacteria,p__Firmicutes,c__Bacilli,o__Bacillales,f__Paenibacillaceae,g__Thermobacillus,s__Thermobacillus_composti
k__Bacteria,p__Firmicutes,c__Bacilli,o__Bacillales,f__Paenibacillaceae,g__Cohnella,s__Cohnella_laeviribosi
k__Bacteria,p__Firmicutes,c__Bacilli,o__Bacillales,f__Paenibacillaceae,g__Paenibacillus,s__Paenibacillus_daejeonensis
k__Bacteria,p__Firmicutes,c__Bacilli,o__Bacillales,f__Paenibacillaceae,g__Paenibacillus,s__Paenibacillus_sp_JDR_2
k__Bacteria,p__Firmicutes,c__Bacilli,o__Bacillales,f__Paenibacillaceae,g__Paenibacillus,s__Paenibacillus_curdlanolyticus
k__Bacteria,p__Firmicutes,c__Bacilli,o__Bacillales,f__Paenibacillaceae,g__Paenibacillus,s__Paenibacillus_dendritiformis
k__Bacteria,p__Firmicutes,c__Bacilli,o__Bacillales,f__Paenibacillaceae,g__Paenibacillus,s__Paenibacillus_popilliae
k__Bacteria,p__Firmicutes,c__Bacilli,o__Bacillales,f__Paenibacillaceae,g__Paenibacillus,s__Paenibacillus_sp_OSY_SE
k__Bacteria,p__Firmicutes,c__Bacilli,o__Bacillales,f__Paenibacillaceae,g__Paenibacillus,s__Paenibacillus_alvei
k__Bacteria,p__Firmicutes,c__Bacilli,o__Bacillales,f__Paenibacillaceae,g__Paenibacillus,s__Paenibacillus_terrigena
k__Bacteria,p__Firmicutes,c__Bacilli,o__Bacillales,f__Paenibacillaceae,g__Paenibacillus,s__Paenibacillus_fonticola
k__Bacteria,p__Firmicutes,c__Bacilli,o__Bacillales,f__Paenibacillaceae,g__Paenibacillus,s__Paenibacillus_sanguinis
k__Bacteria,p__Firmicutes,c__Bacilli,o__Bacillales,f__Paenibacillaceae,g__Paenibacillus,s__Paenibacillus_sp_oral_taxon_786
k__Bacteria,p__Firmicutes,c__Bacilli,o__Bacillales,f__Paenibacillaceae,g__Paenibacillus,s__Paenibacillus_barengoltzii
k__Bacteria,p__Firmicutes,c__Bacilli,o__Bacillales,f__Paenibacillaceae,g__Paenibacillus,s__Paenibacillus_riograndensis
k__Bacteria,p__Firmicutes,c__Bacilli,o__Bacillales,f__Paenibacillaceae,g__Paenibacillus,s__Paenibacillus_sp_HW567
k__Bacteria,p__Firmicutes,c__Bacilli,o__Bacillales,f__Paenibacillaceae,g__Paenibacillus,s__Paenibacillus_sp_JCM_10914
k__Bacteria,p__Firmicutes,c__Bacilli,o__Bacillales,f__Paenibacillaceae,g__Paenibacillus,s__Paenibacillus_lactis
k__Bacteria,p__Firmicutes,c__Bacilli,o__Bacillales,f__Paenibacillaceae,g__Paenibacillus,s__Paenibacillus_vortex
k__Bacteria,p__Firmicutes,c__Bacilli,o__Bacillales,f__Paenibacillaceae,g__Paenibacillus,s__Paenibacillus_sp_Y412MC10
k__Bacteria,p__Firmicutes,c__Bacilli,o__Bacillales,f__Paenibacillaceae,g__Paenibacillus,s__Paenibacillus_sp_HGF5
k__Bacteria,p__Firmicutes,c__Bacilli,o__Bacillales,f__Paenibacillaceae,g__Paenibacillus,s__Paenibacillus_sp_A9
k__Bacteria,p__Firmicutes,c__Bacilli,o__Bacillales,f__Paenibacillaceae,g__Saccharibacillus,s__Saccharibacillus_kuerlensis
k__Bacteria,p__Firmicutes,c__Bacilli,o__Bacillales,f__Paenibacillaceae,g__Paenibacillus,s__Paenibacillus_sp_PAMC_26794
k__Bacteria,p__Firmicutes,c__Bacilli,o__Bacillales,f__Paenibacillaceae,g__Paenibacillus,s__Paenibacillus_massiliensis
k__Bacteria,p__Firmicutes,c__Bacilli,o__Bacillales,f__Paenibacillaceae,g__Paenibacillus,s__Paenibacillus_polymyxa
k__Bacteria,p__Firmicutes,c__Bacilli,o__Bacillales,f__Paenibacillaceae,g__Paenibacillus,s__Paenibacillus_sp_ICGEB2008
k__Bacteria,p__Firmicutes,c__Bacilli,o__Bacillales,f__Paenibacillaceae,g__Paenibacillus,s__Paenibacillus_terrae
k__Bacteria,p__Firmicutes,c__Bacilli,o__Bacillales,f__Paenibacillaceae,g__Paenibacillus,s__Paenibacillus_peoriae
k__Bacteria,p__Firmicutes,c__Bacilli,o__Bacillales,f__Paenibacillaceae,g__Paenibacillus,s__Paenibacillus_sp_Aloe_11
k__Bacteria,p__Firmicutes,c__Bacilli,o__Bacillales,f__Bacillaceae,g__Caldalkalibacillus,s__Caldalkalibacillus_thermarum
k__Bacteria,p__Firmicutes,c__Bacilli,o__Bacillales,f__Bacillaceae,g__Bacillus,s__Bacillus_macauensis
k__Bacteria,p__Firmicutes,c__Bacilli,o__Bacillales,f__Bacillaceae,g__Bacillus,s__Bacillus_selenitireducens
k__Bacteria,p__Firmicutes,c__Bacilli,o__Bacillales,f__Bacillaceae,g__Bacillus,s__Bacillus_cellulosilyticus
k__Bacteria,p__Firmicutes,c__Bacilli,o__Bacillales,f__Bacillaceae,g__Salsuginibacillus,s__Salsuginibacillus_kocurii
k__Bacteria,p__Firmicutes,c__Bacilli,o__Bacillales,f__Bacillaceae,g__Marinococcus,s__Marinococcus_halotolerans
k__Bacteria,p__Firmicutes,c__Bacilli,o__Bacillales,f__Bacillaceae,g__Bacillus,s__Bacillus_clausii
k__Bacteria,p__Firmicutes,c__Bacilli,o__Bacillales,f__Bacillaceae,g__Bacillus,s__Bacillus_halodurans
k__Bacteria,p__Firmicutes,c__Bacilli,o__Bacillales,f__Bacillaceae,g__Bacillus,s__Bacillus_sp_L1_2012
k__Bacteria,p__Firmicutes,c__Bacilli,o__Bacillales,f__Bacillaceae,g__Bacillus,s__Bacillus_alcalophilus
k__Bacteria,p__Firmicutes,c__Bacilli,o__Bacillales,f__Bacillaceae,g__Bacillus,s__Bacillus_pseudofirmus
k__Bacteria,p__Firmicutes,c__Bacilli,o__Bacillales,f__Bacillaceae,g__Bacillus,s__Bacillus_marmarensis
k__Bacteria,p__Firmicutes,c__Bacilli,o__Bacillales,f__Bacillaceae,g__Bacillus,s__Bacillus_azotoformans
k__Bacteria,p__Firmicutes,c__Bacilli,o__Bacillales,f__Bacillaceae,g__Bacillus,s__Bacillus_sp_ZYK
k__Bacteria,p__Firmicutes,c__Bacilli,o__Bacillales,f__Bacillaceae,g__Bacillus,s__Bacillus_sp_123MFChir2
k__Bacteria,p__Firmicutes,c__Bacilli,o__Bacillales,f__Bacillaceae,g__Bacillus,s__Bacillus_cytotoxicus
k__Bacteria,p__Firmicutes,c__Bacilli,o__Bacillales,f__Bacillaceae,g__Bacillus,s__Bacillus_sp_FJAT_13831
k__Bacteria,p__Firmicutes,c__Bacilli,o__Bacillales,f__Bacillaceae,g__Bacillus,s__Bacillus_pseudomycoides
k__Bacteria,p__Firmicutes,c__Bacilli,o__Bacillales,f__Bacillaceae,g__Bacillus,s__Bacillus_sp_95MFCvi2_1
k__Bacteria,p__Firmicutes,c__Bacilli,o__Bacillales,f__Bacillaceae,g__Bacillus,s__Bacillus_mycoides
k__Bacteria,p__Firmicutes,c__Bacilli,o__Bacillales,f__Bacillaceae,g__Bacillus,s__Bacillus_sp_105MF
k__Bacteria,p__Firmicutes,c__Bacilli,o__Bacillales,f__Bacillaceae,g__Bacillus,s__Bacillus_weihenstephanensis
k__Bacteria,p__Firmicutes,c__Bacilli,o__Bacillales,f__Bacillaceae,g__Bacillus,s__Bacillus_toyonensis
k__Bacteria,p__Firmicutes,c__Bacilli,o__Bacillales,f__Bacillaceae,g__Bacillus,s__Bacillus_anthracis
k__Bacteria,p__Firmicutes,c__Bacilli,o__Bacillales,f__Bacillaceae,g__Bacillus,s__Bacillus_sp_WBUNB001
k__Bacteria,p__Firmicutes,c__Bacilli,o__Bacillales,f__Bacillaceae,g__Bacillus,s__Bacillus_sp_WBUNB009
k__Bacteria,p__Firmicutes,c__Bacilli,o__Bacillales,f__Bacillaceae,g__Bacillus,s__Bacillus_sp_WBUNB004
k__Bacteria,p__Firmicutes,c__Bacilli,o__Bacillales,f__Bacillaceae,g__Bacillus,s__Bacillus_thuringiensis
k__Bacteria,p__Firmicutes,c__Bacilli,o__Bacillales,f__Bacillaceae,g__Bacillus,s__Bacillus_sp_7_6_55CFAA_CT2
k__Bacteria,p__Firmicutes,c__Bacilli,o__Bacillales,f__Bacillaceae,g__Bacillus,s__Bacillus_cereus
k__Bacteria,p__Firmicutes,c__Bacilli,o__Bacillales,f__Bacillaceae,g__Bacillus,s__Bacillus_sp_m3_13
k__Bacteria,p__Firmicutes,c__Bacilli,o__Bacillales,f__Bacillaceae,g__Bacillus,s__Bacillus_sp_10403023
k__Bacteria,p__Firmicutes,c__Bacilli,o__Bacillales,f__Bacillaceae,g__Bacillus,s__Bacillus_endophyticus
k__Bacteria,p__Firmicutes,c__Bacilli,o__Bacillales,f__Bacillaceae,g__Bacillus,s__Bacillus_megaterium
k__Bacteria,p__Firmicutes,c__Bacilli,o__Bacillales,f__Bacillaceae,g__Bacillus,s__Bacillus_sp_HYC_10
k__Bacteria,p__Firmicutes,c__Bacilli,o__Bacillales,f__Bacillaceae,g__Bacillus,s__Bacillus_sp_M_2_6
k__Bacteria,p__Firmicutes,c__Bacilli,o__Bacillales,f__Bacillaceae,g__Bacillus,s__Bacillus_pumilus
k__Bacteria,p__Firmicutes,c__Bacilli,o__Bacillales,f__Bacillaceae,g__Bacillus,s__Bacillus_sonorensis
k__Bacteria,p__Firmicutes,c__Bacilli,o__Bacillales,f__Bacillaceae,g__Bacillus,s__Bacillus_sp_CPSM8
k__Bacteria,p__Firmicutes,c__Bacilli,o__Bacillales,f__Bacillaceae,g__Bacillus,s__Bacillus_sp_BT1B_CT2
k__Bacteria,p__Firmicutes,c__Bacilli,o__Bacillales,f__Bacillaceae,g__Bacillus,s__Bacillus_licheniformis
k__Bacteria,p__Firmicutes,c__Bacilli,o__Bacillales,f__Bacillaceae,g__Bacillus,s__Bacillus_siamensis
k__Bacteria,p__Firmicutes,c__Bacilli,o__Bacillales,f__Bacillaceae,g__Bacillus,s__Bacillus_sp_5B6
k__Bacteria,p__Firmicutes,c__Bacilli,o__Bacillales,f__Bacillaceae,g__Bacillus,s__Bacillus_sp_916
k__Bacteria,p__Firmicutes,c__Bacilli,o__Bacillales,f__Bacillaceae,g__Bacillus,s__Bacillus_amyloliquefaciens
k__Bacteria,p__Firmicutes,c__Bacilli,o__Bacillales,f__Bacillaceae,g__Bacillus,s__Bacillus_atrophaeus
k__Bacteria,p__Firmicutes,c__Bacilli,o__Bacillales,f__Bacillaceae,g__Bacillus,s__Bacillus_mojavensis
k__Bacteria,p__Firmicutes,c__Bacilli,o__Bacillales,f__Bacillaceae,g__Bacillus,s__Bacillus_subtilis
k__Bacteria,p__Firmicutes,c__Bacilli,o__Bacillales,f__Bacillaceae,g__Bacillus,s__Bacillus_vallismortis
k__Bacteria,p__Firmicutes,c__Bacilli,o__Bacillales,f__Bacillaceae,g__Bacillus,s__Bacillus_sp_JS
k__Bacteria,p__Firmicutes,c__Bacilli,o__Bacillales,f__Bacillaceae,g__Bacillus,s__Bacillus_sp_EGD_AK10
k__Bacteria,p__Firmicutes,c__Bacilli,o__Bacillales,f__Bacillaceae,g__Caldibacillus,s__Caldibacillus_debilis
k__Bacteria,p__Firmicutes,c__Bacilli,o__Bacillales,f__Bacillaceae,g__Anoxybacillus,s__Anoxybacillus_kamchatkensis
k__Bacteria,p__Firmicutes,c__Bacilli,o__Bacillales,f__Bacillaceae,g__Anoxybacillus,s__Anoxybacillus_sp_DT3_1
k__Bacteria,p__Firmicutes,c__Bacilli,o__Bacillales,f__Bacillaceae,g__Anoxybacillus,s__Anoxybacillus_flavithermus
k__Bacteria,p__Firmicutes,c__Bacilli,o__Bacillales,f__Bacillaceae,g__Anoxybacillus,s__Anoxybacillus_sp_SK3_4
k__Bacteria,p__Firmicutes,c__Bacilli,o__Bacillales,f__Bacillaceae,g__Geobacillus,s__Geobacillus_caldoxylosilyticus
k__Bacteria,p__Firmicutes,c__Bacilli,o__Bacillales,f__Bacillaceae,g__Geobacillus,s__Geobacillus_sp_WCH70
k__Bacteria,p__Firmicutes,c__Bacilli,o__Bacillales,f__Bacillaceae,g__Geobacillus,s__Geobacillus_sp_Y4_1MC1
k__Bacteria,p__Firmicutes,c__Bacilli,o__Bacillales,f__Bacillaceae,g__Geobacillus,s__Geobacillus_thermoglucosidasius
k__Bacteria,p__Firmicutes,c__Bacilli,o__Bacillales,f__Bacillaceae,g__Geobacillus,s__Geobacillus_sp_JF8
k__Bacteria,p__Firmicutes,c__Bacilli,o__Bacillales,f__Bacillaceae,g__Geobacillus,s__Geobacillus_thermodenitrificans
k__Bacteria,p__Firmicutes,c__Bacilli,o__Bacillales,f__Bacillaceae,g__Geobacillus,s__Geobacillus_sp_G11MC16
k__Bacteria,p__Firmicutes,c__Bacilli,o__Bacillales,f__Bacillaceae,g__Geobacillus,s__Geobacillus_thermoleovorans
k__Bacteria,p__Firmicutes,c__Bacilli,o__Bacillales,f__Bacillaceae,g__Geobacillus,s__Geobacillus_kaustophilus
k__Bacteria,p__Firmicutes,c__Bacilli,o__Bacillales,f__Bacillaceae,g__Geobacillus,s__Geobacillus_sp_GHH01
k__Bacteria,p__Firmicutes,c__Bacilli,o__Bacillales,f__Bacillaceae,g__Geobacillus,s__Geobacillus_sp_WSUCF1
k__Bacteria,p__Firmicutes,c__Bacilli,o__Bacillales,f__Bacillaceae,g__Geobacillus,s__Geobacillus_sp_A8
k__Bacteria,p__Firmicutes,c__Bacilli,o__Bacillales,f__Bacillaceae,g__Geobacillus,s__Geobacillus_sp_MAS1
k__Bacteria,p__Firmicutes,c__Bacilli,o__Bacillales,f__Bacillaceae,g__Geobacillus,s__Geobacillus_sp_C56_T3
k__Bacteria,p__Firmicutes,c__Bacilli,o__Bacillales,f__Bacillaceae,g__Geobacillus,s__Geobacillus_sp_Y412MC61
k__Bacteria,p__Firmicutes,c__Bacilli,o__Bacillales,f__Bacillaceae,g__Geobacillus,s__Geobacillus_sp_Y412MC52
k__Bacteria,p__Firmicutes,c__Bacilli,o__Bacillales,f__Bacillaceae,g__Bacillus,s__Bacillus_sp_AP8
k__Bacteria,p__Firmicutes,c__Bacilli,o__Bacillales,f__Bacillaceae,g__Bacillus,s__Bacillus_methanolicus
k__Bacteria,p__Firmicutes,c__Bacilli,o__Bacillales,f__Bacillaceae,g__Bacillus,s__Bacillus_sp_1NLA3E
k__Bacteria,p__Firmicutes,c__Bacilli,o__Bacillales,f__Bacillaceae,g__Bacillus,s__Bacillus_bataviensis
k__Bacteria,p__Firmicutes,c__Bacilli,o__Bacillales,f__Bacillaceae,g__Bacillus,s__Bacillus_sp_17376
k__Bacteria,p__Firmicutes,c__Bacilli,o__Bacillales,f__Bacillaceae,g__Bacillus,s__Bacillus_sp_JC63
k__Bacteria,p__Firmicutes,c__Bacilli,o__Bacillales,f__Bacillaceae,g__Bacillus,s__Bacillus_nealsonii
k__Bacteria,p__Firmicutes,c__Bacilli,o__Bacillales,f__Bacillaceae,g__Bacillus,s__Bacillus_sp_NRRL_B_14911
k__Bacteria,p__Firmicutes,c__Bacilli,o__Bacillales,f__Bacillaceae,g__Bacillus,s__Bacillus_infantis
k__Bacteria,p__Firmicutes,c__Bacilli,o__Bacillales,f__Bacillaceae,g__Bacillus,s__Bacillus_sp_2_A_57_CT2
k__Bacteria,p__Firmicutes,c__Bacilli,o__Bacillales,f__Bacillaceae,g__Bacillus,s__Bacillus_oceanisediminis
k__Bacteria,p__Firmicutes,c__Bacilli,o__Bacillales,f__Bacillaceae,g__Bacillus,s__Bacillus_coahuilensis
k__Bacteria,p__Firmicutes,c__Bacilli,o__Bacillales,f__Bacillaceae,g__Bacillus,s__Bacillus_sp_SG_1
k__Bacteria,p__Firmicutes,c__Bacilli,o__Bacillales,f__Bacillaceae,g__Bacillus,s__Bacillus_smithii
k__Bacteria,p__Firmicutes,c__Bacilli,o__Bacillales,f__Bacillaceae,g__Bacillus,s__Bacillus_sp_37MA
k__Bacteria,p__Firmicutes,c__Bacilli,o__Bacillales,f__Bacillaceae,g__Bacillus,s__Bacillus_fordii
k__Bacteria,p__Firmicutes,c__Bacilli,o__Bacillales,f__Bacillaceae,g__Bacillus,s__Bacillus_coagulans
k__Bacteria,p__Firmicutes,c__Bacilli,o__Bacillales,f__Bacillaceae,g__Bacillus,s__Bacillus_acidiproducens
k__Bacteria,p__Firmicutes,c__Bacilli,o__Bacillales,f__Planococcaceae,g__Sporosarcina,s__Sporosarcina_newyorkensis
k__Bacteria,p__Firmicutes,c__Bacilli,o__Bacillales,f__Bacillales_noname,g__Bhargavaea,s__Bhargavaea_cecembensis
k__Bacteria,p__Firmicutes,c__Bacilli,o__Bacillales,f__Planococcaceae,g__Planococcus,s__Planococcus_antarcticus
k__Bacteria,p__Firmicutes,c__Bacilli,o__Bacillales,f__Planococcaceae,g__Planococcus,s__Planococcus_donghaensis
k__Bacteria,p__Firmicutes,c__Bacilli,o__Bacillales,f__Planococcaceae,g__Planococcus,s__Planococcus_halocryophilus
k__Bacteria,p__Firmicutes,c__Bacilli,o__Bacillales,f__Planococcaceae,g__Paenisporosarcina,s__Paenisporosarcina_sp_HGH0030
k__Bacteria,p__Firmicutes,c__Bacilli,o__Bacillales,f__Planococcaceae,g__Paenisporosarcina,s__Paenisporosarcina_sp_TG20
k__Bacteria,p__Firmicutes,c__Bacilli,o__Bacillales,f__Planococcaceae,g__Paenisporosarcina,s__Paenisporosarcina_sp_TG_14
k__Bacteria,p__Firmicutes,c__Bacilli,o__Bacillales,f__Planococcaceae,g__Kurthia,s__Kurthia_sp_JC8E
k__Bacteria,p__Firmicutes,c__Bacilli,o__Bacillales,f__Planococcaceae,g__Kurthia,s__Kurthia_massiliensis
k__Bacteria,p__Firmicutes,c__Bacilli,o__Bacillales,f__Planococcaceae,g__Kurthia,s__Kurthia_sp_Dielmo
k__Bacteria,p__Firmicutes,c__Bacilli,o__Bacillales,f__Planococcaceae,g__Ureibacillus,s__Ureibacillus_thermosphaericus
k__Bacteria,p__Firmicutes,c__Bacilli,o__Bacillales,f__Planococcaceae,g__Solibacillus,s__Solibacillus_silvestris
k__Bacteria,p__Firmicutes,c__Bacilli,o__Bacillales,f__Bacillaceae,g__Bacillus,s__Bacillus_isronensis
k__Bacteria,p__Firmicutes,c__Bacilli,o__Bacillales,f__Bacillaceae,g__Lysinibacillus,s__Lysinibacillus_sphaericus
k__Bacteria,p__Firmicutes,c__Bacilli,o__Bacillales,f__Bacillaceae,g__Bacillus,s__Bacillus_sp_B14905
k__Bacteria,p__Firmicutes,c__Bacilli,o__Bacillales,f__Bacillaceae,g__Lysinibacillus,s__Lysinibacillus_boronitolerans
k__Bacteria,p__Firmicutes,c__Bacilli,o__Bacillales,f__Bacillaceae,g__Lysinibacillus,s__Lysinibacillus_fusiformis
k__Bacteria,p__Firmicutes,c__Bacilli,o__Bacillales,f__Bacillaceae,g__Alkalibacillus,s__Alkalibacillus_haloalkaliphilus
k__Bacteria,p__Firmicutes,c__Bacilli,o__Bacillales,f__Bacillaceae,g__Salimicrobium,s__Salimicrobium_sp_MJ3
k__Bacteria,p__Firmicutes,c__Bacilli,o__Bacillales,f__Bacillaceae,g__Halobacillus,s__Halobacillus_halophilus
k__Bacteria,p__Firmicutes,c__Bacilli,o__Bacillales,f__Bacillaceae,g__Halobacillus,s__Halobacillus_sp_BAB_2008
k__Bacteria,p__Firmicutes,c__Bacilli,o__Bacillales,f__Bacillaceae,g__Gracilibacillus,s__Gracilibacillus_halophilus
k__Bacteria,p__Firmicutes,c__Bacilli,o__Bacillales,f__Bacillaceae,g__Gracilibacillus,s__Gracilibacillus_lacisalsi
k__Bacteria,p__Firmicutes,c__Bacilli,o__Bacillales,f__Bacillaceae,g__Amphibacillus,s__Amphibacillus_jilinensis
k__Bacteria,p__Firmicutes,c__Bacilli,o__Bacillales,f__Bacillaceae,g__Amphibacillus,s__Amphibacillus_xylanus
k__Bacteria,p__Firmicutes,c__Bacilli,o__Bacillales,f__Bacillaceae,g__Ornithinibacillus,s__Ornithinibacillus_scapharcae
k__Bacteria,p__Firmicutes,c__Bacilli,o__Bacillales,f__Bacillaceae,g__Oceanobacillus,s__Oceanobacillus_sp_Ndiop
k__Bacteria,p__Firmicutes,c__Bacilli,o__Bacillales,f__Bacillaceae,g__Oceanobacillus,s__Oceanobacillus_iheyensis
k__Bacteria,p__Firmicutes,c__Bacilli,o__Bacillales,f__Bacillaceae,g__Oceanobacillus,s__Oceanobacillus_kimchii
k__Bacteria,p__Firmicutes,c__Bacilli,o__Bacillales,f__Bacillaceae,g__Lentibacillus,s__Lentibacillus_jeotgali
k__Bacteria,p__Firmicutes,c__Bacilli,o__Bacillales,f__Bacillaceae,g__Virgibacillus,s__Virgibacillus_halodenitrificans
k__Bacteria,p__Firmicutes,c__Bacilli,o__Bacillales,f__Bacillaceae,g__Virgibacillus,s__Virgibacillus_sp_CM_4
k__Bacteria,p__Firmicutes,c__Bacilli,o__Bacillales,f__Bacillales_noname,g__Exiguobacterium,s__Exiguobacterium_sp_MH3
k__Bacteria,p__Firmicutes,c__Bacilli,o__Bacillales,f__Bacillales_noname,g__Exiguobacterium,s__Exiguobacterium_sibiricum
k__Bacteria,p__Firmicutes,c__Bacilli,o__Bacillales,f__Bacillales_noname,g__Exiguobacterium,s__Exiguobacterium_antarcticum
k__Bacteria,p__Firmicutes,c__Bacilli,o__Bacillales,f__Bacillales_noname,g__Exiguobacterium,s__Exiguobacterium_sp_AT1b
k__Bacteria,p__Firmicutes,c__Bacilli,o__Bacillales,f__Bacillales_noname,g__Exiguobacterium,s__Exiguobacterium_sp_S17
k__Bacteria,p__Firmicutes,c__Bacilli,o__Bacillales,f__Bacillales_noname,g__Exiguobacterium,s__Exiguobacterium_pavilionensis
k__Bacteria,p__Firmicutes,c__Bacilli,o__Bacillales,f__Sporolactobacillaceae,g__Sporolactobacillus,s__Sporolactobacillus_vineae
k__Bacteria,p__Firmicutes,c__Bacilli,o__Bacillales,f__Sporolactobacillaceae,g__Sporolactobacillus,s__Sporolactobacillus_inulinus
k__Bacteria,p__Firmicutes,c__Bacilli,o__Bacillales,f__Sporolactobacillaceae,g__Sporolactobacillus,s__Sporolactobacillus_laevolacticus
k__Bacteria,p__Bacteria_noname,c__Bacteria_noname,o__Haloplasmatales,f__Haloplasmataceae,g__Haloplasma,s__Haloplasma_contractile
k__Bacteria,p__Firmicutes,c__Erysipelotrichia,o__Erysipelotrichales,f__Erysipelotrichaceae,g__Turicibacter,s__Turicibacter_sanguinis
k__Bacteria,p__Firmicutes,c__Erysipelotrichia,o__Erysipelotrichales,f__Erysipelotrichaceae,g__Turicibacter,s__Turicibacter_sp_HGF1
k__Bacteria,p__Firmicutes,c__Bacilli,o__Bacillales,f__Bacillales_noname,g__Gemella,s__Gemella_bergeri
k__Bacteria,p__Firmicutes,c__Bacilli,o__Bacillales,f__Bacillales_noname,g__Gemella,s__Gemella_sanguinis
k__Bacteria,p__Firmicutes,c__Bacilli,o__Bacillales,f__Bacillales_noname,g__Gemella,s__Gemella_haemolysans
k__Bacteria,p__Firmicutes,c__Bacilli,o__Bacillales,f__Bacillales_noname,g__Gemella,s__Gemella_morbillorum
k__Bacteria,p__Firmicutes,c__Bacilli,o__Bacillales,f__Staphylococcaceae,g__Salinicoccus,s__Salinicoccus_carnicancri
k__Bacteria,p__Firmicutes,c__Bacilli,o__Bacillales,f__Staphylococcaceae,g__Salinicoccus,s__Salinicoccus_albus
k__Bacteria,p__Firmicutes,c__Bacilli,o__Bacillales,f__Staphylococcaceae,g__Macrococcus,s__Macrococcus_caseolyticus
k__Bacteria,p__Firmicutes,c__Bacilli,o__Bacillales,f__Staphylococcaceae,g__Staphylococcus,s__Staphylococcus_vitulinus
k__Bacteria,p__Firmicutes,c__Bacilli,o__Bacillales,f__Staphylococcaceae,g__Staphylococcus,s__Staphylococcus_lentus
k__Bacteria,p__Firmicutes,c__Bacilli,o__Bacillales,f__Staphylococcaceae,g__Staphylococcus,s__Staphylococcus_sp_HGB0015
k__Bacteria,p__Firmicutes,c__Bacilli,o__Bacillales,f__Staphylococcaceae,g__Staphylococcus,s__Staphylococcus_intermedius
k__Bacteria,p__Firmicutes,c__Bacilli,o__Bacillales,f__Staphylococcaceae,g__Staphylococcus,s__Staphylococcus_pseudintermedius
k__Bacteria,p__Firmicutes,c__Bacilli,o__Bacillales,f__Staphylococcaceae,g__Staphylococcus,s__Staphylococcus_delphini
k__Bacteria,p__Firmicutes,c__Bacilli,o__Bacillales,f__Staphylococcaceae,g__Staphylococcus,s__Staphylococcus_massiliensis
k__Bacteria,p__Firmicutes,c__Bacilli,o__Bacillales,f__Staphylococcaceae,g__Staphylococcus,s__Staphylococcus_carnosus
k__Bacteria,p__Firmicutes,c__Bacilli,o__Bacillales,f__Staphylococcaceae,g__Staphylococcus,s__Staphylococcus_simulans
k__Bacteria,p__Firmicutes,c__Bacilli,o__Bacillales,f__Staphylococcaceae,g__Staphylococcus,s__Staphylococcus_pettenkoferi
k__Bacteria,p__Firmicutes,c__Bacilli,o__Bacillales,f__Staphylococcaceae,g__Staphylococcus,s__Staphylococcus_arlettae
k__Bacteria,p__Firmicutes,c__Bacilli,o__Bacillales,f__Staphylococcaceae,g__Staphylococcus,s__Staphylococcus_sp_EGD_HP3
k__Bacteria,p__Firmicutes,c__Bacilli,o__Bacillales,f__Staphylococcaceae,g__Staphylococcus,s__Staphylococcus_sp_AL1
k__Bacteria,p__Firmicutes,c__Bacilli,o__Bacillales,f__Staphylococcaceae,g__Staphylococcus,s__Staphylococcus_sp_OJ82
k__Bacteria,p__Firmicutes,c__Bacilli,o__Bacillales,f__Staphylococcaceae,g__Staphylococcus,s__Staphylococcus_equorum
k__Bacteria,p__Firmicutes,c__Bacilli,o__Bacillales,f__Staphylococcaceae,g__Staphylococcus,s__Staphylococcus_saprophyticus
k__Bacteria,p__Firmicutes,c__Bacilli,o__Bacillales,f__Staphylococcaceae,g__Staphylococcus,s__Staphylococcus_xylosus
k__Bacteria,p__Firmicutes,c__Bacilli,o__Bacillales,f__Staphylococcaceae,g__Staphylococcus,s__Staphylococcus_simiae
k__Bacteria,p__Firmicutes,c__Bacilli,o__Bacillales,f__Staphylococcaceae,g__Staphylococcus,s__Staphylococcus_aureus
k__Bacteria,p__Firmicutes,c__Bacilli,o__Bacillales,f__Staphylococcaceae,g__Staphylococcus,s__Staphylococcus_lugdunensis
k__Bacteria,p__Firmicutes,c__Bacilli,o__Bacillales,f__Staphylococcaceae,g__Staphylococcus,s__Staphylococcus_haemolyticus
k__Bacteria,p__Firmicutes,c__Bacilli,o__Bacillales,f__Staphylococcaceae,g__Staphylococcus,s__Staphylococcus_hominis
k__Bacteria,p__Firmicutes,c__Bacilli,o__Bacillales,f__Staphylococcaceae,g__Staphylococcus,s__Staphylococcus_sp_E463
k__Bacteria,p__Firmicutes,c__Bacilli,o__Bacillales,f__Staphylococcaceae,g__Staphylococcus,s__Staphylococcus_warneri
k__Bacteria,p__Firmicutes,c__Bacilli,o__Bacillales,f__Staphylococcaceae,g__Staphylococcus,s__Staphylococcus_pasteuri
k__Bacteria,p__Firmicutes,c__Bacilli,o__Bacillales,f__Staphylococcaceae,g__Staphylococcus,s__Staphylococcus_caprae
k__Bacteria,p__Firmicutes,c__Bacilli,o__Bacillales,f__Staphylococcaceae,g__Staphylococcus,s__Staphylococcus_capitis
k__Bacteria,p__Firmicutes,c__Bacilli,o__Bacillales,f__Staphylococcaceae,g__Staphylococcus,s__Staphylococcus_sp_MDS7B
k__Bacteria,p__Firmicutes,c__Bacilli,o__Bacillales,f__Staphylococcaceae,g__Staphylococcus,s__Staphylococcus_epidermidis
k__Bacteria,p__Firmicutes,c__Bacilli,o__Bacillales,f__Staphylococcaceae,g__Staphylococcus,s__Staphylococcus_sp_JGI_0001002_I23
k__Bacteria,p__Firmicutes,c__Bacilli,o__Bacillales,f__Listeriaceae,g__Listeria,s__Listeria_grayi
k__Bacteria,p__Firmicutes,c__Bacilli,o__Bacillales,f__Listeriaceae,g__Listeria,s__Listeria_fleischmannii
k__Bacteria,p__Firmicutes,c__Bacilli,o__Bacillales,f__Listeriaceae,g__Listeria,s__Listeria_seeligeri
k__Bacteria,p__Firmicutes,c__Bacilli,o__Bacillales,f__Listeriaceae,g__Listeria,s__Listeria_ivanovii
k__Bacteria,p__Firmicutes,c__Bacilli,o__Bacillales,f__Listeriaceae,g__Listeria,s__Listeria_welshimeri
k__Bacteria,p__Firmicutes,c__Bacilli,o__Bacillales,f__Listeriaceae,g__Listeria,s__Listeria_marthii
k__Bacteria,p__Firmicutes,c__Bacilli,o__Bacillales,f__Listeriaceae,g__Listeria,s__Listeria_monocytogenes
k__Bacteria,p__Firmicutes,c__Bacilli,o__Bacillales,f__Listeriaceae,g__Listeria,s__Listeria_innocua
k__Bacteria,p__Firmicutes,c__Bacilli,o__Lactobacillales,f__Carnobacteriaceae,g__Allofustis,s__Allofustis_seminis
k__Bacteria,p__Firmicutes,c__Bacilli,o__Lactobacillales,f__Carnobacteriaceae,g__Dolosigranulum,s__Dolosigranulum_pigrum
k__Bacteria,p__Firmicutes,c__Bacilli,o__Lactobacillales,f__Carnobacteriaceae,g__Alloiococcus,s__Alloiococcus_otitis
k__Bacteria,p__Firmicutes,c__Bacilli,o__Lactobacillales,f__Enterococcaceae,g__Bavariicoccus,s__Bavariicoccus_seileri
k__Bacteria,p__Firmicutes,c__Bacilli,o__Lactobacillales,f__Carnobacteriaceae,g__Granulicatella,s__Granulicatella_adiacens
k__Bacteria,p__Firmicutes,c__Bacilli,o__Lactobacillales,f__Carnobacteriaceae,g__Granulicatella,s__Granulicatella_elegans
k__Bacteria,p__Firmicutes,c__Bacilli,o__Lactobacillales,f__Aerococcaceae,g__Aerococcus,s__Aerococcus_viridans
k__Bacteria,p__Firmicutes,c__Bacilli,o__Lactobacillales,f__Aerococcaceae,g__Aerococcus,s__Aerococcus_urinae
k__Bacteria,p__Firmicutes,c__Bacilli,o__Lactobacillales,f__Aerococcaceae,g__Abiotrophia,s__Abiotrophia_defectiva
k__Bacteria,p__Firmicutes,c__Bacilli,o__Lactobacillales,f__Aerococcaceae,g__Eremococcus,s__Eremococcus_coleocola
k__Bacteria,p__Firmicutes,c__Bacilli,o__Lactobacillales,f__Aerococcaceae,g__Facklamia,s__Facklamia_ignava
k__Bacteria,p__Firmicutes,c__Bacilli,o__Lactobacillales,f__Aerococcaceae,g__Facklamia,s__Facklamia_languida
k__Bacteria,p__Firmicutes,c__Bacilli,o__Lactobacillales,f__Aerococcaceae,g__Facklamia,s__Facklamia_hominis
k__Bacteria,p__Firmicutes,c__Bacilli,o__Lactobacillales,f__Carnobacteriaceae,g__Carnobacterium,s__Carnobacterium_maltaromaticum
k__Bacteria,p__Firmicutes,c__Bacilli,o__Lactobacillales,f__Carnobacteriaceae,g__Carnobacterium,s__Carnobacterium_sp_WN1359
k__Bacteria,p__Firmicutes,c__Bacilli,o__Lactobacillales,f__Carnobacteriaceae,g__Carnobacterium,s__Carnobacterium_sp_AT7
k__Bacteria,p__Firmicutes,c__Bacilli,o__Lactobacillales,f__Carnobacteriaceae,g__Carnobacterium,s__Carnobacterium_sp_17_4
k__Bacteria,p__Firmicutes,c__Bacilli,o__Lactobacillales,f__Lactobacillaceae,g__Lactobacillus,s__Lactobacillus_coryniformis
k__Bacteria,p__Firmicutes,c__Bacilli,o__Lactobacillales,f__Lactobacillaceae,g__Lactobacillus,s__Lactobacillus_curvatus
k__Bacteria,p__Firmicutes,c__Bacilli,o__Lactobacillales,f__Lactobacillaceae,g__Lactobacillus,s__Lactobacillus_sakei
k__Bacteria,p__Firmicutes,c__Bacilli,o__Lactobacillales,f__Lactobacillaceae,g__Lactobacillus,s__Lactobacillus_shenzhenensis
k__Bacteria,p__Firmicutes,c__Bacilli,o__Lactobacillales,f__Lactobacillaceae,g__Lactobacillus,s__Lactobacillus_paracasei
k__Bacteria,p__Firmicutes,c__Bacilli,o__Lactobacillales,f__Lactobacillaceae,g__Lactobacillus,s__Lactobacillus_casei
k__Bacteria,p__Firmicutes,c__Bacilli,o__Lactobacillales,f__Lactobacillaceae,g__Lactobacillus,s__Lactobacillus_rhamnosus
k__Bacteria,p__Firmicutes,c__Bacilli,o__Lactobacillales,f__Lactobacillaceae,g__Lactobacillus,s__Lactobacillus_zeae
k__Bacteria,p__Firmicutes,c__Bacilli,o__Lactobacillales,f__Lactobacillaceae,g__Lactobacillus,s__Lactobacillus_farciminis
k__Bacteria,p__Firmicutes,c__Bacilli,o__Lactobacillales,f__Lactobacillaceae,g__Lactobacillus,s__Lactobacillus_versmoldensis
k__Bacteria,p__Firmicutes,c__Bacilli,o__Lactobacillales,f__Lactobacillaceae,g__Lactobacillus,s__Lactobacillus_jensenii
k__Bacteria,p__Firmicutes,c__Bacilli,o__Lactobacillales,f__Lactobacillaceae,g__Lactobacillus,s__Lactobacillus_iners
k__Bacteria,p__Firmicutes,c__Bacilli,o__Lactobacillales,f__Lactobacillaceae,g__Lactobacillus,s__Lactobacillus_sp_7_1_47FAA
k__Bacteria,p__Firmicutes,c__Bacilli,o__Lactobacillales,f__Lactobacillaceae,g__Lactobacillus,s__Lactobacillus_hominis
k__Bacteria,p__Firmicutes,c__Bacilli,o__Lactobacillales,f__Lactobacillaceae,g__Lactobacillus,s__Lactobacillus_johnsonii
k__Bacteria,p__Firmicutes,c__Bacilli,o__Lactobacillales,f__Lactobacillaceae,g__Lactobacillus,s__Lactobacillus_gasseri
k__Bacteria,p__Firmicutes,c__Bacilli,o__Lactobacillales,f__Lactobacillaceae,g__Lactobacillus,s__Lactobacillus_delbrueckii
k__Bacteria,p__Firmicutes,c__Bacilli,o__Lactobacillales,f__Lactobacillaceae,g__Lactobacillus,s__Lactobacillus_sp_66c
k__Bacteria,p__Firmicutes,c__Bacilli,o__Lactobacillales,f__Lactobacillaceae,g__Lactobacillus,s__Lactobacillus_equicursoris
k__Bacteria,p__Firmicutes,c__Bacilli,o__Lactobacillales,f__Lactobacillaceae,g__Lactobacillus,s__Lactobacillus_gigeriorum
k__Bacteria,p__Firmicutes,c__Bacilli,o__Lactobacillales,f__Lactobacillaceae,g__Lactobacillus,s__Lactobacillus_pasteurii
k__Bacteria,p__Firmicutes,c__Bacilli,o__Lactobacillales,f__Lactobacillaceae,g__Lactobacillus,s__Lactobacillus_sp_ASF360
k__Bacteria,p__Firmicutes,c__Bacilli,o__Lactobacillales,f__Lactobacillaceae,g__Lactobacillus,s__Lactobacillus_amylolyticus
k__Bacteria,p__Firmicutes,c__Bacilli,o__Lactobacillales,f__Lactobacillaceae,g__Lactobacillus,s__Lactobacillus_acidophilus
k__Bacteria,p__Firmicutes,c__Bacilli,o__Lactobacillales,f__Lactobacillaceae,g__Lactobacillus,s__Lactobacillus_crispatus
k__Bacteria,p__Firmicutes,c__Bacilli,o__Lactobacillales,f__Lactobacillaceae,g__Lactobacillus,s__Lactobacillus_helveticus
k__Bacteria,p__Firmicutes,c__Bacilli,o__Lactobacillales,f__Lactobacillaceae,g__Lactobacillus,s__Lactobacillus_kefiranofaciens
k__Bacteria,p__Firmicutes,c__Bacilli,o__Lactobacillales,f__Lactobacillaceae,g__Lactobacillus,s__Lactobacillus_ultunensis
k__Bacteria,p__Firmicutes,c__Bacilli,o__Lactobacillales,f__Lactobacillaceae,g__Lactobacillus,s__Lactobacillus_amylovorus
k__Bacteria,p__Firmicutes,c__Bacilli,o__Lactobacillales,f__Lactobacillaceae,g__Lactobacillus,s__Lactobacillus_vini
k__Bacteria,p__Firmicutes,c__Bacilli,o__Lactobacillales,f__Lactobacillaceae,g__Lactobacillus,s__Lactobacillus_mali
k__Bacteria,p__Firmicutes,c__Bacilli,o__Lactobacillales,f__Lactobacillaceae,g__Lactobacillus,s__Lactobacillus_saerimneri
k__Bacteria,p__Firmicutes,c__Bacilli,o__Lactobacillales,f__Lactobacillaceae,g__Lactobacillus,s__Lactobacillus_acidipiscis
k__Bacteria,p__Firmicutes,c__Bacilli,o__Lactobacillales,f__Lactobacillaceae,g__Lactobacillus,s__Lactobacillus_pobuzihii
k__Bacteria,p__Firmicutes,c__Bacilli,o__Lactobacillales,f__Lactobacillaceae,g__Lactobacillus,s__Lactobacillus_salivarius
k__Bacteria,p__Firmicutes,c__Bacilli,o__Lactobacillales,f__Lactobacillaceae,g__Lactobacillus,s__Lactobacillus_equi
k__Bacteria,p__Firmicutes,c__Bacilli,o__Lactobacillales,f__Lactobacillaceae,g__Lactobacillus,s__Lactobacillus_ruminis
k__Bacteria,p__Firmicutes,c__Bacilli,o__Lactobacillales,f__Lactobacillaceae,g__Lactobacillus,s__Lactobacillus_animalis
k__Bacteria,p__Firmicutes,c__Bacilli,o__Lactobacillales,f__Lactobacillaceae,g__Lactobacillus,s__Lactobacillus_murinus
k__Bacteria,p__Firmicutes,c__Bacilli,o__Lactobacillales,f__Lactobacillaceae,g__Pediococcus,s__Pediococcus_claussenii
k__Bacteria,p__Firmicutes,c__Bacilli,o__Lactobacillales,f__Lactobacillaceae,g__Pediococcus,s__Pediococcus_pentosaceus
k__Bacteria,p__Firmicutes,c__Bacilli,o__Lactobacillales,f__Lactobacillaceae,g__Pediococcus,s__Pediococcus_acidilactici
k__Bacteria,p__Firmicutes,c__Bacilli,o__Lactobacillales,f__Lactobacillaceae,g__Pediococcus,s__Pediococcus_lolii
k__Bacteria,p__Firmicutes,c__Bacilli,o__Lactobacillales,f__Leuconostocaceae,g__Weissella,s__Weissella_koreensis
k__Bacteria,p__Firmicutes,c__Bacilli,o__Lactobacillales,f__Leuconostocaceae,g__Weissella,s__Weissella_ceti
k__Bacteria,p__Firmicutes,c__Bacilli,o__Lactobacillales,f__Leuconostocaceae,g__Weissella,s__Weissella_halotolerans
k__Bacteria,p__Firmicutes,c__Bacilli,o__Lactobacillales,f__Leuconostocaceae,g__Weissella,s__Weissella_paramesenteroides
k__Bacteria,p__Firmicutes,c__Bacilli,o__Lactobacillales,f__Leuconostocaceae,g__Weissella,s__Weissella_cibaria
k__Bacteria,p__Firmicutes,c__Bacilli,o__Lactobacillales,f__Leuconostocaceae,g__Weissella,s__Weissella_confusa
k__Bacteria,p__Firmicutes,c__Bacilli,o__Lactobacillales,f__Leuconostocaceae,g__Oenococcus,s__Oenococcus_kitaharae
k__Bacteria,p__Firmicutes,c__Bacilli,o__Lactobacillales,f__Leuconostocaceae,g__Oenococcus,s__Oenococcus_oeni
k__Bacteria,p__Firmicutes,c__Bacilli,o__Lactobacillales,f__Leuconostocaceae,g__Fructobacillus,s__Fructobacillus_fructosus
k__Bacteria,p__Firmicutes,c__Bacilli,o__Lactobacillales,f__Leuconostocaceae,g__Leuconostoc,s__Leuconostoc_fallax
k__Bacteria,p__Firmicutes,c__Bacilli,o__Lactobacillales,f__Leuconostocaceae,g__Leuconostoc,s__Leuconostoc_mesenteroides
k__Bacteria,p__Firmicutes,c__Bacilli,o__Lactobacillales,f__Leuconostocaceae,g__Leuconostoc,s__Leuconostoc_pseudomesenteroides
k__Bacteria,p__Firmicutes,c__Bacilli,o__Lactobacillales,f__Leuconostocaceae,g__Leuconostoc,s__Leuconostoc_lactis
k__Bacteria,p__Firmicutes,c__Bacilli,o__Lactobacillales,f__Leuconostocaceae,g__Leuconostoc,s__Leuconostoc_carnosum
k__Bacteria,p__Firmicutes,c__Bacilli,o__Lactobacillales,f__Leuconostocaceae,g__Leuconostoc,s__Leuconostoc_citreum
k__Bacteria,p__Firmicutes,c__Bacilli,o__Lactobacillales,f__Leuconostocaceae,g__Leuconostoc,s__Leuconostoc_kimchii
k__Bacteria,p__Firmicutes,c__Bacilli,o__Lactobacillales,f__Leuconostocaceae,g__Leuconostoc,s__Leuconostoc_sp_C2
k__Bacteria,p__Firmicutes,c__Bacilli,o__Lactobacillales,f__Leuconostocaceae,g__Leuconostoc,s__Leuconostoc_gelidum
k__Bacteria,p__Firmicutes,c__Bacilli,o__Lactobacillales,f__Leuconostocaceae,g__Leuconostoc,s__Leuconostoc_inhae
k__Bacteria,p__Firmicutes,c__Bacilli,o__Lactobacillales,f__Leuconostocaceae,g__Leuconostoc,s__Leuconostoc_gasicomitatum
k__Bacteria,p__Firmicutes,c__Bacilli,o__Lactobacillales,f__Lactobacillaceae,g__Lactobacillus,s__Lactobacillus_rossiae
k__Bacteria,p__Firmicutes,c__Bacilli,o__Lactobacillales,f__Lactobacillaceae,g__Lactobacillus,s__Lactobacillus_suebicus
k__Bacteria,p__Firmicutes,c__Bacilli,o__Lactobacillales,f__Lactobacillaceae,g__Lactobacillus,s__Lactobacillus_vaginalis
k__Bacteria,p__Firmicutes,c__Bacilli,o__Lactobacillales,f__Lactobacillaceae,g__Lactobacillus,s__Lactobacillus_reuteri
k__Bacteria,p__Firmicutes,c__Bacilli,o__Lactobacillales,f__Lactobacillaceae,g__Lactobacillus,s__Lactobacillus_antri
k__Bacteria,p__Firmicutes,c__Bacilli,o__Lactobacillales,f__Lactobacillaceae,g__Lactobacillus,s__Lactobacillus_oris
k__Bacteria,p__Firmicutes,c__Bacilli,o__Lactobacillales,f__Lactobacillaceae,g__Lactobacillus,s__Lactobacillus_mucosae
k__Bacteria,p__Firmicutes,c__Bacilli,o__Lactobacillales,f__Lactobacillaceae,g__Lactobacillus,s__Lactobacillus_gastricus
k__Bacteria,p__Firmicutes,c__Bacilli,o__Lactobacillales,f__Lactobacillaceae,g__Lactobacillus,s__Lactobacillus_fermentum
k__Bacteria,p__Firmicutes,c__Bacilli,o__Lactobacillales,f__Lactobacillaceae,g__Lactobacillus,s__Lactobacillus_coleohominis
k__Bacteria,p__Firmicutes,c__Bacilli,o__Lactobacillales,f__Lactobacillaceae,g__Lactobacillus,s__Lactobacillus_ingluviei
k__Bacteria,p__Firmicutes,c__Bacilli,o__Lactobacillales,f__Lactobacillaceae,g__Lactobacillus,s__Lactobacillus_pentosus
k__Bacteria,p__Firmicutes,c__Bacilli,o__Lactobacillales,f__Lactobacillaceae,g__Lactobacillus,s__Lactobacillus_plantarum
k__Bacteria,p__Firmicutes,c__Bacilli,o__Lactobacillales,f__Lactobacillaceae,g__Lactobacillus,s__Lactobacillus_malefermentans
k__Bacteria,p__Firmicutes,c__Bacilli,o__Lactobacillales,f__Lactobacillaceae,g__Lactobacillus,s__Lactobacillus_parabrevis
k__Bacteria,p__Firmicutes,c__Bacilli,o__Lactobacillales,f__Lactobacillaceae,g__Lactobacillus,s__Lactobacillus_fructivorans
k__Bacteria,p__Firmicutes,c__Bacilli,o__Lactobacillales,f__Lactobacillaceae,g__Lactobacillus,s__Lactobacillus_sanfranciscensis
k__Bacteria,p__Firmicutes,c__Bacilli,o__Lactobacillales,f__Lactobacillaceae,g__Lactobacillus,s__Lactobacillus_florum
k__Bacteria,p__Firmicutes,c__Bacilli,o__Lactobacillales,f__Lactobacillaceae,g__Lactobacillus,s__Lactobacillus_kisonensis
k__Bacteria,p__Firmicutes,c__Bacilli,o__Lactobacillales,f__Lactobacillaceae,g__Lactobacillus,s__Lactobacillus_otakiensis
k__Bacteria,p__Firmicutes,c__Bacilli,o__Lactobacillales,f__Lactobacillaceae,g__Lactobacillus,s__Lactobacillus_parafarraginis
k__Bacteria,p__Firmicutes,c__Bacilli,o__Lactobacillales,f__Lactobacillaceae,g__Lactobacillus,s__Lactobacillus_brevis
k__Bacteria,p__Firmicutes,c__Bacilli,o__Lactobacillales,f__Lactobacillaceae,g__Lactobacillus,s__Lactobacillus_buchneri
k__Bacteria,p__Firmicutes,c__Bacilli,o__Lactobacillales,f__Lactobacillaceae,g__Lactobacillus,s__Lactobacillus_hilgardii
k__Bacteria,p__Firmicutes,c__Bacilli,o__Lactobacillales,f__Enterococcaceae,g__Vagococcus,s__Vagococcus_lutrae
k__Bacteria,p__Firmicutes,c__Bacilli,o__Lactobacillales,f__Enterococcaceae,g__Melissococcus,s__Melissococcus_plutonius
k__Bacteria,p__Firmicutes,c__Bacilli,o__Lactobacillales,f__Enterococcaceae,g__Enterococcus,s__Enterococcus_sp_7L76
k__Bacteria,p__Firmicutes,c__Bacilli,o__Lactobacillales,f__Enterococcaceae,g__Enterococcus,s__Enterococcus_caccae
k__Bacteria,p__Firmicutes,c__Bacilli,o__Lactobacillales,f__Enterococcaceae,g__Enterococcus,s__Enterococcus_haemoperoxidus
k__Bacteria,p__Firmicutes,c__Bacilli,o__Lactobacillales,f__Enterococcaceae,g__Enterococcus,s__Enterococcus_moraviensis
k__Bacteria,p__Firmicutes,c__Bacilli,o__Lactobacillales,f__Enterococcaceae,g__Tetragenococcus,s__Tetragenococcus_halophilus
k__Bacteria,p__Firmicutes,c__Bacilli,o__Lactobacillales,f__Enterococcaceae,g__Enterococcus,s__Enterococcus_saccharolyticus
k__Bacteria,p__Firmicutes,c__Bacilli,o__Lactobacillales,f__Enterococcaceae,g__Enterococcus,s__Enterococcus_columbae
k__Bacteria,p__Firmicutes,c__Bacilli,o__Lactobacillales,f__Enterococcaceae,g__Enterococcus,s__Enterococcus_cecorum
k__Bacteria,p__Firmicutes,c__Bacilli,o__Lactobacillales,f__Enterococcaceae,g__Enterococcus,s__Enterococcus_italicus
k__Bacteria,p__Firmicutes,c__Bacilli,o__Lactobacillales,f__Enterococcaceae,g__Enterococcus,s__Enterococcus_sulfureus
k__Bacteria,p__Firmicutes,c__Bacilli,o__Lactobacillales,f__Enterococcaceae,g__Enterococcus,s__Enterococcus_dispar
k__Bacteria,p__Firmicutes,c__Bacilli,o__Lactobacillales,f__Enterococcaceae,g__Enterococcus,s__Enterococcus_asini
k__Bacteria,p__Firmicutes,c__Bacilli,o__Lactobacillales,f__Enterococcaceae,g__Enterococcus,s__Enterococcus_gallinarum
k__Bacteria,p__Firmicutes,c__Bacilli,o__Lactobacillales,f__Enterococcaceae,g__Enterococcus,s__Enterococcus_casseliflavus
k__Bacteria,p__Firmicutes,c__Bacilli,o__Lactobacillales,f__Enterococcaceae,g__Enterococcus,s__Enterococcus_faecalis
k__Bacteria,p__Firmicutes,c__Bacilli,o__Lactobacillales,f__Enterococcaceae,g__Enterococcus,s__Enterococcus_sp_C1
k__Bacteria,p__Firmicutes,c__Bacilli,o__Lactobacillales,f__Enterococcaceae,g__Enterococcus,s__Enterococcus_faecium
k__Bacteria,p__Firmicutes,c__Bacilli,o__Lactobacillales,f__Enterococcaceae,g__Enterococcus,s__Enterococcus_pallens
k__Bacteria,p__Firmicutes,c__Bacilli,o__Lactobacillales,f__Enterococcaceae,g__Enterococcus,s__Enterococcus_gilvus
k__Bacteria,p__Firmicutes,c__Bacilli,o__Lactobacillales,f__Enterococcaceae,g__Enterococcus,s__Enterococcus_malodoratus
k__Bacteria,p__Firmicutes,c__Bacilli,o__Lactobacillales,f__Enterococcaceae,g__Enterococcus,s__Enterococcus_avium
k__Bacteria,p__Firmicutes,c__Bacilli,o__Lactobacillales,f__Enterococcaceae,g__Enterococcus,s__Enterococcus_raffinosus
k__Bacteria,p__Firmicutes,c__Bacilli,o__Lactobacillales,f__Enterococcaceae,g__Enterococcus,s__Enterococcus_phoeniculicola
k__Bacteria,p__Firmicutes,c__Bacilli,o__Lactobacillales,f__Enterococcaceae,g__Enterococcus,s__Enterococcus_mundtii
k__Bacteria,p__Firmicutes,c__Bacilli,o__Lactobacillales,f__Enterococcaceae,g__Enterococcus,s__Enterococcus_villorum
k__Bacteria,p__Firmicutes,c__Bacilli,o__Lactobacillales,f__Enterococcaceae,g__Enterococcus,s__Enterococcus_hirae
k__Bacteria,p__Firmicutes,c__Bacilli,o__Lactobacillales,f__Enterococcaceae,g__Enterococcus,s__Enterococcus_durans
k__Bacteria,p__Firmicutes,c__Bacilli,o__Lactobacillales,f__Enterococcaceae,g__Enterococcus,s__Enterococcus_sp_GMD5E
k__Bacteria,p__Firmicutes,c__Bacilli,o__Lactobacillales,f__Enterococcaceae,g__Enterococcus,s__Enterococcus_sp_GMD1E
k__Bacteria,p__Firmicutes,c__Bacilli,o__Lactobacillales,f__Enterococcaceae,g__Enterococcus,s__Enterococcus_sp_GMD3E
k__Bacteria,p__Firmicutes,c__Bacilli,o__Lactobacillales,f__Enterococcaceae,g__Enterococcus,s__Enterococcus_sp_GMD2E
k__Bacteria,p__Firmicutes,c__Bacilli,o__Lactobacillales,f__Enterococcaceae,g__Enterococcus,s__Enterococcus_sp_GMD4E
k__Bacteria,p__Firmicutes,c__Bacilli,o__Lactobacillales,f__Enterococcaceae,g__Catellicoccus,s__Catellicoccus_marimammalium
k__Bacteria,p__Firmicutes,c__Bacilli,o__Lactobacillales,f__Streptococcaceae,g__Lactococcus,s__Lactococcus_raffinolactis
k__Bacteria,p__Firmicutes,c__Bacilli,o__Lactobacillales,f__Streptococcaceae,g__Lactococcus,s__Lactococcus_garvieae
k__Bacteria,p__Firmicutes,c__Bacilli,o__Lactobacillales,f__Streptococcaceae,g__Lactococcus,s__Lactococcus_lactis
k__Bacteria,p__Firmicutes,c__Bacilli,o__Lactobacillales,f__Streptococcaceae,g__Streptococcus,s__Streptococcus_entericus
k__Bacteria,p__Firmicutes,c__Bacilli,o__Lactobacillales,f__Streptococcaceae,g__Streptococcus,s__Streptococcus_marimammalium
k__Bacteria,p__Firmicutes,c__Bacilli,o__Lactobacillales,f__Streptococcaceae,g__Streptococcus,s__Streptococcus_ferus
k__Bacteria,p__Firmicutes,c__Bacilli,o__Lactobacillales,f__Streptococcaceae,g__Streptococcus,s__Streptococcus_macacae
k__Bacteria,p__Firmicutes,c__Bacilli,o__Lactobacillales,f__Streptococcaceae,g__Streptococcus,s__Streptococcus_ratti
k__Bacteria,p__Firmicutes,c__Bacilli,o__Lactobacillales,f__Streptococcaceae,g__Streptococcus,s__Streptococcus_mutans
k__Bacteria,p__Firmicutes,c__Bacilli,o__Lactobacillales,f__Streptococcaceae,g__Streptococcus,s__Streptococcus_criceti
k__Bacteria,p__Firmicutes,c__Bacilli,o__Lactobacillales,f__Streptococcaceae,g__Streptococcus,s__Streptococcus_downei
k__Bacteria,p__Firmicutes,c__Bacilli,o__Lactobacillales,f__Streptococcaceae,g__Streptococcus,s__Streptococcus_sobrinus
k__Bacteria,p__Firmicutes,c__Bacilli,o__Lactobacillales,f__Streptococcaceae,g__Streptococcus,s__Streptococcus_thermophilus
k__Bacteria,p__Firmicutes,c__Bacilli,o__Lactobacillales,f__Streptococcaceae,g__Streptococcus,s__Streptococcus_vestibularis
k__Bacteria,p__Firmicutes,c__Bacilli,o__Lactobacillales,f__Streptococcaceae,g__Streptococcus,s__Streptococcus_sp_C150
k__Bacteria,p__Firmicutes,c__Bacilli,o__Lactobacillales,f__Streptococcaceae,g__Streptococcus,s__Streptococcus_salivarius
k__Bacteria,p__Firmicutes,c__Bacilli,o__Lactobacillales,f__Streptococcaceae,g__Streptococcus,s__Streptococcus_henryi
k__Bacteria,p__Firmicutes,c__Bacilli,o__Lactobacillales,f__Streptococcaceae,g__Streptococcus,s__Streptococcus_orisratti
k__Bacteria,p__Firmicutes,c__Bacilli,o__Lactobacillales,f__Streptococcaceae,g__Streptococcus,s__Streptococcus_caballi
k__Bacteria,p__Firmicutes,c__Bacilli,o__Lactobacillales,f__Streptococcaceae,g__Streptococcus,s__Streptococcus_macedonicus
k__Bacteria,p__Firmicutes,c__Bacilli,o__Lactobacillales,f__Streptococcaceae,g__Streptococcus,s__Streptococcus_gallolyticus
k__Bacteria,p__Firmicutes,c__Bacilli,o__Lactobacillales,f__Streptococcaceae,g__Streptococcus,s__Streptococcus_pasteurianus
k__Bacteria,p__Firmicutes,c__Bacilli,o__Lactobacillales,f__Streptococcaceae,g__Streptococcus,s__Streptococcus_equinus
k__Bacteria,p__Firmicutes,c__Bacilli,o__Lactobacillales,f__Streptococcaceae,g__Streptococcus,s__Streptococcus_infantarius
k__Bacteria,p__Firmicutes,c__Bacilli,o__Lactobacillales,f__Streptococcaceae,g__Streptococcus,s__Streptococcus_lutetiensis
k__Bacteria,p__Firmicutes,c__Bacilli,o__Lactobacillales,f__Streptococcaceae,g__Streptococcus,s__Streptococcus_agalactiae
k__Bacteria,p__Firmicutes,c__Bacilli,o__Lactobacillales,f__Streptococcaceae,g__Streptococcus,s__Streptococcus_urinalis
k__Bacteria,p__Firmicutes,c__Bacilli,o__Lactobacillales,f__Streptococcaceae,g__Streptococcus,s__Streptococcus_thoraltensis
k__Bacteria,p__Firmicutes,c__Bacilli,o__Lactobacillales,f__Streptococcaceae,g__Streptococcus,s__Streptococcus_ictaluri
k__Bacteria,p__Firmicutes,c__Bacilli,o__Lactobacillales,f__Streptococcaceae,g__Streptococcus,s__Streptococcus_equi
k__Bacteria,p__Firmicutes,c__Bacilli,o__Lactobacillales,f__Streptococcaceae,g__Streptococcus,s__Streptococcus_pyogenes
k__Bacteria,p__Firmicutes,c__Bacilli,o__Lactobacillales,f__Streptococcaceae,g__Streptococcus,s__Streptococcus_dysgalactiae
k__Bacteria,p__Firmicutes,c__Bacilli,o__Lactobacillales,f__Streptococcaceae,g__Streptococcus,s__Streptococcus_canis
k__Bacteria,p__Firmicutes,c__Bacilli,o__Lactobacillales,f__Streptococcaceae,g__Streptococcus,s__Streptococcus_parauberis
k__Bacteria,p__Firmicutes,c__Bacilli,o__Lactobacillales,f__Streptococcaceae,g__Streptococcus,s__Streptococcus_iniae
k__Bacteria,p__Firmicutes,c__Bacilli,o__Lactobacillales,f__Streptococcaceae,g__Streptococcus,s__Streptococcus_didelphis
k__Bacteria,p__Firmicutes,c__Bacilli,o__Lactobacillales,f__Streptococcaceae,g__Streptococcus,s__Streptococcus_uberis
k__Bacteria,p__Firmicutes,c__Bacilli,o__Lactobacillales,f__Streptococcaceae,g__Streptococcus,s__Streptococcus_porcinus
k__Bacteria,p__Firmicutes,c__Bacilli,o__Lactobacillales,f__Streptococcaceae,g__Streptococcus,s__Streptococcus_pseudoporcinus
k__Bacteria,p__Firmicutes,c__Bacilli,o__Lactobacillales,f__Streptococcaceae,g__Streptococcus,s__Streptococcus_merionis
k__Bacteria,p__Firmicutes,c__Bacilli,o__Lactobacillales,f__Streptococcaceae,g__Streptococcus,s__Streptococcus_suis
k__Bacteria,p__Firmicutes,c__Bacilli,o__Lactobacillales,f__Streptococcaceae,g__Streptococcus,s__Streptococcus_minor
k__Bacteria,p__Firmicutes,c__Bacilli,o__Lactobacillales,f__Streptococcaceae,g__Streptococcus,s__Streptococcus_ovis
k__Bacteria,p__Firmicutes,c__Bacilli,o__Lactobacillales,f__Streptococcaceae,g__Streptococcus,s__Streptococcus_massiliensis
k__Bacteria,p__Firmicutes,c__Bacilli,o__Lactobacillales,f__Streptococcaceae,g__Streptococcus,s__Streptococcus_anginosus
k__Bacteria,p__Firmicutes,c__Bacilli,o__Lactobacillales,f__Streptococcaceae,g__Streptococcus,s__Streptococcus_intermedius
k__Bacteria,p__Firmicutes,c__Bacilli,o__Lactobacillales,f__Streptococcaceae,g__Streptococcus,s__Streptococcus_constellatus
k__Bacteria,p__Firmicutes,c__Bacilli,o__Lactobacillales,f__Streptococcaceae,g__Streptococcus,s__Streptococcus_cristatus
k__Bacteria,p__Firmicutes,c__Bacilli,o__Lactobacillales,f__Streptococcaceae,g__Streptococcus,s__Streptococcus_oligofermentans
k__Bacteria,p__Firmicutes,c__Bacilli,o__Lactobacillales,f__Streptococcaceae,g__Streptococcus,s__Streptococcus_sanguinis
k__Bacteria,p__Firmicutes,c__Bacilli,o__Lactobacillales,f__Streptococcaceae,g__Streptococcus,s__Streptococcus_sp_AS14
k__Bacteria,p__Firmicutes,c__Bacilli,o__Lactobacillales,f__Streptococcaceae,g__Streptococcus,s__Streptococcus_sp_oral_taxon_056
k__Bacteria,p__Firmicutes,c__Bacilli,o__Lactobacillales,f__Streptococcaceae,g__Streptococcus,s__Streptococcus_gordonii
k__Bacteria,p__Firmicutes,c__Bacilli,o__Lactobacillales,f__Streptococcaceae,g__Streptococcus,s__Streptococcus_sp_2_1_36FAA
k__Bacteria,p__Firmicutes,c__Bacilli,o__Lactobacillales,f__Streptococcaceae,g__Streptococcus,s__Streptococcus_parasanguinis
k__Bacteria,p__Firmicutes,c__Bacilli,o__Lactobacillales,f__Streptococcaceae,g__Streptococcus,s__Streptococcus_sp_F0442
k__Bacteria,p__Firmicutes,c__Bacilli,o__Lactobacillales,f__Streptococcaceae,g__Streptococcus,s__Streptococcus_sp_I_P16
k__Bacteria,p__Firmicutes,c__Bacilli,o__Lactobacillales,f__Streptococcaceae,g__Streptococcus,s__Streptococcus_australis
k__Bacteria,p__Firmicutes,c__Bacilli,o__Lactobacillales,f__Streptococcaceae,g__Streptococcus,s__Streptococcus_sp_I_G2
k__Bacteria,p__Firmicutes,c__Bacilli,o__Lactobacillales,f__Streptococcaceae,g__Streptococcus,s__Streptococcus_sp_SK140
k__Bacteria,p__Firmicutes,c__Bacilli,o__Lactobacillales,f__Streptococcaceae,g__Streptococcus,s__Streptococcus_sp_HPH0090
k__Bacteria,p__Firmicutes,c__Bacilli,o__Lactobacillales,f__Streptococcaceae,g__Streptococcus,s__Streptococcus_peroris
k__Bacteria,p__Firmicutes,c__Bacilli,o__Lactobacillales,f__Streptococcaceae,g__Streptococcus,s__Streptococcus_infantis
k__Bacteria,p__Firmicutes,c__Bacilli,o__Lactobacillales,f__Streptococcaceae,g__Streptococcus,s__Streptococcus_sp_SK643
k__Bacteria,p__Firmicutes,c__Bacilli,o__Lactobacillales,f__Streptococcaceae,g__Streptococcus,s__Streptococcus_sp_M334
k__Bacteria,p__Firmicutes,c__Bacilli,o__Lactobacillales,f__Streptococcaceae,g__Streptococcus,s__Streptococcus_mitis
k__Bacteria,p__Firmicutes,c__Bacilli,o__Lactobacillales,f__Streptococcaceae,g__Streptococcus,s__Streptococcus_pneumoniae
k__Bacteria,p__Firmicutes,c__Bacilli,o__Lactobacillales,f__Streptococcaceae,g__Streptococcus,s__Streptococcus_pseudopneumoniae
k__Bacteria,p__Firmicutes,c__Bacilli,o__Lactobacillales,f__Streptococcaceae,g__Streptococcus,s__Streptococcus_sp_M143
k__Bacteria,p__Firmicutes,c__Bacilli,o__Lactobacillales,f__Streptococcaceae,g__Streptococcus,s__Streptococcus_sp_oral_taxon_058
k__Bacteria,p__Firmicutes,c__Bacilli,o__Lactobacillales,f__Streptococcaceae,g__Streptococcus,s__Streptococcus_sp_BS35b
k__Bacteria,p__Firmicutes,c__Bacilli,o__Lactobacillales,f__Streptococcaceae,g__Streptococcus,s__Streptococcus_sp_F0441
k__Bacteria,p__Firmicutes,c__Bacilli,o__Lactobacillales,f__Streptococcaceae,g__Streptococcus,s__Streptococcus_sp_oral_taxon_071
k__Bacteria,p__Firmicutes,c__Bacilli,o__Lactobacillales,f__Streptococcaceae,g__Streptococcus,s__Streptococcus_oralis
k__Bacteria,p__Firmicutes,c__Bacilli,o__Lactobacillales,f__Streptococcaceae,g__Streptococcus,s__Streptococcus_tigurinus
k__Bacteria,p__Firmicutes,c__Bacilli,o__Lactobacillales,f__Streptococcaceae,g__Streptococcus,s__Streptococcus_sp_GMD6S
k__Bacteria,p__Firmicutes,c__Bacilli,o__Lactobacillales,f__Streptococcaceae,g__Streptococcus,s__Streptococcus_sp_GMD5S
k__Bacteria,p__Firmicutes,c__Bacilli,o__Lactobacillales,f__Streptococcaceae,g__Streptococcus,s__Streptococcus_sp_C300
k__Bacteria,p__Firmicutes,c__Bacilli,o__Lactobacillales,f__Streptococcaceae,g__Streptococcus,s__Streptococcus_sp_GMD2S
k__Bacteria,p__Firmicutes,c__Bacilli,o__Lactobacillales,f__Streptococcaceae,g__Streptococcus,s__Streptococcus_sp_GMD1S
k__Bacteria,p__Firmicutes,c__Bacilli,o__Lactobacillales,f__Streptococcaceae,g__Streptococcus,s__Streptococcus_sp_GMD4S
k__Bacteria,p__Armatimonadetes,c__Chthonomonadetes,o__Chthonomonadales,f__Chthonomonadaceae,g__Chthonomonas,s__Chthonomonas_calidirosea
k__Bacteria,p__Bacteria_noname,c__Bacteria_noname,o__Bacteria_noname,f__Bacteria_noname,g__Candidatus_Microgenomatus,s__Candidatus_Microgenomatus_auricola
k__Bacteria,p__Candidatus_Saccharibacteria,c__Candidatus_Saccharibacteria_noname,o__Candidatus_Saccharibacteria_noname,f__Candidatus_Saccharibacteria_noname,g__Candidatus_Saccharibacteria_noname,s__candidate_division_TM7_genomosp_GTL1
k__Bacteria,p__Candidatus_Saccharibacteria,c__Candidatus_Saccharibacteria_noname,o__Candidatus_Saccharibacteria_noname,f__Candidatus_Saccharibacteria_noname,g__Candidatus_Saccharimonas,s__Candidatus_Saccharimonas_aalborgensis
k__Bacteria,p__Candidatus_Saccharibacteria,c__Candidatus_Saccharibacteria_noname,o__Candidatus_Saccharibacteria_noname,f__Candidatus_Saccharibacteria_noname,g__Candidatus_Saccharibacteria_noname,s__candidate_division_TM7_single_cell_isolate_TM7b
k__Bacteria,p__Candidatus_Saccharibacteria,c__Candidatus_Saccharibacteria_noname,o__Candidatus_Saccharibacteria_noname,f__Candidatus_Saccharibacteria_noname,g__Candidatus_Saccharibacteria_noname,s__candidate_division_TM7_single_cell_isolate_TM7c
k__Bacteria,p__Chloroflexi,c__Dehalococcoidia,o__Dehalococcoidales,f__Dehalococcoidaceae,g__Dehalococcoides,s__Dehalococcoides_mccartyi
k__Bacteria,p__Chloroflexi,c__Dehalococcoidia,o__Dehalococcoidia_noname,f__Dehalococcoidia_noname,g__Dehalogenimonas,s__Dehalogenimonas_lykanthroporepellens
k__Bacteria,p__Chloroflexi,c__Chloroflexi_noname,o__Chloroflexi_noname,f__Chloroflexi_noname,g__Chloroflexi_noname,s__SAR202_cluster_bacterium_SCGC_AAA240_N13
k__Archaea,p__Euryarchaeota,c__Euryarchaeota_noname,o__Euryarchaeota_noname,f__Euryarchaeota_noname,g__Euryarchaeota_noname,s__Marine_Group_III_euryarchaeote_SCGC_AAA007_O11
k__Archaea,p__Euryarchaeota,c__Euryarchaeota_noname,o__Euryarchaeota_noname,f__Euryarchaeota_noname,g__Euryarchaeota_noname,s__Marine_Group_III_euryarchaeote_SCGC_AAA288_E19
k__Bacteria,p__Chloroflexi,c__Ktedonobacteria,o__Ktedonobacterales,f__Ktedonobacteraceae,g__Ktedonobacter,s__Ktedonobacter_racemifer
k__Bacteria,p__Bacteria_noname,c__Bacteria_noname,o__Bacteria_noname,f__Bacteria_noname,g__Thermobaculum,s__Thermobaculum_terrenum
k__Bacteria,p__Chloroflexi,c__Thermomicrobia,o__Thermomicrobiales,f__Thermomicrobiaceae,g__Thermomicrobium,s__Thermomicrobium_roseum
k__Bacteria,p__Chloroflexi,c__Thermomicrobia,o__Sphaerobacterales,f__Sphaerobacteraceae,g__Sphaerobacter,s__Sphaerobacter_thermophilus
k__Bacteria,p__Chloroflexi,c__Thermomicrobia,o__Sphaerobacterales,f__Sphaerobacteraceae,g__Nitrolancetus,s__Nitrolancetus_hollandicus
k__Bacteria,p__Chloroflexi,c__Anaerolineae,o__Anaerolineales,f__Anaerolineaceae,g__Anaerolinea,s__Anaerolinea_thermophila
k__Bacteria,p__Chloroflexi,c__Caldilineae,o__Caldilineales,f__Caldilineaceae,g__Caldilinea,s__Caldilinea_aerophila
k__Bacteria,p__Chloroflexi,c__Chloroflexi,o__Herpetosiphonales,f__Herpetosiphonaceae,g__Herpetosiphon,s__Herpetosiphon_aurantiacus
k__Bacteria,p__Chloroflexi,c__Chloroflexi,o__Chloroflexales,f__Chloroflexaceae,g__Roseiflexus,s__Roseiflexus_sp_RS_1
k__Bacteria,p__Chloroflexi,c__Chloroflexi,o__Chloroflexales,f__Chloroflexaceae,g__Roseiflexus,s__Roseiflexus_castenholzii
k__Bacteria,p__Chloroflexi,c__Chloroflexi,o__Chloroflexales,f__Oscillochloridaceae,g__Oscillochloris,s__Oscillochloris_trichoides
k__Bacteria,p__Chloroflexi,c__Chloroflexi,o__Chloroflexales,f__Chloroflexaceae,g__Chloroflexus,s__Chloroflexus_aggregans
k__Bacteria,p__Chloroflexi,c__Chloroflexi,o__Chloroflexales,f__Chloroflexaceae,g__Chloroflexus,s__Chloroflexus_aurantiacus
k__Bacteria,p__Chloroflexi,c__Chloroflexi,o__Chloroflexales,f__Chloroflexaceae,g__Chloroflexus,s__Chloroflexus_sp_Y_400_fl
k__Bacteria,p__Deinococcus_Thermus,c__Deinococci,o__Deinococcales,f__Trueperaceae,g__Truepera,s__Truepera_radiovictrix
k__Bacteria,p__Deinococcus_Thermus,c__Deinococci,o__Deinococcales,f__Deinococcaceae,g__Deinococcus,s__Deinococcus_peraridilitoris
k__Bacteria,p__Deinococcus_Thermus,c__Deinococci,o__Deinococcales,f__Deinococcaceae,g__Deinococcus,s__Deinococcus_maricopensis
k__Bacteria,p__Deinococcus_Thermus,c__Deinococci,o__Deinococcales,f__Deinococcaceae,g__Deinococcus,s__Deinococcus_proteolyticus
k__Bacteria,p__Deinococcus_Thermus,c__Deinococci,o__Deinococcales,f__Deinococcaceae,g__Deinococcus,s__Deinococcus_aquatilis
k__Bacteria,p__Deinococcus_Thermus,c__Deinococci,o__Deinococcales,f__Deinococcaceae,g__Deinococcus,s__Deinococcus_geothermalis
k__Bacteria,p__Deinococcus_Thermus,c__Deinococci,o__Deinococcales,f__Deinococcaceae,g__Deinococcus,s__Deinococcus_apachensis
k__Bacteria,p__Deinococcus_Thermus,c__Deinococci,o__Deinococcales,f__Deinococcaceae,g__Deinococcus,s__Deinococcus_deserti
k__Bacteria,p__Deinococcus_Thermus,c__Deinococci,o__Deinococcales,f__Deinococcaceae,g__Deinococcus,s__Deinococcus_sp_2009
k__Bacteria,p__Deinococcus_Thermus,c__Deinococci,o__Deinococcales,f__Deinococcaceae,g__Deinococcus,s__Deinococcus_gobiensis
k__Bacteria,p__Deinococcus_Thermus,c__Deinococci,o__Deinococcales,f__Deinococcaceae,g__Deinococcus,s__Deinococcus_radiodurans
k__Bacteria,p__Deinococcus_Thermus,c__Deinococci,o__Deinococcales,f__Deinococcaceae,g__Deinococcus,s__Deinococcus_wulumuqiensis
k__Bacteria,p__Deinococcus_Thermus,c__Deinococci,o__Thermales,f__Thermaceae,g__Oceanithermus,s__Oceanithermus_profundus
k__Bacteria,p__Deinococcus_Thermus,c__Deinococci,o__Thermales,f__Thermaceae,g__Marinithermus,s__Marinithermus_hydrothermalis
k__Bacteria,p__Deinococcus_Thermus,c__Deinococci,o__Thermales,f__Thermaceae,g__Meiothermus,s__Meiothermus_silvanus
k__Bacteria,p__Deinococcus_Thermus,c__Deinococci,o__Thermales,f__Thermaceae,g__Meiothermus,s__Meiothermus_timidus
k__Bacteria,p__Deinococcus_Thermus,c__Deinococci,o__Thermales,f__Thermaceae,g__Meiothermus,s__Meiothermus_ruber
k__Bacteria,p__Deinococcus_Thermus,c__Deinococci,o__Thermales,f__Thermaceae,g__Thermus,s__Thermus_oshimai
k__Bacteria,p__Deinococcus_Thermus,c__Deinococci,o__Thermales,f__Thermaceae,g__Thermus,s__Thermus_thermophilus
k__Bacteria,p__Deinococcus_Thermus,c__Deinococci,o__Thermales,f__Thermaceae,g__Thermus,s__Thermus_sp_RL
k__Bacteria,p__Deinococcus_Thermus,c__Deinococci,o__Thermales,f__Thermaceae,g__Thermus,s__Thermus_aquaticus
k__Bacteria,p__Deinococcus_Thermus,c__Deinococci,o__Thermales,f__Thermaceae,g__Thermus,s__Thermus_islandicus
k__Bacteria,p__Deinococcus_Thermus,c__Deinococci,o__Thermales,f__Thermaceae,g__Thermus,s__Thermus_scotoductus
k__Bacteria,p__Deinococcus_Thermus,c__Deinococci,o__Thermales,f__Thermaceae,g__Thermus,s__Thermus_sp_CCB_US3_UF1
k__Bacteria,p__Deinococcus_Thermus,c__Deinococci,o__Thermales,f__Thermaceae,g__Thermus,s__Thermus_igniterrae
k__Bacteria,p__Cyanobacteria,c__Gloeobacteria,o__Gloeobacterales,f__Gloeobacterales_noname,g__Gloeobacter,s__Gloeobacter_violaceus
k__Bacteria,p__Cyanobacteria,c__Gloeobacteria,o__Gloeobacterales,f__Gloeobacterales_noname,g__Gloeobacter,s__Gloeobacter_kilaueensis
k__Bacteria,p__Cyanobacteria,c__Cyanobacteria_noname,o__Chroococcales,f__Chroococcales_noname,g__Synechococcus,s__Synechococcus_sp_PCC_7336
k__Bacteria,p__Cyanobacteria,c__Cyanobacteria_noname,o__Chroococcales,f__Chroococcales_noname,g__Synechococcus,s__Synechococcus_sp_JA_3_3Ab
k__Bacteria,p__Cyanobacteria,c__Cyanobacteria_noname,o__Chroococcales,f__Chroococcales_noname,g__Synechococcus,s__Synechococcus_sp_JA_2_3B_a_2_13
k__Bacteria,p__Cyanobacteria,c__Cyanobacteria_noname,o__Oscillatoriales,f__Oscillatoriales_noname,g__Pseudanabaena,s__Pseudanabaena_sp_PCC_7367
k__Bacteria,p__Cyanobacteria,c__Cyanobacteria_noname,o__Oscillatoriales,f__Oscillatoriales_noname,g__Pseudanabaena,s__Pseudanabaena_sp_PCC_6802
k__Bacteria,p__Cyanobacteria,c__Cyanobacteria_noname,o__Chroococcales,f__Chroococcales_noname,g__Synechococcus,s__Synechococcus_sp_PCC_7502
k__Bacteria,p__Cyanobacteria,c__Cyanobacteria_noname,o__Oscillatoriales,f__Oscillatoriales_noname,g__Pseudanabaena,s__Pseudanabaena_biceps
k__Bacteria,p__Cyanobacteria,c__Cyanobacteria_noname,o__Chroococcales,f__Chroococcales_noname,g__Acaryochloris,s__Acaryochloris_marina
k__Bacteria,p__Cyanobacteria,c__Cyanobacteria_noname,o__Chroococcales,f__Chroococcales_noname,g__Acaryochloris,s__Acaryochloris_sp_CCMEE_5410
k__Bacteria,p__Cyanobacteria,c__Cyanobacteria_noname,o__Chroococcales,f__Chroococcales_noname,g__Cyanothece,s__Cyanothece_sp_PCC_7425
k__Bacteria,p__Cyanobacteria,c__Cyanobacteria_noname,o__Chroococcales,f__Chroococcales_noname,g__Thermosynechococcus,s__Thermosynechococcus_elongatus
k__Bacteria,p__Cyanobacteria,c__Cyanobacteria_noname,o__Chroococcales,f__Chroococcales_noname,g__Synechococcus,s__Synechococcus_sp_PCC_6312
k__Bacteria,p__Cyanobacteria,c__Cyanobacteria_noname,o__Oscillatoriales,f__Oscillatoriales_noname,g__Geitlerinema,s__Geitlerinema_sp_PCC_7105
k__Bacteria,p__Cyanobacteria,c__Cyanobacteria_noname,o__Oscillatoriales,f__Oscillatoriales_noname,g__Nodosilinea,s__Nodosilinea_nodulosa
k__Bacteria,p__Cyanobacteria,c__Cyanobacteria_noname,o__Oscillatoriales,f__Oscillatoriales_noname,g__Leptolyngbya,s__Leptolyngbya_sp_PCC_6406
k__Bacteria,p__Cyanobacteria,c__Cyanobacteria_noname,o__Chroococcales,f__Chroococcales_noname,g__Synechococcus,s__Synechococcus_sp_PCC_7335
k__Bacteria,p__Cyanobacteria,c__Cyanobacteria_noname,o__Oscillatoriales,f__Oscillatoriales_noname,g__Leptolyngbya,s__Leptolyngbya_sp_PCC_7375
k__Bacteria,p__Cyanobacteria,c__Cyanobacteria_noname,o__Oscillatoriales,f__Oscillatoriales_noname,g__Leptolyngbya,s__Leptolyngbya_sp_Heron_Island_J
k__Bacteria,p__Cyanobacteria,c__Cyanobacteria_noname,o__Prochlorales,f__Prochlorotrichaceae,g__Prochlorothrix,s__Prochlorothrix_hollandica
k__Bacteria,p__Cyanobacteria,c__Cyanobacteria_noname,o__Chroococcales,f__Chroococcales_noname,g__Synechococcus,s__Synechococcus_elongatus
k__Bacteria,p__Cyanobacteria,c__Cyanobacteria_noname,o__Prochlorales,f__Prochlorococcaceae,g__Prochlorococcus,s__Prochlorococcus_sp_W7
k__Bacteria,p__Cyanobacteria,c__Cyanobacteria_noname,o__Prochlorales,f__Prochlorococcaceae,g__Prochlorococcus,s__Prochlorococcus_sp_W8
k__Bacteria,p__Cyanobacteria,c__Cyanobacteria_noname,o__Prochlorales,f__Prochlorococcaceae,g__Prochlorococcus,s__Prochlorococcus_sp_W3
k__Bacteria,p__Cyanobacteria,c__Cyanobacteria_noname,o__Prochlorales,f__Prochlorococcaceae,g__Prochlorococcus,s__Prochlorococcus_sp_W9
k__Bacteria,p__Cyanobacteria,c__Cyanobacteria_noname,o__Prochlorales,f__Prochlorococcaceae,g__Prochlorococcus,s__Prochlorococcus_sp_W2
k__Bacteria,p__Cyanobacteria,c__Cyanobacteria_noname,o__Prochlorales,f__Prochlorococcaceae,g__Prochlorococcus,s__Prochlorococcus_sp_W11
k__Bacteria,p__Cyanobacteria,c__Cyanobacteria_noname,o__Prochlorales,f__Prochlorococcaceae,g__Prochlorococcus,s__Prochlorococcus_sp_W12
k__Bacteria,p__Cyanobacteria,c__Cyanobacteria_noname,o__Prochlorales,f__Prochlorococcaceae,g__Prochlorococcus,s__Prochlorococcus_sp_W4
k__Bacteria,p__Cyanobacteria,c__Cyanobacteria_noname,o__Prochlorales,f__Prochlorococcaceae,g__Prochlorococcus,s__Prochlorococcus_sp_W10
k__Bacteria,p__Cyanobacteria,c__Cyanobacteria_noname,o__Chroococcales,f__Chroococcales_noname,g__Synechococcus,s__Synechococcus_sp_RCC307
k__Bacteria,p__Cyanobacteria,c__Cyanobacteria_noname,o__Chroococcales,f__Chroococcales_noname,g__Synechococcus,s__Synechococcus_sp_CB0101
k__Bacteria,p__Cyanobacteria,c__Cyanobacteria_noname,o__Chroococcales,f__Chroococcales_noname,g__Synechococcus,s__Synechococcus_sp_CB0205
k__Bacteria,p__Cyanobacteria,c__Cyanobacteria_noname,o__Chroococcales,f__Chroococcales_noname,g__Cyanobium,s__Cyanobium_sp_PCC_7001
k__Bacteria,p__Cyanobacteria,c__Cyanobacteria_noname,o__Chroococcales,f__Chroococcales_noname,g__Synechococcus,s__Synechococcus_sp_WH_5701
k__Bacteria,p__Cyanobacteria,c__Cyanobacteria_noname,o__Chroococcales,f__Chroococcales_noname,g__Cyanobium,s__Cyanobium_gracile
k__Bacteria,p__Cyanobacteria,c__Cyanobacteria_noname,o__Prochlorales,f__Prochlorococcaceae,g__Prochlorococcus,s__Prochlorococcus_marinus
k__Bacteria,p__Cyanobacteria,c__Cyanobacteria_noname,o__Chroococcales,f__Chroococcales_noname,g__Synechococcus,s__Synechococcus_sp_CC9902
k__Bacteria,p__Cyanobacteria,c__Cyanobacteria_noname,o__Chroococcales,f__Chroococcales_noname,g__Synechococcus,s__Synechococcus_sp_BL107
k__Bacteria,p__Cyanobacteria,c__Cyanobacteria_noname,o__Chroococcales,f__Chroococcales_noname,g__Synechococcus,s__Synechococcus_sp_WH_8102
k__Bacteria,p__Cyanobacteria,c__Cyanobacteria_noname,o__Chroococcales,f__Chroococcales_noname,g__Synechococcus,s__Synechococcus_sp_CC9605
k__Bacteria,p__Cyanobacteria,c__Cyanobacteria_noname,o__Chroococcales,f__Chroococcales_noname,g__Synechococcus,s__Synechococcus_sp_WH_8109
k__Bacteria,p__Cyanobacteria,c__Cyanobacteria_noname,o__Chroococcales,f__Chroococcales_noname,g__Synechococcus,s__Synechococcus_sp_RS9917
k__Bacteria,p__Cyanobacteria,c__Cyanobacteria_noname,o__Chroococcales,f__Chroococcales_noname,g__Synechococcus,s__Synechococcus_sp_RS9916
k__Bacteria,p__Cyanobacteria,c__Cyanobacteria_noname,o__Chroococcales,f__Chroococcales_noname,g__Synechococcus,s__Synechococcus_sp_WH_7803
k__Bacteria,p__Cyanobacteria,c__Cyanobacteria_noname,o__Chroococcales,f__Chroococcales_noname,g__Synechococcus,s__Synechococcus_sp_WH_7805
k__Bacteria,p__Cyanobacteria,c__Cyanobacteria_noname,o__Chroococcales,f__Chroococcales_noname,g__Synechococcus,s__Synechococcus_sp_CC9311
k__Bacteria,p__Cyanobacteria,c__Cyanobacteria_noname,o__Chroococcales,f__Chroococcales_noname,g__Synechococcus,s__Synechococcus_sp_WH_8016
k__Bacteria,p__Cyanobacteria,c__Cyanobacteria_noname,o__Oscillatoriales,f__Oscillatoriales_noname,g__Geitlerinema,s__Geitlerinema_sp_PCC_7407
k__Bacteria,p__Cyanobacteria,c__Cyanobacteria_noname,o__Oscillatoriales,f__Oscillatoriales_noname,g__Oscillatoriales_noname,s__Oscillatoriales_cyanobacterium_JSC_12
k__Bacteria,p__Cyanobacteria,c__Cyanobacteria_noname,o__Oscillatoriales,f__Oscillatoriales_noname,g__Leptolyngbya,s__Leptolyngbya_boryana
k__Bacteria,p__Cyanobacteria,c__Cyanobacteria_noname,o__Chroococcales,f__Chroococcales_noname,g__Chamaesiphon,s__Chamaesiphon_minutus
k__Bacteria,p__Cyanobacteria,c__Cyanobacteria_noname,o__Chroococcales,f__Chroococcales_noname,g__Rubidibacter,s__Rubidibacter_lacunae
k__Bacteria,p__Cyanobacteria,c__Cyanobacteria_noname,o__Chroococcales,f__Chroococcales_noname,g__Dactylococcopsis,s__Dactylococcopsis_salina
k__Bacteria,p__Cyanobacteria,c__Cyanobacteria_noname,o__Chroococcales,f__Chroococcales_noname,g__Halothece,s__Halothece_sp_PCC_7418
k__Bacteria,p__Cyanobacteria,c__Cyanobacteria_noname,o__Oscillatoriales,f__Oscillatoriales_noname,g__Spirulina,s__Spirulina_subsalsa
k__Bacteria,p__Cyanobacteria,c__Cyanobacteria_noname,o__Pleurocapsales,f__Pleurocapsales_noname,g__Stanieria,s__Stanieria_cyanosphaera
k__Bacteria,p__Cyanobacteria,c__Cyanobacteria_noname,o__Pleurocapsales,f__Pleurocapsales_noname,g__Xenococcus,s__Xenococcus_sp_PCC_7305
k__Bacteria,p__Cyanobacteria,c__Cyanobacteria_noname,o__Pleurocapsales,f__Pleurocapsales_noname,g__Pleurocapsa,s__Pleurocapsa_sp_PCC_7319
k__Bacteria,p__Cyanobacteria,c__Cyanobacteria_noname,o__Chroococcales,f__Chroococcales_noname,g__Synechococcus,s__Synechococcus_sp_PCC_7002
k__Bacteria,p__Cyanobacteria,c__Cyanobacteria_noname,o__Oscillatoriales,f__Oscillatoriales_noname,g__Leptolyngbya,s__Leptolyngbya_sp_PCC_7376
k__Bacteria,p__Cyanobacteria,c__Cyanobacteria_noname,o__Chroococcales,f__Chroococcales_noname,g__Cyanobacterium,s__Cyanobacterium_stanieri
k__Bacteria,p__Cyanobacteria,c__Cyanobacteria_noname,o__Chroococcales,f__Chroococcales_noname,g__Cyanobacterium,s__Cyanobacterium_aponinum
k__Bacteria,p__Cyanobacteria,c__Cyanobacteria_noname,o__Chroococcales,f__Chroococcales_noname,g__Geminocystis,s__Geminocystis_herdmanii
k__Bacteria,p__Cyanobacteria,c__Cyanobacteria_noname,o__Chroococcales,f__Chroococcales_noname,g__Gloeocapsa,s__Gloeocapsa_sp_PCC_73106
k__Bacteria,p__Cyanobacteria,c__Cyanobacteria_noname,o__Pleurocapsales,f__Pleurocapsales_noname,g__Pleurocapsa,s__Pleurocapsa_minor
k__Bacteria,p__Cyanobacteria,c__Cyanobacteria_noname,o__Chroococcales,f__Chroococcales_noname,g__Microcystis,s__Microcystis_aeruginosa
k__Bacteria,p__Cyanobacteria,c__Cyanobacteria_noname,o__Chroococcales,f__Chroococcales_noname,g__Microcystis,s__Microcystis_sp_T1_4
k__Bacteria,p__Cyanobacteria,c__Cyanobacteria_noname,o__Chroococcales,f__Chroococcales_noname,g__Cyanothece,s__Cyanothece_sp_PCC_7424
k__Bacteria,p__Cyanobacteria,c__Cyanobacteria_noname,o__Chroococcales,f__Chroococcales_noname,g__Cyanothece,s__Cyanothece_sp_PCC_7822
k__Bacteria,p__Cyanobacteria,c__Cyanobacteria_noname,o__Chroococcales,f__Chroococcales_noname,g__Synechocystis,s__Synechocystis_sp_PCC_6803
k__Bacteria,p__Cyanobacteria,c__Cyanobacteria_noname,o__Chroococcales,f__Chroococcales_noname,g__Cyanothece,s__Cyanothece_sp_PCC_8801
k__Bacteria,p__Cyanobacteria,c__Cyanobacteria_noname,o__Chroococcales,f__Chroococcales_noname,g__Cyanothece,s__Cyanothece_sp_PCC_8802
k__Bacteria,p__Cyanobacteria,c__Cyanobacteria_noname,o__Chroococcales,f__Chroococcales_noname,g__Crocosphaera,s__Crocosphaera_watsonii
k__Bacteria,p__Cyanobacteria,c__Cyanobacteria_noname,o__Chroococcales,f__Chroococcales_noname,g__Cyanothece,s__Cyanothece_sp_CCY0110
k__Bacteria,p__Cyanobacteria,c__Cyanobacteria_noname,o__Chroococcales,f__Chroococcales_noname,g__Cyanothece,s__Cyanothece_sp_ATCC_51142
k__Bacteria,p__Cyanobacteria,c__Cyanobacteria_noname,o__Chroococcales,f__Chroococcales_noname,g__Cyanothece,s__Cyanothece_sp_ATCC_51472
k__Bacteria,p__Cyanobacteria,c__Cyanobacteria_noname,o__Oscillatoriales,f__Oscillatoriales_noname,g__Crinalium,s__Crinalium_epipsammum
k__Bacteria,p__Cyanobacteria,c__Cyanobacteria_noname,o__Oscillatoriales,f__Oscillatoriales_noname,g__Microcoleus,s__Microcoleus_sp_PCC_7113
k__Bacteria,p__Cyanobacteria,c__Cyanobacteria_noname,o__Oscillatoriales,f__Oscillatoriales_noname,g__Coleofasciculus,s__Coleofasciculus_chthonoplastes
k__Bacteria,p__Cyanobacteria,c__Cyanobacteria_noname,o__Oscillatoriales,f__Oscillatoriales_noname,g__Moorea,s__Moorea_producens
k__Bacteria,p__Cyanobacteria,c__Cyanobacteria_noname,o__Oscillatoriales,f__Oscillatoriales_noname,g__Oscillatoria,s__Oscillatoria_acuminata
k__Bacteria,p__Cyanobacteria,c__Cyanobacteria_noname,o__Oscillatoriales,f__Oscillatoriales_noname,g__Oscillatoria,s__Oscillatoria_sp_PCC_10802
k__Bacteria,p__Cyanobacteria,c__Cyanobacteria_noname,o__Oscillatoriales,f__Oscillatoriales_noname,g__Oscillatoria,s__Oscillatoria_sp_PCC_6506
k__Bacteria,p__Cyanobacteria,c__Cyanobacteria_noname,o__Oscillatoriales,f__Oscillatoriales_noname,g__Oscillatoria,s__Oscillatoria_formosa
k__Bacteria,p__Cyanobacteria,c__Cyanobacteria_noname,o__Oscillatoriales,f__Oscillatoriales_noname,g__Microcoleus,s__Microcoleus_vaginatus
k__Bacteria,p__Cyanobacteria,c__Cyanobacteria_noname,o__Oscillatoriales,f__Oscillatoriales_noname,g__Oscillatoria,s__Oscillatoria_nigro_viridis
k__Bacteria,p__Cyanobacteria,c__Cyanobacteria_noname,o__Oscillatoriales,f__Oscillatoriales_noname,g__Trichodesmium,s__Trichodesmium_erythraeum
k__Bacteria,p__Cyanobacteria,c__Cyanobacteria_noname,o__Oscillatoriales,f__Oscillatoriales_noname,g__Lyngbya,s__Lyngbya_sp_PCC_8106
k__Bacteria,p__Cyanobacteria,c__Cyanobacteria_noname,o__Oscillatoriales,f__Oscillatoriales_noname,g__Lyngbya,s__Lyngbya_aestuarii
k__Bacteria,p__Cyanobacteria,c__Cyanobacteria_noname,o__Oscillatoriales,f__Oscillatoriales_noname,g__Arthrospira,s__Arthrospira_platensis
k__Bacteria,p__Cyanobacteria,c__Cyanobacteria_noname,o__Oscillatoriales,f__Oscillatoriales_noname,g__Arthrospira,s__Arthrospira_maxima
k__Bacteria,p__Cyanobacteria,c__Cyanobacteria_noname,o__Oscillatoriales,f__Oscillatoriales_noname,g__Arthrospira,s__Arthrospira_sp_PCC_8005
k__Bacteria,p__Cyanobacteria,c__Cyanobacteria_noname,o__Pleurocapsales,f__Pleurocapsales_noname,g__Chroococcidiopsis,s__Chroococcidiopsis_thermalis
k__Bacteria,p__Cyanobacteria,c__Cyanobacteria_noname,o__Chroococcales,f__Chroococcales_noname,g__Gloeocapsa,s__Gloeocapsa_sp_PCC_7428
k__Bacteria,p__Cyanobacteria,c__Cyanobacteria_noname,o__Chroococcales,f__Chroococcales_noname,g__Synechocystis,s__Synechocystis_sp_PCC_7509
k__Bacteria,p__Cyanobacteria,c__Cyanobacteria_noname,o__Nostocales,f__Nostocaceae,g__Richelia,s__Richelia_intracellularis
k__Bacteria,p__Cyanobacteria,c__Cyanobacteria_noname,o__Stigonematales,f__Stigonematales_noname,g__Mastigocladopsis,s__Mastigocladopsis_repens
k__Bacteria,p__Cyanobacteria,c__Cyanobacteria_noname,o__Nostocales,f__Scytonemataceae,g__Scytonema,s__Scytonema_hofmanni
k__Bacteria,p__Cyanobacteria,c__Cyanobacteria_noname,o__Stigonematales,f__Stigonematales_noname,g__Chlorogloeopsis,s__Chlorogloeopsis_sp_PCC_9212
k__Bacteria,p__Cyanobacteria,c__Cyanobacteria_noname,o__Stigonematales,f__Stigonematales_noname,g__Chlorogloeopsis,s__Chlorogloeopsis_fritschii
k__Bacteria,p__Cyanobacteria,c__Cyanobacteria_noname,o__Stigonematales,f__Stigonematales_noname,g__Fischerella,s__Fischerella_sp_PCC_9339
k__Bacteria,p__Cyanobacteria,c__Cyanobacteria_noname,o__Stigonematales,f__Stigonematales_noname,g__Fischerella,s__Fischerella_muscicola
k__Bacteria,p__Cyanobacteria,c__Cyanobacteria_noname,o__Stigonematales,f__Stigonematales_noname,g__Fischerella,s__Fischerella_sp_JSC_11
k__Bacteria,p__Cyanobacteria,c__Cyanobacteria_noname,o__Stigonematales,f__Stigonematales_noname,g__Fischerella,s__Fischerella_thermalis
k__Bacteria,p__Cyanobacteria,c__Cyanobacteria_noname,o__Nostocales,f__Rivulariaceae,g__Rivularia,s__Rivularia_sp_PCC_7116
k__Bacteria,p__Cyanobacteria,c__Cyanobacteria_noname,o__Nostocales,f__Rivulariaceae,g__Calothrix,s__Calothrix_parietina
k__Bacteria,p__Cyanobacteria,c__Cyanobacteria_noname,o__Nostocales,f__Rivulariaceae,g__Calothrix,s__Calothrix_sp_PCC_7103
k__Bacteria,p__Cyanobacteria,c__Cyanobacteria_noname,o__Nostocales,f__Nostocaceae,g__Nostoc,s__Nostoc_sp_PCC_7107
k__Bacteria,p__Cyanobacteria,c__Cyanobacteria_noname,o__Nostocales,f__Nostocaceae,g__Nostoc,s__Nostoc_sp_PCC_7524
k__Bacteria,p__Cyanobacteria,c__Cyanobacteria_noname,o__Nostocales,f__Nostocaceae,g__Nostoc,s__Nostoc_sp_PCC_7120
k__Bacteria,p__Cyanobacteria,c__Cyanobacteria_noname,o__Nostocales,f__Nostocaceae,g__Anabaena,s__Anabaena_variabilis
k__Bacteria,p__Cyanobacteria,c__Cyanobacteria_noname,o__Nostocales,f__Nostocaceae,g__Nostoc,s__Nostoc_punctiforme
k__Bacteria,p__Cyanobacteria,c__Cyanobacteria_noname,o__Nostocales,f__Rivulariaceae,g__Calothrix,s__Calothrix_sp_PCC_7507
k__Bacteria,p__Cyanobacteria,c__Cyanobacteria_noname,o__Nostocales,f__Microchaetaceae,g__Microchaete,s__Microchaete_sp_PCC_7126
k__Bacteria,p__Cyanobacteria,c__Cyanobacteria_noname,o__Nostocales,f__Nostocaceae,g__Nodularia,s__Nodularia_spumigena
k__Bacteria,p__Cyanobacteria,c__Cyanobacteria_noname,o__Nostocales,f__Nostocaceae,g__Cylindrospermum,s__Cylindrospermum_stagnale
k__Bacteria,p__Cyanobacteria,c__Cyanobacteria_noname,o__Nostocales,f__Nostocaceae,g__Anabaena,s__Anabaena_sp_90
k__Bacteria,p__Cyanobacteria,c__Cyanobacteria_noname,o__Nostocales,f__Nostocaceae,g__Anabaena,s__Anabaena_sp_PCC_7108
k__Bacteria,p__Cyanobacteria,c__Cyanobacteria_noname,o__Nostocales,f__Nostocaceae,g__Trichormus,s__Trichormus_azollae
k__Bacteria,p__Cyanobacteria,c__Cyanobacteria_noname,o__Nostocales,f__Nostocaceae,g__Cylindrospermopsis,s__Cylindrospermopsis_raciborskii
k__Bacteria,p__Cyanobacteria,c__Cyanobacteria_noname,o__Nostocales,f__Nostocaceae,g__Raphidiopsis,s__Raphidiopsis_brookii
k__Bacteria,p__Actinobacteria,c__Actinobacteria,o__Coriobacteriales,f__Coriobacteriaceae,g__Slackia,s__Slackia_piriformis
k__Bacteria,p__Actinobacteria,c__Actinobacteria,o__Coriobacteriales,f__Coriobacteriaceae,g__Slackia,s__Slackia_heliotrinireducens
k__Bacteria,p__Actinobacteria,c__Actinobacteria,o__Coriobacteriales,f__Coriobacteriaceae,g__Slackia,s__Slackia_exigua
k__Bacteria,p__Actinobacteria,c__Actinobacteria,o__Coriobacteriales,f__Coriobacteriaceae,g__Slackia,s__Slackia_sp_CM382
k__Bacteria,p__Actinobacteria,c__Actinobacteria,o__Coriobacteriales,f__Coriobacteriaceae,g__Cryptobacterium,s__Cryptobacterium_curtum
k__Bacteria,p__Actinobacteria,c__Actinobacteria,o__Coriobacteriales,f__Coriobacteriaceae,g__Enterorhabdus,s__Enterorhabdus_caecimuris
k__Bacteria,p__Actinobacteria,c__Actinobacteria,o__Coriobacteriales,f__Coriobacteriaceae,g__Adlercreutzia,s__Adlercreutzia_equolifaciens
k__Bacteria,p__Actinobacteria,c__Actinobacteria,o__Coriobacteriales,f__Coriobacteriaceae,g__Eggerthella,s__Eggerthella_sp_YY7918
k__Bacteria,p__Actinobacteria,c__Actinobacteria,o__Coriobacteriales,f__Coriobacteriaceae,g__Gordonibacter,s__Gordonibacter_pamelaeae
k__Bacteria,p__Actinobacteria,c__Actinobacteria,o__Coriobacteriales,f__Coriobacteriaceae,g__Eggerthella,s__Eggerthella_sp_HGA1
k__Bacteria,p__Actinobacteria,c__Actinobacteria,o__Coriobacteriales,f__Coriobacteriaceae,g__Eggerthella,s__Eggerthella_lenta
k__Bacteria,p__Actinobacteria,c__Actinobacteria,o__Coriobacteriales,f__Coriobacteriaceae,g__Eggerthella,s__Eggerthella_sp_1_3_56FAA
k__Bacteria,p__Actinobacteria,c__Actinobacteria,o__Coriobacteriales,f__Coriobacteriaceae,g__Coriobacterium,s__Coriobacterium_glomerans
k__Bacteria,p__Actinobacteria,c__Actinobacteria,o__Coriobacteriales,f__Coriobacteriaceae,g__Coriobacteriaceae_noname,s__Coriobacteriaceae_bacterium_phI
k__Bacteria,p__Actinobacteria,c__Actinobacteria,o__Coriobacteriales,f__Coriobacteriaceae,g__Collinsella,s__Collinsella_sp_GD3
k__Bacteria,p__Actinobacteria,c__Actinobacteria,o__Coriobacteriales,f__Coriobacteriaceae,g__Collinsella,s__Collinsella_aerofaciens
k__Bacteria,p__Actinobacteria,c__Actinobacteria,o__Coriobacteriales,f__Coriobacteriaceae,g__Collinsella,s__Collinsella_tanakaei
k__Bacteria,p__Actinobacteria,c__Actinobacteria,o__Coriobacteriales,f__Coriobacteriaceae,g__Collinsella,s__Collinsella_intestinalis
k__Bacteria,p__Actinobacteria,c__Actinobacteria,o__Coriobacteriales,f__Coriobacteriaceae,g__Collinsella,s__Collinsella_stercoris
k__Bacteria,p__Actinobacteria,c__Actinobacteria,o__Coriobacteriales,f__Coriobacteriaceae,g__Atopobium,s__Atopobium_minutum
k__Bacteria,p__Actinobacteria,c__Actinobacteria,o__Coriobacteriales,f__Coriobacteriaceae,g__Atopobium,s__Atopobium_sp_BV3Ac4
k__Bacteria,p__Actinobacteria,c__Actinobacteria,o__Coriobacteriales,f__Coriobacteriaceae,g__Atopobium,s__Atopobium_parvulum
k__Bacteria,p__Actinobacteria,c__Actinobacteria,o__Coriobacteriales,f__Coriobacteriaceae,g__Atopobium,s__Atopobium_rimae
k__Bacteria,p__Actinobacteria,c__Actinobacteria,o__Coriobacteriales,f__Coriobacteriaceae,g__Atopobium,s__Atopobium_sp_oral_taxon_199
k__Bacteria,p__Actinobacteria,c__Actinobacteria,o__Coriobacteriales,f__Coriobacteriaceae,g__Atopobium,s__Atopobium_sp_oral_taxon_810
k__Bacteria,p__Actinobacteria,c__Actinobacteria,o__Coriobacteriales,f__Coriobacteriaceae,g__Coriobacteriaceae_noname,s__Coriobacteriaceae_bacterium_BV3Ac1
k__Bacteria,p__Actinobacteria,c__Actinobacteria,o__Coriobacteriales,f__Coriobacteriaceae,g__Atopobium,s__Atopobium_vaginae
k__Bacteria,p__Actinobacteria,c__Actinobacteria,o__Coriobacteriales,f__Coriobacteriaceae,g__Olsenella,s__Olsenella_uli
k__Bacteria,p__Actinobacteria,c__Actinobacteria,o__Coriobacteriales,f__Coriobacteriaceae,g__Olsenella,s__Olsenella_sp_oral_taxon_809
k__Bacteria,p__Actinobacteria,c__Actinobacteria,o__Coriobacteriales,f__Coriobacteriaceae,g__Olsenella,s__Olsenella_profusa
k__Bacteria,p__Actinobacteria,c__Actinobacteria,o__Rubrobacterales,f__Rubrobacteraceae,g__Rubrobacter,s__Rubrobacter_xylanophilus
k__Bacteria,p__Actinobacteria,c__Actinobacteria,o__Solirubrobacterales,f__Conexibacteraceae,g__Conexibacter,s__Conexibacter_woesei
k__Bacteria,p__Actinobacteria,c__Actinobacteria,o__Solirubrobacterales,f__Patulibacteraceae,g__Patulibacter,s__Patulibacter_medicamentivorans
k__Bacteria,p__Actinobacteria,c__Actinobacteria,o__Solirubrobacterales,f__Patulibacteraceae,g__Patulibacter,s__Patulibacter_americanus
k__Bacteria,p__Actinobacteria,c__Actinobacteria,o__Acidimicrobiales,f__Acidimicrobiaceae,g__Acidimicrobium,s__Acidimicrobium_ferrooxidans
k__Bacteria,p__Actinobacteria,c__Actinobacteria,o__Acidimicrobiales,f__Acidimicrobiaceae,g__Ilumatobacter,s__Ilumatobacter_coccineus
k__Bacteria,p__Actinobacteria,c__Actinobacteria,o__Actinomycetales,f__Microbacteriaceae,g__Candidatus_Aquiluna,s__Candidatus_Aquiluna_sp_IMCC13023
k__Bacteria,p__Actinobacteria,c__Actinobacteria,o__Actinomycetales,f__Actinomycetales_noname,g__Tropheryma,s__Tropheryma_whipplei
k__Bacteria,p__Actinobacteria,c__Actinobacteria,o__Actinomycetales,f__Microbacteriaceae,g__Agrococcus,s__Agrococcus_pavilionensis
k__Bacteria,p__Actinobacteria,c__Actinobacteria,o__Actinomycetales,f__Microbacteriaceae,g__Pseudoclavibacter,s__Pseudoclavibacter_faecalis
k__Bacteria,p__Actinobacteria,c__Actinobacteria,o__Actinomycetales,f__Microbacteriaceae,g__Leucobacter,s__Leucobacter_salsicius
k__Bacteria,p__Actinobacteria,c__Actinobacteria,o__Actinomycetales,f__Microbacteriaceae,g__Leucobacter,s__Leucobacter_chromiiresistens
k__Bacteria,p__Actinobacteria,c__Actinobacteria,o__Actinomycetales,f__Microbacteriaceae,g__Leucobacter,s__Leucobacter_sp_UCD_THU
k__Bacteria,p__Actinobacteria,c__Actinobacteria,o__Actinomycetales,f__Microbacteriaceae,g__Microbacterium,s__Microbacterium_barkeri
k__Bacteria,p__Actinobacteria,c__Actinobacteria,o__Actinomycetales,f__Microbacteriaceae,g__Microbacterium,s__Microbacterium_sp_UCD_TDU
k__Bacteria,p__Actinobacteria,c__Actinobacteria,o__Actinomycetales,f__Microbacteriaceae,g__Microbacterium,s__Microbacterium_maritypicum
k__Bacteria,p__Actinobacteria,c__Actinobacteria,o__Actinomycetales,f__Microbacteriaceae,g__Microbacterium,s__Microbacterium_testaceum
k__Bacteria,p__Actinobacteria,c__Actinobacteria,o__Actinomycetales,f__Microbacteriaceae,g__Microbacterium,s__Microbacterium_sp_B19
k__Bacteria,p__Actinobacteria,c__Actinobacteria,o__Actinomycetales,f__Microbacteriaceae,g__Microbacterium,s__Microbacterium_yannicii
k__Bacteria,p__Actinobacteria,c__Actinobacteria,o__Actinomycetales,f__Microbacteriaceae,g__Microbacterium,s__Microbacterium_sp_292MF
k__Bacteria,p__Actinobacteria,c__Actinobacteria,o__Actinomycetales,f__Microbacteriaceae,g__Microbacterium,s__Microbacterium_sp_TS_1
k__Bacteria,p__Actinobacteria,c__Actinobacteria,o__Actinomycetales,f__Microbacteriaceae,g__Microbacterium,s__Microbacterium_paraoxydans
k__Bacteria,p__Actinobacteria,c__Actinobacteria,o__Actinomycetales,f__Microbacteriaceae,g__Microbacterium,s__Microbacterium_sp_11MF
k__Bacteria,p__Actinobacteria,c__Actinobacteria,o__Actinomycetales,f__Microbacteriaceae,g__Microbacterium,s__Microbacterium_laevaniformans
k__Bacteria,p__Actinobacteria,c__Actinobacteria,o__Actinomycetales,f__Microbacteriaceae,g__Microbacterium,s__Microbacterium_sp_oral_taxon_186
k__Bacteria,p__Actinobacteria,c__Actinobacteria,o__Actinomycetales,f__Microbacteriaceae,g__Curtobacterium,s__Curtobacterium_flaccumfaciens
k__Bacteria,p__Actinobacteria,c__Actinobacteria,o__Actinomycetales,f__Microbacteriaceae,g__Curtobacterium,s__Curtobacterium_sp_B8
k__Bacteria,p__Actinobacteria,c__Actinobacteria,o__Actinomycetales,f__Microbacteriaceae,g__Curtobacterium,s__Curtobacterium_sp_B18
k__Bacteria,p__Actinobacteria,c__Actinobacteria,o__Actinomycetales,f__Microbacteriaceae,g__Clavibacter,s__Clavibacter_michiganensis
k__Bacteria,p__Actinobacteria,c__Actinobacteria,o__Actinomycetales,f__Microbacteriaceae,g__Leifsonia,s__Leifsonia_rubra
k__Bacteria,p__Actinobacteria,c__Actinobacteria,o__Actinobacteria_noname,f__Actinobacteria_noname,g__Actinobacteria_noname,s__marine_actinobacterium_PHSC20C1
k__Bacteria,p__Actinobacteria,c__Actinobacteria,o__Actinomycetales,f__Microbacteriaceae,g__Salinibacterium,s__Salinibacterium_sp_PAMC_21357
k__Bacteria,p__Actinobacteria,c__Actinobacteria,o__Actinomycetales,f__Microbacteriaceae,g__Glaciibacter,s__Glaciibacter_superstes
k__Bacteria,p__Actinobacteria,c__Actinobacteria,o__Actinomycetales,f__Microbacteriaceae,g__Agromyces,s__Agromyces_italicus
k__Bacteria,p__Actinobacteria,c__Actinobacteria,o__Actinomycetales,f__Microbacteriaceae,g__Agromyces,s__Agromyces_subbeticus
k__Bacteria,p__Actinobacteria,c__Actinobacteria,o__Actinomycetales,f__Microbacteriaceae,g__Curtobacterium,s__Curtobacterium_ginsengisoli
k__Bacteria,p__Actinobacteria,c__Actinobacteria,o__Actinomycetales,f__Microbacteriaceae,g__Humibacter,s__Humibacter_albus
k__Bacteria,p__Actinobacteria,c__Actinobacteria,o__Actinomycetales,f__Microbacteriaceae,g__Leifsonia,s__Leifsonia_sp_109
k__Bacteria,p__Actinobacteria,c__Actinobacteria,o__Actinomycetales,f__Microbacteriaceae,g__Cryocola,s__Cryocola_sp_340MFSha3_1
k__Bacteria,p__Actinobacteria,c__Actinobacteria,o__Actinomycetales,f__Microbacteriaceae,g__Leifsonia,s__Leifsonia_aquatica
k__Bacteria,p__Actinobacteria,c__Actinobacteria,o__Actinomycetales,f__Microbacteriaceae,g__Leifsonia,s__Leifsonia_xyli
k__Bacteria,p__Actinobacteria,c__Actinobacteria,o__Actinomycetales,f__Brevibacteriaceae,g__Brevibacterium,s__Brevibacterium_linens
k__Bacteria,p__Actinobacteria,c__Actinobacteria,o__Actinomycetales,f__Brevibacteriaceae,g__Brevibacterium,s__Brevibacterium_casei
k__Bacteria,p__Actinobacteria,c__Actinobacteria,o__Actinomycetales,f__Brevibacteriaceae,g__Brevibacterium,s__Brevibacterium_sp_JC43
k__Bacteria,p__Actinobacteria,c__Actinobacteria,o__Actinomycetales,f__Brevibacteriaceae,g__Brevibacterium,s__Brevibacterium_mcbrellneri
k__Bacteria,p__Actinobacteria,c__Actinobacteria,o__Actinomycetales,f__Brevibacteriaceae,g__Brevibacterium,s__Brevibacterium_massiliense
k__Bacteria,p__Actinobacteria,c__Actinobacteria,o__Actinomycetales,f__Micrococcaceae,g__Rothia,s__Rothia_mucilaginosa
k__Bacteria,p__Actinobacteria,c__Actinobacteria,o__Actinomycetales,f__Micrococcaceae,g__Rothia,s__Rothia_dentocariosa
k__Bacteria,p__Actinobacteria,c__Actinobacteria,o__Actinomycetales,f__Micrococcaceae,g__Rothia,s__Rothia_aeria
k__Bacteria,p__Actinobacteria,c__Actinobacteria,o__Actinomycetales,f__Micrococcaceae,g__Kocuria,s__Kocuria_sp_UCD_OTCP
k__Bacteria,p__Actinobacteria,c__Actinobacteria,o__Actinomycetales,f__Micrococcaceae,g__Kocuria,s__Kocuria_rhizophila
k__Bacteria,p__Actinobacteria,c__Actinobacteria,o__Actinomycetales,f__Micrococcaceae,g__Kocuria,s__Kocuria_atrinae
k__Bacteria,p__Actinobacteria,c__Actinobacteria,o__Actinomycetales,f__Micrococcaceae,g__Nesterenkonia,s__Nesterenkonia_sp_F
k__Bacteria,p__Actinobacteria,c__Actinobacteria,o__Actinomycetales,f__Micrococcaceae,g__Nesterenkonia,s__Nesterenkonia_alba
k__Bacteria,p__Actinobacteria,c__Actinobacteria,o__Actinomycetales,f__Micrococcaceae,g__Yaniella,s__Yaniella_halotolerans
k__Bacteria,p__Actinobacteria,c__Actinobacteria,o__Actinomycetales,f__Micrococcaceae,g__Micrococcus,s__Micrococcus_luteus
k__Bacteria,p__Actinobacteria,c__Actinobacteria,o__Actinomycetales,f__Micrococcaceae,g__Citricoccus,s__Citricoccus_sp_CH26A
k__Bacteria,p__Actinobacteria,c__Actinobacteria,o__Actinomycetales,f__Micrococcaceae,g__Arthrobacter,s__Arthrobacter_gangotriensis
k__Bacteria,p__Actinobacteria,c__Actinobacteria,o__Actinomycetales,f__Micrococcaceae,g__Arthrobacter,s__Arthrobacter_arilaitensis
k__Bacteria,p__Actinobacteria,c__Actinobacteria,o__Actinomycetales,f__Micrococcaceae,g__Arthrobacter,s__Arthrobacter_sp_PAO19
k__Bacteria,p__Actinobacteria,c__Actinobacteria,o__Actinomycetales,f__Micrococcaceae,g__Arthrobacter,s__Arthrobacter_crystallopoietes
k__Bacteria,p__Actinobacteria,c__Actinobacteria,o__Actinomycetales,f__Micrococcaceae,g__Arthrobacter,s__Arthrobacter_sp_TB_23
k__Bacteria,p__Actinobacteria,c__Actinobacteria,o__Actinomycetales,f__Micrococcaceae,g__Renibacterium,s__Renibacterium_salmoninarum
k__Bacteria,p__Actinobacteria,c__Actinobacteria,o__Actinomycetales,f__Micrococcaceae,g__Acaricomes,s__Acaricomes_phytoseiuli
k__Bacteria,p__Actinobacteria,c__Actinobacteria,o__Actinomycetales,f__Micrococcaceae,g__Arthrobacter,s__Arthrobacter_sp_AK_YN10
k__Bacteria,p__Actinobacteria,c__Actinobacteria,o__Actinomycetales,f__Micrococcaceae,g__Arthrobacter,s__Arthrobacter_sp_161MFSha2_1
k__Bacteria,p__Actinobacteria,c__Actinobacteria,o__Actinomycetales,f__Micrococcaceae,g__Arthrobacter,s__Arthrobacter_sp_M2012083
k__Bacteria,p__Actinobacteria,c__Actinobacteria,o__Actinomycetales,f__Micrococcaceae,g__Arthrobacter,s__Arthrobacter_aurescens
k__Bacteria,p__Actinobacteria,c__Actinobacteria,o__Actinomycetales,f__Micrococcaceae,g__Arthrobacter,s__Arthrobacter_sp_Rue61a
k__Bacteria,p__Actinobacteria,c__Actinobacteria,o__Actinomycetales,f__Micrococcaceae,g__Arthrobacter,s__Arthrobacter_globiformis
k__Bacteria,p__Actinobacteria,c__Actinobacteria,o__Actinomycetales,f__Micrococcaceae,g__Arthrobacter,s__Arthrobacter_sp_FB24
k__Bacteria,p__Actinobacteria,c__Actinobacteria,o__Actinomycetales,f__Micrococcaceae,g__Arthrobacter,s__Arthrobacter_sp_131MFCol6_1
k__Bacteria,p__Actinobacteria,c__Actinobacteria,o__Actinomycetales,f__Micrococcaceae,g__Arthrobacter,s__Arthrobacter_sp_SJCon
k__Bacteria,p__Actinobacteria,c__Actinobacteria,o__Actinomycetales,f__Micrococcaceae,g__Arthrobacter,s__Arthrobacter_phenanthrenivorans
k__Bacteria,p__Actinobacteria,c__Actinobacteria,o__Actinomycetales,f__Micrococcaceae,g__Arthrobacter,s__Arthrobacter_chlorophenolicus
k__Bacteria,p__Actinobacteria,c__Actinobacteria,o__Actinomycetales,f__Micrococcaceae,g__Arthrobacter,s__Arthrobacter_sp_135MFCol5_1
k__Bacteria,p__Actinobacteria,c__Actinobacteria,o__Actinomycetales,f__Micrococcaceae,g__Arthrobacter,s__Arthrobacter_sp_162MFSha1_1
k__Bacteria,p__Actinobacteria,c__Actinobacteria,o__Actinomycetales,f__Beutenbergiaceae,g__Beutenbergia,s__Beutenbergia_cavernae
k__Bacteria,p__Actinobacteria,c__Actinobacteria,o__Actinomycetales,f__Ruaniaceae,g__Ruania,s__Ruania_albidiflava
k__Bacteria,p__Actinobacteria,c__Actinobacteria,o__Actinomycetales,f__Cellulomonadaceae,g__Cellulomonas,s__Cellulomonas_flavigena
k__Bacteria,p__Actinobacteria,c__Actinobacteria,o__Actinomycetales,f__Cellulomonadaceae,g__Cellulomonas,s__Cellvibrio_gilvus
k__Bacteria,p__Actinobacteria,c__Actinobacteria,o__Actinomycetales,f__Cellulomonadaceae,g__Cellulomonas,s__Cellulomonas_fimi
k__Bacteria,p__Actinobacteria,c__Actinobacteria,o__Actinomycetales,f__Cellulomonadaceae,g__Cellulomonas,s__Cellulomonas_sp_JC225
k__Bacteria,p__Actinobacteria,c__Actinobacteria,o__Actinomycetales,f__Promicromonosporaceae,g__Xylanimonas,s__Xylanimonas_cellulosilytica
k__Bacteria,p__Actinobacteria,c__Actinobacteria,o__Actinomycetales,f__Promicromonosporaceae,g__Isoptericola,s__Isoptericola_variabilis
k__Bacteria,p__Actinobacteria,c__Actinobacteria,o__Actinomycetales,f__Promicromonosporaceae,g__Promicromonospora,s__Promicromonospora_sukumoe
k__Bacteria,p__Actinobacteria,c__Actinobacteria,o__Actinomycetales,f__Sanguibacteraceae,g__Sanguibacter,s__Sanguibacter_keddieii
k__Bacteria,p__Actinobacteria,c__Actinobacteria,o__Actinomycetales,f__Jonesiaceae,g__Jonesia,s__Jonesia_denitrificans
k__Bacteria,p__Actinobacteria,c__Actinobacteria,o__Actinomycetales,f__Sanguibacteraceae,g__Sanguibacter,s__Sanguibacter_sp_JC301
k__Bacteria,p__Actinobacteria,c__Actinobacteria,o__Actinomycetales,f__Dermabacteraceae,g__Dermabacter,s__Dermabacter_sp_HFH0086
k__Bacteria,p__Actinobacteria,c__Actinobacteria,o__Actinomycetales,f__Dermabacteraceae,g__Brachybacterium,s__Brachybacterium_muris
k__Bacteria,p__Actinobacteria,c__Actinobacteria,o__Actinomycetales,f__Dermabacteraceae,g__Brachybacterium,s__Brachybacterium_squillarum
k__Bacteria,p__Actinobacteria,c__Actinobacteria,o__Actinomycetales,f__Dermabacteraceae,g__Brachybacterium,s__Brachybacterium_faecium
k__Bacteria,p__Actinobacteria,c__Actinobacteria,o__Actinomycetales,f__Dermabacteraceae,g__Brachybacterium,s__Brachybacterium_paraconglomeratum
k__Bacteria,p__Actinobacteria,c__Actinobacteria,o__Bifidobacteriales,f__Bifidobacteriaceae,g__Metascardovia,s__Metascardovia_criceti
k__Bacteria,p__Actinobacteria,c__Actinobacteria,o__Bifidobacteriales,f__Bifidobacteriaceae,g__Alloscardovia,s__Alloscardovia_omnicolens
k__Bacteria,p__Actinobacteria,c__Actinobacteria,o__Bifidobacteriales,f__Bifidobacteriaceae,g__Parascardovia,s__Parascardovia_denticolens
k__Bacteria,p__Actinobacteria,c__Actinobacteria,o__Bifidobacteriales,f__Bifidobacteriaceae,g__Scardovia,s__Scardovia_inopinata
k__Bacteria,p__Actinobacteria,c__Actinobacteria,o__Bifidobacteriales,f__Bifidobacteriaceae,g__Scardovia,s__Scardovia_wiggsiae
k__Bacteria,p__Actinobacteria,c__Actinobacteria,o__Bifidobacteriales,f__Bifidobacteriaceae,g__Bifidobacterium,s__Bifidobacterium_asteroides
k__Bacteria,p__Actinobacteria,c__Actinobacteria,o__Bifidobacteriales,f__Bifidobacteriaceae,g__Gardnerella,s__Gardnerella_vaginalis
k__Bacteria,p__Actinobacteria,c__Actinobacteria,o__Bifidobacteriales,f__Bifidobacteriaceae,g__Bifidobacterium,s__Bifidobacterium_thermophilum
k__Bacteria,p__Actinobacteria,c__Actinobacteria,o__Bifidobacteriales,f__Bifidobacteriaceae,g__Bifidobacterium,s__Bifidobacterium_minimum
k__Bacteria,p__Actinobacteria,c__Actinobacteria,o__Bifidobacteriales,f__Bifidobacteriaceae,g__Bifidobacterium,s__Bifidobacterium_animalis
k__Bacteria,p__Actinobacteria,c__Actinobacteria,o__Bifidobacteriales,f__Bifidobacteriaceae,g__Bifidobacterium,s__Bifidobacterium_pseudolongum
k__Bacteria,p__Actinobacteria,c__Actinobacteria,o__Bifidobacteriales,f__Bifidobacteriaceae,g__Bifidobacterium,s__Bifidobacterium_gallicum
k__Bacteria,p__Actinobacteria,c__Actinobacteria,o__Bifidobacteriales,f__Bifidobacteriaceae,g__Bifidobacterium,s__Bifidobacterium_magnum
k__Bacteria,p__Actinobacteria,c__Actinobacteria,o__Bifidobacteriales,f__Bifidobacteriaceae,g__Bifidobacterium,s__Bifidobacterium_bifidum
k__Bacteria,p__Actinobacteria,c__Actinobacteria,o__Bifidobacteriales,f__Bifidobacteriaceae,g__Bifidobacterium,s__Bifidobacterium_breve
k__Bacteria,p__Actinobacteria,c__Actinobacteria,o__Bifidobacteriales,f__Bifidobacteriaceae,g__Bifidobacterium,s__Bifidobacterium_longum
k__Bacteria,p__Actinobacteria,c__Actinobacteria,o__Bifidobacteriales,f__Bifidobacteriaceae,g__Bifidobacterium,s__Bifidobacterium_sp_12_1_47BFAA
k__Bacteria,p__Actinobacteria,c__Actinobacteria,o__Bifidobacteriales,f__Bifidobacteriaceae,g__Bifidobacterium,s__Bifidobacterium_angulatum
k__Bacteria,p__Actinobacteria,c__Actinobacteria,o__Bifidobacteriales,f__Bifidobacteriaceae,g__Bifidobacterium,s__Bifidobacterium_dentium
k__Bacteria,p__Actinobacteria,c__Actinobacteria,o__Bifidobacteriales,f__Bifidobacteriaceae,g__Bifidobacterium,s__Bifidobacterium_adolescentis
k__Bacteria,p__Actinobacteria,c__Actinobacteria,o__Bifidobacteriales,f__Bifidobacteriaceae,g__Bifidobacterium,s__Bifidobacterium_pseudocatenulatum
k__Bacteria,p__Actinobacteria,c__Actinobacteria,o__Bifidobacteriales,f__Bifidobacteriaceae,g__Bifidobacterium,s__Bifidobacterium_catenulatum
k__Bacteria,p__Actinobacteria,c__Actinobacteria,o__Actinomycetales,f__Actinomycetaceae,g__Arcanobacterium,s__Arcanobacterium_haemolyticum
k__Bacteria,p__Actinobacteria,c__Actinobacteria,o__Actinomycetales,f__Actinomycetaceae,g__Actinomyces,s__Actinomyces_sp_oral_taxon_848
k__Bacteria,p__Actinobacteria,c__Actinobacteria,o__Actinomycetales,f__Actinomycetaceae,g__Actinobaculum,s__Actinobaculum_sp_oral_taxon_183
k__Bacteria,p__Actinobacteria,c__Actinobacteria,o__Actinomycetales,f__Actinomycetaceae,g__Actinobaculum,s__Actinobaculum_massiliense
k__Bacteria,p__Actinobacteria,c__Actinobacteria,o__Actinomycetales,f__Actinomycetaceae,g__Actinobaculum,s__Actinobaculum_schaalii
k__Bacteria,p__Actinobacteria,c__Actinobacteria,o__Actinomycetales,f__Actinomycetaceae,g__Actinobaculum,s__Actinobaculum_urinale
k__Bacteria,p__Actinobacteria,c__Actinobacteria,o__Actinomycetales,f__Actinomycetaceae,g__Actinomyces,s__Actinomyces_graevenitzii
k__Bacteria,p__Actinobacteria,c__Actinobacteria,o__Actinomycetales,f__Actinomycetaceae,g__Actinomyces,s__Actinomyces_urogenitalis
k__Bacteria,p__Actinobacteria,c__Actinobacteria,o__Actinomycetales,f__Actinomycetaceae,g__Actinomyces,s__Actinomyces_sp_oral_taxon_448
k__Bacteria,p__Actinobacteria,c__Actinobacteria,o__Actinomycetales,f__Actinomycetaceae,g__Actinomyces,s__Actinomyces_massiliensis
k__Bacteria,p__Actinobacteria,c__Actinobacteria,o__Actinomycetales,f__Actinomycetaceae,g__Actinomyces,s__Actinomyces_timonensis
k__Bacteria,p__Actinobacteria,c__Actinobacteria,o__Actinomycetales,f__Actinomycetaceae,g__Actinomyces,s__Actinomyces_sp_oral_taxon_849
k__Bacteria,p__Actinobacteria,c__Actinobacteria,o__Actinomycetales,f__Actinomycetaceae,g__Actinomyces,s__Actinomyces_johnsonii
k__Bacteria,p__Actinobacteria,c__Actinobacteria,o__Actinomycetales,f__Actinomycetaceae,g__Actinomyces,s__Actinomyces_naeslundii
k__Bacteria,p__Actinobacteria,c__Actinobacteria,o__Actinomycetales,f__Actinomycetaceae,g__Actinomyces,s__Actinomyces_sp_oral_taxon_170
k__Bacteria,p__Actinobacteria,c__Actinobacteria,o__Actinomycetales,f__Actinomycetaceae,g__Actinomyces,s__Actinomyces_sp_oral_taxon_171
k__Bacteria,p__Actinobacteria,c__Actinobacteria,o__Actinomycetales,f__Actinomycetaceae,g__Actinomyces,s__Actinomyces_oris
k__Bacteria,p__Actinobacteria,c__Actinobacteria,o__Actinomycetales,f__Actinomycetaceae,g__Actinomyces,s__Actinomyces_viscosus
k__Bacteria,p__Actinobacteria,c__Actinobacteria,o__Actinomycetales,f__Actinomycetaceae,g__Actinomyces,s__Actinomyces_sp_oral_taxon_175
k__Bacteria,p__Actinobacteria,c__Actinobacteria,o__Actinomycetales,f__Actinomycetaceae,g__Actinomyces,s__Actinomyces_neuii
k__Bacteria,p__Actinobacteria,c__Actinobacteria,o__Actinomycetales,f__Actinomycetaceae,g__Varibaculum,s__Varibaculum_cambriense
k__Bacteria,p__Actinobacteria,c__Actinobacteria,o__Actinomycetales,f__Actinomycetaceae,g__Mobiluncus,s__Mobiluncus_mulieris
k__Bacteria,p__Actinobacteria,c__Actinobacteria,o__Actinomycetales,f__Actinomycetaceae,g__Mobiluncus,s__Mobiluncus_curtisii
k__Bacteria,p__Actinobacteria,c__Actinobacteria,o__Actinomycetales,f__Actinomycetaceae,g__Actinomyces,s__Actinomyces_coleocanis
k__Bacteria,p__Actinobacteria,c__Actinobacteria,o__Actinomycetales,f__Actinomycetaceae,g__Actinomyces,s__Actinomyces_europaeus
k__Bacteria,p__Actinobacteria,c__Actinobacteria,o__Actinomycetales,f__Actinomycetaceae,g__Actinomyces,s__Actinomyces_sp_ph3
k__Bacteria,p__Actinobacteria,c__Actinobacteria,o__Actinomycetales,f__Actinomycetaceae,g__Actinomyces,s__Actinomyces_sp_oral_taxon_181
k__Bacteria,p__Actinobacteria,c__Actinobacteria,o__Actinomycetales,f__Actinomycetaceae,g__Actinomyces,s__Actinomyces_vaccimaxillae
k__Bacteria,p__Actinobacteria,c__Actinobacteria,o__Actinomycetales,f__Actinomycetaceae,g__Actinomyces,s__Actinomyces_turicensis
k__Bacteria,p__Actinobacteria,c__Actinobacteria,o__Actinomycetales,f__Actinomycetaceae,g__Actinomyces,s__Actinomyces_cardiffensis
k__Bacteria,p__Actinobacteria,c__Actinobacteria,o__Actinomycetales,f__Actinomycetaceae,g__Actinomyces,s__Actinomyces_georgiae
k__Bacteria,p__Actinobacteria,c__Actinobacteria,o__Actinomycetales,f__Actinomycetaceae,g__Actinomyces,s__Actinomyces_sp_oral_taxon_178
k__Bacteria,p__Actinobacteria,c__Actinobacteria,o__Actinomycetales,f__Actinomycetaceae,g__Actinomyces,s__Actinomyces_sp_oral_taxon_877
k__Bacteria,p__Actinobacteria,c__Actinobacteria,o__Actinomycetales,f__Actinomycetaceae,g__Actinomyces,s__Actinomyces_sp_oral_taxon_180
k__Bacteria,p__Actinobacteria,c__Actinobacteria,o__Actinomycetales,f__Actinomycetaceae,g__Actinomyces,s__Actinomyces_sp_HPA0247
k__Bacteria,p__Actinobacteria,c__Actinobacteria,o__Actinomycetales,f__Actinomycetaceae,g__Actinomyces,s__Actinomyces_odontolyticus
k__Bacteria,p__Actinobacteria,c__Actinobacteria,o__Actinomycetales,f__Actinomycetaceae,g__Actinomyces,s__Actinomyces_sp_ICM39
k__Bacteria,p__Actinobacteria,c__Actinobacteria,o__Actinomycetales,f__Actinomycetaceae,g__Actinomyces,s__Actinomyces_sp_ICM47
k__Bacteria,p__Actinobacteria,c__Actinobacteria,o__Coriobacteriales,f__Coriobacteriaceae,g__Atopobium,s__Atopobium_sp_ICM58
k__Bacteria,p__Actinobacteria,c__Actinobacteria,o__Actinomycetales,f__Actinomycetaceae,g__Actinomyces,s__Actinomyces_sp_oral_taxon_172
k__Bacteria,p__Actinobacteria,c__Actinobacteria,o__Actinomycetales,f__Kineosporiaceae,g__Kineococcus,s__Kineococcus_radiotolerans
k__Bacteria,p__Actinobacteria,c__Actinobacteria,o__Actinomycetales,f__Dermatophilaceae,g__Kineosphaera,s__Kineosphaera_limosa
k__Bacteria,p__Actinobacteria,c__Actinobacteria,o__Actinomycetales,f__Dermatophilaceae,g__Mobilicoccus,s__Mobilicoccus_pelagius
k__Bacteria,p__Actinobacteria,c__Actinobacteria,o__Actinomycetales,f__Dermatophilaceae,g__Austwickia,s__Austwickia_chelonae
k__Bacteria,p__Actinobacteria,c__Actinobacteria,o__Actinomycetales,f__Dermacoccaceae,g__Kytococcus,s__Kytococcus_sedentarius
k__Bacteria,p__Actinobacteria,c__Actinobacteria,o__Actinomycetales,f__Intrasporangiaceae,g__Ornithinimicrobium,s__Ornithinimicrobium_pekingense
k__Bacteria,p__Actinobacteria,c__Actinobacteria,o__Actinomycetales,f__Intrasporangiaceae,g__Serinicoccus,s__Serinicoccus_profundi
k__Bacteria,p__Actinobacteria,c__Actinobacteria,o__Actinomycetales,f__Intrasporangiaceae,g__Serinicoccus,s__Serinicoccus_marinus
k__Bacteria,p__Actinobacteria,c__Actinobacteria,o__Actinomycetales,f__Dermacoccaceae,g__Dermacoccus,s__Dermacoccus_sp_Ellin185
k__Bacteria,p__Actinobacteria,c__Actinobacteria,o__Actinomycetales,f__Dermacoccaceae,g__Demetria,s__Demetria_terragena
k__Bacteria,p__Actinobacteria,c__Actinobacteria,o__Actinomycetales,f__Intrasporangiaceae,g__Janibacter,s__Janibacter_hoylei
k__Bacteria,p__Actinobacteria,c__Actinobacteria,o__Actinomycetales,f__Intrasporangiaceae,g__Intrasporangium,s__Intrasporangium_calvum
k__Bacteria,p__Actinobacteria,c__Actinobacteria,o__Actinomycetales,f__Intrasporangiaceae,g__Terracoccus,s__Terracoccus_sp_273MFTsu3_1
k__Bacteria,p__Actinobacteria,c__Actinobacteria,o__Actinomycetales,f__Intrasporangiaceae,g__Janibacter,s__Janibacter_sp_HTCC2649
k__Bacteria,p__Actinobacteria,c__Actinobacteria,o__Actinomycetales,f__Intrasporangiaceae,g__Tetrasphaera,s__Tetrasphaera_elongata
k__Bacteria,p__Actinobacteria,c__Actinobacteria,o__Actinomycetales,f__Nocardioidaceae,g__Actinopolymorpha,s__Actinopolymorpha_alba
k__Bacteria,p__Actinobacteria,c__Actinobacteria,o__Actinomycetales,f__Nocardioidaceae,g__Kribbella,s__Kribbella_flavida
k__Bacteria,p__Actinobacteria,c__Actinobacteria,o__Actinomycetales,f__Nocardioidaceae,g__Kribbella,s__Kribbella_catacumbae
k__Bacteria,p__Actinobacteria,c__Actinobacteria,o__Actinomycetales,f__Nocardioidaceae,g__Aeromicrobium,s__Aeromicrobium_marinum
k__Bacteria,p__Actinobacteria,c__Actinobacteria,o__Actinomycetales,f__Nocardioidaceae,g__Nocardioides,s__Nocardioides_sp_JS614
k__Bacteria,p__Actinobacteria,c__Actinobacteria,o__Actinomycetales,f__Nocardioidaceae,g__Nocardioides,s__Nocardioides_sp_CF8
k__Bacteria,p__Actinobacteria,c__Actinobacteria,o__Actinomycetales,f__Nocardioidaceae,g__Nocardioidaceae_noname,s__Nocardioidaceae_bacterium_Broad_1
k__Bacteria,p__Actinobacteria,c__Actinobacteria,o__Actinomycetales,f__Nocardioidaceae,g__Nocardioides,s__Nocardioides_sp_Iso805N
k__Bacteria,p__Actinobacteria,c__Actinobacteria,o__Actinomycetales,f__Propionibacteriaceae,g__Microlunatus,s__Microlunatus_phosphovorus
k__Bacteria,p__Actinobacteria,c__Actinobacteria,o__Actinomycetales,f__Propionibacteriaceae,g__Propionibacterium,s__Propionibacterium_propionicum
k__Bacteria,p__Actinobacteria,c__Actinobacteria,o__Actinomycetales,f__Propionibacteriaceae,g__Aestuariimicrobium,s__Aestuariimicrobium_kwangyangense
k__Bacteria,p__Actinobacteria,c__Actinobacteria,o__Actinomycetales,f__Propionibacteriaceae,g__Propionibacterium,s__Propionibacterium_freudenreichii
k__Bacteria,p__Actinobacteria,c__Actinobacteria,o__Actinomycetales,f__Propionibacteriaceae,g__Propionimicrobium,s__Propionimicrobium_lymphophilum
k__Bacteria,p__Actinobacteria,c__Actinobacteria,o__Actinomycetales,f__Propionibacteriaceae,g__Propionibacterium,s__Propionibacterium_sp_oral_taxon_192
k__Bacteria,p__Actinobacteria,c__Actinobacteria,o__Actinomycetales,f__Propionibacteriaceae,g__Propionibacterium,s__Propionibacterium_acidipropionici
k__Bacteria,p__Actinobacteria,c__Actinobacteria,o__Actinomycetales,f__Propionibacteriaceae,g__Propionibacterium,s__Propionibacterium_granulosum
k__Bacteria,p__Actinobacteria,c__Actinobacteria,o__Actinomycetales,f__Propionibacteriaceae,g__Propionibacterium,s__Propionibacterium_sp_KPL1844
k__Bacteria,p__Actinobacteria,c__Actinobacteria,o__Actinomycetales,f__Propionibacteriaceae,g__Propionibacterium,s__Propionibacterium_sp_HGH0353
k__Bacteria,p__Actinobacteria,c__Actinobacteria,o__Actinomycetales,f__Propionibacteriaceae,g__Propionibacterium,s__Propionibacterium_sp_KPL1852
k__Bacteria,p__Actinobacteria,c__Actinobacteria,o__Actinomycetales,f__Propionibacteriaceae,g__Propionibacterium,s__Propionibacterium_sp_KPL1838
k__Bacteria,p__Actinobacteria,c__Actinobacteria,o__Actinomycetales,f__Propionibacteriaceae,g__Propionibacterium,s__Propionibacterium_avidum
k__Bacteria,p__Actinobacteria,c__Actinobacteria,o__Actinomycetales,f__Propionibacteriaceae,g__Propionibacterium,s__Propionibacterium_sp_KPL2005
k__Bacteria,p__Actinobacteria,c__Actinobacteria,o__Actinomycetales,f__Propionibacteriaceae,g__Propionibacterium,s__Propionibacterium_sp_KPL2000
k__Bacteria,p__Actinobacteria,c__Actinobacteria,o__Actinomycetales,f__Propionibacteriaceae,g__Propionibacterium,s__Propionibacterium_humerusii
k__Bacteria,p__Actinobacteria,c__Actinobacteria,o__Actinomycetales,f__Propionibacteriaceae,g__Propionibacterium,s__Propionibacterium_acnes
k__Bacteria,p__Actinobacteria,c__Actinobacteria,o__Actinomycetales,f__Propionibacteriaceae,g__Propionibacterium,s__Propionibacterium_sp_KPL1849
k__Bacteria,p__Actinobacteria,c__Actinobacteria,o__Actinomycetales,f__Propionibacteriaceae,g__Propionibacterium,s__Propionibacterium_sp_KPL1847
k__Bacteria,p__Actinobacteria,c__Actinobacteria,o__Actinomycetales,f__Propionibacteriaceae,g__Propionibacterium,s__Propionibacterium_sp_434_HC2
k__Bacteria,p__Actinobacteria,c__Actinobacteria,o__Actinomycetales,f__Propionibacteriaceae,g__Propionibacterium,s__Propionibacterium_sp_KPL2008
k__Bacteria,p__Actinobacteria,c__Actinobacteria,o__Actinomycetales,f__Propionibacteriaceae,g__Propionibacterium,s__Propionibacterium_sp_409_HC1
k__Bacteria,p__Actinobacteria,c__Actinobacteria,o__Actinomycetales,f__Propionibacteriaceae,g__Propionibacterium,s__Propionibacterium_sp_CC003_HC2
k__Bacteria,p__Actinobacteria,c__Actinobacteria,o__Actinomycetales,f__Propionibacteriaceae,g__Propionibacterium,s__Propionibacterium_sp_5_U_42AFAA
k__Bacteria,p__Actinobacteria,c__Actinobacteria,o__Actinomycetales,f__Propionibacteriaceae,g__Propionibacterium,s__Propionibacterium_sp_KPL2003
k__Bacteria,p__Actinobacteria,c__Actinobacteria,o__Actinomycetales,f__Propionibacteriaceae,g__Propionibacterium,s__Propionibacterium_sp_KPL2009
k__Bacteria,p__Actinobacteria,c__Actinobacteria,o__Actinomycetales,f__Propionibacteriaceae,g__Propionibacterium,s__Propionibacterium_sp_KPL1854
k__Bacteria,p__Actinobacteria,c__Actinobacteria,o__Actinobacteria_noname,f__Actinobacteria_noname,g__Actinobacteria_noname,s__actinobacterium_SCGC_AAA278_O22
k__Bacteria,p__Actinobacteria,c__Actinobacteria,o__Actinobacteria_noname,f__Actinobacteria_noname,g__Actinobacteria_noname,s__actinobacterium_SCGC_AAA024_D14
k__Bacteria,p__Actinobacteria,c__Actinobacteria,o__Actinobacteria_noname,f__Actinobacteria_noname,g__Actinobacteria_noname,s__actinobacterium_SCGC_AAA023_J06
k__Bacteria,p__Actinobacteria,c__Actinobacteria,o__Actinobacteria_noname,f__Actinobacteria_noname,g__Actinobacteria_noname,s__actinobacterium_SCGC_AAA044_N04
k__Bacteria,p__Actinobacteria,c__Actinobacteria,o__Actinobacteria_noname,f__Actinobacteria_noname,g__Actinobacteria_noname,s__actinobacterium_SCGC_AAA278_I18
k__Bacteria,p__Actinobacteria,c__Actinobacteria,o__Actinobacteria_noname,f__Actinobacteria_noname,g__Actinobacteria_noname,s__actinobacterium_SCGC_AAA023_D18
k__Bacteria,p__Actinobacteria,c__Actinobacteria,o__Actinobacteria_noname,f__Actinobacteria_noname,g__Actinobacteria_noname,s__actinobacterium_SCGC_AAA027_J17
k__Bacteria,p__Actinobacteria,c__Actinobacteria,o__Actinobacteria_noname,f__Actinobacteria_noname,g__Actinobacteria_noname,s__actinobacterium_SCGC_AAA027_L06
k__Bacteria,p__Actinobacteria,c__Actinobacteria,o__Actinobacteria_noname,f__Actinobacteria_noname,g__Actinobacteria_noname,s__actinobacterium_SCGC_AAA028_A23
k__Bacteria,p__Actinobacteria,c__Actinobacteria,o__Actinomycetales,f__Sporichthyaceae,g__Sporichthya,s__Sporichthya_polymorpha
k__Bacteria,p__Actinobacteria,c__Actinobacteria,o__Actinomycetales,f__Catenulisporaceae,g__Catenulispora,s__Catenulispora_acidiphila
k__Bacteria,p__Actinobacteria,c__Actinobacteria,o__Actinomycetales,f__Streptomycetaceae,g__Streptomyces,s__Streptomyces_scabrisporus
k__Bacteria,p__Actinobacteria,c__Actinobacteria,o__Actinomycetales,f__Streptomycetaceae,g__Kitasatospora,s__Kitasatospora_setae
k__Bacteria,p__Actinobacteria,c__Actinobacteria,o__Actinomycetales,f__Streptomycetaceae,g__Streptomyces,s__Streptomyces_vitaminophilus
k__Bacteria,p__Actinobacteria,c__Actinobacteria,o__Actinomycetales,f__Streptomycetaceae,g__Streptomyces,s__Streptomyces_cattleya
k__Bacteria,p__Actinobacteria,c__Actinobacteria,o__Actinomycetales,f__Streptomycetaceae,g__Streptomyces,s__Streptomyces_sp_BoleA5
k__Bacteria,p__Actinobacteria,c__Actinobacteria,o__Actinomycetales,f__Streptomycetaceae,g__Streptomyces,s__Streptomyces_sp_CNY243
k__Bacteria,p__Actinobacteria,c__Actinobacteria,o__Actinomycetales,f__Streptomycetaceae,g__Streptomyces,s__Streptomyces_sp_CNQ766
k__Bacteria,p__Actinobacteria,c__Actinobacteria,o__Actinomycetales,f__Streptomycetaceae,g__Streptomyces,s__Streptomyces_sp_CNS335
k__Bacteria,p__Actinobacteria,c__Actinobacteria,o__Actinomycetales,f__Streptomycetaceae,g__Streptomyces,s__Streptomyces_sp_AA0539
k__Bacteria,p__Actinobacteria,c__Actinobacteria,o__Actinomycetales,f__Streptomycetaceae,g__Streptomyces,s__Streptomyces_sulphureus
k__Bacteria,p__Actinobacteria,c__Actinobacteria,o__Actinomycetales,f__Streptomycetaceae,g__Streptomyces,s__Streptomyces_sp_AA1529
k__Bacteria,p__Actinobacteria,c__Actinobacteria,o__Actinomycetales,f__Streptomycetaceae,g__Streptomyces,s__Streptomyces_sp_HPH0547
k__Bacteria,p__Actinobacteria,c__Actinobacteria,o__Actinomycetales,f__Streptomycetaceae,g__Streptomyces,s__Streptomyces_xinghaiensis
k__Bacteria,p__Actinobacteria,c__Actinobacteria,o__Actinomycetales,f__Streptomycetaceae,g__Streptomyces,s__Streptomyces_bingchenggensis
k__Bacteria,p__Actinobacteria,c__Actinobacteria,o__Actinomycetales,f__Streptomycetaceae,g__Streptomyces,s__Streptomyces_himastatinicus
k__Bacteria,p__Actinobacteria,c__Actinobacteria,o__Actinomycetales,f__Streptomycetaceae,g__Streptomyces,s__Streptomyces_violaceusniger
k__Bacteria,p__Actinobacteria,c__Actinobacteria,o__Actinomycetales,f__Streptomycetaceae,g__Streptomyces,s__Streptomyces_rapamycinicus
k__Bacteria,p__Actinobacteria,c__Actinobacteria,o__Actinomycetales,f__Streptomycetaceae,g__Streptomyces,s__Streptomyces_mobaraensis
k__Bacteria,p__Actinobacteria,c__Actinobacteria,o__Actinomycetales,f__Streptomycetaceae,g__Streptomyces,s__Streptomyces_rimosus
k__Bacteria,p__Actinobacteria,c__Actinobacteria,o__Actinomycetales,f__Streptomycetaceae,g__Streptomyces,s__Streptomyces_auratus
k__Bacteria,p__Actinobacteria,c__Actinobacteria,o__Actinomycetales,f__Streptomycetaceae,g__Streptomyces,s__Streptomyces_sp_FxanaC1
k__Bacteria,p__Actinobacteria,c__Actinobacteria,o__Actinomycetales,f__Streptomycetaceae,g__Streptomyces,s__Streptomyces_sp_MspMP_M5
k__Bacteria,p__Actinobacteria,c__Actinobacteria,o__Actinomycetales,f__Streptomycetaceae,g__Streptomyces,s__Streptomyces_albulus
k__Bacteria,p__Actinobacteria,c__Actinobacteria,o__Actinomycetales,f__Streptomycetaceae,g__Streptomyces,s__Streptomyces_sp_Mg1
k__Bacteria,p__Actinobacteria,c__Actinobacteria,o__Actinomycetales,f__Streptomycetaceae,g__Streptomyces,s__Streptomyces_sp_C
k__Bacteria,p__Actinobacteria,c__Actinobacteria,o__Actinomycetales,f__Streptomycetaceae,g__Streptomyces,s__Streptomyces_purpureus
k__Bacteria,p__Actinobacteria,c__Actinobacteria,o__Actinomycetales,f__Streptomycetaceae,g__Streptomyces,s__Streptomyces_venezuelae
k__Bacteria,p__Actinobacteria,c__Actinobacteria,o__Actinomycetales,f__Streptomycetaceae,g__Streptomyces,s__Streptomyces_sp_SS
k__Bacteria,p__Actinobacteria,c__Actinobacteria,o__Actinomycetales,f__Streptomycetaceae,g__Streptomyces,s__Streptomyces_clavuligerus
k__Bacteria,p__Actinobacteria,c__Actinobacteria,o__Actinomycetales,f__Streptomycetaceae,g__Streptomyces,s__Streptomyces_tsukubaensis
k__Bacteria,p__Actinobacteria,c__Actinobacteria,o__Actinomycetales,f__Streptomycetaceae,g__Streptomyces,s__Streptomyces_pristinaespiralis
k__Bacteria,p__Actinobacteria,c__Actinobacteria,o__Actinomycetales,f__Streptomycetaceae,g__Streptomyces,s__Streptomyces_sp_CNT372
k__Bacteria,p__Actinobacteria,c__Actinobacteria,o__Actinomycetales,f__Streptomycetaceae,g__Streptomyces,s__Streptomyces_somaliensis
k__Bacteria,p__Actinobacteria,c__Actinobacteria,o__Actinomycetales,f__Streptomycetaceae,g__Streptomyces,s__Streptomyces_sp_CNS615
k__Bacteria,p__Actinobacteria,c__Actinobacteria,o__Actinomycetales,f__Streptomycetaceae,g__Streptomyces,s__Streptomyces_sp_CNT302
k__Bacteria,p__Actinobacteria,c__Actinobacteria,o__Actinomycetales,f__Streptomycetaceae,g__Streptomyces,s__Streptomyces_niveus
k__Bacteria,p__Actinobacteria,c__Actinobacteria,o__Actinomycetales,f__Streptomycetaceae,g__Streptomyces,s__Streptomyces_flavogriseus
k__Bacteria,p__Actinobacteria,c__Actinobacteria,o__Actinomycetales,f__Streptomycetaceae,g__Streptomyces,s__Streptomyces_sp_PAMC26508
k__Bacteria,p__Actinobacteria,c__Actinobacteria,o__Actinomycetales,f__Streptomycetaceae,g__Streptomyces,s__Streptomyces_sp_SirexAA_E
k__Bacteria,p__Actinobacteria,c__Actinobacteria,o__Actinomycetales,f__Streptomycetaceae,g__Streptomyces,s__Streptomyces_sp_DvalAA_83
k__Bacteria,p__Actinobacteria,c__Actinobacteria,o__Actinomycetales,f__Streptomycetaceae,g__Streptomyces,s__Streptomyces_sp_ATexAB_D23
k__Bacteria,p__Actinobacteria,c__Actinobacteria,o__Actinomycetales,f__Streptomycetaceae,g__Streptomyces,s__Streptomyces_sp_LaPpAH_165
k__Bacteria,p__Actinobacteria,c__Actinobacteria,o__Actinomycetales,f__Streptomycetaceae,g__Streptomyces,s__Streptomyces_sp_LaPpAH_95
k__Bacteria,p__Actinobacteria,c__Actinobacteria,o__Actinomycetales,f__Streptomycetaceae,g__Streptomyces,s__Streptomyces_sp_KhCrAH_340
k__Bacteria,p__Actinobacteria,c__Actinobacteria,o__Actinomycetales,f__Streptomycetaceae,g__Streptomyces,s__Streptomyces_sp_KhCrAH_244
k__Bacteria,p__Actinobacteria,c__Actinobacteria,o__Actinomycetales,f__Streptomycetaceae,g__Streptomyces,s__Streptomyces_fulvissimus
k__Bacteria,p__Actinobacteria,c__Actinobacteria,o__Actinomycetales,f__Streptomycetaceae,g__Streptomyces,s__Streptomyces_sp_ScaeMP_e10
k__Bacteria,p__Actinobacteria,c__Actinobacteria,o__Actinomycetales,f__Streptomycetaceae,g__Streptomyces,s__Streptomyces_sp_Wigar10
k__Bacteria,p__Actinobacteria,c__Actinobacteria,o__Actinomycetales,f__Streptomycetaceae,g__Streptomyces,s__Streptomyces_sp_CcalMP_8W
k__Bacteria,p__Actinobacteria,c__Actinobacteria,o__Actinomycetales,f__Streptomycetaceae,g__Streptomyces,s__Streptomyces_sp_W007
k__Bacteria,p__Actinobacteria,c__Actinobacteria,o__Actinomycetales,f__Streptomycetaceae,g__Streptomyces,s__Streptomyces_griseus
k__Bacteria,p__Actinobacteria,c__Actinobacteria,o__Actinomycetales,f__Streptomycetaceae,g__Streptomyces,s__Streptomyces_sp_CNB091
k__Bacteria,p__Actinobacteria,c__Actinobacteria,o__Actinomycetales,f__Streptomycetaceae,g__Streptomyces,s__Streptomyces_globisporus
k__Bacteria,p__Actinobacteria,c__Actinobacteria,o__Actinomycetales,f__Streptomycetaceae,g__Streptomyces,s__Streptomyces_filamentosus
k__Bacteria,p__Actinobacteria,c__Actinobacteria,o__Actinomycetales,f__Streptomycetaceae,g__Streptomyces,s__Streptomyces_sp_HCCB10043
k__Bacteria,p__Actinobacteria,c__Actinobacteria,o__Actinomycetales,f__Streptomycetaceae,g__Streptomyces,s__Streptomyces_sp_SPB74
k__Bacteria,p__Actinobacteria,c__Actinobacteria,o__Actinomycetales,f__Streptomycetaceae,g__Streptomyces,s__Streptomyces_sp_SPB78
k__Bacteria,p__Actinobacteria,c__Actinobacteria,o__Actinomycetales,f__Streptomycetaceae,g__Streptomyces,s__Streptomyces_sp_SA3_actG
k__Bacteria,p__Actinobacteria,c__Actinobacteria,o__Actinomycetales,f__Streptomycetaceae,g__Streptomyces,s__Streptomyces_sp_SA3_actF
k__Bacteria,p__Actinobacteria,c__Actinobacteria,o__Actinomycetales,f__Streptomycetaceae,g__Streptomyces,s__Streptomyces_sp_GBA_94_10
k__Bacteria,p__Actinobacteria,c__Actinobacteria,o__Actinomycetales,f__Streptomycetaceae,g__Streptomyces,s__Streptomyces_sp_PVA_94_07
k__Bacteria,p__Actinobacteria,c__Actinobacteria,o__Actinomycetales,f__Streptomycetaceae,g__Streptomyces,s__Streptomyces_sp_SM8
k__Bacteria,p__Actinobacteria,c__Actinobacteria,o__Actinomycetales,f__Streptomycetaceae,g__Streptomyces,s__Streptomyces_albus
k__Bacteria,p__Actinobacteria,c__Actinobacteria,o__Actinomycetales,f__Streptomycetaceae,g__Streptomyces,s__Streptomyces_sp_CNY228
k__Bacteria,p__Actinobacteria,c__Actinobacteria,o__Actinomycetales,f__Streptomycetaceae,g__Streptomyces,s__Streptomyces_sp_S4
k__Bacteria,p__Actinobacteria,c__Actinobacteria,o__Actinomycetales,f__Streptomycetaceae,g__Streptomyces,s__Streptomyces_sp_LaPpAH_202
k__Bacteria,p__Actinobacteria,c__Actinobacteria,o__Actinomycetales,f__Streptomycetaceae,g__Streptomyces,s__Streptomyces_sp_HmicA12
k__Bacteria,p__Actinobacteria,c__Actinobacteria,o__Actinomycetales,f__Streptomycetaceae,g__Streptomyces,s__Streptomyces_avermitilis
k__Bacteria,p__Actinobacteria,c__Actinobacteria,o__Actinomycetales,f__Streptomycetaceae,g__Streptomyces,s__Streptomyces_turgidiscabies
k__Bacteria,p__Actinobacteria,c__Actinobacteria,o__Actinomycetales,f__Streptomycetaceae,g__Streptomyces,s__Streptomyces_sp_303MFCol5_2
k__Bacteria,p__Actinobacteria,c__Actinobacteria,o__Actinomycetales,f__Streptomycetaceae,g__Streptomyces,s__Streptomyces_prunicolor
k__Bacteria,p__Actinobacteria,c__Actinobacteria,o__Actinomycetales,f__Streptomycetaceae,g__Streptomyces,s__Streptomyces_sp_R1_NS_10
k__Bacteria,p__Actinobacteria,c__Actinobacteria,o__Actinomycetales,f__Streptomycetaceae,g__Streptomyces,s__Streptomyces_acidiscabies
k__Bacteria,p__Actinobacteria,c__Actinobacteria,o__Actinomycetales,f__Streptomycetaceae,g__Streptomyces,s__Streptomyces_davawensis
k__Bacteria,p__Actinobacteria,c__Actinobacteria,o__Actinomycetales,f__Streptomycetaceae,g__Streptomyces,s__Streptomyces_zinciresistens
k__Bacteria,p__Actinobacteria,c__Actinobacteria,o__Actinomycetales,f__Streptomycetaceae,g__Streptomyces,s__Streptomyces_sp_HGB0020
k__Bacteria,p__Actinobacteria,c__Actinobacteria,o__Actinomycetales,f__Streptomycetaceae,g__Streptomyces,s__Streptomyces_sp_351MFTsu5_1
k__Bacteria,p__Actinobacteria,c__Actinobacteria,o__Actinomycetales,f__Streptomycetaceae,g__Streptomyces,s__Streptomyces_sviceus
k__Bacteria,p__Actinobacteria,c__Actinobacteria,o__Actinomycetales,f__Streptomycetaceae,g__Streptomyces,s__Streptomyces_canus
k__Bacteria,p__Actinobacteria,c__Actinobacteria,o__Actinomycetales,f__Streptomycetaceae,g__Streptomyces,s__Streptomyces_ipomoeae
k__Bacteria,p__Actinobacteria,c__Actinobacteria,o__Actinomycetales,f__Streptomycetaceae,g__Streptomyces,s__Streptomyces_scabiei
k__Bacteria,p__Actinobacteria,c__Actinobacteria,o__Actinomycetales,f__Streptomycetaceae,g__Streptomyces,s__Streptomyces_bottropensis
k__Bacteria,p__Actinobacteria,c__Actinobacteria,o__Actinomycetales,f__Streptomycetaceae,g__Streptomyces,s__Streptomyces_sp_LaPpAH_108
k__Bacteria,p__Actinobacteria,c__Actinobacteria,o__Actinomycetales,f__Streptomycetaceae,g__Streptomyces,s__Streptomyces_roseochromogenes
k__Bacteria,p__Actinobacteria,c__Actinobacteria,o__Actinomycetales,f__Streptomycetaceae,g__Streptomyces,s__Streptomyces_hygroscopicus
k__Bacteria,p__Actinobacteria,c__Actinobacteria,o__Actinomycetales,f__Streptomycetaceae,g__Streptomyces,s__Streptomyces_collinus
k__Bacteria,p__Actinobacteria,c__Actinobacteria,o__Actinomycetales,f__Streptomycetaceae,g__Streptomyces,s__Streptomyces_sp_PsTaAH_124
k__Bacteria,p__Actinobacteria,c__Actinobacteria,o__Actinomycetales,f__Streptomycetaceae,g__Streptomyces,s__Streptomyces_sp_e14
k__Bacteria,p__Actinobacteria,c__Actinobacteria,o__Actinomycetales,f__Streptomycetaceae,g__Streptomyces,s__Streptomyces_sp_Amel2xE9
k__Bacteria,p__Actinobacteria,c__Actinobacteria,o__Actinomycetales,f__Streptomycetaceae,g__Streptomyces,s__Streptomyces_griseoaurantiacus
k__Bacteria,p__Actinobacteria,c__Actinobacteria,o__Actinomycetales,f__Streptomycetaceae,g__Streptomyces,s__Streptomyces_sp_TOR3209
k__Bacteria,p__Actinobacteria,c__Actinobacteria,o__Actinomycetales,f__Streptomycetaceae,g__Streptomyces,s__Streptomyces_coelicoflavus
k__Bacteria,p__Actinobacteria,c__Actinobacteria,o__Actinomycetales,f__Streptomycetaceae,g__Streptomyces,s__Streptomyces_lividans
k__Bacteria,p__Actinobacteria,c__Actinobacteria,o__Actinomycetales,f__Streptomycetaceae,g__Streptomyces,s__Streptomyces_coelicolor
k__Bacteria,p__Actinobacteria,c__Actinobacteria,o__Actinomycetales,f__Streptomycetaceae,g__Streptomyces,s__Streptomyces_viridochromogenes
k__Bacteria,p__Actinobacteria,c__Actinobacteria,o__Actinomycetales,f__Streptomycetaceae,g__Streptomyces,s__Streptomyces_chartreusis
k__Bacteria,p__Actinobacteria,c__Actinobacteria,o__Actinomycetales,f__Streptomycetaceae,g__Streptomyces,s__Streptomyces_gancidicus
k__Bacteria,p__Actinobacteria,c__Actinobacteria,o__Actinomycetales,f__Streptomycetaceae,g__Streptomyces,s__Streptomyces_sp_FxanaD5
k__Bacteria,p__Actinobacteria,c__Actinobacteria,o__Actinomycetales,f__Streptomycetaceae,g__Streptomyces,s__Streptomyces_griseoflavus
k__Bacteria,p__Actinobacteria,c__Actinobacteria,o__Actinomycetales,f__Streptomycetaceae,g__Streptomyces,s__Streptomyces_ghanaensis
k__Bacteria,p__Actinobacteria,c__Actinobacteria,o__Actinomycetales,f__Streptomycetaceae,g__Streptomyces,s__Streptomyces_viridosporus
k__Bacteria,p__Actinobacteria,c__Actinobacteria,o__Actinomycetales,f__Acidothermaceae,g__Acidothermus,s__Acidothermus_cellulolyticus
k__Bacteria,p__Actinobacteria,c__Actinobacteria,o__Actinomycetales,f__Pseudonocardiaceae,g__Thermobispora,s__Thermobispora_bispora
k__Bacteria,p__Actinobacteria,c__Actinobacteria,o__Actinomycetales,f__Streptosporangiaceae,g__Streptosporangium,s__Streptosporangium_roseum
k__Bacteria,p__Actinobacteria,c__Actinobacteria,o__Actinomycetales,f__Streptosporangiaceae,g__Nonomuraea,s__Nonomuraea_coxensis
k__Bacteria,p__Actinobacteria,c__Actinobacteria,o__Actinomycetales,f__Thermomonosporaceae,g__Thermomonospora,s__Thermomonospora_curvata
k__Bacteria,p__Actinobacteria,c__Actinobacteria,o__Actinomycetales,f__Thermomonosporaceae,g__Actinomadura,s__Actinomadura_madurae
k__Bacteria,p__Actinobacteria,c__Actinobacteria,o__Actinomycetales,f__Thermomonosporaceae,g__Actinomadura,s__Actinomadura_flavalba
k__Bacteria,p__Actinobacteria,c__Actinobacteria,o__Actinomycetales,f__Thermomonosporaceae,g__Actinomadura,s__Actinomadura_atramentaria
k__Bacteria,p__Actinobacteria,c__Actinobacteria,o__Actinomycetales,f__Nocardiopsaceae,g__Thermobifida,s__Thermobifida_fusca
k__Bacteria,p__Actinobacteria,c__Actinobacteria,o__Actinomycetales,f__Nocardiopsaceae,g__Nocardiopsis,s__Nocardiopsis_potens
k__Bacteria,p__Actinobacteria,c__Actinobacteria,o__Actinomycetales,f__Nocardiopsaceae,g__Nocardiopsis,s__Nocardiopsis_chromatogenes
k__Bacteria,p__Actinobacteria,c__Actinobacteria,o__Actinomycetales,f__Nocardiopsaceae,g__Nocardiopsis,s__Nocardiopsis_baichengensis
k__Bacteria,p__Actinobacteria,c__Actinobacteria,o__Actinomycetales,f__Nocardiopsaceae,g__Nocardiopsis,s__Nocardiopsis_halophila
k__Bacteria,p__Actinobacteria,c__Actinobacteria,o__Actinomycetales,f__Nocardiopsaceae,g__Nocardiopsis,s__Nocardiopsis_gilva
k__Bacteria,p__Actinobacteria,c__Actinobacteria,o__Actinomycetales,f__Nocardiopsaceae,g__Nocardiopsis,s__Nocardiopsis_salina
k__Bacteria,p__Actinobacteria,c__Actinobacteria,o__Actinomycetales,f__Nocardiopsaceae,g__Nocardiopsis,s__Nocardiopsis_kunsanensis
k__Bacteria,p__Actinobacteria,c__Actinobacteria,o__Actinomycetales,f__Nocardiopsaceae,g__Nocardiopsis,s__Nocardiopsis_xinjiangensis
k__Bacteria,p__Actinobacteria,c__Actinobacteria,o__Actinomycetales,f__Nocardiopsaceae,g__Nocardiopsis,s__Nocardiopsis_lucentensis
k__Bacteria,p__Actinobacteria,c__Actinobacteria,o__Actinomycetales,f__Nocardiopsaceae,g__Nocardiopsis,s__Nocardiopsis_halotolerans
k__Bacteria,p__Actinobacteria,c__Actinobacteria,o__Actinomycetales,f__Nocardiopsaceae,g__Nocardiopsis,s__Nocardiopsis_dassonvillei
k__Bacteria,p__Actinobacteria,c__Actinobacteria,o__Actinomycetales,f__Nocardiopsaceae,g__Nocardiopsis,s__Nocardiopsis_synnemataformans
k__Bacteria,p__Actinobacteria,c__Actinobacteria,o__Actinomycetales,f__Nocardiopsaceae,g__Nocardiopsis,s__Nocardiopsis_sp_CNS639
k__Bacteria,p__Actinobacteria,c__Actinobacteria,o__Actinomycetales,f__Nocardiopsaceae,g__Nocardiopsis,s__Nocardiopsis_alkaliphila
k__Bacteria,p__Actinobacteria,c__Actinobacteria,o__Actinomycetales,f__Nocardiopsaceae,g__Nocardiopsis,s__Nocardiopsis_alba
k__Bacteria,p__Actinobacteria,c__Actinobacteria,o__Actinomycetales,f__Nocardiopsaceae,g__Nocardiopsis,s__Nocardiopsis_prasina
k__Bacteria,p__Actinobacteria,c__Actinobacteria,o__Actinomycetales,f__Nocardiopsaceae,g__Nocardiopsis,s__Nocardiopsis_valliformis
k__Bacteria,p__Actinobacteria,c__Actinobacteria,o__Actinomycetales,f__Nocardiopsaceae,g__Nocardiopsis,s__Nocardiopsis_ganjiahuensis
k__Bacteria,p__Actinobacteria,c__Actinobacteria,o__Actinomycetales,f__Frankiaceae,g__Frankia,s__Frankia_symbiont_of_Datisca_glomerata
k__Bacteria,p__Actinobacteria,c__Actinobacteria,o__Actinomycetales,f__Frankiaceae,g__Frankia,s__Frankia_sp_CcI3
k__Bacteria,p__Actinobacteria,c__Actinobacteria,o__Actinomycetales,f__Frankiaceae,g__Frankia,s__Frankia_sp_CcI6
k__Bacteria,p__Actinobacteria,c__Actinobacteria,o__Actinomycetales,f__Frankiaceae,g__Frankia,s__Frankia_alni
k__Bacteria,p__Actinobacteria,c__Actinobacteria,o__Actinomycetales,f__Frankiaceae,g__Frankia,s__Frankia_sp_QA3
k__Bacteria,p__Actinobacteria,c__Actinobacteria,o__Actinomycetales,f__Frankiaceae,g__Frankia,s__Frankia_sp_EuI1c
k__Bacteria,p__Actinobacteria,c__Actinobacteria,o__Actinomycetales,f__Frankiaceae,g__Frankia,s__Frankia_sp_CN3
k__Bacteria,p__Actinobacteria,c__Actinobacteria,o__Actinomycetales,f__Frankiaceae,g__Frankia,s__Frankia_sp_EAN1pec
k__Bacteria,p__Actinobacteria,c__Actinobacteria,o__Actinomycetales,f__Frankiaceae,g__Frankia,s__Frankia_sp_BCU110501
k__Bacteria,p__Actinobacteria,c__Actinobacteria,o__Actinomycetales,f__Frankiaceae,g__Frankia,s__Frankia_sp_EUN1f
k__Bacteria,p__Actinobacteria,c__Actinobacteria,o__Actinomycetales,f__Frankiaceae,g__Frankia,s__Frankia_sp_BMG5_12
k__Bacteria,p__Actinobacteria,c__Actinobacteria,o__Actinomycetales,f__Glycomycetaceae,g__Stackebrandtia,s__Stackebrandtia_nassauensis
k__Bacteria,p__Actinobacteria,c__Actinobacteria,o__Actinomycetales,f__Micromonosporaceae,g__Longispora,s__Longispora_albida
k__Bacteria,p__Actinobacteria,c__Actinobacteria,o__Actinomycetales,f__Micromonosporaceae,g__Catelliglobosispora,s__Catelliglobosispora_koreensis
k__Bacteria,p__Actinobacteria,c__Actinobacteria,o__Actinomycetales,f__Micromonosporaceae,g__Actinoplanes,s__Actinoplanes_sp_N902_109
k__Bacteria,p__Actinobacteria,c__Actinobacteria,o__Actinomycetales,f__Micromonosporaceae,g__Actinoplanes,s__Actinoplanes_friuliensis
k__Bacteria,p__Actinobacteria,c__Actinobacteria,o__Actinomycetales,f__Micromonosporaceae,g__Actinoplanes,s__Actinoplanes_globisporus
k__Bacteria,p__Actinobacteria,c__Actinobacteria,o__Actinomycetales,f__Micromonosporaceae,g__Actinoplanes,s__Actinoplanes_sp_SE50_110
k__Bacteria,p__Actinobacteria,c__Actinobacteria,o__Actinomycetales,f__Micromonosporaceae,g__Actinoplanes,s__Actinoplanes_missouriensis
k__Bacteria,p__Actinobacteria,c__Actinobacteria,o__Actinomycetales,f__Micromonosporaceae,g__Salinispora,s__Salinispora_arenicola
k__Bacteria,p__Actinobacteria,c__Actinobacteria,o__Actinomycetales,f__Micromonosporaceae,g__Salinispora,s__Salinispora_pacifica
k__Bacteria,p__Actinobacteria,c__Actinobacteria,o__Actinomycetales,f__Micromonosporaceae,g__Salinispora,s__Salinispora_tropica
k__Bacteria,p__Actinobacteria,c__Actinobacteria,o__Actinomycetales,f__Micromonosporaceae,g__Verrucosispora,s__Verrucosispora_maris
k__Bacteria,p__Actinobacteria,c__Actinobacteria,o__Actinomycetales,f__Micromonosporaceae,g__Micromonospora,s__Micromonospora_lupini
k__Bacteria,p__Actinobacteria,c__Actinobacteria,o__Actinomycetales,f__Micromonosporaceae,g__Micromonospora,s__Micromonospora_sp_ATCC_39149
k__Bacteria,p__Actinobacteria,c__Actinobacteria,o__Actinomycetales,f__Micromonosporaceae,g__Micromonospora,s__Micromonospora_sp_CNB394
k__Bacteria,p__Actinobacteria,c__Actinobacteria,o__Actinomycetales,f__Micromonosporaceae,g__Micromonospora,s__Micromonospora_aurantiaca
k__Bacteria,p__Actinobacteria,c__Actinobacteria,o__Actinomycetales,f__Micromonosporaceae,g__Micromonospora,s__Micromonospora_sp_L5
k__Bacteria,p__Actinobacteria,c__Actinobacteria,o__Actinomycetales,f__Frankiaceae,g__Frankia,s__Frankia_sp_Iso899
k__Bacteria,p__Actinobacteria,c__Actinobacteria,o__Actinomycetales,f__Geodermatophilaceae,g__Modestobacter,s__Modestobacter_multiseptatus
k__Bacteria,p__Actinobacteria,c__Actinobacteria,o__Actinomycetales,f__Geodermatophilaceae,g__Geodermatophilus,s__Geodermatophilus_obscurus
k__Bacteria,p__Actinobacteria,c__Actinobacteria,o__Actinomycetales,f__Geodermatophilaceae,g__Blastococcus,s__Blastococcus_saxobsidens
k__Bacteria,p__Actinobacteria,c__Actinobacteria,o__Actinomycetales,f__Nakamurellaceae,g__Nakamurella,s__Nakamurella_multipartita
k__Bacteria,p__Actinobacteria,c__Actinobacteria,o__Actinomycetales,f__Pseudonocardiaceae,g__Actinomycetospora,s__Actinomycetospora_chiangmaiensis
k__Bacteria,p__Actinobacteria,c__Actinobacteria,o__Actinomycetales,f__Pseudonocardiaceae,g__Pseudonocardia,s__Pseudonocardia_dioxanivorans
k__Bacteria,p__Actinobacteria,c__Actinobacteria,o__Actinomycetales,f__Pseudonocardiaceae,g__Pseudonocardia,s__Pseudonocardia_sp_P1
k__Bacteria,p__Actinobacteria,c__Actinobacteria,o__Actinomycetales,f__Pseudonocardiaceae,g__Pseudonocardia,s__Pseudonocardia_sp_P2
k__Bacteria,p__Actinobacteria,c__Actinobacteria,o__Actinomycetales,f__Pseudonocardiaceae,g__Actinoalloteichus,s__Actinoalloteichus_spitiensis
k__Bacteria,p__Actinobacteria,c__Actinobacteria,o__Actinomycetales,f__Actinopolysporaceae,g__Actinopolyspora,s__Actinopolyspora_halophila
k__Bacteria,p__Actinobacteria,c__Actinobacteria,o__Actinomycetales,f__Actinopolysporaceae,g__Actinopolyspora,s__Actinopolyspora_mortivallis
k__Bacteria,p__Actinobacteria,c__Actinobacteria,o__Actinomycetales,f__Pseudonocardiaceae,g__Saccharopolyspora,s__Saccharopolyspora_erythraea
k__Bacteria,p__Actinobacteria,c__Actinobacteria,o__Actinomycetales,f__Pseudonocardiaceae,g__Saccharopolyspora,s__Saccharopolyspora_spinosa
k__Bacteria,p__Actinobacteria,c__Actinobacteria,o__Actinomycetales,f__Pseudonocardiaceae,g__Actinokineospora,s__Actinokineospora_enzanensis
k__Bacteria,p__Actinobacteria,c__Actinobacteria,o__Actinomycetales,f__Pseudonocardiaceae,g__Actinosynnema,s__Actinosynnema_mirum
k__Bacteria,p__Actinobacteria,c__Actinobacteria,o__Actinomycetales,f__Pseudonocardiaceae,g__Saccharothrix,s__Saccharothrix_espanaensis
k__Bacteria,p__Actinobacteria,c__Actinobacteria,o__Actinomycetales,f__Pseudonocardiaceae,g__Sciscionella,s__Sciscionella_marina
k__Bacteria,p__Actinobacteria,c__Actinobacteria,o__Actinomycetales,f__Pseudonocardiaceae,g__Amycolatopsis,s__Amycolatopsis_halophila
k__Bacteria,p__Actinobacteria,c__Actinobacteria,o__Actinomycetales,f__Pseudonocardiaceae,g__Saccharomonospora,s__Saccharomonospora_marina
k__Bacteria,p__Actinobacteria,c__Actinobacteria,o__Actinomycetales,f__Pseudonocardiaceae,g__Saccharomonospora,s__Saccharomonospora_saliphila
k__Bacteria,p__Actinobacteria,c__Actinobacteria,o__Actinomycetales,f__Pseudonocardiaceae,g__Saccharomonospora,s__Saccharomonospora_paurometabolica
k__Bacteria,p__Actinobacteria,c__Actinobacteria,o__Actinomycetales,f__Pseudonocardiaceae,g__Saccharomonospora,s__Saccharomonospora_halophila
k__Bacteria,p__Actinobacteria,c__Actinobacteria,o__Actinomycetales,f__Pseudonocardiaceae,g__Saccharomonospora,s__Saccharomonospora_viridis
k__Bacteria,p__Actinobacteria,c__Actinobacteria,o__Actinomycetales,f__Pseudonocardiaceae,g__Saccharomonospora,s__Saccharomonospora_xinjiangensis
k__Bacteria,p__Actinobacteria,c__Actinobacteria,o__Actinomycetales,f__Pseudonocardiaceae,g__Saccharomonospora,s__Saccharomonospora_azurea
k__Bacteria,p__Actinobacteria,c__Actinobacteria,o__Actinomycetales,f__Pseudonocardiaceae,g__Saccharomonospora,s__Saccharomonospora_glauca
k__Bacteria,p__Actinobacteria,c__Actinobacteria,o__Actinomycetales,f__Pseudonocardiaceae,g__Saccharomonospora,s__Saccharomonospora_cyanea
k__Bacteria,p__Actinobacteria,c__Actinobacteria,o__Actinomycetales,f__Pseudonocardiaceae,g__Amycolatopsis,s__Amycolatopsis_sp_ATCC_39116
k__Bacteria,p__Actinobacteria,c__Actinobacteria,o__Actinomycetales,f__Pseudonocardiaceae,g__Amycolatopsis,s__Amycolatopsis_methanolica
k__Bacteria,p__Actinobacteria,c__Actinobacteria,o__Actinomycetales,f__Pseudonocardiaceae,g__Amycolatopsis,s__Amycolatopsis_nigrescens
k__Bacteria,p__Actinobacteria,c__Actinobacteria,o__Actinomycetales,f__Pseudonocardiaceae,g__Amycolatopsis,s__Amycolatopsis_alba
k__Bacteria,p__Actinobacteria,c__Actinobacteria,o__Actinomycetales,f__Pseudonocardiaceae,g__Amycolatopsis,s__Amycolatopsis_decaplanina
k__Bacteria,p__Actinobacteria,c__Actinobacteria,o__Actinomycetales,f__Pseudonocardiaceae,g__Amycolatopsis,s__Amycolatopsis_orientalis
k__Bacteria,p__Actinobacteria,c__Actinobacteria,o__Actinomycetales,f__Streptomycetaceae,g__Streptomyces,s__Streptomyces_sp_AA4
k__Bacteria,p__Actinobacteria,c__Actinobacteria,o__Actinomycetales,f__Pseudonocardiaceae,g__Amycolatopsis,s__Amycolatopsis_benzoatilytica
k__Bacteria,p__Actinobacteria,c__Actinobacteria,o__Actinomycetales,f__Pseudonocardiaceae,g__Amycolatopsis,s__Amycolatopsis_vancoresmycina
k__Bacteria,p__Actinobacteria,c__Actinobacteria,o__Actinomycetales,f__Pseudonocardiaceae,g__Amycolatopsis,s__Amycolatopsis_mediterranei
k__Bacteria,p__Actinobacteria,c__Actinobacteria,o__Actinomycetales,f__Pseudonocardiaceae,g__Amycolatopsis,s__Amycolatopsis_balhimycina
k__Bacteria,p__Actinobacteria,c__Actinobacteria,o__Actinomycetales,f__Dietziaceae,g__Dietzia,s__Dietzia_cinnamea
k__Bacteria,p__Actinobacteria,c__Actinobacteria,o__Actinomycetales,f__Dietziaceae,g__Dietzia,s__Dietzia_alimentaria
k__Bacteria,p__Actinobacteria,c__Actinobacteria,o__Actinomycetales,f__Dietziaceae,g__Dietzia,s__Dietzia_sp_UCD_THP
k__Bacteria,p__Actinobacteria,c__Actinobacteria,o__Actinomycetales,f__Corynebacteriaceae,g__Corynebacterium,s__Corynebacterium_ulceribovis
k__Bacteria,p__Actinobacteria,c__Actinobacteria,o__Actinomycetales,f__Corynebacteriaceae,g__Corynebacterium,s__Corynebacterium_amycolatum
k__Bacteria,p__Actinobacteria,c__Actinobacteria,o__Actinomycetales,f__Corynebacteriaceae,g__Corynebacterium,s__Corynebacterium_sp_HFH0082
k__Bacteria,p__Actinobacteria,c__Actinobacteria,o__Actinomycetales,f__Corynebacteriaceae,g__Corynebacterium,s__Corynebacterium_kroppenstedtii
k__Bacteria,p__Actinobacteria,c__Actinobacteria,o__Actinomycetales,f__Corynebacteriaceae,g__Corynebacterium,s__Corynebacterium_urealyticum
k__Bacteria,p__Actinobacteria,c__Actinobacteria,o__Actinomycetales,f__Corynebacteriaceae,g__Corynebacterium,s__Corynebacterium_jeikeium
k__Bacteria,p__Actinobacteria,c__Actinobacteria,o__Actinomycetales,f__Corynebacteriaceae,g__Corynebacterium,s__Corynebacterium_resistens
k__Bacteria,p__Actinobacteria,c__Actinobacteria,o__Actinomycetales,f__Corynebacteriaceae,g__Corynebacterium,s__Corynebacterium_bovis
k__Bacteria,p__Actinobacteria,c__Actinobacteria,o__Actinomycetales,f__Corynebacteriaceae,g__Corynebacterium,s__Corynebacterium_nuruki
k__Bacteria,p__Actinobacteria,c__Actinobacteria,o__Actinomycetales,f__Corynebacteriaceae,g__Corynebacterium,s__Corynebacterium_variabile
k__Bacteria,p__Actinobacteria,c__Actinobacteria,o__Actinomycetales,f__Corynebacteriaceae,g__Corynebacterium,s__Corynebacterium_terpenotabidum
k__Bacteria,p__Actinobacteria,c__Actinobacteria,o__Actinomycetales,f__Corynebacteriaceae,g__Corynebacterium,s__Corynebacterium_ciconiae
k__Bacteria,p__Actinobacteria,c__Actinobacteria,o__Actinomycetales,f__Corynebacteriaceae,g__Corynebacterium,s__Corynebacterium_glucuronolyticum
k__Bacteria,p__Actinobacteria,c__Actinobacteria,o__Actinomycetales,f__Corynebacteriaceae,g__Corynebacterium,s__Corynebacterium_pyruviciproducens
k__Bacteria,p__Actinobacteria,c__Actinobacteria,o__Actinomycetales,f__Corynebacteriaceae,g__Corynebacterium,s__Corynebacterium_durum
k__Bacteria,p__Actinobacteria,c__Actinobacteria,o__Actinomycetales,f__Corynebacteriaceae,g__Corynebacterium,s__Corynebacterium_matruchotii
k__Bacteria,p__Actinobacteria,c__Actinobacteria,o__Actinomycetales,f__Corynebacteriaceae,g__Corynebacterium,s__Corynebacterium_diphtheriae
k__Bacteria,p__Actinobacteria,c__Actinobacteria,o__Actinomycetales,f__Corynebacteriaceae,g__Corynebacterium,s__Corynebacterium_pseudotuberculosis
k__Bacteria,p__Actinobacteria,c__Actinobacteria,o__Actinomycetales,f__Corynebacteriaceae,g__Corynebacterium,s__Corynebacterium_ulcerans
k__Bacteria,p__Actinobacteria,c__Actinobacteria,o__Actinomycetales,f__Corynebacteriaceae,g__Corynebacterium,s__Corynebacterium_efficiens
k__Bacteria,p__Actinobacteria,c__Actinobacteria,o__Actinomycetales,f__Corynebacteriaceae,g__Corynebacterium,s__Corynebacterium_callunae
k__Bacteria,p__Actinobacteria,c__Actinobacteria,o__Actinomycetales,f__Corynebacteriaceae,g__Corynebacterium,s__Corynebacterium_crenatum
k__Bacteria,p__Actinobacteria,c__Actinobacteria,o__Actinomycetales,f__Corynebacteriaceae,g__Corynebacterium,s__Corynebacterium_glutamicum
k__Bacteria,p__Actinobacteria,c__Actinobacteria,o__Actinomycetales,f__Corynebacteriaceae,g__Corynebacterium,s__Corynebacterium_caspium
k__Bacteria,p__Actinobacteria,c__Actinobacteria,o__Actinomycetales,f__Corynebacteriaceae,g__Turicella,s__Turicella_otitidis
k__Bacteria,p__Actinobacteria,c__Actinobacteria,o__Actinomycetales,f__Corynebacteriaceae,g__Corynebacterium,s__Corynebacterium_mastitidis
k__Bacteria,p__Actinobacteria,c__Actinobacteria,o__Actinomycetales,f__Corynebacteriaceae,g__Corynebacterium,s__Corynebacterium_halotolerans
k__Bacteria,p__Actinobacteria,c__Actinobacteria,o__Actinomycetales,f__Corynebacteriaceae,g__Corynebacterium,s__Corynebacterium_doosanense
k__Bacteria,p__Actinobacteria,c__Actinobacteria,o__Actinomycetales,f__Corynebacteriaceae,g__Corynebacterium,s__Corynebacterium_maris
k__Bacteria,p__Actinobacteria,c__Actinobacteria,o__Actinomycetales,f__Corynebacteriaceae,g__Corynebacterium,s__Corynebacterium_pilosum
k__Bacteria,p__Actinobacteria,c__Actinobacteria,o__Actinomycetales,f__Corynebacteriaceae,g__Corynebacterium,s__Corynebacterium_lubricantis
k__Bacteria,p__Actinobacteria,c__Actinobacteria,o__Actinomycetales,f__Corynebacteriaceae,g__Corynebacterium,s__Corynebacterium_genitalium
k__Bacteria,p__Actinobacteria,c__Actinobacteria,o__Actinomycetales,f__Corynebacteriaceae,g__Corynebacterium,s__Corynebacterium_lipophiloflavum
k__Bacteria,p__Actinobacteria,c__Actinobacteria,o__Actinomycetales,f__Corynebacteriaceae,g__Corynebacterium,s__Corynebacterium_timonense
k__Bacteria,p__Actinobacteria,c__Actinobacteria,o__Actinomycetales,f__Corynebacteriaceae,g__Corynebacterium,s__Corynebacterium_capitovis
k__Bacteria,p__Actinobacteria,c__Actinobacteria,o__Actinomycetales,f__Corynebacteriaceae,g__Corynebacterium,s__Corynebacterium_propinquum
k__Bacteria,p__Actinobacteria,c__Actinobacteria,o__Actinomycetales,f__Corynebacteriaceae,g__Corynebacterium,s__Corynebacterium_pseudodiphtheriticum
k__Bacteria,p__Actinobacteria,c__Actinobacteria,o__Actinomycetales,f__Corynebacteriaceae,g__Corynebacterium,s__Corynebacterium_sp_KPL1995
k__Bacteria,p__Actinobacteria,c__Actinobacteria,o__Actinomycetales,f__Corynebacteriaceae,g__Corynebacterium,s__Corynebacterium_sp_KPL1989
k__Bacteria,p__Actinobacteria,c__Actinobacteria,o__Actinomycetales,f__Corynebacteriaceae,g__Corynebacterium,s__Corynebacterium_massiliense
k__Bacteria,p__Actinobacteria,c__Actinobacteria,o__Actinomycetales,f__Corynebacteriaceae,g__Corynebacterium,s__Corynebacterium_ammoniagenes
k__Bacteria,p__Actinobacteria,c__Actinobacteria,o__Actinomycetales,f__Corynebacteriaceae,g__Corynebacterium,s__Corynebacterium_casei
k__Bacteria,p__Actinobacteria,c__Actinobacteria,o__Actinomycetales,f__Corynebacteriaceae,g__Corynebacterium,s__Corynebacterium_aurimucosum
k__Bacteria,p__Actinobacteria,c__Actinobacteria,o__Actinomycetales,f__Corynebacteriaceae,g__Corynebacterium,s__Corynebacterium_striatum
k__Bacteria,p__Actinobacteria,c__Actinobacteria,o__Actinomycetales,f__Corynebacteriaceae,g__Corynebacterium,s__Corynebacterium_pseudogenitalium
k__Bacteria,p__Actinobacteria,c__Actinobacteria,o__Actinomycetales,f__Corynebacteriaceae,g__Corynebacterium,s__Corynebacterium_tuberculostearicum
k__Bacteria,p__Actinobacteria,c__Actinobacteria,o__Actinomycetales,f__Corynebacteriaceae,g__Corynebacterium,s__Corynebacterium_sp_KPL1857
k__Bacteria,p__Actinobacteria,c__Actinobacteria,o__Actinomycetales,f__Corynebacteriaceae,g__Corynebacterium,s__Corynebacterium_sp_KPL1860
k__Bacteria,p__Actinobacteria,c__Actinobacteria,o__Actinomycetales,f__Corynebacteriaceae,g__Corynebacterium,s__Corynebacterium_sp_KPL1821
k__Bacteria,p__Actinobacteria,c__Actinobacteria,o__Actinomycetales,f__Corynebacteriaceae,g__Corynebacterium,s__Corynebacterium_sp_KPL1856
k__Bacteria,p__Actinobacteria,c__Actinobacteria,o__Actinomycetales,f__Corynebacteriaceae,g__Corynebacterium,s__Corynebacterium_sp_KPL1817
k__Bacteria,p__Actinobacteria,c__Actinobacteria,o__Actinomycetales,f__Corynebacteriaceae,g__Corynebacterium,s__Corynebacterium_sp_KPL1859
k__Bacteria,p__Actinobacteria,c__Actinobacteria,o__Actinomycetales,f__Corynebacteriaceae,g__Corynebacterium,s__Corynebacterium_sp_KPL1855
k__Bacteria,p__Actinobacteria,c__Actinobacteria,o__Actinomycetales,f__Corynebacteriaceae,g__Corynebacterium,s__Corynebacterium_sp_KPL1814
k__Bacteria,p__Actinobacteria,c__Actinobacteria,o__Actinomycetales,f__Corynebacteriaceae,g__Corynebacterium,s__Corynebacterium_accolens
k__Bacteria,p__Actinobacteria,c__Actinobacteria,o__Actinomycetales,f__Corynebacteriaceae,g__Corynebacterium,s__Corynebacterium_sp_KPL1824
k__Bacteria,p__Actinobacteria,c__Actinobacteria,o__Actinomycetales,f__Corynebacteriaceae,g__Corynebacterium,s__Corynebacterium_sp_KPL1818
k__Bacteria,p__Actinobacteria,c__Actinobacteria,o__Actinomycetales,f__Corynebacteriaceae,g__Corynebacterium,s__Corynebacterium_sp_KPL1986
k__Bacteria,p__Actinobacteria,c__Actinobacteria,o__Actinomycetales,f__Corynebacteriaceae,g__Corynebacterium,s__Corynebacterium_sp_KPL1996
k__Bacteria,p__Actinobacteria,c__Actinobacteria,o__Actinomycetales,f__Corynebacteriaceae,g__Corynebacterium,s__Corynebacterium_sp_KPL2004
k__Bacteria,p__Actinobacteria,c__Actinobacteria,o__Actinomycetales,f__Corynebacteriaceae,g__Corynebacterium,s__Corynebacterium_sp_KPL1998
k__Bacteria,p__Actinobacteria,c__Actinobacteria,o__Actinomycetales,f__Tsukamurellaceae,g__Tsukamurella,s__Tsukamurella_paurometabola
k__Bacteria,p__Actinobacteria,c__Actinobacteria,o__Actinomycetales,f__Tsukamurellaceae,g__Tsukamurella,s__Tsukamurella_sp_1534
k__Bacteria,p__Actinobacteria,c__Actinobacteria,o__Actinomycetales,f__Gordoniaceae,g__Gordonia,s__Gordonia_kroppenstedtii
k__Bacteria,p__Actinobacteria,c__Actinobacteria,o__Actinomycetales,f__Nocardiaceae,g__Nocardia,s__Nocardia_sp_348MFTsu5_1
k__Bacteria,p__Actinobacteria,c__Actinobacteria,o__Actinomycetales,f__Williamsiaceae,g__Williamsia,s__Williamsia_sp_D3
k__Bacteria,p__Actinobacteria,c__Actinobacteria,o__Actinomycetales,f__Gordoniaceae,g__Gordonia,s__Gordonia_effusa
k__Bacteria,p__Actinobacteria,c__Actinobacteria,o__Actinomycetales,f__Gordoniaceae,g__Gordonia,s__Gordonia_araii
k__Bacteria,p__Actinobacteria,c__Actinobacteria,o__Actinomycetales,f__Gordoniaceae,g__Gordonia,s__Gordonia_hirsuta
k__Bacteria,p__Actinobacteria,c__Actinobacteria,o__Actinomycetales,f__Gordoniaceae,g__Gordonia,s__Gordonia_malaquae
k__Bacteria,p__Actinobacteria,c__Actinobacteria,o__Actinomycetales,f__Gordoniaceae,g__Gordonia,s__Gordonia_neofelifaecis
k__Bacteria,p__Actinobacteria,c__Actinobacteria,o__Actinomycetales,f__Gordoniaceae,g__Gordonia,s__Gordonia_sihwensis
k__Bacteria,p__Actinobacteria,c__Actinobacteria,o__Actinomycetales,f__Gordoniaceae,g__Gordonia,s__Gordonia_amarae
k__Bacteria,p__Actinobacteria,c__Actinobacteria,o__Actinomycetales,f__Gordoniaceae,g__Gordonia,s__Gordonia_soli
k__Bacteria,p__Actinobacteria,c__Actinobacteria,o__Actinomycetales,f__Gordoniaceae,g__Gordonia,s__Gordonia_rhizosphera
k__Bacteria,p__Actinobacteria,c__Actinobacteria,o__Actinomycetales,f__Gordoniaceae,g__Gordonia,s__Gordonia_polyisoprenivorans
k__Bacteria,p__Actinobacteria,c__Actinobacteria,o__Actinomycetales,f__Gordoniaceae,g__Gordonia,s__Gordonia_sp_NB4_1Y
k__Bacteria,p__Actinobacteria,c__Actinobacteria,o__Actinomycetales,f__Gordoniaceae,g__Gordonia,s__Gordonia_sputi
k__Bacteria,p__Actinobacteria,c__Actinobacteria,o__Actinomycetales,f__Gordoniaceae,g__Gordonia,s__Gordonia_otitidis
k__Bacteria,p__Actinobacteria,c__Actinobacteria,o__Actinomycetales,f__Gordoniaceae,g__Gordonia,s__Gordonia_aichiensis
k__Bacteria,p__Actinobacteria,c__Actinobacteria,o__Actinomycetales,f__Gordoniaceae,g__Gordonia,s__Gordonia_bronchialis
k__Bacteria,p__Actinobacteria,c__Actinobacteria,o__Actinomycetales,f__Gordoniaceae,g__Gordonia,s__Gordonia_paraffinivorans
k__Bacteria,p__Actinobacteria,c__Actinobacteria,o__Actinomycetales,f__Gordoniaceae,g__Gordonia,s__Gordonia_sp_KTR9
k__Bacteria,p__Actinobacteria,c__Actinobacteria,o__Actinomycetales,f__Gordoniaceae,g__Gordonia,s__Gordonia_terrae
k__Bacteria,p__Actinobacteria,c__Actinobacteria,o__Actinomycetales,f__Gordoniaceae,g__Gordonia,s__Gordonia_amicalis
k__Bacteria,p__Actinobacteria,c__Actinobacteria,o__Actinomycetales,f__Gordoniaceae,g__Gordonia,s__Gordonia_alkanivorans
k__Bacteria,p__Actinobacteria,c__Actinobacteria,o__Actinomycetales,f__Gordoniaceae,g__Gordonia,s__Gordonia_namibiensis
k__Bacteria,p__Actinobacteria,c__Actinobacteria,o__Actinomycetales,f__Gordoniaceae,g__Gordonia,s__Gordonia_rubripertincta
k__Bacteria,p__Actinobacteria,c__Actinobacteria,o__Actinomycetales,f__Mycobacteriaceae,g__Amycolicicoccus,s__Amycolicicoccus_subflavus
k__Bacteria,p__Actinobacteria,c__Actinobacteria,o__Actinomycetales,f__Nocardiaceae,g__Smaragdicoccus,s__Smaragdicoccus_niigatensis
k__Bacteria,p__Actinobacteria,c__Actinobacteria,o__Actinomycetales,f__Nocardiaceae,g__Nocardia,s__Nocardia_sp_BMG111209
k__Bacteria,p__Actinobacteria,c__Actinobacteria,o__Actinomycetales,f__Nocardiaceae,g__Nocardia,s__Nocardia_asteroides
k__Bacteria,p__Actinobacteria,c__Actinobacteria,o__Actinomycetales,f__Nocardiaceae,g__Nocardia,s__Nocardia_cyriacigeorgica
k__Bacteria,p__Actinobacteria,c__Actinobacteria,o__Actinomycetales,f__Nocardiaceae,g__Nocardia,s__Nocardia_farcinica
k__Bacteria,p__Actinobacteria,c__Actinobacteria,o__Actinomycetales,f__Nocardiaceae,g__Nocardia,s__Nocardia_brasiliensis
k__Bacteria,p__Actinobacteria,c__Actinobacteria,o__Actinomycetales,f__Nocardiaceae,g__Rhodococcus,s__Rhodococcus_sp_AW25M09
k__Bacteria,p__Actinobacteria,c__Actinobacteria,o__Actinomycetales,f__Nocardiaceae,g__Rhodococcus,s__Rhodococcus_sp_29MFTsu3_1
k__Bacteria,p__Actinobacteria,c__Actinobacteria,o__Actinomycetales,f__Nocardiaceae,g__Rhodococcus,s__Rhodococcus_sp_114MFTsu3_1
k__Bacteria,p__Actinobacteria,c__Actinobacteria,o__Actinomycetales,f__Nocardiaceae,g__Rhodococcus,s__Rhodococcus_rhodnii
k__Bacteria,p__Actinobacteria,c__Actinobacteria,o__Actinomycetales,f__Nocardiaceae,g__Rhodococcus,s__Rhodococcus_equi
k__Bacteria,p__Actinobacteria,c__Actinobacteria,o__Actinomycetales,f__Nocardiaceae,g__Rhodococcus,s__Rhodococcus_triatomae
k__Bacteria,p__Actinobacteria,c__Actinobacteria,o__Actinomycetales,f__Nocardiaceae,g__Rhodococcus,s__Rhodococcus_sp_P14
k__Bacteria,p__Actinobacteria,c__Actinobacteria,o__Actinomycetales,f__Nocardiaceae,g__Rhodococcus,s__Rhodococcus_ruber
k__Bacteria,p__Actinobacteria,c__Actinobacteria,o__Actinomycetales,f__Nocardiaceae,g__Rhodococcus,s__Rhodococcus_sp_R1101
k__Bacteria,p__Actinobacteria,c__Actinobacteria,o__Actinomycetales,f__Nocardiaceae,g__Rhodococcus,s__Rhodococcus_rhodochrous
k__Bacteria,p__Actinobacteria,c__Actinobacteria,o__Actinomycetales,f__Nocardiaceae,g__Rhodococcus,s__Rhodococcus_sp_R04
k__Bacteria,p__Actinobacteria,c__Actinobacteria,o__Actinomycetales,f__Nocardiaceae,g__Rhodococcus,s__Rhodococcus_pyridinivorans
k__Bacteria,p__Actinobacteria,c__Actinobacteria,o__Actinomycetales,f__Nocardiaceae,g__Rhodococcus,s__Rhodococcus_sp_P27
k__Bacteria,p__Actinobacteria,c__Actinobacteria,o__Actinomycetales,f__Nocardiaceae,g__Rhodococcus,s__Rhodococcus_erythropolis
k__Bacteria,p__Actinobacteria,c__Actinobacteria,o__Actinomycetales,f__Nocardiaceae,g__Rhodococcus,s__Rhodococcus_qingshengii
k__Bacteria,p__Actinobacteria,c__Actinobacteria,o__Actinomycetales,f__Nocardiaceae,g__Rhodococcus,s__Rhodococcus_imtechensis
k__Bacteria,p__Actinobacteria,c__Actinobacteria,o__Actinomycetales,f__Nocardiaceae,g__Rhodococcus,s__Rhodococcus_opacus
k__Bacteria,p__Actinobacteria,c__Actinobacteria,o__Actinomycetales,f__Nocardiaceae,g__Rhodococcus,s__Rhodococcus_sp_DK17
k__Bacteria,p__Actinobacteria,c__Actinobacteria,o__Actinomycetales,f__Nocardiaceae,g__Rhodococcus,s__Rhodococcus_wratislaviensis
k__Bacteria,p__Actinobacteria,c__Actinobacteria,o__Actinomycetales,f__Nocardiaceae,g__Rhodococcus,s__Rhodococcus_jostii
k__Bacteria,p__Actinobacteria,c__Actinobacteria,o__Actinomycetales,f__Nocardiaceae,g__Rhodococcus,s__Rhodococcus_sp_JVH1
k__Bacteria,p__Actinobacteria,c__Actinobacteria,o__Actinomycetales,f__Segniliparaceae,g__Segniliparus,s__Segniliparus_rotundus
k__Bacteria,p__Actinobacteria,c__Actinobacteria,o__Actinomycetales,f__Segniliparaceae,g__Segniliparus,s__Segniliparus_rugosus
k__Bacteria,p__Actinobacteria,c__Actinobacteria,o__Actinomycetales,f__Mycobacteriaceae,g__Mycobacterium,s__Mycobacterium_abscessus
k__Bacteria,p__Actinobacteria,c__Actinobacteria,o__Actinomycetales,f__Mycobacteriaceae,g__Mycobacterium,s__Mycobacterium_rhodesiae
k__Bacteria,p__Actinobacteria,c__Actinobacteria,o__Actinomycetales,f__Mycobacteriaceae,g__Mycobacterium,s__Mycobacterium_sp_360MFTsu5_1
k__Bacteria,p__Actinobacteria,c__Actinobacteria,o__Actinomycetales,f__Mycobacteriaceae,g__Mycobacterium,s__Mycobacterium_sp_155
k__Bacteria,p__Actinobacteria,c__Actinobacteria,o__Actinomycetales,f__Mycobacteriaceae,g__Mycobacterium,s__Mycobacterium_sp_141
k__Bacteria,p__Actinobacteria,c__Actinobacteria,o__Actinomycetales,f__Mycobacteriaceae,g__Mycobacterium,s__Mycobacterium_smegmatis
k__Bacteria,p__Actinobacteria,c__Actinobacteria,o__Actinomycetales,f__Mycobacteriaceae,g__Mycobacterium,s__Mycobacterium_mageritense
k__Bacteria,p__Actinobacteria,c__Actinobacteria,o__Actinomycetales,f__Mycobacteriaceae,g__Mycobacterium,s__Mycobacterium_fortuitum
k__Bacteria,p__Actinobacteria,c__Actinobacteria,o__Actinomycetales,f__Mycobacteriaceae,g__Mycobacterium,s__Mycobacterium_tusciae
k__Bacteria,p__Actinobacteria,c__Actinobacteria,o__Actinomycetales,f__Mycobacteriaceae,g__Mycobacterium,s__Mycobacterium_phlei
k__Bacteria,p__Actinobacteria,c__Actinobacteria,o__Actinomycetales,f__Mycobacteriaceae,g__Mycobacterium,s__Mycobacterium_thermoresistibile
k__Bacteria,p__Actinobacteria,c__Actinobacteria,o__Actinomycetales,f__Mycobacteriaceae,g__Mycobacterium,s__Mycobacterium_hassiacum
k__Bacteria,p__Actinobacteria,c__Actinobacteria,o__Actinomycetales,f__Mycobacteriaceae,g__Mycobacterium,s__Mycobacterium_sp_JLS
k__Bacteria,p__Actinobacteria,c__Actinobacteria,o__Actinomycetales,f__Mycobacteriaceae,g__Mycobacterium,s__Mycobacterium_sp_MCS
k__Bacteria,p__Actinobacteria,c__Actinobacteria,o__Actinomycetales,f__Mycobacteriaceae,g__Mycobacterium,s__Mycobacterium_sp_KMS
k__Bacteria,p__Actinobacteria,c__Actinobacteria,o__Actinomycetales,f__Mycobacteriaceae,g__Mycobacterium,s__Mycobacterium_chubuense
k__Bacteria,p__Actinobacteria,c__Actinobacteria,o__Actinomycetales,f__Mycobacteriaceae,g__Mycobacterium,s__Mycobacterium_vaccae
k__Bacteria,p__Actinobacteria,c__Actinobacteria,o__Actinomycetales,f__Mycobacteriaceae,g__Mycobacterium,s__Mycobacterium_vanbaalenii
k__Bacteria,p__Actinobacteria,c__Actinobacteria,o__Actinomycetales,f__Mycobacteriaceae,g__Mycobacterium,s__Mycobacterium_gilvum
k__Bacteria,p__Actinobacteria,c__Actinobacteria,o__Actinomycetales,f__Mycobacteriaceae,g__Mycobacterium,s__Mycobacterium_sp_JDM601
k__Bacteria,p__Actinobacteria,c__Actinobacteria,o__Actinomycetales,f__Mycobacteriaceae,g__Mycobacterium,s__Mycobacterium_xenopi
k__Bacteria,p__Actinobacteria,c__Actinobacteria,o__Actinomycetales,f__Mycobacteriaceae,g__Mycobacterium,s__Mycobacterium_parascrofulaceum
k__Bacteria,p__Actinobacteria,c__Actinobacteria,o__Actinomycetales,f__Mycobacteriaceae,g__Mycobacterium,s__Mycobacterium_avium
k__Bacteria,p__Actinobacteria,c__Actinobacteria,o__Actinomycetales,f__Mycobacteriaceae,g__Mycobacterium,s__Mycobacterium_colombiense
k__Bacteria,p__Actinobacteria,c__Actinobacteria,o__Actinomycetales,f__Mycobacteriaceae,g__Mycobacterium,s__Mycobacterium_intracellulare
k__Bacteria,p__Actinobacteria,c__Actinobacteria,o__Actinomycetales,f__Mycobacteriaceae,g__Mycobacterium,s__Mycobacterium_indicus_pranii
k__Bacteria,p__Actinobacteria,c__Actinobacteria,o__Actinomycetales,f__Mycobacteriaceae,g__Mycobacterium,s__Mycobacterium_sp_H4Y
k__Bacteria,p__Actinobacteria,c__Actinobacteria,o__Actinomycetales,f__Mycobacteriaceae,g__Mycobacterium,s__Mycobacterium_sp_MOTT36Y
k__Bacteria,p__Actinobacteria,c__Actinobacteria,o__Actinomycetales,f__Mycobacteriaceae,g__Mycobacterium,s__Mycobacterium_yongonense
k__Bacteria,p__Actinobacteria,c__Actinobacteria,o__Actinomycetales,f__Mycobacteriaceae,g__Mycobacterium,s__Mycobacterium_leprae
k__Bacteria,p__Actinobacteria,c__Actinobacteria,o__Actinomycetales,f__Mycobacteriaceae,g__Mycobacterium,s__Mycobacterium_bovis
k__Bacteria,p__Actinobacteria,c__Actinobacteria,o__Actinomycetales,f__Mycobacteriaceae,g__Mycobacterium,s__Mycobacterium_africanum
k__Bacteria,p__Actinobacteria,c__Actinobacteria,o__Actinomycetales,f__Mycobacteriaceae,g__Mycobacterium,s__Mycobacterium_orygis
k__Bacteria,p__Actinobacteria,c__Actinobacteria,o__Actinomycetales,f__Mycobacteriaceae,g__Mycobacterium,s__Mycobacterium_tuberculosis
k__Bacteria,p__Actinobacteria,c__Actinobacteria,o__Actinomycetales,f__Mycobacteriaceae,g__Mycobacterium,s__Mycobacterium_canettii
k__Bacteria,p__Actinobacteria,c__Actinobacteria,o__Actinomycetales,f__Mycobacteriaceae,g__Mycobacterium,s__Mycobacterium_kansasii
k__Bacteria,p__Actinobacteria,c__Actinobacteria,o__Actinomycetales,f__Mycobacteriaceae,g__Mycobacterium,s__Mycobacterium_marinum
k__Bacteria,p__Actinobacteria,c__Actinobacteria,o__Actinomycetales,f__Mycobacteriaceae,g__Mycobacterium,s__Mycobacterium_sp_012931
k__Bacteria,p__Actinobacteria,c__Actinobacteria,o__Actinomycetales,f__Mycobacteriaceae,g__Mycobacterium,s__Mycobacterium_ulcerans
k__Bacteria,p__Actinobacteria,c__Actinobacteria,o__Actinomycetales,f__Mycobacteriaceae,g__Mycobacterium,s__Mycobacterium_liflandii
k__Bacteria,p__Elusimicrobia,c__Elusimicrobia,o__Elusimicrobiales,f__Elusimicrobiaceae,g__Elusimicrobium,s__Elusimicrobium_minutum
k__Bacteria,p__Proteobacteria,c__Gammaproteobacteria,o__Pseudomonadales,f__Pseudomonadaceae,g__Pseudomonas,s__Pseudomonas_sp_UK4
k__Bacteria,p__Poribacteria,c__Poribacteria_noname,o__Poribacteria_noname,f__Poribacteria_noname,g__Poribacteria_noname,s__Candidatus_Poribacteria_sp_WGA_4E
k__Bacteria,p__Planctomycetes,c__Planctomycetia,o__Planctomycetales,f__Planctomycetaceae,g__Planctomycetaceae_noname,s__planctomycete_KSU_1
k__Bacteria,p__Planctomycetes,c__Phycisphaerae,o__Phycisphaerales,f__Phycisphaeraceae,g__Phycisphaera,s__Phycisphaera_mikurensis
k__Bacteria,p__Planctomycetes,c__Planctomycetia,o__Planctomycetales,f__Planctomycetaceae,g__Gemmata,s__Gemmata_obscuriglobus
k__Bacteria,p__Planctomycetes,c__Planctomycetia,o__Planctomycetales,f__Planctomycetaceae,g__Zavarzinella,s__Zavarzinella_formosa
k__Bacteria,p__Planctomycetes,c__Planctomycetia,o__Planctomycetales,f__Planctomycetaceae,g__Isosphaera,s__Isosphaera_pallida
k__Bacteria,p__Planctomycetes,c__Planctomycetia,o__Planctomycetales,f__Planctomycetaceae,g__Singulisphaera,s__Singulisphaera_acidiphila
k__Bacteria,p__Planctomycetes,c__Planctomycetia,o__Planctomycetales,f__Planctomycetaceae,g__Planctomyces,s__Planctomyces_limnophilus
k__Bacteria,p__Planctomycetes,c__Planctomycetia,o__Planctomycetales,f__Planctomycetaceae,g__Schlesneria,s__Schlesneria_paludicola
k__Bacteria,p__Planctomycetes,c__Planctomycetia,o__Planctomycetales,f__Planctomycetaceae,g__Planctomyces,s__Planctomyces_brasiliensis
k__Bacteria,p__Planctomycetes,c__Planctomycetia,o__Planctomycetales,f__Planctomycetaceae,g__Planctomyces,s__Planctomyces_maris
k__Bacteria,p__Planctomycetes,c__Planctomycetia,o__Planctomycetales,f__Planctomycetaceae,g__Pirellula,s__Pirellula_staleyi
k__Bacteria,p__Planctomycetes,c__Planctomycetia,o__Planctomycetales,f__Planctomycetaceae,g__Blastopirellula,s__Blastopirellula_marina
k__Bacteria,p__Planctomycetes,c__Planctomycetia,o__Planctomycetales,f__Planctomycetaceae,g__Rhodopirellula,s__Rhodopirellula_maiorica
k__Bacteria,p__Planctomycetes,c__Planctomycetia,o__Planctomycetales,f__Planctomycetaceae,g__Rhodopirellula,s__Rhodopirellula_baltica
k__Bacteria,p__Planctomycetes,c__Planctomycetia,o__Planctomycetales,f__Planctomycetaceae,g__Rhodopirellula,s__Rhodopirellula_europaea
k__Bacteria,p__Planctomycetes,c__Planctomycetia,o__Planctomycetales,f__Planctomycetaceae,g__Rhodopirellula,s__Rhodopirellula_sp_SWK7
k__Bacteria,p__Planctomycetes,c__Planctomycetia,o__Planctomycetales,f__Planctomycetaceae,g__Rhodopirellula,s__Rhodopirellula_sallentina
k__Bacteria,p__Lentisphaerae,c__Lentisphaeria,o__Lentisphaerales,f__Lentisphaeraceae,g__Lentisphaera,s__Lentisphaera_araneosa
k__Bacteria,p__Chlamydiae,c__Chlamydiia,o__Chlamydiales,f__Simkaniaceae,g__Simkania,s__Simkania_negevensis
k__Bacteria,p__Chlamydiae,c__Chlamydiia,o__Chlamydiales,f__Waddliaceae,g__Waddlia,s__Waddlia_chondrophila
k__Bacteria,p__Chlamydiae,c__Chlamydiia,o__Chlamydiales,f__Parachlamydiaceae,g__Candidatus_Protochlamydia,s__Candidatus_Protochlamydia_amoebophila
k__Bacteria,p__Chlamydiae,c__Chlamydiia,o__Chlamydiales,f__Parachlamydiaceae,g__Parachlamydia,s__Parachlamydia_acanthamoebae
k__Bacteria,p__Chlamydiae,c__Chlamydiia,o__Chlamydiales,f__Chlamydiaceae,g__Chlamydia,s__Chlamydia_muridarum
k__Bacteria,p__Chlamydiae,c__Chlamydiia,o__Chlamydiales,f__Chlamydiaceae,g__Chlamydia,s__Chlamydia_trachomatis
k__Bacteria,p__Chlamydiae,c__Chlamydiia,o__Chlamydiales,f__Chlamydiaceae,g__Chlamydia,s__Chlamydia_ibidis
k__Bacteria,p__Chlamydiae,c__Chlamydiia,o__Chlamydiales,f__Chlamydiaceae,g__Chlamydia,s__Chlamydia_pneumoniae
k__Bacteria,p__Chlamydiae,c__Chlamydiia,o__Chlamydiales,f__Chlamydiaceae,g__Chlamydia,s__Chlamydia_pecorum
k__Bacteria,p__Chlamydiae,c__Chlamydiia,o__Chlamydiales,f__Chlamydiaceae,g__Chlamydophila,s__Chlamydophila_sp_08_1274_3
k__Bacteria,p__Chlamydiae,c__Chlamydiia,o__Chlamydiales,f__Chlamydiaceae,g__Chlamydophila,s__Chlamydophila_abortus
k__Bacteria,p__Chlamydiae,c__Chlamydiia,o__Chlamydiales,f__Chlamydiaceae,g__Chlamydia,s__Chlamydia_psittaci
k__Bacteria,p__Chlamydiae,c__Chlamydiia,o__Chlamydiales,f__Chlamydiaceae,g__Chlamydophila,s__Chlamydophila_caviae
k__Bacteria,p__Chlamydiae,c__Chlamydiia,o__Chlamydiales,f__Chlamydiaceae,g__Chlamydophila,s__Chlamydophila_felis
k__Bacteria,p__Verrucomicrobia,c__Opitutae,o__Puniceicoccales,f__Puniceicoccaceae,g__Coraliomargarita,s__Coraliomargarita_akajimensis
k__Bacteria,p__Verrucomicrobia,c__Verrucomicrobia_noname,o__Verrucomicrobia_noname,f__Verrucomicrobia_noname,g__Verrucomicrobia_noname,s__Verrucomicrobia_bacterium_SCGC_AAA300_K03
k__Bacteria,p__Verrucomicrobia,c__Verrucomicrobia_noname,o__Verrucomicrobia_noname,f__Verrucomicrobia_noname,g__Verrucomicrobia_noname,s__Verrucomicrobia_bacterium_SCGC_AAA300_O17
k__Bacteria,p__Verrucomicrobia,c__Verrucomicrobiae,o__Verrucomicrobiales,f__Verrucomicrobiales_noname,g__Verrucomicrobiales_noname,s__Verrucomicrobiae_bacterium_DG1235
k__Bacteria,p__Verrucomicrobia,c__Opitutae,o__Opitutae_noname,f__Opitutaceae,g__Opitutus,s__Opitutus_terrae
k__Bacteria,p__Verrucomicrobia,c__Opitutae,o__Opitutae_noname,f__Opitutaceae,g__Opitutaceae_noname,s__Opitutaceae_bacterium_TAV5
k__Bacteria,p__Verrucomicrobia,c__Opitutae,o__Opitutae_noname,f__Opitutaceae,g__Opitutaceae_noname,s__Opitutaceae_bacterium_TAV1
k__Bacteria,p__Verrucomicrobia,c__Verrucomicrobiae,o__Verrucomicrobiales,f__Verrucomicrobiaceae,g__Verrucomicrobium,s__Verrucomicrobium_sp_3C
k__Bacteria,p__Verrucomicrobia,c__Verrucomicrobia_noname,o__Methylacidiphilales,f__Methylacidiphilaceae,g__Methylacidiphilum,s__Methylacidiphilum_infernorum
k__Bacteria,p__Verrucomicrobia,c__Verrucomicrobia_noname,o__Methylacidiphilales,f__Methylacidiphilaceae,g__Methylacidiphilum,s__Methylacidiphilum_fumariolicum
k__Bacteria,p__Verrucomicrobia,c__Verrucomicrobiae,o__Verrucomicrobiales,f__Verrucomicrobia_subdivision_3,g__Pedosphaera,s__Pedosphaera_parvula
k__Bacteria,p__Verrucomicrobia,c__Spartobacteria,o__Spartobacteria_noname,f__Spartobacteria_noname,g__Chthoniobacter,s__Chthoniobacter_flavus
k__Bacteria,p__Verrucomicrobia,c__Verrucomicrobiae,o__Verrucomicrobiales,f__Verrucomicrobiaceae,g__Verrucomicrobium,s__Verrucomicrobium_spinosum
k__Bacteria,p__Verrucomicrobia,c__Verrucomicrobiae,o__Verrucomicrobiales,f__Verrucomicrobiaceae,g__Akkermansia,s__Akkermansia_muciniphila
k__Bacteria,p__Verrucomicrobia,c__Verrucomicrobiae,o__Verrucomicrobiales,f__Verrucomicrobiaceae,g__Rubritalea,s__Rubritalea_marina
k__Bacteria,p__Verrucomicrobia,c__Verrucomicrobia_noname,o__Verrucomicrobia_noname,f__Verrucomicrobia_noname,g__Verrucomicrobia_noname,s__Verrucomicrobia_bacterium_SCGC_AAA164_L15
k__Bacteria,p__Verrucomicrobia,c__Verrucomicrobia_noname,o__Verrucomicrobia_noname,f__Verrucomicrobia_noname,g__Verrucomicrobia_noname,s__Verrucomicrobia_bacterium_SCGC_AAA164_O14
k__Bacteria,p__Verrucomicrobia,c__Verrucomicrobia_noname,o__Verrucomicrobia_noname,f__Verrucomicrobia_noname,g__Verrucomicrobia_noname,s__Verrucomicrobia_bacterium_SCGC_AAA164_A21
k__Bacteria,p__Verrucomicrobia,c__Verrucomicrobia_noname,o__Verrucomicrobia_noname,f__Verrucomicrobia_noname,g__Verrucomicrobia_noname,s__Verrucomicrobia_bacterium_SCGC_AAA168_E21
k__Bacteria,p__Spirochaetes,c__Spirochaetia,o__Spirochaetales,f__Leptospiraceae,g__Turneriella,s__Turneriella_parva
k__Bacteria,p__Spirochaetes,c__Spirochaetia,o__Spirochaetales,f__Leptospiraceae,g__Leptonema,s__Leptonema_illini
k__Bacteria,p__Spirochaetes,c__Spirochaetia,o__Spirochaetales,f__Leptospiraceae,g__Leptospira,s__Leptospira_biflexa
k__Bacteria,p__Spirochaetes,c__Spirochaetia,o__Spirochaetales,f__Leptospiraceae,g__Leptospira,s__Leptospira_yanagawae
k__Bacteria,p__Spirochaetes,c__Spirochaetia,o__Spirochaetales,f__Leptospiraceae,g__Leptospira,s__Leptospira_meyeri
k__Bacteria,p__Spirochaetes,c__Spirochaetia,o__Spirochaetales,f__Leptospiraceae,g__Leptospira,s__Leptospira_terpstrae
k__Bacteria,p__Spirochaetes,c__Spirochaetia,o__Spirochaetales,f__Leptospiraceae,g__Leptospira,s__Leptospira_vanthielii
k__Bacteria,p__Spirochaetes,c__Spirochaetia,o__Spirochaetales,f__Leptospiraceae,g__Leptospira,s__Leptospira_wolbachii
k__Bacteria,p__Spirochaetes,c__Spirochaetia,o__Spirochaetales,f__Leptospiraceae,g__Leptospira,s__Leptospira_inadai
k__Bacteria,p__Spirochaetes,c__Spirochaetia,o__Spirochaetales,f__Leptospiraceae,g__Leptospira,s__Leptospira_broomii
k__Bacteria,p__Spirochaetes,c__Spirochaetia,o__Spirochaetales,f__Leptospiraceae,g__Leptospira,s__Leptospira_fainei
k__Bacteria,p__Spirochaetes,c__Spirochaetia,o__Spirochaetales,f__Leptospiraceae,g__Leptospira,s__Leptospira_wolffii
k__Bacteria,p__Spirochaetes,c__Spirochaetia,o__Spirochaetales,f__Leptospiraceae,g__Leptospira,s__Leptospira_licerasiae
k__Bacteria,p__Spirochaetes,c__Spirochaetia,o__Spirochaetales,f__Leptospiraceae,g__Leptospira,s__Leptospira_sp_B5_022
k__Bacteria,p__Spirochaetes,c__Spirochaetia,o__Spirochaetales,f__Leptospiraceae,g__Leptospira,s__Leptospira_kmetyi
k__Bacteria,p__Spirochaetes,c__Spirochaetia,o__Spirochaetales,f__Leptospiraceae,g__Leptospira,s__Leptospira_alstoni
k__Bacteria,p__Spirochaetes,c__Spirochaetia,o__Spirochaetales,f__Leptospiraceae,g__Leptospira,s__Leptospira_noguchii
k__Bacteria,p__Spirochaetes,c__Spirochaetia,o__Spirochaetales,f__Leptospiraceae,g__Leptospira,s__Leptospira_interrogans
k__Bacteria,p__Spirochaetes,c__Spirochaetia,o__Spirochaetales,f__Leptospiraceae,g__Leptospira,s__Leptospira_kirschneri
k__Bacteria,p__Spirochaetes,c__Spirochaetia,o__Spirochaetales,f__Leptospiraceae,g__Leptospira,s__Leptospira_santarosai
k__Bacteria,p__Spirochaetes,c__Spirochaetia,o__Spirochaetales,f__Leptospiraceae,g__Leptospira,s__Leptospira_sp_Fiocruz_LV3954
k__Bacteria,p__Spirochaetes,c__Spirochaetia,o__Spirochaetales,f__Leptospiraceae,g__Leptospira,s__Leptospira_sp_Fiocruz_LV4135
k__Bacteria,p__Spirochaetes,c__Spirochaetia,o__Spirochaetales,f__Leptospiraceae,g__Leptospira,s__Leptospira_borgpetersenii
k__Bacteria,p__Spirochaetes,c__Spirochaetia,o__Spirochaetales,f__Leptospiraceae,g__Leptospira,s__Leptospira_sp_serovar_Kenya
k__Bacteria,p__Spirochaetes,c__Spirochaetia,o__Spirochaetales,f__Leptospiraceae,g__Leptospira,s__Leptospira_alexanderi
k__Bacteria,p__Spirochaetes,c__Spirochaetia,o__Spirochaetales,f__Leptospiraceae,g__Leptospira,s__Leptospira_weilii
k__Bacteria,p__Spirochaetes,c__Spirochaetia,o__Spirochaetales,f__Leptospiraceae,g__Leptospira,s__Leptospira_sp_P2653
k__Bacteria,p__Spirochaetes,c__Spirochaetia,o__Spirochaetales,f__Brachyspiraceae,g__Brachyspira,s__Brachyspira_pilosicoli
k__Bacteria,p__Spirochaetes,c__Spirochaetia,o__Spirochaetales,f__Brachyspiraceae,g__Brachyspira,s__Brachyspira_murdochii
k__Bacteria,p__Spirochaetes,c__Spirochaetia,o__Spirochaetales,f__Brachyspiraceae,g__Brachyspira,s__Brachyspira_innocens
k__Bacteria,p__Spirochaetes,c__Spirochaetia,o__Spirochaetales,f__Brachyspiraceae,g__Brachyspira,s__Brachyspira_hampsonii
k__Bacteria,p__Spirochaetes,c__Spirochaetia,o__Spirochaetales,f__Brachyspiraceae,g__Brachyspira,s__Brachyspira_hyodysenteriae
k__Bacteria,p__Spirochaetes,c__Spirochaetia,o__Spirochaetales,f__Brachyspiraceae,g__Brachyspira,s__Brachyspira_intermedia
k__Bacteria,p__Spirochaetes,c__Spirochaetia,o__Spirochaetales,f__Spirochaetaceae,g__Borrelia,s__Borrelia_crocidurae
k__Bacteria,p__Spirochaetes,c__Spirochaetia,o__Spirochaetales,f__Spirochaetaceae,g__Borrelia,s__Borrelia_duttonii
k__Bacteria,p__Spirochaetes,c__Spirochaetia,o__Spirochaetales,f__Spirochaetaceae,g__Borrelia,s__Borrelia_recurrentis
k__Bacteria,p__Spirochaetes,c__Spirochaetia,o__Spirochaetales,f__Spirochaetaceae,g__Borrelia,s__Borrelia_miyamotoi
k__Bacteria,p__Spirochaetes,c__Spirochaetia,o__Spirochaetales,f__Spirochaetaceae,g__Borrelia,s__Borrelia_hermsii
k__Bacteria,p__Spirochaetes,c__Spirochaetia,o__Spirochaetales,f__Spirochaetaceae,g__Borrelia,s__Borrelia_turicatae
k__Bacteria,p__Spirochaetes,c__Spirochaetia,o__Spirochaetales,f__Spirochaetaceae,g__Borrelia,s__Borrelia_valaisiana
k__Bacteria,p__Spirochaetes,c__Spirochaetia,o__Spirochaetales,f__Spirochaetaceae,g__Borrelia,s__Borrelia_spielmanii
k__Bacteria,p__Spirochaetes,c__Spirochaetia,o__Spirochaetales,f__Spirochaetaceae,g__Borrelia,s__Borrelia_afzelii
k__Bacteria,p__Spirochaetes,c__Spirochaetia,o__Spirochaetales,f__Spirochaetaceae,g__Borrelia,s__Borrelia_garinii
k__Bacteria,p__Spirochaetes,c__Spirochaetia,o__Spirochaetales,f__Spirochaetaceae,g__Borrelia,s__Borrelia_bavariensis
k__Bacteria,p__Spirochaetes,c__Spirochaetia,o__Spirochaetales,f__Spirochaetaceae,g__Borrelia,s__Borrelia_bissettii
k__Bacteria,p__Spirochaetes,c__Spirochaetia,o__Spirochaetales,f__Spirochaetaceae,g__Borrelia,s__Borrelia_burgdorferi
k__Bacteria,p__Spirochaetes,c__Spirochaetia,o__Spirochaetales,f__Spirochaetaceae,g__Borrelia,s__Borrelia_sp_SV1
k__Bacteria,p__Spirochaetes,c__Spirochaetia,o__Spirochaetales,f__Spirochaetaceae,g__Spirochaeta,s__Spirochaeta_thermophila
k__Bacteria,p__Spirochaetes,c__Spirochaetia,o__Spirochaetales,f__Spirochaetaceae,g__Spirochaeta,s__Spirochaeta_africana
k__Bacteria,p__Spirochaetes,c__Spirochaetia,o__Spirochaetales,f__Spirochaetaceae,g__Spirochaeta,s__Spirochaeta_alkalica
k__Bacteria,p__Spirochaetes,c__Spirochaetia,o__Spirochaetales,f__Spirochaetaceae,g__Spirochaeta,s__Spirochaeta_smaragdinae
k__Bacteria,p__Spirochaetes,c__Spirochaetia,o__Spirochaetales,f__Spirochaetaceae,g__Spirochaeta,s__Spirochaeta_bajacaliforniensis
k__Bacteria,p__Spirochaetes,c__Spirochaetia,o__Spirochaetales,f__Spirochaetaceae,g__Sphaerochaeta,s__Sphaerochaeta_coccoides
k__Bacteria,p__Spirochaetes,c__Spirochaetia,o__Spirochaetales,f__Spirochaetaceae,g__Sphaerochaeta,s__Sphaerochaeta_globosa
k__Bacteria,p__Spirochaetes,c__Spirochaetia,o__Spirochaetales,f__Spirochaetaceae,g__Sphaerochaeta,s__Sphaerochaeta_pleomorpha
k__Bacteria,p__Spirochaetes,c__Spirochaetia,o__Spirochaetales,f__Spirochaetaceae,g__Treponema,s__Treponema_caldaria
k__Bacteria,p__Spirochaetes,c__Spirochaetia,o__Spirochaetales,f__Spirochaetaceae,g__Treponema,s__Treponema_azotonutricium
k__Bacteria,p__Spirochaetes,c__Spirochaetia,o__Spirochaetales,f__Spirochaetaceae,g__Treponema,s__Treponema_primitia
k__Bacteria,p__Spirochaetes,c__Spirochaetia,o__Spirochaetales,f__Spirochaetaceae,g__Treponema,s__Treponema_vincentii
k__Bacteria,p__Spirochaetes,c__Spirochaetia,o__Spirochaetales,f__Spirochaetaceae,g__Treponema,s__Treponema_medium
k__Bacteria,p__Spirochaetes,c__Spirochaetia,o__Spirochaetales,f__Spirochaetaceae,g__Treponema,s__Treponema_denticola
k__Bacteria,p__Spirochaetes,c__Spirochaetia,o__Spirochaetales,f__Spirochaetaceae,g__Treponema,s__Treponema_pedis
k__Bacteria,p__Spirochaetes,c__Spirochaetia,o__Spirochaetales,f__Spirochaetaceae,g__Treponema,s__Treponema_phagedenis
k__Bacteria,p__Spirochaetes,c__Spirochaetia,o__Spirochaetales,f__Spirochaetaceae,g__Treponema,s__Treponema_paraluiscuniculi
k__Bacteria,p__Spirochaetes,c__Spirochaetia,o__Spirochaetales,f__Spirochaetaceae,g__Treponema,s__Treponema_pallidum
k__Bacteria,p__Spirochaetes,c__Spirochaetia,o__Spirochaetales,f__Spirochaetaceae,g__Treponema,s__Treponema_maltophilum
k__Bacteria,p__Spirochaetes,c__Spirochaetia,o__Spirochaetales,f__Spirochaetaceae,g__Treponema,s__Treponema_lecithinolyticum
k__Bacteria,p__Spirochaetes,c__Spirochaetia,o__Spirochaetales,f__Spirochaetaceae,g__Treponema,s__Treponema_brennaborense
k__Bacteria,p__Spirochaetes,c__Spirochaetia,o__Spirochaetales,f__Spirochaetaceae,g__Treponema,s__Treponema_socranskii
k__Bacteria,p__Spirochaetes,c__Spirochaetia,o__Spirochaetales,f__Spirochaetaceae,g__Treponema,s__Treponema_sp_JC4
k__Bacteria,p__Spirochaetes,c__Spirochaetia,o__Spirochaetales,f__Spirochaetaceae,g__Treponema,s__Treponema_bryantii
k__Bacteria,p__Spirochaetes,c__Spirochaetia,o__Spirochaetales,f__Spirochaetaceae,g__Treponema,s__Treponema_succinifaciens
k__Bacteria,p__Spirochaetes,c__Spirochaetia,o__Spirochaetales,f__Spirochaetaceae,g__Treponema,s__Treponema_saccharophilum
k__Bacteria,p__Cloacimonetes,c__Cloacimonetes_noname,o__Cloacimonetes_noname,f__Cloacimonetes_noname,g__Candidatus_Cloacimonas,s__Candidatus_Cloacimonas_acidaminovorans
k__Bacteria,p__Fibrobacteres,c__Fibrobacteria,o__Fibrobacterales,f__Fibrobacteraceae,g__Fibrobacter,s__Fibrobacter_succinogenes
k__Bacteria,p__Bacteria_noname,c__Bacteria_noname,o__Bacteria_noname,f__Bacteria_noname,g__Bacteria_noname,s__candidate_division_TG3_bacterium_ACht1
k__Bacteria,p__Gemmatimonadetes,c__Gemmatimonadetes,o__Gemmatimonadales,f__Gemmatimonadaceae,g__Gemmatimonas,s__Gemmatimonas_aurantiaca
k__Bacteria,p__Marinimicrobia,c__Marinimicrobia_noname,o__Marinimicrobia_noname,f__Marinimicrobia_noname,g__Marinimicrobia_noname,s__Marinimicrobia_bacterium_JGI_0000059_L03
k__Bacteria,p__Marinimicrobia,c__Marinimicrobia_noname,o__Marinimicrobia_noname,f__Marinimicrobia_noname,g__Marinimicrobia_noname,s__Marinimicrobia_bacterium_JGI_0000039_D08
k__Bacteria,p__Marinimicrobia,c__Marinimicrobia_noname,o__Marinimicrobia_noname,f__Marinimicrobia_noname,g__Marinimicrobia_noname,s__SAR406_cluster_bacterium_SCGC_AB_629_J13
k__Bacteria,p__Marinimicrobia,c__Marinimicrobia_noname,o__Marinimicrobia_noname,f__Marinimicrobia_noname,g__Marinimicrobia_noname,s__Marinimicrobia_bacterium_SCGC_AAA298_D23
k__Bacteria,p__Marinimicrobia,c__Marinimicrobia_noname,o__Marinimicrobia_noname,f__Marinimicrobia_noname,g__Marinimicrobia_noname,s__Marinimicrobia_bacterium_SCGC_AAA076_M08
k__Bacteria,p__Marinimicrobia,c__Marinimicrobia_noname,o__Marinimicrobia_noname,f__Marinimicrobia_noname,g__Marinimicrobia_noname,s__Marinimicrobia_bacterium_SCGC_AAA160_C11
k__Bacteria,p__Marinimicrobia,c__Marinimicrobia_noname,o__Marinimicrobia_noname,f__Marinimicrobia_noname,g__Marinimicrobia_noname,s__Marinimicrobia_bacterium_SCGC_AAA160_I06
k__Bacteria,p__Bacteria_noname,c__Bacteria_noname,o__Bacteria_noname,f__Bacteria_noname,g__Caldithrix,s__Caldithrix_abyssi
k__Bacteria,p__Ignavibacteriae,c__Ignavibacteria,o__Ignavibacteriales,f__Ignavibacteriaceae,g__Ignavibacterium,s__Ignavibacterium_album
k__Bacteria,p__Ignavibacteriae,c__Ignavibacteria,o__Ignavibacteriales,f__Melioribacteraceae,g__Melioribacter,s__Melioribacter_roseus
k__Bacteria,p__Chlorobi,c__Chlorobia,o__Chlorobiales,f__Chlorobiaceae,g__Chloroherpeton,s__Chloroherpeton_thalassium
k__Bacteria,p__Chlorobi,c__Chlorobia,o__Chlorobiales,f__Chlorobiaceae,g__Prosthecochloris,s__Prosthecochloris_aestuarii
k__Bacteria,p__Chlorobi,c__Chlorobia,o__Chlorobiales,f__Chlorobiaceae,g__Chlorobaculum,s__Chlorobaculum_tepidum
k__Bacteria,p__Chlorobi,c__Chlorobia,o__Chlorobiales,f__Chlorobiaceae,g__Chlorobaculum,s__Chlorobaculum_parvum
k__Bacteria,p__Chlorobi,c__Chlorobia,o__Chlorobiales,f__Chlorobiaceae,g__Chlorobium,s__Chlorobium_phaeobacteroides
k__Bacteria,p__Chlorobi,c__Chlorobia,o__Chlorobiales,f__Chlorobiaceae,g__Chlorobium,s__Chlorobium_limicola
k__Bacteria,p__Chlorobi,c__Chlorobia,o__Chlorobiales,f__Chlorobiaceae,g__Pelodictyon,s__Pelodictyon_luteolum
k__Bacteria,p__Chlorobi,c__Chlorobia,o__Chlorobiales,f__Chlorobiaceae,g__Chlorobium,s__Chlorobium_phaeovibrioides
k__Bacteria,p__Chlorobi,c__Chlorobia,o__Chlorobiales,f__Chlorobiaceae,g__Chlorobium,s__Chlorobium_ferrooxidans
k__Bacteria,p__Chlorobi,c__Chlorobia,o__Chlorobiales,f__Chlorobiaceae,g__Chlorobium,s__Chlorobium_chlorochromatii
k__Bacteria,p__Chlorobi,c__Chlorobia,o__Chlorobiales,f__Chlorobiaceae,g__Pelodictyon,s__Pelodictyon_phaeoclathratiforme
k__Bacteria,p__Bacteroidetes,c__Sphingobacteriia,o__Sphingobacteriales,f__Sphingobacteriales_noname,g__Gracilimonas,s__Gracilimonas_tropica
k__Bacteria,p__Bacteroidetes,c__Sphingobacteriia,o__Sphingobacteriales,f__Sphingobacteriales_noname,g__Balneola,s__Balneola_vulgaris
k__Bacteria,p__Bacteroidetes,c__Bacteroidetes_noname,o__Bacteroidetes_Order_II_Incertae_sedis,f__Rhodothermaceae,g__Rhodothermus,s__Rhodothermus_marinus
k__Bacteria,p__Bacteroidetes,c__Bacteroidetes_noname,o__Bacteroidetes_Order_II_Incertae_sedis,f__Rhodothermaceae,g__Salinibacter,s__Salinibacter_ruber
k__Bacteria,p__Bacteroidetes,c__Bacteroidetes_noname,o__Bacteroidetes_Order_II_Incertae_sedis,f__Rhodothermaceae,g__Salisaeta,s__Salisaeta_longa
k__Bacteria,p__Bacteroidetes,c__Cytophagia,o__Cytophagales,f__Cytophagaceae,g__Pontibacter,s__Pontibacter_sp_BAB1700
k__Bacteria,p__Bacteroidetes,c__Cytophagia,o__Cytophagales,f__Cytophagaceae,g__Pontibacter,s__Pontibacter_roseus
k__Bacteria,p__Bacteroidetes,c__Cytophagia,o__Cytophagales,f__Cytophagaceae,g__Hymenobacter,s__Hymenobacter_aerophilus
k__Bacteria,p__Bacteroidetes,c__Cytophagia,o__Cytophagales,f__Cytophagaceae,g__Hymenobacter,s__Hymenobacter_norwichensis
k__Bacteria,p__Bacteroidetes,c__Cytophagia,o__Cytophagales,f__Cytophagaceae,g__Cytophaga,s__Cytophaga_hutchinsonii
k__Bacteria,p__Bacteroidetes,c__Cytophagia,o__Cytophagales,f__Cytophagaceae,g__Cytophaga,s__Cytophaga_aurantiaca
k__Bacteria,p__Bacteroidetes,c__Cytophagia,o__Cytophagales,f__Cytophagaceae,g__Leadbetterella,s__Leadbetterella_byssophila
k__Bacteria,p__Bacteroidetes,c__Cytophagia,o__Cytophagales,f__Cytophagaceae,g__Emticicia,s__Emticicia_oligotrophica
k__Bacteria,p__Bacteroidetes,c__Cytophagia,o__Cytophagales,f__Cytophagaceae,g__Runella,s__Runella_slithyformis
k__Bacteria,p__Bacteroidetes,c__Cytophagia,o__Cytophagales,f__Cytophagaceae,g__Dyadobacter,s__Dyadobacter_fermentans
k__Bacteria,p__Bacteroidetes,c__Cytophagia,o__Cytophagales,f__Cytophagaceae,g__Dyadobacter,s__Dyadobacter_beijingensis
k__Bacteria,p__Bacteroidetes,c__Cytophagia,o__Cytophagales,f__Cytophagaceae,g__Fibrella,s__Fibrella_aestuarina
k__Bacteria,p__Bacteroidetes,c__Cytophagia,o__Cytophagales,f__Cytophagaceae,g__Rudanella,s__Rudanella_lutea
k__Bacteria,p__Bacteroidetes,c__Cytophagia,o__Cytophagales,f__Cytophagaceae,g__Fibrisoma,s__Fibrisoma_limi
k__Bacteria,p__Bacteroidetes,c__Cytophagia,o__Cytophagales,f__Cytophagaceae,g__Spirosoma,s__Spirosoma_panaciterrae
k__Bacteria,p__Bacteroidetes,c__Cytophagia,o__Cytophagales,f__Cytophagaceae,g__Spirosoma,s__Spirosoma_linguale
k__Bacteria,p__Bacteroidetes,c__Cytophagia,o__Cytophagales,f__Cytophagaceae,g__Spirosoma,s__Spirosoma_luteum
k__Bacteria,p__Bacteroidetes,c__Cytophagia,o__Cytophagales,f__Cytophagaceae,g__Spirosoma,s__Spirosoma_spitsbergense
k__Bacteria,p__Bacteroidetes,c__Bacteroidetes_noname,o__Bacteroidetes_noname,f__Bacteroidetes_noname,g__Candidatus_Amoebophilus,s__Candidatus_Amoebophilus_asiaticus
k__Bacteria,p__Bacteroidetes,c__Cytophagia,o__Cytophagales,f__Cytophagaceae,g__Microscilla,s__Microscilla_marina
k__Bacteria,p__Bacteroidetes,c__Cytophagia,o__Cytophagales,f__Cytophagaceae,g__Flexibacter,s__Flexibacter_litoralis
k__Bacteria,p__Bacteroidetes,c__Cytophagia,o__Cytophagales,f__Flammeovirgaceae,g__Flexithrix,s__Flexithrix_dorotheae
k__Bacteria,p__Bacteroidetes,c__Cytophagia,o__Cytophagales,f__Flammeovirgaceae,g__Nafulsella,s__Nafulsella_turpanensis
k__Bacteria,p__Bacteroidetes,c__Cytophagia,o__Cytophagales,f__Flammeovirgaceae,g__Cesiribacter,s__Cesiribacter_andamanensis
k__Bacteria,p__Bacteroidetes,c__Cytophagia,o__Cytophagales,f__Flammeovirgaceae,g__Marivirga,s__Marivirga_tractuosa
k__Bacteria,p__Bacteroidetes,c__Cytophagia,o__Cytophagales,f__Cyclobacteriaceae,g__Cyclobacterium,s__Cyclobacterium_marinum
k__Bacteria,p__Bacteroidetes,c__Cytophagia,o__Cytophagales,f__Cyclobacteriaceae,g__Cyclobacterium,s__Cyclobacterium_qasimii
k__Bacteria,p__Bacteroidetes,c__Cytophagia,o__Cytophagales,f__Cyclobacteriaceae,g__Echinicola,s__Echinicola_vietnamensis
k__Bacteria,p__Bacteroidetes,c__Cytophagia,o__Cytophagales,f__Cyclobacteriaceae,g__Echinicola,s__Echinicola_pacifica
k__Bacteria,p__Bacteroidetes,c__Cytophagia,o__Cytophagales,f__Cyclobacteriaceae,g__Algoriphagus,s__Algoriphagus_machipongonensis
k__Bacteria,p__Bacteroidetes,c__Cytophagia,o__Cytophagales,f__Cyclobacteriaceae,g__Nitritalea,s__Nitritalea_halalkaliphila
k__Bacteria,p__Bacteroidetes,c__Cytophagia,o__Cytophagales,f__Cyclobacteriaceae,g__Indibacter,s__Indibacter_alkaliphilus
k__Bacteria,p__Bacteroidetes,c__Cytophagia,o__Cytophagales,f__Cyclobacteriaceae,g__Cecembia,s__Cecembia_lonarensis
k__Bacteria,p__Bacteroidetes,c__Cytophagia,o__Cytophagales,f__Cyclobacteriaceae,g__Belliella,s__Belliella_baltica
k__Bacteria,p__Bacteroidetes,c__Cytophagia,o__Cytophagales,f__Cytophagaceae,g__Rhodonellum,s__Rhodonellum_psychrophilum
k__Bacteria,p__Bacteroidetes,c__Sphingobacteriia,o__Sphingobacteriales,f__Saprospiraceae,g__Saprospira,s__Saprospira_grandis
k__Bacteria,p__Bacteroidetes,c__Sphingobacteriia,o__Sphingobacteriales,f__Saprospiraceae,g__Haliscomenobacter,s__Haliscomenobacter_hydrossis
k__Bacteria,p__Bacteroidetes,c__Sphingobacteriia,o__Sphingobacteriales,f__Saprospiraceae,g__Lewinella,s__Lewinella_persica
k__Bacteria,p__Bacteroidetes,c__Sphingobacteriia,o__Sphingobacteriales,f__Saprospiraceae,g__Lewinella,s__Lewinella_cohaerens
k__Bacteria,p__Bacteroidetes,c__Sphingobacteriia,o__Sphingobacteriales,f__Sphingobacteriales_noname,g__Chitinophaga,s__Chitinophaga_pinensis
k__Bacteria,p__Bacteroidetes,c__Sphingobacteriia,o__Sphingobacteriales,f__Sphingobacteriales_noname,g__Segetibacter,s__Segetibacter_koreensis
k__Bacteria,p__Bacteroidetes,c__Sphingobacteriia,o__Sphingobacteriales,f__Sphingobacteriales_noname,g__Niastella,s__Niastella_koreensis
k__Bacteria,p__Bacteroidetes,c__Sphingobacteriia,o__Sphingobacteriales,f__Sphingobacteriales_noname,g__Niabella,s__Niabella_soli
k__Bacteria,p__Bacteroidetes,c__Sphingobacteriia,o__Sphingobacteriales,f__Sphingobacteriales_noname,g__Niabella,s__Niabella_aurantiaca
k__Bacteria,p__Bacteroidetes,c__Sphingobacteriia,o__Sphingobacteriales,f__Sphingobacteriaceae,g__Solitalea,s__Solitalea_canadensis
k__Bacteria,p__Bacteroidetes,c__Sphingobacteriia,o__Sphingobacteriales,f__Sphingobacteriaceae,g__Arcticibacter,s__Arcticibacter_svalbardensis
k__Bacteria,p__Bacteroidetes,c__Sphingobacteriia,o__Sphingobacteriales,f__Sphingobacteriaceae,g__Mucilaginibacter,s__Mucilaginibacter_paludis
k__Bacteria,p__Bacteroidetes,c__Sphingobacteriia,o__Sphingobacteriales,f__Sphingobacteriaceae,g__Sphingobacterium,s__Sphingobacterium_sp_21
k__Bacteria,p__Bacteroidetes,c__Sphingobacteriia,o__Sphingobacteriales,f__Sphingobacteriaceae,g__Sphingobacterium,s__Sphingobacterium_paucimobilis
k__Bacteria,p__Bacteroidetes,c__Sphingobacteriia,o__Sphingobacteriales,f__Sphingobacteriaceae,g__Sphingobacterium,s__Sphingobacterium_spiritivorum
k__Bacteria,p__Bacteroidetes,c__Sphingobacteriia,o__Sphingobacteriales,f__Sphingobacteriaceae,g__Sphingobacterium,s__Sphingobacterium_sp_IITKGP_BTPF85
k__Bacteria,p__Bacteroidetes,c__Sphingobacteriia,o__Sphingobacteriales,f__Sphingobacteriaceae,g__Pedobacter,s__Pedobacter_saltans
k__Bacteria,p__Bacteroidetes,c__Sphingobacteriia,o__Sphingobacteriales,f__Sphingobacteriaceae,g__Pedobacter,s__Pedobacter_arcticus
k__Bacteria,p__Bacteroidetes,c__Sphingobacteriia,o__Sphingobacteriales,f__Sphingobacteriaceae,g__Pedobacter,s__Pedobacter_agri
k__Bacteria,p__Bacteroidetes,c__Sphingobacteriia,o__Sphingobacteriales,f__Sphingobacteriaceae,g__Pedobacter,s__Pedobacter_heparinus
k__Bacteria,p__Bacteroidetes,c__Sphingobacteriia,o__Sphingobacteriales,f__Sphingobacteriaceae,g__Pedobacter,s__Pedobacter_sp_BAL39
k__Bacteria,p__Bacteroidetes,c__Flavobacteriia,o__Flavobacteriales,f__Cryomorphaceae,g__Fluviicola,s__Fluviicola_taffensis
k__Bacteria,p__Bacteroidetes,c__Flavobacteriia,o__Flavobacteriales,f__Flavobacteriaceae,g__Flavobacterium,s__Flavobacterium_sp_MS220_5C
k__Bacteria,p__Bacteroidetes,c__Flavobacteriia,o__Flavobacteriales,f__Cryomorphaceae,g__Owenweeksia,s__Owenweeksia_hongkongensis
k__Bacteria,p__Bacteroidetes,c__Flavobacteriia,o__Flavobacteriales,f__Flavobacteriales_noname,g__Flavobacteriales_noname,s__Candidatus_Uzinura_diaspidicola
k__Bacteria,p__Bacteroidetes,c__Flavobacteriia,o__Flavobacteriales,f__Flavobacteriales_noname,g__Candidatus_Sulcia,s__Candidatus_Sulcia_muelleri
k__Bacteria,p__Bacteroidetes,c__Flavobacteriia,o__Flavobacteriales,f__Blattabacteriaceae,g__Blattabacterium,s__Blattabacterium_sp_Blattella_germanica
k__Bacteria,p__Bacteroidetes,c__Flavobacteriia,o__Flavobacteriales,f__Blattabacteriaceae,g__Blattabacterium,s__Blattabacterium_sp_Blaberus_giganteus
k__Bacteria,p__Bacteroidetes,c__Flavobacteriia,o__Flavobacteriales,f__Blattabacteriaceae,g__Blattabacterium,s__Blattabacterium_sp_Panesthia_angustipennis_spadica
k__Bacteria,p__Bacteroidetes,c__Flavobacteriia,o__Flavobacteriales,f__Blattabacteriaceae,g__Blattabacterium,s__Blattabacterium_sp_Nauphoeta_cinerea
k__Bacteria,p__Bacteroidetes,c__Flavobacteriia,o__Flavobacteriales,f__Blattabacteriaceae,g__Blattabacterium,s__Blattabacterium_sp_Periplaneta_americana
k__Bacteria,p__Bacteroidetes,c__Flavobacteriia,o__Flavobacteriales,f__Blattabacteriaceae,g__Blattabacterium,s__Blattabacterium_sp_Blatta_orientalis
k__Bacteria,p__Bacteroidetes,c__Flavobacteriia,o__Flavobacteriales,f__Blattabacteriaceae,g__Blattabacterium,s__Blattabacterium_sp_Mastotermes_darwiniensis
k__Bacteria,p__Bacteroidetes,c__Flavobacteriia,o__Flavobacteriales,f__Blattabacteriaceae,g__Blattabacterium,s__Blattabacterium_punctulatus
k__Bacteria,p__Bacteroidetes,c__Flavobacteriia,o__Flavobacteriales,f__Flavobacteriaceae,g__Ornithobacterium,s__Ornithobacterium_rhinotracheale
k__Bacteria,p__Bacteroidetes,c__Flavobacteriia,o__Flavobacteriales,f__Flavobacteriaceae,g__Weeksella,s__Weeksella_virosa
k__Bacteria,p__Bacteroidetes,c__Flavobacteriia,o__Flavobacteriales,f__Flavobacteriaceae,g__Empedobacter,s__Empedobacter_brevis
k__Bacteria,p__Bacteroidetes,c__Flavobacteriia,o__Flavobacteriales,f__Flavobacteriaceae,g__Elizabethkingia,s__Elizabethkingia_anophelis
k__Bacteria,p__Bacteroidetes,c__Flavobacteriia,o__Flavobacteriales,f__Flavobacteriaceae,g__Elizabethkingia,s__Elizabethkingia_meningoseptica
k__Bacteria,p__Bacteroidetes,c__Flavobacteriia,o__Flavobacteriales,f__Flavobacteriaceae,g__Bergeyella,s__Bergeyella_zoohelcum
k__Bacteria,p__Bacteroidetes,c__Flavobacteriia,o__Flavobacteriales,f__Flavobacteriaceae,g__Riemerella,s__Riemerella_anatipestifer
k__Bacteria,p__Bacteroidetes,c__Flavobacteriia,o__Flavobacteriales,f__Flavobacteriaceae,g__Riemerella,s__Riemerella_columbina
k__Bacteria,p__Bacteroidetes,c__Flavobacteriia,o__Flavobacteriales,f__Flavobacteriaceae,g__Flavobacteriaceae_noname,s__Flavobacteriaceae_bacterium_3519_10
k__Bacteria,p__Bacteroidetes,c__Flavobacteriia,o__Flavobacteriales,f__Flavobacteriaceae,g__Chryseobacterium,s__Chryseobacterium_gleum
k__Bacteria,p__Bacteroidetes,c__Flavobacteriia,o__Flavobacteriales,f__Flavobacteriaceae,g__Chryseobacterium,s__Chryseobacterium_sp_CF314
k__Bacteria,p__Bacteroidetes,c__Flavobacteriia,o__Flavobacteriales,f__Flavobacteriaceae,g__Flavobacteriaceae_noname,s__Flavobacteriaceae_bacterium_S85
k__Bacteria,p__Bacteroidetes,c__Flavobacteriia,o__Flavobacteriales,f__Flavobacteriaceae,g__Flavobacterium,s__Flavobacterium_sp_SCGC_AAA160_P02
k__Bacteria,p__Bacteroidetes,c__Flavobacteriia,o__Flavobacteriales,f__Flavobacteriaceae,g__Polaribacter,s__Polaribacter_sp_MED152
k__Bacteria,p__Bacteroidetes,c__Flavobacteriia,o__Flavobacteriales,f__Flavobacteriaceae,g__Polaribacter,s__Polaribacter_irgensii
k__Bacteria,p__Bacteroidetes,c__Flavobacteriia,o__Flavobacteriales,f__Flavobacteriaceae,g__Polaribacter,s__Polaribacter_franzmannii
k__Bacteria,p__Bacteroidetes,c__Flavobacteriia,o__Flavobacteriia_noname,f__Flavobacteriia_noname,g__Flavobacteriia_noname,s__Flavobacteria_bacterium_MS024_2A
k__Bacteria,p__Bacteroidetes,c__Flavobacteriia,o__Flavobacteriales,f__Flavobacteriaceae,g__Flavobacterium,s__Flavobacterium_sp_SCGC_AAA536_P05
k__Bacteria,p__Bacteroidetes,c__Flavobacteriia,o__Flavobacteriales,f__Flavobacteriaceae,g__Joostella,s__Joostella_marina
k__Bacteria,p__Bacteroidetes,c__Flavobacteriia,o__Flavobacteriales,f__Flavobacteriaceae,g__Galbibacter,s__Galbibacter_marinus
k__Bacteria,p__Bacteroidetes,c__Flavobacteriia,o__Flavobacteriia_noname,f__Flavobacteriia_noname,g__Flavobacteriia_noname,s__Flavobacteria_bacterium_MS024_3C
k__Bacteria,p__Bacteroidetes,c__Flavobacteriia,o__Flavobacteriales,f__Flavobacteriaceae,g__Robiginitalea,s__Robiginitalea_biformata
k__Bacteria,p__Bacteroidetes,c__Flavobacteriia,o__Flavobacteriales,f__Flavobacteriaceae,g__Mesoflavibacter,s__Mesoflavibacter_zeaxanthinifaciens
k__Bacteria,p__Bacteroidetes,c__Flavobacteriia,o__Flavobacteriales,f__Flavobacteriaceae,g__Muricauda,s__Muricauda_ruestringensis
k__Bacteria,p__Bacteroidetes,c__Flavobacteriia,o__Flavobacteriales,f__Flavobacteriaceae,g__Eudoraea,s__Eudoraea_adriatica
k__Bacteria,p__Bacteroidetes,c__Flavobacteriia,o__Flavobacteriales,f__Flavobacteriaceae,g__Maribacter,s__Maribacter_sp_HTCC2170
k__Bacteria,p__Bacteroidetes,c__Flavobacteriia,o__Flavobacteriales,f__Flavobacteriaceae,g__Cellulophaga,s__Cellulophaga_algicola
k__Bacteria,p__Bacteroidetes,c__Flavobacteriia,o__Flavobacteriales,f__Flavobacteriaceae,g__Cellulophaga,s__Cellulophaga_lytica
k__Bacteria,p__Bacteroidetes,c__Flavobacteriia,o__Flavobacteriales,f__Flavobacteriaceae,g__Flavobacteriaceae_noname,s__Flavobacteriaceae_bacterium_HQM9
k__Bacteria,p__Bacteroidetes,c__Flavobacteriia,o__Flavobacteriales,f__Flavobacteriaceae,g__Aquimarina,s__Aquimarina_agarilytica
k__Bacteria,p__Bacteroidetes,c__Flavobacteriia,o__Flavobacteriales,f__Flavobacteriaceae,g__Kordia,s__Kordia_algicida
k__Bacteria,p__Bacteroidetes,c__Flavobacteriia,o__Flavobacteriales,f__Flavobacteriales_noname,g__Flavobacteriales_noname,s__Flavobacteriales_bacterium_ALC_1
k__Bacteria,p__Bacteroidetes,c__Flavobacteriia,o__Flavobacteriales,f__Flavobacteriaceae,g__Winogradskyella,s__Winogradskyella_psychrotolerans
k__Bacteria,p__Bacteroidetes,c__Flavobacteriia,o__Flavobacteriales,f__Flavobacteriaceae,g__Lacinutrix,s__Lacinutrix_sp_5H_3_7_4
k__Bacteria,p__Bacteroidetes,c__Flavobacteriia,o__Flavobacteriales,f__Flavobacteriaceae,g__Bizionia,s__Bizionia_argentinensis
k__Bacteria,p__Bacteroidetes,c__Flavobacteriia,o__Flavobacteriia_noname,f__Flavobacteriia_noname,g__Flavobacteriia_noname,s__Flavobacteria_bacterium_BBFL7
k__Bacteria,p__Bacteroidetes,c__Flavobacteriia,o__Flavobacteriales,f__Flavobacteriaceae,g__Nonlabens,s__Nonlabens_dokdonensis
k__Bacteria,p__Bacteroidetes,c__Flavobacteriia,o__Flavobacteriales,f__Flavobacteriaceae,g__Leeuwenhoekiella,s__Leeuwenhoekiella_blandensis
k__Bacteria,p__Bacteroidetes,c__Flavobacteriia,o__Flavobacteriales,f__Flavobacteriaceae,g__Dokdonia,s__Dokdonia_donghaensis
k__Bacteria,p__Bacteroidetes,c__Flavobacteriia,o__Flavobacteriales,f__Flavobacteriaceae,g__Krokinobacter,s__Krokinobacter_sp_4H_3_7_5
k__Bacteria,p__Bacteroidetes,c__Flavobacteriia,o__Flavobacteriales,f__Flavobacteriaceae,g__Aequorivita,s__Aequorivita_sublithincola
k__Bacteria,p__Bacteroidetes,c__Flavobacteriia,o__Flavobacteriales,f__Flavobacteriaceae,g__Croceibacter,s__Croceibacter_atlanticus
k__Bacteria,p__Bacteroidetes,c__Flavobacteriia,o__Flavobacteriales,f__Flavobacteriaceae,g__Psychroflexus,s__Psychroflexus_tropicus
k__Bacteria,p__Bacteroidetes,c__Flavobacteriia,o__Flavobacteriales,f__Flavobacteriaceae,g__Psychroflexus,s__Psychroflexus_torquis
k__Bacteria,p__Bacteroidetes,c__Flavobacteriia,o__Flavobacteriales,f__Flavobacteriaceae,g__Psychroflexus,s__Psychroflexus_gondwanensis
k__Bacteria,p__Bacteroidetes,c__Flavobacteriia,o__Flavobacteriales,f__Flavobacteriaceae,g__Gillisia,s__Gillisia_limnaea
k__Bacteria,p__Bacteroidetes,c__Flavobacteriia,o__Flavobacteriales,f__Flavobacteriaceae,g__Gillisia,s__Gillisia_marina
k__Bacteria,p__Bacteroidetes,c__Flavobacteriia,o__Flavobacteriales,f__Flavobacteriaceae,g__Zunongwangia,s__Zunongwangia_profunda
k__Bacteria,p__Bacteroidetes,c__Flavobacteriia,o__Flavobacteriales,f__Flavobacteriaceae,g__Gramella,s__Gramella_forsetii
k__Bacteria,p__Bacteroidetes,c__Flavobacteriia,o__Flavobacteriales,f__Flavobacteriaceae,g__Imtechella,s__Imtechella_halotolerans
k__Bacteria,p__Bacteroidetes,c__Flavobacteriia,o__Flavobacteriales,f__Flavobacteriaceae,g__Capnocytophaga,s__Capnocytophaga_canimorsus
k__Bacteria,p__Bacteroidetes,c__Flavobacteriia,o__Flavobacteriales,f__Flavobacteriaceae,g__Capnocytophaga,s__Capnocytophaga_cynodegmi
k__Bacteria,p__Bacteroidetes,c__Flavobacteriia,o__Flavobacteriales,f__Flavobacteriaceae,g__Capnocytophaga,s__Capnocytophaga_sp_oral_taxon_338
k__Bacteria,p__Bacteroidetes,c__Flavobacteriia,o__Flavobacteriales,f__Flavobacteriaceae,g__Capnocytophaga,s__Capnocytophaga_gingivalis
k__Bacteria,p__Bacteroidetes,c__Flavobacteriia,o__Flavobacteriales,f__Flavobacteriaceae,g__Capnocytophaga,s__Capnocytophaga_sp_oral_taxon_863
k__Bacteria,p__Bacteroidetes,c__Flavobacteriia,o__Flavobacteriales,f__Flavobacteriaceae,g__Capnocytophaga,s__Capnocytophaga_sp_CM59
k__Bacteria,p__Bacteroidetes,c__Flavobacteriia,o__Flavobacteriales,f__Flavobacteriaceae,g__Capnocytophaga,s__Capnocytophaga_granulosa
k__Bacteria,p__Bacteroidetes,c__Flavobacteriia,o__Flavobacteriales,f__Flavobacteriaceae,g__Capnocytophaga,s__Capnocytophaga_sp_oral_taxon_329
k__Bacteria,p__Bacteroidetes,c__Flavobacteriia,o__Flavobacteriales,f__Flavobacteriaceae,g__Capnocytophaga,s__Capnocytophaga_sp_oral_taxon_332
k__Bacteria,p__Bacteroidetes,c__Flavobacteriia,o__Flavobacteriales,f__Flavobacteriaceae,g__Capnocytophaga,s__Capnocytophaga_sputigena
k__Bacteria,p__Bacteroidetes,c__Flavobacteriia,o__Flavobacteriales,f__Flavobacteriaceae,g__Capnocytophaga,s__Capnocytophaga_sp_oral_taxon_326
k__Bacteria,p__Bacteroidetes,c__Flavobacteriia,o__Flavobacteriales,f__Flavobacteriaceae,g__Capnocytophaga,s__Capnocytophaga_sp_oral_taxon_336
k__Bacteria,p__Bacteroidetes,c__Flavobacteriia,o__Flavobacteriales,f__Flavobacteriaceae,g__Capnocytophaga,s__Capnocytophaga_ochracea
k__Bacteria,p__Bacteroidetes,c__Flavobacteriia,o__Flavobacteriales,f__Flavobacteriaceae,g__Capnocytophaga,s__Capnocytophaga_sp_oral_taxon_324
k__Bacteria,p__Bacteroidetes,c__Flavobacteriia,o__Flavobacteriales,f__Flavobacteriaceae,g__Capnocytophaga,s__Capnocytophaga_sp_oral_taxon_380
k__Bacteria,p__Bacteroidetes,c__Flavobacteriia,o__Flavobacteriales,f__Flavobacteriaceae,g__Capnocytophaga,s__Capnocytophaga_sp_oral_taxon_412
k__Bacteria,p__Bacteroidetes,c__Flavobacteriia,o__Flavobacteriales,f__Flavobacteriaceae,g__Capnocytophaga,s__Capnocytophaga_sp_oral_taxon_335
k__Bacteria,p__Bacteroidetes,c__Flavobacteriia,o__Flavobacteriales,f__Flavobacteriaceae,g__Myroides,s__Myroides_injenensis
k__Bacteria,p__Bacteroidetes,c__Flavobacteriia,o__Flavobacteriales,f__Flavobacteriaceae,g__Myroides,s__Myroides_odoratus
k__Bacteria,p__Bacteroidetes,c__Flavobacteriia,o__Flavobacteriales,f__Flavobacteriaceae,g__Myroides,s__Myroides_odoratimimus
k__Bacteria,p__Bacteroidetes,c__Flavobacteriia,o__Flavobacteriales,f__Flavobacteriaceae,g__Flavobacterium,s__Flavobacterium_rivuli
k__Bacteria,p__Bacteroidetes,c__Flavobacteriia,o__Flavobacteriales,f__Flavobacteriaceae,g__Flavobacterium,s__Flavobacterium_columnare
k__Bacteria,p__Bacteroidetes,c__Flavobacteriia,o__Flavobacteriales,f__Flavobacteriales_noname,g__Flavobacteriales_noname,s__Flavobacteria_bacterium_BAL38
k__Bacteria,p__Bacteroidetes,c__Flavobacteriia,o__Flavobacteriales,f__Flavobacteriaceae,g__Flavobacterium,s__Flavobacterium_enshiense
k__Bacteria,p__Bacteroidetes,c__Flavobacteriia,o__Flavobacteriales,f__Flavobacteriaceae,g__Flavobacterium,s__Flavobacterium_limnosediminis
k__Bacteria,p__Bacteroidetes,c__Flavobacteriia,o__Flavobacteriales,f__Flavobacteriaceae,g__Flavobacterium,s__Flavobacterium_cauense
k__Bacteria,p__Bacteroidetes,c__Flavobacteriia,o__Flavobacteriales,f__Flavobacteriaceae,g__Flavobacterium,s__Flavobacterium_saliperosum
k__Bacteria,p__Bacteroidetes,c__Flavobacteriia,o__Flavobacteriales,f__Flavobacteriaceae,g__Flavobacterium,s__Flavobacterium_psychrophilum
k__Bacteria,p__Bacteroidetes,c__Flavobacteriia,o__Flavobacteriales,f__Flavobacteriaceae,g__Flavobacterium,s__Flavobacterium_branchiophilum
k__Bacteria,p__Bacteroidetes,c__Flavobacteriia,o__Flavobacteriales,f__Flavobacteriaceae,g__Flavobacterium,s__Flavobacterium_antarcticum
k__Bacteria,p__Bacteroidetes,c__Flavobacteriia,o__Flavobacteriales,f__Flavobacteriaceae,g__Flavobacterium,s__Flavobacterium_frigoris
k__Bacteria,p__Bacteroidetes,c__Flavobacteriia,o__Flavobacteriales,f__Flavobacteriaceae,g__Flavobacterium,s__Flavobacterium_sp_ACAM_123
k__Bacteria,p__Bacteroidetes,c__Flavobacteriia,o__Flavobacteriales,f__Flavobacteriaceae,g__Flavobacterium,s__Flavobacterium_sp_CF136
k__Bacteria,p__Bacteroidetes,c__Flavobacteriia,o__Flavobacteriales,f__Flavobacteriaceae,g__Flavobacterium,s__Flavobacterium_sp_WG21
k__Bacteria,p__Bacteroidetes,c__Flavobacteriia,o__Flavobacteriales,f__Flavobacteriaceae,g__Flavobacterium,s__Flavobacterium_johnsoniae
k__Bacteria,p__Bacteroidetes,c__Flavobacteriia,o__Flavobacteriales,f__Flavobacteriaceae,g__Flavobacterium,s__Flavobacterium_sp_F52
k__Bacteria,p__Bacteroidetes,c__Bacteroidia,o__Bacteroidales,f__Marinilabiliaceae,g__Anaerophaga,s__Anaerophaga_thermohalophila
k__Bacteria,p__Bacteroidetes,c__Bacteroidia,o__Bacteroidales,f__Marinilabiliaceae,g__Marinilabilia,s__Marinilabilia_salmonicolor
k__Bacteria,p__Bacteroidetes,c__Bacteroidia,o__Bacteroidales,f__Porphyromonadaceae,g__Butyricimonas,s__Butyricimonas_synergistica
k__Bacteria,p__Bacteroidetes,c__Bacteroidia,o__Bacteroidales,f__Porphyromonadaceae,g__Odoribacter,s__Odoribacter_splanchnicus
k__Bacteria,p__Bacteroidetes,c__Bacteroidia,o__Bacteroidales,f__Porphyromonadaceae,g__Odoribacter,s__Odoribacter_laneus
k__Bacteria,p__Bacteroidetes,c__Bacteroidia,o__Bacteroidales,f__Rikenellaceae,g__Alistipes,s__Alistipes_indistinctus
k__Bacteria,p__Bacteroidetes,c__Bacteroidia,o__Bacteroidales,f__Rikenellaceae,g__Alistipes,s__Alistipes_sp_AP11
k__Bacteria,p__Bacteroidetes,c__Bacteroidia,o__Bacteroidales,f__Bacteroidales_noname,g__Bacteroidales_noname,s__Bacteroidales_bacterium_ph8
k__Bacteria,p__Bacteroidetes,c__Bacteroidia,o__Bacteroidales,f__Rikenellaceae,g__Alistipes,s__Alistipes_putredinis
k__Bacteria,p__Bacteroidetes,c__Bacteroidia,o__Bacteroidales,f__Rikenellaceae,g__Alistipes,s__Alistipes_onderdonkii
k__Bacteria,p__Bacteroidetes,c__Bacteroidia,o__Bacteroidales,f__Rikenellaceae,g__Alistipes,s__Alistipes_sp_HGB5
k__Bacteria,p__Bacteroidetes,c__Bacteroidia,o__Bacteroidales,f__Rikenellaceae,g__Alistipes,s__Alistipes_finegoldii
k__Bacteria,p__Bacteroidetes,c__Bacteroidia,o__Bacteroidales,f__Rikenellaceae,g__Alistipes,s__Alistipes_shahii
k__Bacteria,p__Bacteroidetes,c__Bacteroidia,o__Bacteroidales,f__Rikenellaceae,g__Alistipes,s__Alistipes_senegalensis
k__Bacteria,p__Actinobacteria,c__Actinobacteria,o__Actinomycetales,f__Nocardioidaceae,g__Aeromicrobium,s__Aeromicrobium_sp_JC14
k__Bacteria,p__Bacteroidetes,c__Bacteroidia,o__Bacteroidales,f__Rikenellaceae,g__Alistipes,s__Alistipes_sp_JC136
k__Bacteria,p__Bacteroidetes,c__Bacteroidetes_noname,o__Bacteroidetes_noname,f__Bacteroidetes_noname,g__Bacteroidetes_noname,s__Bacteroidetes_oral_taxon_274
k__Bacteria,p__Bacteroidetes,c__Bacteroidia,o__Bacteroidales,f__Porphyromonadaceae,g__Paludibacter,s__Paludibacter_propionicigenes
k__Bacteria,p__Bacteroidetes,c__Bacteroidia,o__Bacteroidales,f__Bacteroidales_noname,g__Candidatus_Azobacteroides,s__Candidatus_Azobacteroides_pseudotrichonymphae
k__Bacteria,p__Bacteroidetes,c__Bacteroidia,o__Bacteroidales,f__Porphyromonadaceae,g__Proteiniphilum,s__Proteiniphilum_acetatigenes
k__Bacteria,p__Bacteroidetes,c__Bacteroidia,o__Bacteroidales,f__Porphyromonadaceae,g__Dysgonomonas,s__Dysgonomonas_gadei
k__Bacteria,p__Bacteroidetes,c__Bacteroidia,o__Bacteroidales,f__Porphyromonadaceae,g__Dysgonomonas,s__Dysgonomonas_mossii
k__Bacteria,p__Bacteroidetes,c__Bacteroidia,o__Bacteroidales,f__Porphyromonadaceae,g__Tannerella,s__Tannerella_forsythia
k__Bacteria,p__Bacteroidetes,c__Bacteroidia,o__Bacteroidales,f__Porphyromonadaceae,g__Parabacteroides,s__Parabacteroides_merdae
k__Bacteria,p__Bacteroidetes,c__Bacteroidia,o__Bacteroidales,f__Porphyromonadaceae,g__Parabacteroides,s__Parabacteroides_johnsonii
k__Bacteria,p__Bacteroidetes,c__Bacteroidia,o__Bacteroidales,f__Porphyromonadaceae,g__Parabacteroides,s__Parabacteroides_goldsteinii
k__Bacteria,p__Bacteroidetes,c__Bacteroidia,o__Bacteroidales,f__Porphyromonadaceae,g__Parabacteroides,s__Parabacteroides_sp_ASF519
k__Bacteria,p__Bacteroidetes,c__Bacteroidia,o__Bacteroidales,f__Porphyromonadaceae,g__Parabacteroides,s__Parabacteroides_sp_20_3
k__Bacteria,p__Bacteroidetes,c__Bacteroidia,o__Bacteroidales,f__Porphyromonadaceae,g__Parabacteroides,s__Parabacteroides_distasonis
k__Bacteria,p__Bacteroidetes,c__Bacteroidia,o__Bacteroidales,f__Bacteroidaceae,g__Bacteroides,s__Bacteroides_sp_2_1_33B
k__Bacteria,p__Bacteroidetes,c__Bacteroidia,o__Bacteroidales,f__Bacteroidaceae,g__Bacteroides,s__Bacteroides_sp_2_1_7
k__Bacteria,p__Bacteroidetes,c__Bacteroidia,o__Bacteroidales,f__Porphyromonadaceae,g__Parabacteroides,s__Parabacteroides_sp_D25
k__Bacteria,p__Bacteroidetes,c__Bacteroidia,o__Bacteroidales,f__Porphyromonadaceae,g__Parabacteroides,s__Parabacteroides_sp_D13
k__Bacteria,p__Bacteroidetes,c__Bacteroidia,o__Bacteroidales,f__Bacteroidaceae,g__Bacteroides,s__Bacteroides_sp_3_1_19
k__Bacteria,p__Bacteroidetes,c__Bacteroidia,o__Bacteroidales,f__Porphyromonadaceae,g__Porphyromonas,s__Porphyromonas_gulae
k__Bacteria,p__Bacteroidetes,c__Bacteroidia,o__Bacteroidales,f__Porphyromonadaceae,g__Porphyromonas,s__Porphyromonas_gingivalis
k__Bacteria,p__Bacteroidetes,c__Bacteroidia,o__Bacteroidales,f__Porphyromonadaceae,g__Porphyromonas,s__Porphyromonas_macacae
k__Bacteria,p__Bacteroidetes,c__Bacteroidia,o__Bacteroidales,f__Porphyromonadaceae,g__Porphyromonas,s__Porphyromonas_catoniae
k__Bacteria,p__Bacteroidetes,c__Bacteroidia,o__Bacteroidales,f__Porphyromonadaceae,g__Porphyromonas,s__Porphyromonas_sp_oral_taxon_279
k__Bacteria,p__Bacteroidetes,c__Bacteroidia,o__Bacteroidales,f__Porphyromonadaceae,g__Porphyromonas,s__Porphyromonas_sp_oral_taxon_278
k__Bacteria,p__Bacteroidetes,c__Bacteroidia,o__Bacteroidales,f__Porphyromonadaceae,g__Porphyromonas,s__Porphyromonas_crevioricanis
k__Bacteria,p__Bacteroidetes,c__Bacteroidia,o__Bacteroidales,f__Porphyromonadaceae,g__Porphyromonas,s__Porphyromonas_cansulci
k__Bacteria,p__Bacteroidetes,c__Bacteroidia,o__Bacteroidales,f__Porphyromonadaceae,g__Porphyromonas,s__Porphyromonas_bennonis
k__Bacteria,p__Bacteroidetes,c__Bacteroidia,o__Bacteroidales,f__Porphyromonadaceae,g__Porphyromonas,s__Porphyromonas_somerae
k__Bacteria,p__Bacteroidetes,c__Bacteroidia,o__Bacteroidales,f__Porphyromonadaceae,g__Porphyromonas,s__Porphyromonas_levii
k__Bacteria,p__Bacteroidetes,c__Bacteroidia,o__Bacteroidales,f__Porphyromonadaceae,g__Porphyromonas,s__Porphyromonas_endodontalis
k__Bacteria,p__Bacteroidetes,c__Bacteroidia,o__Bacteroidales,f__Porphyromonadaceae,g__Porphyromonas,s__Porphyromonas_uenonis
k__Bacteria,p__Bacteroidetes,c__Bacteroidia,o__Bacteroidales,f__Porphyromonadaceae,g__Porphyromonas,s__Porphyromonas_asaccharolytica
k__Bacteria,p__Bacteroidetes,c__Bacteroidia,o__Bacteroidales,f__Porphyromonadaceae,g__Barnesiella,s__Barnesiella_intestinihominis
k__Bacteria,p__Bacteroidetes,c__Bacteroidia,o__Bacteroidales,f__Porphyromonadaceae,g__Tannerella,s__Tannerella_sp_6_1_58FAA_CT1
k__Bacteria,p__Bacteroidetes,c__Bacteroidia,o__Bacteroidales,f__Porphyromonadaceae,g__Coprobacter,s__Coprobacter_fastidiosus
k__Bacteria,p__Bacteroidetes,c__Bacteroidia,o__Bacteroidales,f__Bacteroidaceae,g__Bacteroides,s__Bacteroides_coprosuis
k__Bacteria,p__Bacteroidetes,c__Bacteroidia,o__Bacteroidales,f__Bacteroidaceae,g__Bacteroides,s__Bacteroides_propionicifaciens
k__Bacteria,p__Bacteroidetes,c__Bacteroidia,o__Bacteroidales,f__Bacteroidaceae,g__Bacteroides,s__Bacteroides_oleiciplenus
k__Bacteria,p__Bacteroidetes,c__Bacteroidia,o__Bacteroidales,f__Bacteroidaceae,g__Bacteroides,s__Bacteroides_intestinalis
k__Bacteria,p__Bacteroidetes,c__Bacteroidia,o__Bacteroidales,f__Bacteroidaceae,g__Bacteroides,s__Bacteroides_cellulosilyticus
k__Bacteria,p__Bacteroidetes,c__Bacteroidia,o__Bacteroidales,f__Bacteroidaceae,g__Bacteroides,s__Bacteroides_gallinarum
k__Bacteria,p__Bacteroidetes,c__Bacteroidia,o__Bacteroidales,f__Bacteroidaceae,g__Bacteroides,s__Bacteroides_clarus
k__Bacteria,p__Bacteroidetes,c__Bacteroidia,o__Bacteroidales,f__Bacteroidaceae,g__Bacteroides,s__Bacteroides_eggerthii
k__Bacteria,p__Bacteroidetes,c__Bacteroidia,o__Bacteroidales,f__Bacteroidaceae,g__Bacteroides,s__Bacteroides_stercoris
k__Bacteria,p__Bacteroidetes,c__Bacteroidia,o__Bacteroidales,f__Bacteroidaceae,g__Bacteroides,s__Bacteroides_helcogenes
k__Bacteria,p__Bacteroidetes,c__Bacteroidia,o__Bacteroidales,f__Bacteroidaceae,g__Bacteroides,s__Bacteroides_fluxus
k__Bacteria,p__Bacteroidetes,c__Bacteroidia,o__Bacteroidales,f__Bacteroidaceae,g__Bacteroides,s__Bacteroides_sp_4_1_36
k__Bacteria,p__Bacteroidetes,c__Bacteroidia,o__Bacteroidales,f__Bacteroidaceae,g__Bacteroides,s__Bacteroides_sp_D20
k__Bacteria,p__Bacteroidetes,c__Bacteroidia,o__Bacteroidales,f__Bacteroidaceae,g__Bacteroides,s__Bacteroides_uniformis
k__Bacteria,p__Bacteroidetes,c__Bacteroidia,o__Bacteroidales,f__Bacteroidaceae,g__Bacteroides,s__Bacteroides_salyersiae
k__Bacteria,p__Bacteroidetes,c__Bacteroidia,o__Bacteroidales,f__Bacteroidaceae,g__Bacteroides,s__Bacteroides_nordii
k__Bacteria,p__Bacteroidetes,c__Bacteroidia,o__Bacteroidales,f__Bacteroidaceae,g__Bacteroides,s__Bacteroides_sp_HPS0048
k__Bacteria,p__Bacteroidetes,c__Bacteroidia,o__Bacteroidales,f__Bacteroidaceae,g__Bacteroides,s__Bacteroides_sp_2_1_16
k__Bacteria,p__Bacteroidetes,c__Bacteroidia,o__Bacteroidales,f__Bacteroidaceae,g__Bacteroides,s__Bacteroides_fragilis
k__Bacteria,p__Bacteroidetes,c__Bacteroidia,o__Bacteroidales,f__Bacteroidaceae,g__Bacteroides,s__Bacteroides_sp_3_2_5
k__Bacteria,p__Bacteroidetes,c__Bacteroidia,o__Bacteroidales,f__Bacteroidaceae,g__Bacteroides,s__Bacteroides_sp_2_1_56FAA
k__Bacteria,p__Bacteroidetes,c__Bacteroidia,o__Bacteroidales,f__Bacteroidaceae,g__Bacteroides,s__Bacteroides_pyogenes
k__Bacteria,p__Bacteroidetes,c__Bacteroidia,o__Bacteroidales,f__Bacteroidaceae,g__Bacteroides,s__Bacteroides_faecis
k__Bacteria,p__Bacteroidetes,c__Bacteroidia,o__Bacteroidales,f__Bacteroidaceae,g__Bacteroides,s__Bacteroides_thetaiotaomicron
k__Bacteria,p__Bacteroidetes,c__Bacteroidia,o__Bacteroidales,f__Bacteroidaceae,g__Bacteroides,s__Bacteroides_sp_1_1_6
k__Bacteria,p__Bacteroidetes,c__Bacteroidia,o__Bacteroidales,f__Bacteroidaceae,g__Bacteroides,s__Bacteroides_sp_1_1_14
k__Bacteria,p__Bacteroidetes,c__Bacteroidia,o__Bacteroidales,f__Bacteroidaceae,g__Bacteroides,s__Bacteroides_caccae
k__Bacteria,p__Bacteroidetes,c__Bacteroidia,o__Bacteroidales,f__Bacteroidaceae,g__Bacteroides,s__Bacteroides_finegoldii
k__Bacteria,p__Bacteroidetes,c__Bacteroidia,o__Bacteroidales,f__Bacteroidaceae,g__Bacteroides,s__Bacteroides_sp_D2
k__Bacteria,p__Bacteroidetes,c__Bacteroidia,o__Bacteroidales,f__Bacteroidaceae,g__Bacteroides,s__Bacteroides_sp_3_1_23
k__Bacteria,p__Bacteroidetes,c__Bacteroidia,o__Bacteroidales,f__Bacteroidaceae,g__Bacteroides,s__Bacteroides_sp_2_2_4
k__Bacteria,p__Bacteroidetes,c__Bacteroidia,o__Bacteroidales,f__Bacteroidaceae,g__Bacteroides,s__Bacteroides_ovatus
k__Bacteria,p__Bacteroidetes,c__Bacteroidia,o__Bacteroidales,f__Bacteroidaceae,g__Bacteroides,s__Bacteroides_sp_1_1_30
k__Bacteria,p__Bacteroidetes,c__Bacteroidia,o__Bacteroidales,f__Bacteroidaceae,g__Bacteroides,s__Bacteroides_xylanisolvens
k__Bacteria,p__Bacteroidetes,c__Bacteroidia,o__Bacteroidales,f__Bacteroidaceae,g__Bacteroides,s__Bacteroides_sp_D22
k__Bacteria,p__Bacteroidetes,c__Bacteroidia,o__Bacteroidales,f__Bacteroidaceae,g__Bacteroides,s__Bacteroides_sp_D1
k__Bacteria,p__Bacteroidetes,c__Bacteroidia,o__Bacteroidales,f__Bacteroidaceae,g__Bacteroides,s__Bacteroides_sp_2_1_22
k__Bacteria,p__Bacteroidetes,c__Bacteroidia,o__Bacteroidales,f__Bacteroidaceae,g__Bacteroides,s__Bacteroides_barnesiae
k__Bacteria,p__Bacteroidetes,c__Bacteroidia,o__Bacteroidales,f__Bacteroidaceae,g__Bacteroides,s__Bacteroides_coprophilus
k__Bacteria,p__Bacteroidetes,c__Bacteroidia,o__Bacteroidales,f__Bacteroidaceae,g__Bacteroides,s__Bacteroides_plebeius
k__Bacteria,p__Bacteroidetes,c__Bacteroidia,o__Bacteroidales,f__Bacteroidaceae,g__Bacteroides,s__Bacteroides_coprocola
k__Bacteria,p__Bacteroidetes,c__Bacteroidia,o__Bacteroidales,f__Bacteroidaceae,g__Bacteroides,s__Bacteroides_salanitronis
k__Bacteria,p__Bacteroidetes,c__Bacteroidia,o__Bacteroidales,f__Bacteroidaceae,g__Bacteroides,s__Bacteroides_massiliensis
k__Bacteria,p__Bacteroidetes,c__Bacteroidia,o__Bacteroidales,f__Bacteroidaceae,g__Bacteroides,s__Bacteroides_vulgatus
k__Bacteria,p__Bacteroidetes,c__Bacteroidia,o__Bacteroidales,f__Bacteroidaceae,g__Bacteroides,s__Bacteroides_sp_4_3_47FAA
k__Bacteria,p__Bacteroidetes,c__Bacteroidia,o__Bacteroidales,f__Bacteroidaceae,g__Bacteroides,s__Bacteroides_sp_3_1_40A
k__Bacteria,p__Bacteroidetes,c__Bacteroidia,o__Bacteroidales,f__Bacteroidaceae,g__Bacteroides,s__Bacteroides_sp_9_1_42FAA
k__Bacteria,p__Bacteroidetes,c__Bacteroidia,o__Bacteroidales,f__Bacteroidaceae,g__Bacteroides,s__Bacteroides_sp_3_1_33FAA
k__Bacteria,p__Bacteroidetes,c__Bacteroidia,o__Bacteroidales,f__Bacteroidaceae,g__Bacteroides,s__Bacteroides_dorei
k__Bacteria,p__Bacteroidetes,c__Bacteroidetes_noname,o__Bacteroidetes_noname,f__Bacteroidetes_noname,g__Bacteroidetes_noname,s__Bacteroidetes_bacterium_oral_taxon_272
k__Bacteria,p__Bacteroidetes,c__Bacteroidia,o__Bacteroidales,f__Prevotellaceae,g__Paraprevotella,s__Paraprevotella_xylaniphila
k__Bacteria,p__Bacteroidetes,c__Bacteroidia,o__Bacteroidales,f__Prevotellaceae,g__Paraprevotella,s__Paraprevotella_clara
k__Bacteria,p__Bacteroidetes,c__Bacteroidia,o__Bacteroidales,f__Prevotellaceae,g__Alloprevotella,s__Prevotella_sp_oral_taxon_473
k__Bacteria,p__Bacteroidetes,c__Bacteroidia,o__Bacteroidales,f__Prevotellaceae,g__Alloprevotella,s__Alloprevotella_tannerae
k__Bacteria,p__Bacteroidetes,c__Bacteroidia,o__Bacteroidales,f__Prevotellaceae,g__Alloprevotella,s__Alloprevotella_rava
k__Bacteria,p__Bacteroidetes,c__Bacteroidia,o__Bacteroidales,f__Prevotellaceae,g__Prevotella,s__Prevotella_ruminicola
k__Bacteria,p__Bacteroidetes,c__Bacteroidia,o__Bacteroidales,f__Prevotellaceae,g__Prevotella,s__Prevotella_stercorea
k__Bacteria,p__Bacteroidetes,c__Bacteroidia,o__Bacteroidales,f__Prevotellaceae,g__Prevotella,s__Prevotella_oralis
k__Bacteria,p__Bacteroidetes,c__Bacteroidia,o__Bacteroidales,f__Prevotellaceae,g__Prevotella,s__Prevotella_timonensis
k__Bacteria,p__Bacteroidetes,c__Bacteroidia,o__Bacteroidales,f__Prevotellaceae,g__Prevotella,s__Prevotella_buccalis
k__Bacteria,p__Bacteroidetes,c__Bacteroidia,o__Bacteroidales,f__Prevotellaceae,g__Prevotella,s__Prevotella_sp_BV3P1
k__Bacteria,p__Bacteroidetes,c__Bacteroidia,o__Bacteroidales,f__Prevotellaceae,g__Prevotella,s__Prevotella_pleuritidis
k__Bacteria,p__Bacteroidetes,c__Bacteroidia,o__Bacteroidales,f__Prevotellaceae,g__Prevotella,s__Prevotella_sp_oral_taxon_299
k__Bacteria,p__Bacteroidetes,c__Bacteroidia,o__Bacteroidales,f__Prevotellaceae,g__Prevotella,s__Prevotella_nanceiensis
k__Bacteria,p__Bacteroidetes,c__Bacteroidia,o__Bacteroidales,f__Prevotellaceae,g__Prevotella,s__Prevotella_marshii
k__Bacteria,p__Bacteroidetes,c__Bacteroidia,o__Bacteroidales,f__Prevotellaceae,g__Prevotella,s__Prevotella_saccharolytica
k__Bacteria,p__Bacteroidetes,c__Bacteroidia,o__Bacteroidales,f__Prevotellaceae,g__Prevotella,s__Prevotella_sp_oral_taxon_472
k__Bacteria,p__Bacteroidetes,c__Bacteroidia,o__Bacteroidales,f__Prevotellaceae,g__Prevotella,s__Prevotella_loescheii
k__Bacteria,p__Bacteroidetes,c__Bacteroidia,o__Bacteroidales,f__Prevotellaceae,g__Prevotella,s__Prevotella_sp_oral_taxon_317
k__Bacteria,p__Bacteroidetes,c__Bacteroidia,o__Bacteroidales,f__Prevotellaceae,g__Prevotella,s__Candidatus_Prevotella_conceptionensis
k__Bacteria,p__Bacteroidetes,c__Bacteroidia,o__Bacteroidales,f__Prevotellaceae,g__Prevotella,s__Prevotella_bryantii
k__Bacteria,p__Bacteroidetes,c__Bacteroidia,o__Bacteroidales,f__Prevotellaceae,g__Prevotella,s__Prevotella_copri
k__Bacteria,p__Bacteroidetes,c__Bacteroidia,o__Bacteroidales,f__Prevotellaceae,g__Prevotella,s__Prevotella_buccae
k__Bacteria,p__Bacteroidetes,c__Bacteroidia,o__Bacteroidales,f__Prevotellaceae,g__Prevotella,s__Prevotella_sp_MSX73
k__Bacteria,p__Bacteroidetes,c__Bacteroidia,o__Bacteroidales,f__Prevotellaceae,g__Prevotella,s__Prevotella_baroniae
k__Bacteria,p__Bacteroidetes,c__Bacteroidia,o__Bacteroidales,f__Prevotellaceae,g__Prevotella,s__Prevotella_paludivivens
k__Bacteria,p__Bacteroidetes,c__Bacteroidia,o__Bacteroidales,f__Prevotellaceae,g__Prevotella,s__Prevotella_oulorum
k__Bacteria,p__Bacteroidetes,c__Bacteroidia,o__Bacteroidales,f__Prevotellaceae,g__Prevotella,s__Prevotella_maculosa
k__Bacteria,p__Bacteroidetes,c__Bacteroidia,o__Bacteroidales,f__Prevotellaceae,g__Prevotella,s__Prevotella_salivae
k__Bacteria,p__Bacteroidetes,c__Bacteroidia,o__Bacteroidales,f__Prevotellaceae,g__Prevotella,s__Prevotella_oris
k__Bacteria,p__Bacteroidetes,c__Bacteroidia,o__Bacteroidales,f__Prevotellaceae,g__Prevotella,s__Prevotella_multisaccharivorax
k__Bacteria,p__Bacteroidetes,c__Bacteroidia,o__Bacteroidales,f__Prevotellaceae,g__Prevotella,s__Prevotella_bergensis
k__Bacteria,p__Bacteroidetes,c__Bacteroidia,o__Bacteroidales,f__Prevotellaceae,g__Prevotella,s__Prevotella_dentalis
k__Bacteria,p__Bacteroidetes,c__Bacteroidia,o__Bacteroidales,f__Prevotellaceae,g__Prevotella,s__Prevotella_micans
k__Bacteria,p__Bacteroidetes,c__Bacteroidia,o__Bacteroidales,f__Prevotellaceae,g__Prevotella,s__Prevotella_disiens
k__Bacteria,p__Bacteroidetes,c__Bacteroidia,o__Bacteroidales,f__Prevotellaceae,g__Prevotella,s__Prevotella_intermedia
k__Bacteria,p__Bacteroidetes,c__Bacteroidia,o__Bacteroidales,f__Prevotellaceae,g__Prevotella,s__Prevotella_nigrescens
k__Bacteria,p__Bacteroidetes,c__Bacteroidia,o__Bacteroidales,f__Prevotellaceae,g__Prevotella,s__Prevotella_pallens
k__Bacteria,p__Bacteroidetes,c__Bacteroidia,o__Bacteroidales,f__Prevotellaceae,g__Prevotella,s__Prevotella_bivia
k__Bacteria,p__Bacteroidetes,c__Bacteroidia,o__Bacteroidales,f__Prevotellaceae,g__Prevotella,s__Prevotella_amnii
k__Bacteria,p__Bacteroidetes,c__Bacteroidia,o__Bacteroidales,f__Prevotellaceae,g__Prevotella,s__Prevotella_histicola
k__Bacteria,p__Bacteroidetes,c__Bacteroidia,o__Bacteroidales,f__Prevotellaceae,g__Prevotella,s__Prevotella_multiformis
k__Bacteria,p__Bacteroidetes,c__Bacteroidia,o__Bacteroidales,f__Prevotellaceae,g__Prevotella,s__Prevotella_denticola
k__Bacteria,p__Bacteroidetes,c__Bacteroidia,o__Bacteroidales,f__Prevotellaceae,g__Prevotella,s__Prevotella_veroralis
k__Bacteria,p__Bacteroidetes,c__Bacteroidia,o__Bacteroidales,f__Prevotellaceae,g__Prevotella,s__Prevotella_sp_oral_taxon_306
k__Bacteria,p__Bacteroidetes,c__Bacteroidia,o__Bacteroidales,f__Prevotellaceae,g__Prevotella,s__Prevotella_sp_C561
k__Bacteria,p__Bacteroidetes,c__Bacteroidia,o__Bacteroidales,f__Prevotellaceae,g__Prevotella,s__Prevotella_melaninogenica
k__Bacteria,p__Bacteroidetes,c__Bacteroidia,o__Bacteroidales,f__Prevotellaceae,g__Prevotella,s__Prevotella_sp_F0091
k__Bacteria,p__Acidobacteria,c__Holophagae,o__Holophagales,f__Holophagaceae,g__Holophaga,s__Holophaga_foetida
k__Bacteria,p__Acidobacteria,c__Acidobacteria_noname,o__Acidobacteria_noname,f__Acidobacteria_noname,g__Candidatus_Chloracidobacterium,s__Candidatus_Chloracidobacterium_thermophilum
k__Bacteria,p__Acidobacteria,c__Solibacteres,o__Solibacterales,f__Solibacteraceae,g__Candidatus_Solibacter,s__Candidatus_Solibacter_usitatus
k__Bacteria,p__Acidobacteria,c__Acidobacteria_noname,o__Acidobacteria_noname,f__Acidobacteria_noname,g__Candidatus_Koribacter,s__Candidatus_Koribacter_versatilis
k__Bacteria,p__Acidobacteria,c__Acidobacteriia,o__Acidobacteriales,f__Acidobacteriaceae,g__Acidobacterium,s__Acidobacterium_capsulatum
k__Bacteria,p__Acidobacteria,c__Acidobacteriia,o__Acidobacteriales,f__Acidobacteriaceae,g__Terriglobus,s__Terriglobus_saanensis
k__Bacteria,p__Acidobacteria,c__Acidobacteriia,o__Acidobacteriales,f__Acidobacteriaceae,g__Terriglobus,s__Terriglobus_roseus
k__Bacteria,p__Acidobacteria,c__Acidobacteriia,o__Acidobacteriales,f__Acidobacteriaceae,g__Granulicella,s__Granulicella_mallensis
k__Bacteria,p__Acidobacteria,c__Acidobacteriia,o__Acidobacteriales,f__Acidobacteriaceae,g__Granulicella,s__Granulicella_tundricola
k__Bacteria,p__Nitrospirae,c__Nitrospira,o__Nitrospirales,f__Nitrospiraceae,g__Thermodesulfovibrio,s__Thermodesulfovibrio_yellowstonii
k__Bacteria,p__Chrysiogenetes,c__Chrysiogenetes,o__Chrysiogenales,f__Chrysiogenaceae,g__Desulfurispirillum,s__Desulfurispirillum_indicum
k__Bacteria,p__Deferribacteres,c__Deferribacteres,o__Deferribacterales,f__Deferribacteraceae,g__Deferribacter,s__Deferribacter_desulfuricans
k__Bacteria,p__Deferribacteres,c__Deferribacteres,o__Deferribacterales,f__Deferribacteraceae,g__Calditerrivibrio,s__Calditerrivibrio_nitroreducens
k__Bacteria,p__Deferribacteres,c__Deferribacteres,o__Deferribacterales,f__Deferribacteraceae,g__Flexistipes,s__Flexistipes_sinusarabici
k__Bacteria,p__Deferribacteres,c__Deferribacteres,o__Deferribacterales,f__Deferribacteraceae,g__Mucispirillum,s__Mucispirillum_schaedleri
k__Bacteria,p__Deferribacteres,c__Deferribacteres,o__Deferribacterales,f__Deferribacteraceae,g__Denitrovibrio,s__Denitrovibrio_acetiphilus
k__Bacteria,p__Deferribacteres,c__Deferribacteres,o__Deferribacterales,f__Deferribacteraceae,g__Geovibrio,s__Geovibrio_sp_L21_Ace_BES
k__Bacteria,p__Aquificae,c__Aquificae,o__Aquificales,f__Desulfurobacteriaceae,g__Desulfurobacterium,s__Desulfurobacterium_sp_TC5_1
k__Bacteria,p__Aquificae,c__Aquificae,o__Aquificales,f__Desulfurobacteriaceae,g__Thermovibrio,s__Thermovibrio_ammonificans
k__Bacteria,p__Aquificae,c__Aquificae,o__Aquificales,f__Desulfurobacteriaceae,g__Desulfurobacterium,s__Desulfurobacterium_thermolithotrophum
k__Bacteria,p__Aquificae,c__Aquificae,o__Aquificales,f__Hydrogenothermaceae,g__Persephonella,s__Persephonella_marina
k__Bacteria,p__Aquificae,c__Aquificae,o__Aquificales,f__Hydrogenothermaceae,g__Sulfurihydrogenibium,s__Sulfurihydrogenibium_azorense
k__Bacteria,p__Aquificae,c__Aquificae,o__Aquificales,f__Hydrogenothermaceae,g__Sulfurihydrogenibium,s__Sulfurihydrogenibium_sp_YO3AOP1
k__Bacteria,p__Aquificae,c__Aquificae,o__Aquificales,f__Hydrogenothermaceae,g__Sulfurihydrogenibium,s__Sulfurihydrogenibium_yellowstonense
k__Bacteria,p__Aquificae,c__Aquificae,o__Aquificales,f__Aquificaceae,g__Hydrogenobaculum,s__Hydrogenobaculum_sp_Y04AAS1
k__Bacteria,p__Aquificae,c__Aquificae,o__Aquificales,f__Aquificaceae,g__Hydrogenobaculum,s__Hydrogenobaculum_sp_HO
k__Bacteria,p__Aquificae,c__Aquificae,o__Aquificales,f__Aquificaceae,g__Hydrogenobaculum,s__Hydrogenobaculum_sp_SN
k__Bacteria,p__Aquificae,c__Aquificae,o__Aquificales,f__Aquificaceae,g__Hydrogenobacter,s__Hydrogenobacter_thermophilus
k__Bacteria,p__Aquificae,c__Aquificae,o__Aquificales,f__Aquificaceae,g__Thermocrinis,s__Thermocrinis_albus
k__Bacteria,p__Aquificae,c__Aquificae,o__Aquificales,f__Aquificaceae,g__Aquifex,s__Aquifex_aeolicus
k__Bacteria,p__Aquificae,c__Aquificae,o__Aquificales,f__Aquificaceae,g__Hydrogenivirga,s__Hydrogenivirga_sp_128_5_R1_1
k__Bacteria,p__Proteobacteria,c__Deltaproteobacteria,o__Desulfurellales,f__Desulfurellaceae,g__Hippea,s__Hippea_maritima
k__Bacteria,p__Proteobacteria,c__Deltaproteobacteria,o__Desulfurellales,f__Desulfurellaceae,g__Hippea,s__Hippea_alviniae
k__Bacteria,p__Proteobacteria,c__Epsilonproteobacteria,o__Nautiliales,f__Nautiliaceae,g__Nautilia,s__Nautilia_profundicola
k__Bacteria,p__Proteobacteria,c__Epsilonproteobacteria,o__Nautiliales,f__Nautiliaceae,g__Caminibacter,s__Caminibacter_mediatlanticus
k__Bacteria,p__Proteobacteria,c__Epsilonproteobacteria,o__Epsilonproteobacteria_noname,f__Epsilonproteobacteria_noname,g__Nitratiruptor,s__Nitratiruptor_sp_SB155_2
k__Bacteria,p__Proteobacteria,c__Epsilonproteobacteria,o__Campylobacterales,f__Campylobacterales_noname,g__Nitratifractor,s__Nitratifractor_salsuginis
k__Bacteria,p__Proteobacteria,c__Epsilonproteobacteria,o__Epsilonproteobacteria_noname,f__Epsilonproteobacteria_noname,g__Sulfurovum,s__Sulfurovum_sp_NBC37_1
k__Bacteria,p__Proteobacteria,c__Epsilonproteobacteria,o__Epsilonproteobacteria_noname,f__Epsilonproteobacteria_noname,g__Sulfurovum,s__Sulfurovum_sp_AR
k__Bacteria,p__Proteobacteria,c__Epsilonproteobacteria,o__Campylobacterales,f__Helicobacteraceae,g__Thiovulum,s__Thiovulum_sp_ES
k__Bacteria,p__Proteobacteria,c__Epsilonproteobacteria,o__Campylobacterales,f__Helicobacteraceae,g__Sulfuricurvum,s__Sulfuricurvum_kujiense
k__Bacteria,p__Proteobacteria,c__Epsilonproteobacteria,o__Campylobacterales,f__Helicobacteraceae,g__Sulfurimonas,s__Sulfurimonas_denitrificans
k__Bacteria,p__Proteobacteria,c__Epsilonproteobacteria,o__Campylobacterales,f__Helicobacteraceae,g__Sulfurimonas,s__Sulfurimonas_autotrophica
k__Bacteria,p__Proteobacteria,c__Epsilonproteobacteria,o__Campylobacterales,f__Helicobacteraceae,g__Sulfurimonas,s__Sulfurimonas_gotlandica
k__Bacteria,p__Proteobacteria,c__Epsilonproteobacteria,o__Campylobacterales,f__Helicobacteraceae,g__Sulfurimonas,s__Sulfurimonas_sp_AST_10
k__Bacteria,p__Proteobacteria,c__Epsilonproteobacteria,o__Campylobacterales,f__Helicobacteraceae,g__Wolinella,s__Wolinella_succinogenes
k__Bacteria,p__Proteobacteria,c__Epsilonproteobacteria,o__Campylobacterales,f__Helicobacteraceae,g__Helicobacter,s__Helicobacter_winghamensis
k__Bacteria,p__Proteobacteria,c__Epsilonproteobacteria,o__Campylobacterales,f__Helicobacteraceae,g__Helicobacter,s__Helicobacter_pullorum
k__Bacteria,p__Proteobacteria,c__Epsilonproteobacteria,o__Campylobacterales,f__Helicobacteraceae,g__Helicobacter,s__Helicobacter_canadensis
k__Bacteria,p__Proteobacteria,c__Epsilonproteobacteria,o__Campylobacterales,f__Helicobacteraceae,g__Helicobacter,s__Helicobacter_bilis
k__Bacteria,p__Proteobacteria,c__Epsilonproteobacteria,o__Campylobacterales,f__Helicobacteraceae,g__Helicobacter,s__Helicobacter_hepaticus
k__Bacteria,p__Proteobacteria,c__Epsilonproteobacteria,o__Campylobacterales,f__Helicobacteraceae,g__Helicobacter,s__Helicobacter_cinaedi
k__Bacteria,p__Proteobacteria,c__Epsilonproteobacteria,o__Campylobacterales,f__Helicobacteraceae,g__Helicobacter,s__Helicobacter_fennelliae
k__Bacteria,p__Proteobacteria,c__Epsilonproteobacteria,o__Campylobacterales,f__Helicobacteraceae,g__Helicobacter,s__Helicobacter_macacae
k__Bacteria,p__Proteobacteria,c__Epsilonproteobacteria,o__Campylobacterales,f__Helicobacteraceae,g__Helicobacter,s__Helicobacter_canis
k__Bacteria,p__Proteobacteria,c__Epsilonproteobacteria,o__Campylobacterales,f__Helicobacteraceae,g__Helicobacter,s__Helicobacter_mustelae
k__Bacteria,p__Proteobacteria,c__Epsilonproteobacteria,o__Campylobacterales,f__Helicobacteraceae,g__Helicobacter,s__Helicobacter_cetorum
k__Bacteria,p__Proteobacteria,c__Epsilonproteobacteria,o__Campylobacterales,f__Helicobacteraceae,g__Helicobacter,s__Helicobacter_acinonychis
k__Bacteria,p__Proteobacteria,c__Epsilonproteobacteria,o__Campylobacterales,f__Helicobacteraceae,g__Helicobacter,s__Helicobacter_pylori
k__Bacteria,p__Proteobacteria,c__Epsilonproteobacteria,o__Campylobacterales,f__Helicobacteraceae,g__Helicobacter,s__Helicobacter_felis
k__Bacteria,p__Proteobacteria,c__Epsilonproteobacteria,o__Campylobacterales,f__Helicobacteraceae,g__Helicobacter,s__Helicobacter_suis
k__Bacteria,p__Proteobacteria,c__Epsilonproteobacteria,o__Campylobacterales,f__Helicobacteraceae,g__Helicobacter,s__Helicobacter_bizzozeronii
k__Bacteria,p__Proteobacteria,c__Epsilonproteobacteria,o__Campylobacterales,f__Campylobacteraceae,g__Arcobacter,s__Arcobacter_nitrofigilis
k__Bacteria,p__Proteobacteria,c__Epsilonproteobacteria,o__Campylobacterales,f__Campylobacteraceae,g__Arcobacter,s__Arcobacter_sp_L
k__Bacteria,p__Proteobacteria,c__Epsilonproteobacteria,o__Campylobacterales,f__Campylobacteraceae,g__Arcobacter,s__Arcobacter_butzleri
k__Bacteria,p__Proteobacteria,c__Epsilonproteobacteria,o__Campylobacterales,f__Campylobacteraceae,g__Sulfurospirillum,s__Sulfurospirillum_deleyianum
k__Bacteria,p__Proteobacteria,c__Epsilonproteobacteria,o__Campylobacterales,f__Campylobacteraceae,g__Sulfurospirillum,s__Sulfurospirillum_barnesii
k__Bacteria,p__Proteobacteria,c__Epsilonproteobacteria,o__Campylobacterales,f__Campylobacteraceae,g__Campylobacter,s__Campylobacter_lari
k__Bacteria,p__Proteobacteria,c__Epsilonproteobacteria,o__Campylobacterales,f__Campylobacteraceae,g__Campylobacter,s__Campylobacter_upsaliensis
k__Bacteria,p__Proteobacteria,c__Epsilonproteobacteria,o__Campylobacterales,f__Campylobacteraceae,g__Campylobacter,s__Campylobacter_jejuni
k__Bacteria,p__Proteobacteria,c__Epsilonproteobacteria,o__Campylobacterales,f__Campylobacteraceae,g__Campylobacter,s__Campylobacter_coli
k__Bacteria,p__Proteobacteria,c__Epsilonproteobacteria,o__Campylobacterales,f__Campylobacteraceae,g__Campylobacter,s__Campylobacter_fetus
k__Bacteria,p__Proteobacteria,c__Epsilonproteobacteria,o__Campylobacterales,f__Campylobacteraceae,g__Campylobacter,s__Campylobacter_sp_03_427
k__Bacteria,p__Proteobacteria,c__Epsilonproteobacteria,o__Campylobacterales,f__Campylobacteraceae,g__Campylobacter,s__Campylobacter_ureolyticus
k__Bacteria,p__Proteobacteria,c__Epsilonproteobacteria,o__Campylobacterales,f__Campylobacteraceae,g__Campylobacter,s__Campylobacter_hominis
k__Bacteria,p__Proteobacteria,c__Epsilonproteobacteria,o__Campylobacterales,f__Campylobacteraceae,g__Campylobacter,s__Campylobacter_gracilis
k__Bacteria,p__Proteobacteria,c__Epsilonproteobacteria,o__Campylobacterales,f__Campylobacteraceae,g__Campylobacter,s__Campylobacter_rectus
k__Bacteria,p__Proteobacteria,c__Epsilonproteobacteria,o__Campylobacterales,f__Campylobacteraceae,g__Campylobacter,s__Campylobacter_showae
k__Bacteria,p__Proteobacteria,c__Epsilonproteobacteria,o__Campylobacterales,f__Campylobacteraceae,g__Campylobacter,s__Campylobacter_sp_FOBRC14
k__Bacteria,p__Proteobacteria,c__Epsilonproteobacteria,o__Campylobacterales,f__Campylobacteraceae,g__Campylobacter,s__Campylobacter_curvus
k__Bacteria,p__Proteobacteria,c__Epsilonproteobacteria,o__Campylobacterales,f__Campylobacteraceae,g__Campylobacter,s__Campylobacter_concisus
k__Bacteria,p__Proteobacteria,c__Epsilonproteobacteria,o__Campylobacterales,f__Campylobacteraceae,g__Campylobacter,s__Campylobacter_sp_10_1_50
k__Bacteria,p__Nitrospinae,c__Nitrospinia,o__Nitrospinales,f__Nitrospinaceae,g__Nitrospina,s__Nitrospina_gracilis
k__Bacteria,p__Nitrospinae,c__Nitrospinia,o__Nitrospinales,f__Nitrospinaceae,g__Nitrospina,s__Nitrospina_sp_AB_629_B18
k__Bacteria,p__Nitrospinae,c__Nitrospinia,o__Nitrospinales,f__Nitrospinaceae,g__Nitrospina,s__Nitrospina_sp_SCGC_AAA288_L16
k__Bacteria,p__Nitrospinae,c__Nitrospinia,o__Nitrospinales,f__Nitrospinaceae,g__Nitrospina,s__Nitrospina_sp_AB_629_B06
k__Bacteria,p__Bacteria_noname,c__Bacteria_noname,o__Bacteria_noname,f__Bacteria_noname,g__Candidatus_Methylomirabilis,s__Candidatus_Methylomirabilis_oxyfera
k__Bacteria,p__Poribacteria,c__Poribacteria_noname,o__Poribacteria_noname,f__Poribacteria_noname,g__Poribacteria_noname,s__Candidatus_Poribacteria_sp_WGA_A3
k__Bacteria,p__Nitrospirae,c__Nitrospira,o__Nitrospirales,f__Nitrospiraceae,g__Nitrospira,s__Candidatus_Nitrospira_defluvii
k__Bacteria,p__Nitrospirae,c__Nitrospira,o__Nitrospirales,f__Nitrospiraceae,g__Leptospirillum,s__Leptospirillum_sp_Group_IV
k__Bacteria,p__Nitrospirae,c__Nitrospira,o__Nitrospirales,f__Nitrospiraceae,g__Leptospirillum,s__Leptospirillum_ferrooxidans
k__Bacteria,p__Nitrospirae,c__Nitrospira,o__Nitrospirales,f__Nitrospiraceae,g__Leptospirillum,s__Leptospirillum_ferriphilum
k__Bacteria,p__Proteobacteria,c__Deltaproteobacteria,o__Desulfuromonadales,f__Pelobacteraceae,g__Pelobacter,s__Pelobacter_carbinolicus
k__Bacteria,p__Proteobacteria,c__Deltaproteobacteria,o__Desulfuromonadales,f__Desulfuromonadaceae,g__Desulfuromonas,s__Desulfuromonas_acetoxidans
k__Bacteria,p__Proteobacteria,c__Deltaproteobacteria,o__Desulfuromonadales,f__Geobacteraceae,g__Geopsychrobacter,s__Geopsychrobacter_electrodiphilus
k__Bacteria,p__Proteobacteria,c__Deltaproteobacteria,o__Desulfuromonadales,f__Pelobacteraceae,g__Pelobacter,s__Pelobacter_propionicus
k__Bacteria,p__Proteobacteria,c__Deltaproteobacteria,o__Desulfuromonadales,f__Geobacteraceae,g__Geobacter,s__Geobacter_lovleyi
k__Bacteria,p__Proteobacteria,c__Deltaproteobacteria,o__Desulfuromonadales,f__Geobacteraceae,g__Geobacter,s__Geobacter_sulfurreducens
k__Bacteria,p__Proteobacteria,c__Deltaproteobacteria,o__Desulfuromonadales,f__Geobacteraceae,g__Geobacter,s__Geobacter_metallireducens
k__Bacteria,p__Proteobacteria,c__Deltaproteobacteria,o__Desulfuromonadales,f__Geobacteraceae,g__Geobacter,s__Geobacter_uraniireducens
k__Bacteria,p__Proteobacteria,c__Deltaproteobacteria,o__Desulfuromonadales,f__Geobacteraceae,g__Geobacter,s__Geobacter_daltonii
k__Bacteria,p__Proteobacteria,c__Deltaproteobacteria,o__Desulfuromonadales,f__Geobacteraceae,g__Geobacter,s__Geobacter_sp_M18
k__Bacteria,p__Proteobacteria,c__Deltaproteobacteria,o__Desulfuromonadales,f__Geobacteraceae,g__Geobacter,s__Geobacter_bemidjiensis
k__Bacteria,p__Proteobacteria,c__Deltaproteobacteria,o__Desulfuromonadales,f__Geobacteraceae,g__Geobacter,s__Geobacter_sp_M21
k__Bacteria,p__Proteobacteria,c__Deltaproteobacteria,o__Syntrophobacterales,f__Syntrophaceae,g__Desulfomonile,s__Desulfomonile_tiedjei
k__Bacteria,p__Proteobacteria,c__Deltaproteobacteria,o__Syntrophobacterales,f__Syntrophaceae,g__Syntrophus,s__Syntrophus_aciditrophicus
k__Bacteria,p__Proteobacteria,c__Deltaproteobacteria,o__Syntrophobacterales,f__Syntrophaceae,g__Smithella,s__Smithella_sp_ME_1
k__Bacteria,p__Proteobacteria,c__Deltaproteobacteria,o__Desulfarculales,f__Desulfarculaceae,g__Desulfarculus,s__Desulfarculus_baarsii
k__Bacteria,p__Proteobacteria,c__Deltaproteobacteria,o__Syntrophobacterales,f__Syntrophobacteraceae,g__Syntrophobacter,s__Syntrophobacter_fumaroxidans
k__Bacteria,p__Proteobacteria,c__Deltaproteobacteria,o__Syntrophobacterales,f__Syntrophaceae,g__Desulfobacca,s__Desulfobacca_acetoxidans
k__Bacteria,p__Proteobacteria,c__Deltaproteobacteria,o__Deltaproteobacteria_noname,f__Deltaproteobacteria_noname,g__Deltaproteobacteria_noname,s__delta_proteobacterium_NaphS2
k__Bacteria,p__Proteobacteria,c__Deltaproteobacteria,o__Desulfobacterales,f__Desulfobacteraceae,g__Desulfatibacillum,s__Desulfatibacillum_alkenivorans
k__Bacteria,p__Proteobacteria,c__Deltaproteobacteria,o__Desulfobacterales,f__Desulfobacteraceae,g__Desulfococcus,s__Desulfococcus_oleovorans
k__Bacteria,p__Proteobacteria,c__Deltaproteobacteria,o__Desulfobacterales,f__Desulfobacteraceae,g__Desulfococcus,s__Desulfococcus_multivorans
k__Bacteria,p__Proteobacteria,c__Deltaproteobacteria,o__Desulfobacterales,f__Desulfobacteraceae,g__Desulfobacterium,s__Desulfobacterium_autotrophicum
k__Bacteria,p__Proteobacteria,c__Deltaproteobacteria,o__Desulfobacterales,f__Desulfobacteraceae,g__Desulfobacula,s__Desulfobacula_toluolica
k__Bacteria,p__Proteobacteria,c__Deltaproteobacteria,o__Desulfobacterales,f__Desulfobacteraceae,g__Desulfotignum,s__Desulfotignum_phosphitoxidans
k__Bacteria,p__Proteobacteria,c__Deltaproteobacteria,o__Desulfobacterales,f__Desulfobacteraceae,g__Desulfospira,s__Desulfospira_joergensenii
k__Bacteria,p__Proteobacteria,c__Deltaproteobacteria,o__Desulfobacterales,f__Desulfobacteraceae,g__Desulfobacter,s__Desulfobacter_postgatei
k__Bacteria,p__Proteobacteria,c__Deltaproteobacteria,o__Desulfobacterales,f__Desulfobacteraceae,g__Desulfobacter,s__Desulfobacter_curvatus
k__Bacteria,p__Thermodesulfobacteria,c__Thermodesulfobacteria,o__Thermodesulfobacteriales,f__Thermodesulfobacteriaceae,g__Thermodesulfatator,s__Thermodesulfatator_indicus
k__Bacteria,p__Thermodesulfobacteria,c__Thermodesulfobacteria,o__Thermodesulfobacteriales,f__Thermodesulfobacteriaceae,g__Thermodesulfatator,s__Thermodesulfatator_atlanticus
k__Bacteria,p__Thermodesulfobacteria,c__Thermodesulfobacteria,o__Thermodesulfobacteriales,f__Thermodesulfobacteriaceae,g__Thermodesulfobacterium,s__Thermodesulfobacterium_geofontis
k__Bacteria,p__Thermodesulfobacteria,c__Thermodesulfobacteria,o__Thermodesulfobacteriales,f__Thermodesulfobacteriaceae,g__Thermodesulfobacterium,s__Thermodesulfobacterium_thermophilum
k__Bacteria,p__Proteobacteria,c__Deltaproteobacteria,o__Desulfobacterales,f__Desulfobulbaceae,g__Desulfurivibrio,s__Desulfurivibrio_alkaliphilus
k__Bacteria,p__Proteobacteria,c__Deltaproteobacteria,o__Deltaproteobacteria_noname,f__Deltaproteobacteria_noname,g__Deltaproteobacteria_noname,s__delta_proteobacterium_MLMS_1
k__Bacteria,p__Proteobacteria,c__Deltaproteobacteria,o__Desulfobacterales,f__Desulfobulbaceae,g__Desulfotalea,s__Desulfotalea_psychrophila
k__Bacteria,p__Proteobacteria,c__Deltaproteobacteria,o__Desulfobacterales,f__Desulfobulbaceae,g__Desulfocapsa,s__Desulfocapsa_sulfexigens
k__Bacteria,p__Proteobacteria,c__Deltaproteobacteria,o__Desulfobacterales,f__Desulfobulbaceae,g__Desulfobulbus,s__Desulfobulbus_propionicus
k__Bacteria,p__Proteobacteria,c__Deltaproteobacteria,o__Desulfobacterales,f__Desulfobulbaceae,g__Desulfobulbus,s__Desulfobulbus_sp_oral_taxon_041
k__Bacteria,p__Proteobacteria,c__Deltaproteobacteria,o__Desulfovibrionales,f__Desulfohalobiaceae,g__Desulfonatronospira,s__Desulfonatronospira_thiodismutans
k__Bacteria,p__Proteobacteria,c__Deltaproteobacteria,o__Desulfovibrionales,f__Desulfohalobiaceae,g__Desulfohalobium,s__Desulfohalobium_retbaense
k__Bacteria,p__Proteobacteria,c__Deltaproteobacteria,o__Desulfovibrionales,f__Desulfomicrobiaceae,g__Desulfomicrobium,s__Desulfomicrobium_baculatum
k__Bacteria,p__Proteobacteria,c__Deltaproteobacteria,o__Desulfovibrionales,f__Desulfovibrionaceae,g__Desulfovibrio,s__Desulfovibrio_salexigens
k__Bacteria,p__Proteobacteria,c__Deltaproteobacteria,o__Desulfovibrionales,f__Desulfovibrionaceae,g__Desulfovibrio,s__Desulfovibrio_hydrothermalis
k__Bacteria,p__Proteobacteria,c__Deltaproteobacteria,o__Desulfovibrionales,f__Desulfovibrionaceae,g__Desulfovibrio,s__Desulfovibrio_longus
k__Bacteria,p__Proteobacteria,c__Deltaproteobacteria,o__Desulfovibrionales,f__Desulfovibrionaceae,g__Desulfovibrio,s__Desulfovibrio_oxyclinae
k__Bacteria,p__Proteobacteria,c__Deltaproteobacteria,o__Desulfovibrionales,f__Desulfovibrionaceae,g__Desulfovibrio,s__Desulfovibrio_aespoeensis
k__Bacteria,p__Proteobacteria,c__Deltaproteobacteria,o__Desulfovibrionales,f__Desulfovibrionaceae,g__Desulfovibrio,s__Desulfovibrio_piezophilus
k__Bacteria,p__Proteobacteria,c__Deltaproteobacteria,o__Desulfovibrionales,f__Desulfovibrionaceae,g__Desulfovibrio,s__Desulfovibrio_africanus
k__Bacteria,p__Proteobacteria,c__Deltaproteobacteria,o__Desulfovibrionales,f__Desulfovibrionaceae,g__Desulfovibrio,s__Desulfovibrio_sp_X2
k__Bacteria,p__Proteobacteria,c__Deltaproteobacteria,o__Desulfovibrionales,f__Desulfovibrionaceae,g__Desulfovibrio,s__Desulfovibrio_alkalitolerans
k__Bacteria,p__Proteobacteria,c__Deltaproteobacteria,o__Desulfovibrionales,f__Desulfovibrionaceae,g__Desulfovibrio,s__Desulfovibrio_magneticus
k__Bacteria,p__Proteobacteria,c__Deltaproteobacteria,o__Desulfovibrionales,f__Desulfovibrionaceae,g__Desulfovibrio,s__Desulfovibrio_fructosivorans
k__Bacteria,p__Proteobacteria,c__Deltaproteobacteria,o__Desulfovibrionales,f__Desulfovibrionaceae,g__Desulfovibrio,s__Desulfovibrio_sp_FW1012B
k__Bacteria,p__Proteobacteria,c__Deltaproteobacteria,o__Desulfovibrionales,f__Desulfovibrionaceae,g__Desulfovibrio,s__Desulfovibrio_sp_U5L
k__Bacteria,p__Proteobacteria,c__Deltaproteobacteria,o__Desulfovibrionales,f__Desulfovibrionaceae,g__Desulfovibrio,s__Desulfovibrio_gigas
k__Bacteria,p__Proteobacteria,c__Deltaproteobacteria,o__Desulfovibrionales,f__Desulfovibrionaceae,g__Desulfovibrio,s__Desulfovibrio_alaskensis
k__Bacteria,p__Proteobacteria,c__Deltaproteobacteria,o__Desulfovibrionales,f__Desulfovibrionaceae,g__Desulfovibrio,s__Desulfovibrio_desulfuricans
k__Bacteria,p__Proteobacteria,c__Deltaproteobacteria,o__Desulfovibrionales,f__Desulfovibrionaceae,g__Desulfovibrio,s__Desulfovibrio_vulgaris
k__Bacteria,p__Proteobacteria,c__Deltaproteobacteria,o__Desulfovibrionales,f__Desulfovibrionaceae,g__Desulfovibrio,s__Desulfovibrio_sp_A2
k__Bacteria,p__Proteobacteria,c__Deltaproteobacteria,o__Desulfovibrionales,f__Desulfovibrionaceae,g__Desulfovibrio,s__Desulfovibrio_termitidis
k__Bacteria,p__Proteobacteria,c__Deltaproteobacteria,o__Desulfovibrionales,f__Desulfovibrionaceae,g__Lawsonia,s__Lawsonia_intracellularis
k__Bacteria,p__Proteobacteria,c__Deltaproteobacteria,o__Desulfovibrionales,f__Desulfovibrionaceae,g__Bilophila,s__Bilophila_wadsworthia
k__Bacteria,p__Proteobacteria,c__Deltaproteobacteria,o__Desulfovibrionales,f__Desulfovibrionaceae,g__Bilophila,s__Bilophila_sp_4_1_30
k__Bacteria,p__Proteobacteria,c__Deltaproteobacteria,o__Desulfovibrionales,f__Desulfovibrionaceae,g__Desulfovibrio,s__Desulfovibrio_piger
k__Bacteria,p__Proteobacteria,c__Deltaproteobacteria,o__Desulfovibrionales,f__Desulfovibrionaceae,g__Desulfovibrio,s__Desulfovibrio_sp_Dsv1
k__Bacteria,p__Proteobacteria,c__Deltaproteobacteria,o__Desulfovibrionales,f__Desulfovibrionaceae,g__Desulfovibrio,s__Desulfovibrio_sp_3_1_syn3
k__Bacteria,p__Proteobacteria,c__Deltaproteobacteria,o__Desulfovibrionales,f__Desulfovibrionaceae,g__Desulfovibrio,s__Desulfovibrio_sp_6_1_46AFAA
k__Bacteria,p__Proteobacteria,c__Deltaproteobacteria,o__Myxococcales,f__Polyangiaceae,g__Sorangium,s__Sorangium_cellulosum
k__Bacteria,p__Proteobacteria,c__Deltaproteobacteria,o__Myxococcales,f__Kofleriaceae,g__Haliangium,s__Haliangium_ochraceum
k__Bacteria,p__Proteobacteria,c__Deltaproteobacteria,o__Myxococcales,f__Nannocystaceae,g__Plesiocystis,s__Plesiocystis_pacifica
k__Bacteria,p__Proteobacteria,c__Deltaproteobacteria,o__Myxococcales,f__Myxococcaceae,g__Anaeromyxobacter,s__Anaeromyxobacter_sp_Fw109_5
k__Bacteria,p__Proteobacteria,c__Deltaproteobacteria,o__Myxococcales,f__Myxococcaceae,g__Anaeromyxobacter,s__Anaeromyxobacter_sp_K
k__Bacteria,p__Proteobacteria,c__Deltaproteobacteria,o__Myxococcales,f__Myxococcaceae,g__Anaeromyxobacter,s__Anaeromyxobacter_dehalogenans
k__Bacteria,p__Proteobacteria,c__Deltaproteobacteria,o__Myxococcales,f__Cystobacteraceae,g__Stigmatella,s__Stigmatella_aurantiaca
k__Bacteria,p__Proteobacteria,c__Deltaproteobacteria,o__Myxococcales,f__Myxococcaceae,g__Corallococcus,s__Corallococcus_coralloides
k__Bacteria,p__Proteobacteria,c__Deltaproteobacteria,o__Myxococcales,f__Myxococcaceae,g__Myxococcus,s__Myxococcus_stipitatus
k__Bacteria,p__Proteobacteria,c__Deltaproteobacteria,o__Myxococcales,f__Myxococcaceae,g__Myxococcus,s__Myxococcus_xanthus
k__Bacteria,p__Proteobacteria,c__Deltaproteobacteria,o__Myxococcales,f__Myxococcaceae,g__Myxococcus,s__Myxococcus_fulvus
k__Bacteria,p__Verrucomicrobia,c__Verrucomicrobia_noname,o__Verrucomicrobia_noname,f__Verrucomicrobia_noname,g__Verrucomicrobia_noname,s__Verrucomicrobia_bacterium_SCGC_AB_629_E09
k__Bacteria,p__Proteobacteria,c__Deltaproteobacteria,o__Deltaproteobacteria_noname,f__Deltaproteobacteria_noname,g__Deltaproteobacteria_noname,s__SAR324_cluster_bacterium_SCGC_AB_629_J17
k__Archaea,p__Euryarchaeota,c__Euryarchaeota_noname,o__Euryarchaeota_noname,f__Euryarchaeota_noname,g__Euryarchaeota_noname,s__Marine_Group_II_euryarchaeote_SCGC_AB_629_J06
k__Bacteria,p__Proteobacteria,c__Deltaproteobacteria,o__Deltaproteobacteria_noname,f__Deltaproteobacteria_noname,g__Deltaproteobacteria_noname,s__SAR324_cluster_bacterium_JCVI_SC_AAA005
k__Bacteria,p__Proteobacteria,c__Deltaproteobacteria,o__Deltaproteobacteria_noname,f__Deltaproteobacteria_noname,g__Deltaproteobacteria_noname,s__SAR324_cluster_bacterium_SCGC_AAA240_J09
k__Bacteria,p__Proteobacteria,c__Deltaproteobacteria,o__Deltaproteobacteria_noname,f__Deltaproteobacteria_noname,g__Deltaproteobacteria_noname,s__SAR324_cluster_bacterium_SCGC_AAA001_C10
k__Bacteria,p__Proteobacteria,c__Deltaproteobacteria,o__Deltaproteobacteria_noname,f__Deltaproteobacteria_noname,g__Deltaproteobacteria_noname,s__SAR324_cluster_bacterium_SCGC_AB_629_O05
k__Bacteria,p__Proteobacteria,c__Deltaproteobacteria,o__Bdellovibrionales,f__Bdellovibrionaceae,g__Bdellovibrio,s__Bdellovibrio_bacteriovorus
k__Bacteria,p__Proteobacteria,c__Deltaproteobacteria,o__Bdellovibrionales,f__Bdellovibrionaceae,g__Bdellovibrio,s__Bdellovibrio_exovorus
k__Bacteria,p__Proteobacteria,c__Deltaproteobacteria,o__Bdellovibrionales,f__Bacteriovoracaceae,g__Bacteriovorax,s__Bacteriovorax_marinus
k__Bacteria,p__Proteobacteria,c__Deltaproteobacteria,o__Bdellovibrionales,f__Bacteriovoracaceae,g__Bacteriovorax,s__Bacteriovorax_sp_BSW11_IV
k__Bacteria,p__Proteobacteria,c__Deltaproteobacteria,o__Bdellovibrionales,f__Bacteriovoracaceae,g__Bacteriovorax,s__Bacteriovorax_sp_Seq25_V
k__Bacteria,p__Proteobacteria,c__Deltaproteobacteria,o__Bdellovibrionales,f__Bacteriovoracaceae,g__Bacteriovorax,s__Bacteriovorax_sp_BAL6_X
k__Bacteria,p__Proteobacteria,c__Deltaproteobacteria,o__Bdellovibrionales,f__Bacteriovoracaceae,g__Bacteriovorax,s__Bacteriovorax_sp_DB6_IX
k__Bacteria,p__Proteobacteria,c__Alphaproteobacteria,o__Magnetococcales,f__Magnetococcaceae,g__Magnetococcus,s__Magnetococcus_marinus
k__Bacteria,p__Proteobacteria,c__Alphaproteobacteria,o__Alphaproteobacteria_noname,f__Alphaproteobacteria_noname,g__Alphaproteobacteria_noname,s__alpha_proteobacterium_HIMB59
k__Bacteria,p__Proteobacteria,c__Alphaproteobacteria,o__Alphaproteobacteria_noname,f__Alphaproteobacteria_noname,g__Alphaproteobacteria_noname,s__alpha_proteobacterium_HIMB5
k__Bacteria,p__Proteobacteria,c__Alphaproteobacteria,o__Alphaproteobacteria_noname,f__Alphaproteobacteria_noname,g__Candidatus_Pelagibacter,s__Candidatus_Pelagibacter_sp_HTCC7211
k__Bacteria,p__Proteobacteria,c__Alphaproteobacteria,o__Alphaproteobacteria_noname,f__Alphaproteobacteria_noname,g__Candidatus_Pelagibacter,s__Candidatus_Pelagibacter_ubique
k__Bacteria,p__Proteobacteria,c__Alphaproteobacteria,o__Alphaproteobacteria_noname,f__Alphaproteobacteria_noname,g__Alphaproteobacteria_noname,s__alpha_proteobacterium_HIMB114
k__Bacteria,p__Proteobacteria,c__Alphaproteobacteria,o__Alphaproteobacteria_noname,f__Alphaproteobacteria_noname,g__Candidatus_Pelagibacter,s__Candidatus_Pelagibacter_sp_IMCC9063
k__Bacteria,p__Proteobacteria,c__Alphaproteobacteria,o__Alphaproteobacteria_noname,f__Alphaproteobacteria_noname,g__Alphaproteobacteria_noname,s__alpha_proteobacterium_SCGC_AAA027_L15
k__Bacteria,p__Proteobacteria,c__Alphaproteobacteria,o__Alphaproteobacteria_noname,f__Alphaproteobacteria_noname,g__Alphaproteobacteria_noname,s__alpha_proteobacterium_SCGC_AAA027_J10
k__Bacteria,p__Proteobacteria,c__Alphaproteobacteria,o__Alphaproteobacteria_noname,f__Alphaproteobacteria_noname,g__Alphaproteobacteria_noname,s__alpha_proteobacterium_SCGC_AAA280_P20
k__Bacteria,p__Proteobacteria,c__Alphaproteobacteria,o__Alphaproteobacteria_noname,f__Alphaproteobacteria_noname,g__Alphaproteobacteria_noname,s__alpha_proteobacterium_SCGC_AAA027_C06
k__Bacteria,p__Proteobacteria,c__Alphaproteobacteria,o__Alphaproteobacteria_noname,f__Alphaproteobacteria_noname,g__Alphaproteobacteria_noname,s__alpha_proteobacterium_SCGC_AAA280_B11
k__Bacteria,p__Proteobacteria,c__Alphaproteobacteria,o__Alphaproteobacteria_noname,f__Alphaproteobacteria_noname,g__Alphaproteobacteria_noname,s__alpha_proteobacterium_SCGC_AAA024_N17
k__Bacteria,p__Proteobacteria,c__Alphaproteobacteria,o__Rhizobiales,f__Rhizobiales_noname,g__Candidatus_Hodgkinia,s__Candidatus_Hodgkinia_cicadicola
k__Bacteria,p__Proteobacteria,c__Alphaproteobacteria,o__Rickettsiales,f__Holosporaceae,g__Holospora,s__Holospora_undulata
k__Bacteria,p__Proteobacteria,c__Alphaproteobacteria,o__Rickettsiales,f__Holosporaceae,g__Holospora,s__Holospora_obtusa
k__Bacteria,p__Proteobacteria,c__Alphaproteobacteria,o__Rickettsiales,f__Candidatus_Midichloriaceae,g__Candidatus_Midichloria,s__Candidatus_Midichloria_mitochondrii
k__Bacteria,p__Proteobacteria,c__Alphaproteobacteria,o__Rickettsiales,f__Anaplasmataceae,g__Neorickettsia,s__Neorickettsia_sennetsu
k__Bacteria,p__Proteobacteria,c__Alphaproteobacteria,o__Rickettsiales,f__Anaplasmataceae,g__Neorickettsia,s__Neorickettsia_risticii
k__Bacteria,p__Proteobacteria,c__Alphaproteobacteria,o__Rickettsiales,f__Anaplasmataceae,g__Ehrlichia,s__Ehrlichia_ruminantium
k__Bacteria,p__Proteobacteria,c__Alphaproteobacteria,o__Rickettsiales,f__Anaplasmataceae,g__Ehrlichia,s__Ehrlichia_canis
k__Bacteria,p__Proteobacteria,c__Alphaproteobacteria,o__Rickettsiales,f__Anaplasmataceae,g__Ehrlichia,s__Ehrlichia_chaffeensis
k__Bacteria,p__Proteobacteria,c__Alphaproteobacteria,o__Rickettsiales,f__Anaplasmataceae,g__Anaplasma,s__Anaplasma_phagocytophilum
k__Bacteria,p__Proteobacteria,c__Alphaproteobacteria,o__Rickettsiales,f__Anaplasmataceae,g__Anaplasma,s__Anaplasma_marginale
k__Bacteria,p__Proteobacteria,c__Alphaproteobacteria,o__Rickettsiales,f__Anaplasmataceae,g__Anaplasma,s__Anaplasma_centrale
k__Bacteria,p__Proteobacteria,c__Alphaproteobacteria,o__Rickettsiales,f__Anaplasmataceae,g__Wolbachia,s__Wolbachia_endosymbiont_of_Brugia_malayi
k__Bacteria,p__Proteobacteria,c__Alphaproteobacteria,o__Rickettsiales,f__Anaplasmataceae,g__Wolbachia,s__Wolbachia_endosymbiont_of_Onchocerca_ochengi
k__Bacteria,p__Proteobacteria,c__Alphaproteobacteria,o__Rickettsiales,f__Anaplasmataceae,g__Wolbachia,s__Wolbachia_endosymbiont_of_Drosophila_melanogaster
k__Bacteria,p__Proteobacteria,c__Alphaproteobacteria,o__Rickettsiales,f__Anaplasmataceae,g__Wolbachia,s__Wolbachia_sp_wRi
k__Bacteria,p__Proteobacteria,c__Alphaproteobacteria,o__Rickettsiales,f__Anaplasmataceae,g__Wolbachia,s__Wolbachia_endosymbiont_of_Drosophila_simulans
k__Bacteria,p__Proteobacteria,c__Alphaproteobacteria,o__Rickettsiales,f__Anaplasmataceae,g__Wolbachia,s__Wolbachia_endosymbiont_of_Diaphorina_citri
k__Bacteria,p__Proteobacteria,c__Alphaproteobacteria,o__Rickettsiales,f__Anaplasmataceae,g__Wolbachia,s__Wolbachia_endosymbiont_of_Nasonia_vitripennis
k__Bacteria,p__Proteobacteria,c__Alphaproteobacteria,o__Rickettsiales,f__Anaplasmataceae,g__Wolbachia,s__Wolbachia_pipientis
k__Bacteria,p__Proteobacteria,c__Alphaproteobacteria,o__Rickettsiales,f__Anaplasmataceae,g__Wolbachia,s__Wolbachia_endosymbiont_of_Culex_quinquefasciatus
k__Bacteria,p__Proteobacteria,c__Alphaproteobacteria,o__Rickettsiales,f__Anaplasmataceae,g__Wolbachia,s__Wolbachia_endosymbiont_of_Culex_pipiens_molestus
k__Bacteria,p__Proteobacteria,c__Alphaproteobacteria,o__Rickettsiales,f__Rickettsiaceae,g__Orientia,s__Orientia_tsutsugamushi
k__Bacteria,p__Proteobacteria,c__Alphaproteobacteria,o__Rickettsiales,f__Rickettsiaceae,g__Rickettsia,s__Rickettsia_bellii
k__Bacteria,p__Proteobacteria,c__Alphaproteobacteria,o__Rickettsiales,f__Rickettsiaceae,g__Rickettsia,s__Rickettsia_endosymbiont_of_Bemisia_tabaci
k__Bacteria,p__Proteobacteria,c__Alphaproteobacteria,o__Rickettsiales,f__Rickettsiaceae,g__Rickettsia,s__Rickettsia_canadensis
k__Bacteria,p__Proteobacteria,c__Alphaproteobacteria,o__Rickettsiales,f__Rickettsiaceae,g__Rickettsia,s__Rickettsia_typhi
k__Bacteria,p__Proteobacteria,c__Alphaproteobacteria,o__Rickettsiales,f__Rickettsiaceae,g__Rickettsia,s__Rickettsia_prowazekii
k__Bacteria,p__Proteobacteria,c__Alphaproteobacteria,o__Rickettsiales,f__Rickettsiaceae,g__Rickettsia,s__Rickettsia_helvetica
k__Bacteria,p__Proteobacteria,c__Alphaproteobacteria,o__Rickettsiales,f__Rickettsiaceae,g__Rickettsia,s__Rickettsia_endosymbiont_of_Ixodes_scapularis
k__Bacteria,p__Proteobacteria,c__Alphaproteobacteria,o__Rickettsiales,f__Rickettsiaceae,g__Rickettsia,s__Rickettsia_felis
k__Bacteria,p__Proteobacteria,c__Alphaproteobacteria,o__Rickettsiales,f__Rickettsiaceae,g__Rickettsia,s__Rickettsia_akari
k__Bacteria,p__Proteobacteria,c__Alphaproteobacteria,o__Rickettsiales,f__Rickettsiaceae,g__Rickettsia,s__Rickettsia_australis
k__Bacteria,p__Proteobacteria,c__Alphaproteobacteria,o__Rickettsiales,f__Rickettsiaceae,g__Rickettsia,s__Rickettsia_montanensis
k__Bacteria,p__Proteobacteria,c__Alphaproteobacteria,o__Rickettsiales,f__Rickettsiaceae,g__Rickettsia,s__Candidatus_Rickettsia_amblyommii
k__Bacteria,p__Proteobacteria,c__Alphaproteobacteria,o__Rickettsiales,f__Rickettsiaceae,g__Rickettsia,s__Rickettsia_massiliae
k__Bacteria,p__Proteobacteria,c__Alphaproteobacteria,o__Rickettsiales,f__Rickettsiaceae,g__Rickettsia,s__Rickettsia_rhipicephali
k__Bacteria,p__Proteobacteria,c__Alphaproteobacteria,o__Rickettsiales,f__Rickettsiaceae,g__Rickettsia,s__Rickettsia_heilongjiangensis
k__Bacteria,p__Proteobacteria,c__Alphaproteobacteria,o__Rickettsiales,f__Rickettsiaceae,g__Rickettsia,s__Rickettsia_japonica
k__Bacteria,p__Proteobacteria,c__Alphaproteobacteria,o__Rickettsiales,f__Rickettsiaceae,g__Rickettsia,s__Rickettsia_peacockii
k__Bacteria,p__Proteobacteria,c__Alphaproteobacteria,o__Rickettsiales,f__Rickettsiaceae,g__Rickettsia,s__Rickettsia_rickettsii
k__Bacteria,p__Proteobacteria,c__Alphaproteobacteria,o__Rickettsiales,f__Rickettsiaceae,g__Rickettsia,s__Rickettsia_philipii
k__Bacteria,p__Proteobacteria,c__Alphaproteobacteria,o__Rickettsiales,f__Rickettsiaceae,g__Rickettsia,s__Rickettsia_honei
k__Bacteria,p__Proteobacteria,c__Alphaproteobacteria,o__Rickettsiales,f__Rickettsiaceae,g__Rickettsia,s__Rickettsia_conorii
k__Bacteria,p__Proteobacteria,c__Alphaproteobacteria,o__Rickettsiales,f__Rickettsiaceae,g__Rickettsia,s__Rickettsia_slovaca
k__Bacteria,p__Proteobacteria,c__Alphaproteobacteria,o__Rickettsiales,f__Rickettsiaceae,g__Rickettsia,s__Rickettsia_africae
k__Bacteria,p__Proteobacteria,c__Alphaproteobacteria,o__Rickettsiales,f__Rickettsiaceae,g__Rickettsia,s__Rickettsia_sibirica
k__Bacteria,p__Proteobacteria,c__Alphaproteobacteria,o__Rickettsiales,f__Rickettsiaceae,g__Rickettsia,s__Rickettsia_parkeri
k__Bacteria,p__Proteobacteria,c__Alphaproteobacteria,o__Rickettsiales,f__Rickettsiales_noname,g__Candidatus_Odyssella,s__Candidatus_Odyssella_thessalonicensis
k__Bacteria,p__Proteobacteria,c__Alphaproteobacteria,o__Rhodospirillales,f__Rhodospirillaceae,g__Tistrella,s__Tistrella_mobilis
k__Bacteria,p__Proteobacteria,c__Alphaproteobacteria,o__Rhodospirillales,f__Rhodospirillaceae,g__Thalassospira,s__Thalassospira_profundimaris
k__Bacteria,p__Proteobacteria,c__Alphaproteobacteria,o__Rhodospirillales,f__Rhodospirillaceae,g__Thalassospira,s__Thalassospira_xiamenensis
k__Bacteria,p__Proteobacteria,c__Alphaproteobacteria,o__Rhodospirillales,f__Rhodospirillaceae,g__Thalassospira,s__Thalassospira_lucentensis
k__Bacteria,p__Proteobacteria,c__Alphaproteobacteria,o__Rhodospirillales,f__Rhodospirillaceae,g__Novispirillum,s__Novispirillum_itersonii
k__Bacteria,p__Proteobacteria,c__Alphaproteobacteria,o__Rhodospirillales,f__Rhodospirillaceae,g__Rhodospirillum,s__Rhodospirillum_rubrum
k__Bacteria,p__Proteobacteria,c__Alphaproteobacteria,o__Rhodospirillales,f__Rhodospirillaceae,g__Rhodospirillum,s__Rhodospirillum_photometricum
k__Bacteria,p__Proteobacteria,c__Alphaproteobacteria,o__Rhodospirillales,f__Rhodospirillaceae,g__Phaeospirillum,s__Phaeospirillum_molischianum
k__Bacteria,p__Proteobacteria,c__Alphaproteobacteria,o__Rhodospirillales,f__Rhodospirillaceae,g__Phaeospirillum,s__Phaeospirillum_fulvum
k__Bacteria,p__Proteobacteria,c__Alphaproteobacteria,o__Rhodospirillales,f__Rhodospirillaceae,g__Magnetospirillum,s__Magnetospirillum_magneticum
k__Bacteria,p__Proteobacteria,c__Alphaproteobacteria,o__Rhodospirillales,f__Rhodospirillaceae,g__Magnetospirillum,s__Magnetospirillum_sp_SO_1
k__Bacteria,p__Proteobacteria,c__Alphaproteobacteria,o__Alphaproteobacteria_noname,f__Alphaproteobacteria_noname,g__Micavibrio,s__Micavibrio_aeruginosavorus
k__Bacteria,p__Proteobacteria,c__Alphaproteobacteria,o__Rhodospirillales,f__Rhodospirillaceae,g__Azospirillum,s__Azospirillum_brasilense
k__Bacteria,p__Proteobacteria,c__Alphaproteobacteria,o__Rhodospirillales,f__Rhodospirillaceae,g__Azospirillum,s__Azospirillum_lipoferum
k__Bacteria,p__Proteobacteria,c__Alphaproteobacteria,o__Rhodospirillales,f__Rhodospirillaceae,g__Rhodospirillum,s__Rhodospirillum_centenum
k__Bacteria,p__Proteobacteria,c__Alphaproteobacteria,o__Rhodospirillales,f__Rhodospirillaceae,g__Azospirillum,s__Azospirillum_amazonense
k__Bacteria,p__Proteobacteria,c__Alphaproteobacteria,o__Kiloniellales,f__Kiloniellaceae,g__Kiloniella,s__Kiloniella_laminariae
k__Bacteria,p__Proteobacteria,c__Alphaproteobacteria,o__Rhodospirillales,f__Rhodospirillaceae,g__Fodinicurvata,s__Fodinicurvata_sediminis
k__Bacteria,p__Proteobacteria,c__Alphaproteobacteria,o__Rhodospirillales,f__Rhodospirillaceae,g__Oceanibaculum,s__Oceanibaculum_indicum
k__Bacteria,p__Proteobacteria,c__Alphaproteobacteria,o__Alphaproteobacteria_noname,f__Alphaproteobacteria_noname,g__Candidatus_Puniceispirillum,s__Candidatus_Puniceispirillum_marinum
k__Bacteria,p__Proteobacteria,c__Alphaproteobacteria,o__Alphaproteobacteria_noname,f__Alphaproteobacteria_noname,g__Alphaproteobacteria_noname,s__SAR116_cluster_alpha_proteobacterium_HIMB100
k__Bacteria,p__Proteobacteria,c__Alphaproteobacteria,o__Alphaproteobacteria_noname,f__Alphaproteobacteria_noname,g__Alphaproteobacteria_noname,s__alpha_proteobacterium_BAL199
k__Bacteria,p__Proteobacteria,c__Alphaproteobacteria,o__Rhodospirillales,f__Rhodospirillaceae,g__Candidatus_Endolissoclinum,s__Candidatus_Endolissoclinum_faulkneri
k__Bacteria,p__Proteobacteria,c__Alphaproteobacteria,o__Rhodospirillales,f__Rhodospirillales_noname,g__Rhodospirillales_noname,s__Reyranella_massiliensis
k__Bacteria,p__Proteobacteria,c__Alphaproteobacteria,o__Rhodospirillales,f__Acetobacteraceae,g__Roseomonas,s__Roseomonas_sp_B5
k__Bacteria,p__Proteobacteria,c__Alphaproteobacteria,o__Rhodospirillales,f__Acetobacteraceae,g__Roseomonas,s__Roseomonas_cervicalis
k__Bacteria,p__Proteobacteria,c__Alphaproteobacteria,o__Rhodospirillales,f__Acetobacteraceae,g__Acetobacteraceae_noname,s__Acetobacteraceae_bacterium_AT_5844
k__Bacteria,p__Proteobacteria,c__Alphaproteobacteria,o__Rhodospirillales,f__Acetobacteraceae,g__Acidocella,s__Acidocella_sp_MX_AZ02
k__Bacteria,p__Proteobacteria,c__Alphaproteobacteria,o__Rhodospirillales,f__Acetobacteraceae,g__Acidiphilium,s__Acidiphilium_multivorum
k__Bacteria,p__Proteobacteria,c__Alphaproteobacteria,o__Rhodospirillales,f__Acetobacteraceae,g__Acidiphilium,s__Acidiphilium_cryptum
k__Bacteria,p__Proteobacteria,c__Alphaproteobacteria,o__Rhodospirillales,f__Acetobacteraceae,g__Acidiphilium,s__Acidiphilium_sp_PM
k__Bacteria,p__Proteobacteria,c__Alphaproteobacteria,o__Rhodospirillales,f__Acetobacteraceae,g__Granulibacter,s__Granulibacter_bethesdensis
k__Bacteria,p__Proteobacteria,c__Alphaproteobacteria,o__Rhodospirillales,f__Acetobacteraceae,g__Commensalibacter,s__Commensalibacter_intestini
k__Bacteria,p__Proteobacteria,c__Alphaproteobacteria,o__Rhodospirillales,f__Acetobacteraceae,g__Asaia,s__Asaia_sp_SF2_1
k__Bacteria,p__Proteobacteria,c__Alphaproteobacteria,o__Rhodospirillales,f__Acetobacteraceae,g__Saccharibacter,s__Saccharibacter_floricola
k__Bacteria,p__Proteobacteria,c__Alphaproteobacteria,o__Rhodospirillales,f__Acetobacteraceae,g__Gluconobacter,s__Gluconobacter_morbifer
k__Bacteria,p__Proteobacteria,c__Alphaproteobacteria,o__Rhodospirillales,f__Acetobacteraceae,g__Gluconobacter,s__Gluconobacter_frateurii
k__Bacteria,p__Proteobacteria,c__Alphaproteobacteria,o__Rhodospirillales,f__Acetobacteraceae,g__Gluconobacter,s__Gluconobacter_oxydans
k__Bacteria,p__Proteobacteria,c__Alphaproteobacteria,o__Rhodospirillales,f__Acetobacteraceae,g__Gluconobacter,s__Gluconobacter_thailandicus
k__Bacteria,p__Proteobacteria,c__Alphaproteobacteria,o__Rhodospirillales,f__Acetobacteraceae,g__Acetobacter,s__Acetobacter_pasteurianus
k__Bacteria,p__Proteobacteria,c__Alphaproteobacteria,o__Rhodospirillales,f__Acetobacteraceae,g__Acetobacter,s__Acetobacter_aceti
k__Bacteria,p__Proteobacteria,c__Alphaproteobacteria,o__Rhodospirillales,f__Acetobacteraceae,g__Gluconacetobacter,s__Gluconacetobacter_diazotrophicus
k__Bacteria,p__Proteobacteria,c__Alphaproteobacteria,o__Rhodospirillales,f__Acetobacteraceae,g__Gluconacetobacter,s__Gluconacetobacter_hansenii
k__Bacteria,p__Proteobacteria,c__Alphaproteobacteria,o__Rhodospirillales,f__Acetobacteraceae,g__Gluconacetobacter,s__Gluconacetobacter_oboediens
k__Bacteria,p__Proteobacteria,c__Alphaproteobacteria,o__Rhodospirillales,f__Acetobacteraceae,g__Gluconacetobacter,s__Gluconacetobacter_europaeus
k__Bacteria,p__Proteobacteria,c__Alphaproteobacteria,o__Rhodospirillales,f__Acetobacteraceae,g__Gluconacetobacter,s__Gluconacetobacter_xylinus
k__Bacteria,p__Proteobacteria,c__Alphaproteobacteria,o__Rhodospirillales,f__Acetobacteraceae,g__Gluconacetobacter,s__Gluconacetobacter_sp_SXCC_1
k__Bacteria,p__Proteobacteria,c__Alphaproteobacteria,o__Kordiimonadales,f__Kordiimonadaceae,g__Kordiimonas,s__Kordiimonas_gwangyangensis
k__Bacteria,p__Proteobacteria,c__Alphaproteobacteria,o__Sphingomonadales,f__Sphingomonadaceae,g__Sandarakinorhabdus,s__Sandarakinorhabdus_sp_AAP62
k__Bacteria,p__Proteobacteria,c__Alphaproteobacteria,o__Sphingomonadales,f__Sphingomonadaceae,g__Sandarakinorhabdus,s__Sandarakinorhabdus_limnophila
k__Bacteria,p__Proteobacteria,c__Alphaproteobacteria,o__Sphingomonadales,f__Sphingomonadaceae,g__Zymomonas,s__Zymomonas_mobilis
k__Bacteria,p__Proteobacteria,c__Alphaproteobacteria,o__Sphingomonadales,f__Sphingomonadaceae,g__Sphingomonas,s__Sphingomonas_sp_PR090111_T3T_6A
k__Bacteria,p__Proteobacteria,c__Alphaproteobacteria,o__Sphingomonadales,f__Sphingomonadaceae,g__Sphingomonas,s__Sphingomonas_wittichii
k__Bacteria,p__Proteobacteria,c__Alphaproteobacteria,o__Sphingomonadales,f__Sphingomonadaceae,g__Sphingomonas,s__Sphingomonas_sp_KC8
k__Bacteria,p__Proteobacteria,c__Alphaproteobacteria,o__Sphingomonadales,f__Sphingomonadaceae,g__Sphingomonas,s__Sphingomonas_sp_MM_1
k__Bacteria,p__Proteobacteria,c__Alphaproteobacteria,o__Sphingomonadales,f__Sphingomonadaceae,g__Sphingomonas,s__Sphingomonas_elodea
k__Bacteria,p__Proteobacteria,c__Alphaproteobacteria,o__Sphingomonadales,f__Sphingomonadaceae,g__Sphingomonas,s__Sphingomonas_sp_ATCC_31555
k__Bacteria,p__Proteobacteria,c__Alphaproteobacteria,o__Sphingomonadales,f__Sphingomonadaceae,g__Sphingomonas,s__Sphingomonas_sp_PAMC_26617
k__Bacteria,p__Proteobacteria,c__Alphaproteobacteria,o__Sphingomonadales,f__Sphingomonadaceae,g__Sphingomonas,s__Sphingomonas_sp_PAMC_26621
k__Bacteria,p__Proteobacteria,c__Alphaproteobacteria,o__Sphingomonadales,f__Sphingomonadaceae,g__Sphingomonas,s__Sphingomonas_echinoides
k__Bacteria,p__Proteobacteria,c__Alphaproteobacteria,o__Sphingomonadales,f__Sphingomonadaceae,g__Sphingomonas,s__Sphingomonas_sp_PAMC_26605
k__Bacteria,p__Proteobacteria,c__Alphaproteobacteria,o__Sphingomonadales,f__Sphingomonadaceae,g__Sphingomonas,s__Sphingomonas_sp_S17
k__Bacteria,p__Proteobacteria,c__Alphaproteobacteria,o__Sphingomonadales,f__Sphingomonadaceae,g__Sphingomonas,s__Sphingomonas_melonis
k__Bacteria,p__Proteobacteria,c__Alphaproteobacteria,o__Sphingomonadales,f__Sphingomonadaceae,g__Sphingomonas,s__Sphingomonas_sp_Mn802worker
k__Bacteria,p__Proteobacteria,c__Alphaproteobacteria,o__Sphingomonadales,f__Sphingomonadaceae,g__Sphingomonas,s__Sphingomonas_phyllosphaerae
k__Bacteria,p__Proteobacteria,c__Alphaproteobacteria,o__Sphingomonadales,f__Sphingomonadaceae,g__Sphingobium,s__Sphingobium_sp_SYK_6
k__Bacteria,p__Proteobacteria,c__Alphaproteobacteria,o__Sphingomonadales,f__Sphingomonadaceae,g__Sphingobium,s__Sphingobium_ummariense
k__Bacteria,p__Proteobacteria,c__Alphaproteobacteria,o__Sphingomonadales,f__Sphingomonadaceae,g__Sphingobium,s__Sphingobium_xenophagum
k__Bacteria,p__Proteobacteria,c__Alphaproteobacteria,o__Sphingomonadales,f__Sphingomonadaceae,g__Sphingomonas,s__Sphingomonas_sp_SKA58
k__Bacteria,p__Proteobacteria,c__Alphaproteobacteria,o__Sphingomonadales,f__Sphingomonadaceae,g__Sphingobium,s__Sphingobium_lactosutens
k__Bacteria,p__Proteobacteria,c__Alphaproteobacteria,o__Sphingomonadales,f__Sphingomonadaceae,g__Sphingobium,s__Sphingobium_sp_AP49
k__Bacteria,p__Proteobacteria,c__Alphaproteobacteria,o__Sphingomonadales,f__Sphingomonadaceae,g__Sphingobium,s__Sphingobium_yanoikuyae
k__Bacteria,p__Proteobacteria,c__Alphaproteobacteria,o__Sphingomonadales,f__Sphingomonadaceae,g__Sphingobium,s__Sphingobium_baderi
k__Bacteria,p__Proteobacteria,c__Alphaproteobacteria,o__Sphingomonadales,f__Sphingomonadaceae,g__Sphingobium,s__Sphingobium_sp_YL23
k__Bacteria,p__Proteobacteria,c__Alphaproteobacteria,o__Sphingomonadales,f__Sphingomonadaceae,g__Sphingobium,s__Sphingobium_quisquiliarum
k__Bacteria,p__Proteobacteria,c__Alphaproteobacteria,o__Sphingomonadales,f__Sphingomonadaceae,g__Sphingobium,s__Sphingobium_chlorophenolicum
k__Bacteria,p__Proteobacteria,c__Alphaproteobacteria,o__Sphingomonadales,f__Sphingomonadaceae,g__Sphingobium,s__Sphingobium_chinhatense
k__Bacteria,p__Proteobacteria,c__Alphaproteobacteria,o__Sphingomonadales,f__Sphingomonadaceae,g__Sphingobium,s__Sphingobium_sp_HDIP04
k__Bacteria,p__Proteobacteria,c__Alphaproteobacteria,o__Sphingomonadales,f__Sphingomonadaceae,g__Sphingobium,s__Sphingobium_japonicum
k__Bacteria,p__Proteobacteria,c__Alphaproteobacteria,o__Sphingomonadales,f__Sphingomonadaceae,g__Sphingobium,s__Sphingobium_indicum
k__Bacteria,p__Proteobacteria,c__Alphaproteobacteria,o__Sphingomonadales,f__Sphingomonadaceae,g__Sphingopyxis,s__Sphingopyxis_alaskensis
k__Bacteria,p__Proteobacteria,c__Alphaproteobacteria,o__Sphingomonadales,f__Sphingomonadaceae,g__Sphingopyxis,s__Sphingopyxis_sp_MC1
k__Bacteria,p__Proteobacteria,c__Alphaproteobacteria,o__Sphingomonadales,f__Sphingomonadaceae,g__Sphingopyxis,s__Sphingopyxis_baekryungensis
k__Bacteria,p__Proteobacteria,c__Alphaproteobacteria,o__Sphingomonadales,f__Sphingomonadaceae,g__Blastomonas,s__Blastomonas_sp_AAP53
k__Bacteria,p__Proteobacteria,c__Alphaproteobacteria,o__Sphingomonadales,f__Sphingomonadaceae,g__Blastomonas,s__Blastomonas_sp_CACIA14H2
k__Bacteria,p__Proteobacteria,c__Alphaproteobacteria,o__Sphingomonadales,f__Erythrobacteraceae,g__Erythrobacter,s__Erythrobacter_sp_NAP1
k__Bacteria,p__Proteobacteria,c__Alphaproteobacteria,o__Sphingomonadales,f__Erythrobacteraceae,g__Porphyrobacter,s__Porphyrobacter_sp_AAP82
k__Bacteria,p__Proteobacteria,c__Alphaproteobacteria,o__Sphingomonadales,f__Sphingomonadaceae,g__Citromicrobium,s__Citromicrobium_bathyomarinum
k__Bacteria,p__Proteobacteria,c__Alphaproteobacteria,o__Sphingomonadales,f__Sphingomonadaceae,g__Citromicrobium,s__Citromicrobium_sp_JLT1363
k__Bacteria,p__Proteobacteria,c__Alphaproteobacteria,o__Sphingomonadales,f__Erythrobacteraceae,g__Erythrobacter,s__Erythrobacter_litoralis
k__Bacteria,p__Proteobacteria,c__Alphaproteobacteria,o__Sphingomonadales,f__Erythrobacteraceae,g__Erythrobacter,s__Erythrobacter_sp_SD_21
k__Bacteria,p__Proteobacteria,c__Alphaproteobacteria,o__Sphingomonadales,f__Sphingomonadaceae,g__Novosphingobium,s__Novosphingobium_tardaugens
k__Bacteria,p__Proteobacteria,c__Alphaproteobacteria,o__Sphingomonadales,f__Sphingomonadaceae,g__Novosphingobium,s__Novosphingobium_aromaticivorans
k__Bacteria,p__Proteobacteria,c__Alphaproteobacteria,o__Sphingomonadales,f__Sphingomonadaceae,g__Novosphingobium,s__Novosphingobium_nitrogenifigens
k__Bacteria,p__Proteobacteria,c__Alphaproteobacteria,o__Sphingomonadales,f__Sphingomonadaceae,g__Novosphingobium,s__Novosphingobium_sp_B_7
k__Bacteria,p__Proteobacteria,c__Alphaproteobacteria,o__Sphingomonadales,f__Sphingomonadaceae,g__Novosphingobium,s__Novosphingobium_pentaromativorans
k__Bacteria,p__Proteobacteria,c__Alphaproteobacteria,o__Sphingomonadales,f__Sphingomonadaceae,g__Novosphingobium,s__Novosphingobium_sp_PP1Y
k__Bacteria,p__Proteobacteria,c__Alphaproteobacteria,o__Sphingomonadales,f__Sphingomonadaceae,g__Novosphingobium,s__Novosphingobium_lindaniclasticum
k__Bacteria,p__Proteobacteria,c__Alphaproteobacteria,o__Sphingomonadales,f__Sphingomonadaceae,g__Novosphingobium,s__Novosphingobium_sp_Rr_2_17
k__Bacteria,p__Proteobacteria,c__Alphaproteobacteria,o__Sphingomonadales,f__Sphingomonadaceae,g__Novosphingobium,s__Novosphingobium_sp_AP12
k__Bacteria,p__Proteobacteria,c__Alphaproteobacteria,o__Sphingomonadales,f__Sphingomonadaceae,g__Sphingomonas,s__Sphingomonas_sp_LH128
k__Bacteria,p__Proteobacteria,c__Alphaproteobacteria,o__Parvularculales,f__Parvularculaceae,g__Parvularcula,s__Parvularcula_bermudensis
k__Bacteria,p__Proteobacteria,c__Alphaproteobacteria,o__Rhodobacterales,f__Hyphomonadaceae,g__Hirschia,s__Hirschia_baltica
k__Bacteria,p__Proteobacteria,c__Alphaproteobacteria,o__Rhodobacterales,f__Hyphomonadaceae,g__Hirschia,s__Hirschia_maritima
k__Bacteria,p__Proteobacteria,c__Alphaproteobacteria,o__Rhodobacterales,f__Hyphomonadaceae,g__Hyphomonadaceae_noname,s__Ponticaulis_koreensis
k__Bacteria,p__Proteobacteria,c__Alphaproteobacteria,o__Rhodobacterales,f__Hyphomonadaceae,g__Hyphomonas,s__Hyphomonas_neptunium
k__Bacteria,p__Proteobacteria,c__Alphaproteobacteria,o__Rhodobacterales,f__Hyphomonadaceae,g__Henriciella,s__Henriciella_marina
k__Bacteria,p__Proteobacteria,c__Alphaproteobacteria,o__Rhodobacterales,f__Hyphomonadaceae,g__Robiginitomaculum,s__Robiginitomaculum_antarcticum
k__Bacteria,p__Proteobacteria,c__Alphaproteobacteria,o__Rhodobacterales,f__Hyphomonadaceae,g__Maricaulis,s__Maricaulis_sp_JL2009
k__Bacteria,p__Proteobacteria,c__Alphaproteobacteria,o__Rhodobacterales,f__Hyphomonadaceae,g__Maricaulis,s__Maricaulis_maris
k__Bacteria,p__Proteobacteria,c__Alphaproteobacteria,o__Caulobacterales,f__Caulobacteraceae,g__Woodsholea,s__Woodsholea_maritima
k__Bacteria,p__Proteobacteria,c__Alphaproteobacteria,o__Rhodobacterales,f__Hyphomonadaceae,g__Oceanicaulis,s__Oceanicaulis_sp_HTCC2633
k__Bacteria,p__Proteobacteria,c__Alphaproteobacteria,o__Rhodobacterales,f__Hyphomonadaceae,g__Oceanicaulis,s__Oceanicaulis_alexandrii
k__Bacteria,p__Proteobacteria,c__Alphaproteobacteria,o__Caulobacterales,f__Caulobacteraceae,g__Phenylobacterium,s__Phenylobacterium_zucineum
k__Bacteria,p__Proteobacteria,c__Alphaproteobacteria,o__Caulobacterales,f__Caulobacteraceae,g__Caulobacter,s__Caulobacter_vibrioides
k__Bacteria,p__Proteobacteria,c__Alphaproteobacteria,o__Caulobacterales,f__Caulobacteraceae,g__Caulobacter,s__Caulobacter_segnis
k__Bacteria,p__Proteobacteria,c__Alphaproteobacteria,o__Caulobacterales,f__Caulobacteraceae,g__Caulobacter,s__Caulobacter_sp_K31
k__Bacteria,p__Proteobacteria,c__Alphaproteobacteria,o__Caulobacterales,f__Caulobacteraceae,g__Caulobacter,s__Caulobacter_sp_AP07
k__Bacteria,p__Proteobacteria,c__Alphaproteobacteria,o__Caulobacterales,f__Caulobacteraceae,g__Caulobacter,s__Caulobacter_sp_JGI_0001013_D04
k__Bacteria,p__Proteobacteria,c__Alphaproteobacteria,o__Caulobacterales,f__Caulobacteraceae,g__Caulobacter,s__Caulobacter_sp_JGI_0001013_O16
k__Bacteria,p__Proteobacteria,c__Alphaproteobacteria,o__Caulobacterales,f__Caulobacteraceae,g__Caulobacter,s__Caulobacter_sp_JGI_0001010_J14
k__Bacteria,p__Proteobacteria,c__Alphaproteobacteria,o__Caulobacterales,f__Caulobacteraceae,g__Brevundimonas,s__Brevundimonas_abyssalis
k__Bacteria,p__Proteobacteria,c__Alphaproteobacteria,o__Caulobacterales,f__Caulobacteraceae,g__Brevundimonas,s__Brevundimonas_subvibrioides
k__Bacteria,p__Proteobacteria,c__Alphaproteobacteria,o__Caulobacterales,f__Caulobacteraceae,g__Brevundimonas,s__Brevundimonas_sp_BAL3
k__Bacteria,p__Proteobacteria,c__Alphaproteobacteria,o__Caulobacterales,f__Caulobacteraceae,g__Brevundimonas,s__Brevundimonas_diminuta
k__Bacteria,p__Proteobacteria,c__Alphaproteobacteria,o__Caulobacterales,f__Caulobacteraceae,g__Asticcacaulis,s__Asticcacaulis_excentricus
k__Bacteria,p__Proteobacteria,c__Alphaproteobacteria,o__Caulobacterales,f__Caulobacteraceae,g__Asticcacaulis,s__Asticcacaulis_sp_YBE204
k__Bacteria,p__Proteobacteria,c__Alphaproteobacteria,o__Caulobacterales,f__Caulobacteraceae,g__Asticcacaulis,s__Asticcacaulis_benevestitus
k__Bacteria,p__Proteobacteria,c__Alphaproteobacteria,o__Caulobacterales,f__Caulobacteraceae,g__Asticcacaulis,s__Asticcacaulis_sp_AC466
k__Bacteria,p__Proteobacteria,c__Alphaproteobacteria,o__Caulobacterales,f__Caulobacteraceae,g__Asticcacaulis,s__Asticcacaulis_sp_AC402
k__Bacteria,p__Proteobacteria,c__Alphaproteobacteria,o__Caulobacterales,f__Caulobacteraceae,g__Asticcacaulis,s__Asticcacaulis_biprosthecium
k__Bacteria,p__Proteobacteria,c__Alphaproteobacteria,o__Caulobacterales,f__Caulobacteraceae,g__Asticcacaulis,s__Asticcacaulis_sp_AC460
k__Bacteria,p__Proteobacteria,c__Alphaproteobacteria,o__Rhizobiales,f__Methylobacteriaceae,g__Meganema,s__Meganema_perideroedes
k__Bacteria,p__Proteobacteria,c__Alphaproteobacteria,o__Rhodobacterales,f__Rhodobacteraceae,g__Ketogulonicigenium,s__Ketogulonicigenium_vulgare
k__Bacteria,p__Proteobacteria,c__Alphaproteobacteria,o__Rhodobacterales,f__Rhodobacteraceae,g__Rubellimicrobium,s__Rubellimicrobium_thermophilum
k__Bacteria,p__Proteobacteria,c__Alphaproteobacteria,o__Rhodobacterales,f__Rhodobacteraceae,g__Rhodobacter,s__Rhodobacter_sp_CACIA14H1
k__Bacteria,p__Proteobacteria,c__Alphaproteobacteria,o__Rhodobacterales,f__Rhodobacteraceae,g__Pseudorhodobacter,s__Pseudorhodobacter_ferrugineus
k__Bacteria,p__Proteobacteria,c__Alphaproteobacteria,o__Rhodobacterales,f__Rhodobacteraceae,g__Rhodobacter,s__Rhodobacter_sp_SW2
k__Bacteria,p__Proteobacteria,c__Alphaproteobacteria,o__Rhodobacterales,f__Rhodobacteraceae,g__Rhodobacter,s__Rhodobacter_sphaeroides
k__Bacteria,p__Proteobacteria,c__Alphaproteobacteria,o__Rhodobacterales,f__Rhodobacteraceae,g__Rhodobacter,s__Rhodobacter_capsulatus
k__Bacteria,p__Proteobacteria,c__Alphaproteobacteria,o__Rhodobacterales,f__Rhodobacteraceae,g__Paracoccus,s__Paracoccus_zeaxanthinifaciens
k__Bacteria,p__Proteobacteria,c__Alphaproteobacteria,o__Rhodobacterales,f__Rhodobacteraceae,g__Paracoccus,s__Paracoccus_aminophilus
k__Bacteria,p__Proteobacteria,c__Alphaproteobacteria,o__Rhodobacterales,f__Rhodobacteraceae,g__Paracoccus,s__Paracoccus_sp_N5
k__Bacteria,p__Proteobacteria,c__Alphaproteobacteria,o__Rhodobacterales,f__Rhodobacteraceae,g__Paracoccus,s__Paracoccus_sp_TRP
k__Bacteria,p__Proteobacteria,c__Alphaproteobacteria,o__Rhodobacterales,f__Rhodobacteraceae,g__Paracoccus,s__Paracoccus_denitrificans
k__Bacteria,p__Proteobacteria,c__Alphaproteobacteria,o__Rhodobacterales,f__Rhodobacteraceae,g__Celeribacter,s__Celeribacter_baekdonensis
k__Bacteria,p__Proteobacteria,c__Alphaproteobacteria,o__Rhodobacterales,f__Rhodobacteraceae,g__Maritimibacter,s__Maritimibacter_alkaliphilus
k__Bacteria,p__Proteobacteria,c__Alphaproteobacteria,o__Alphaproteobacteria_noname,f__Alphaproteobacteria_noname,g__Alphaproteobacteria_noname,s__alpha_proteobacterium_SCGC_AAA300_J04
k__Bacteria,p__Proteobacteria,c__Alphaproteobacteria,o__Rhodobacterales,f__Rhodobacteraceae,g__Rhodobacteraceae_noname,s__Rhodobacteraceae_bacterium_HTCC2150
k__Bacteria,p__Proteobacteria,c__Alphaproteobacteria,o__Rhodobacterales,f__Rhodobacteraceae,g__Thalassobacter,s__Thalassobacter_arenae
k__Bacteria,p__Proteobacteria,c__Alphaproteobacteria,o__Rhodobacterales,f__Rhodobacteraceae,g__Jannaschia,s__Jannaschia_sp_CCS1
k__Bacteria,p__Proteobacteria,c__Alphaproteobacteria,o__Rhodobacterales,f__Rhodobacteraceae,g__Dinoroseobacter,s__Dinoroseobacter_shibae
k__Bacteria,p__Proteobacteria,c__Alphaproteobacteria,o__Rhodobacterales,f__Rhodobacteraceae,g__Oceanicola,s__Oceanicola_granulosus
k__Bacteria,p__Proteobacteria,c__Alphaproteobacteria,o__Rhodobacterales,f__Rhodobacteraceae,g__Wenxinia,s__Wenxinia_marina
k__Bacteria,p__Proteobacteria,c__Alphaproteobacteria,o__Rhodobacterales,f__Rhodobacteraceae,g__Loktanella,s__Loktanella_hongkongensis
k__Bacteria,p__Proteobacteria,c__Alphaproteobacteria,o__Rhodobacterales,f__Rhodobacteraceae,g__Loktanella,s__Loktanella_cinnabarina
k__Bacteria,p__Proteobacteria,c__Alphaproteobacteria,o__Rhodobacterales,f__Rhodobacteraceae,g__Thalassobium,s__Thalassiobium_sp_R2A62
k__Bacteria,p__Proteobacteria,c__Alphaproteobacteria,o__Rhodobacterales,f__Rhodobacteraceae,g__Octadecabacter,s__Octadecabacter_antarcticus
k__Bacteria,p__Proteobacteria,c__Alphaproteobacteria,o__Rhodobacterales,f__Rhodobacteraceae,g__Octadecabacter,s__Octadecabacter_arcticus
k__Bacteria,p__Proteobacteria,c__Alphaproteobacteria,o__Rhodobacterales,f__Rhodobacteraceae,g__Roseobacter,s__Roseobacter_sp_CCS2
k__Bacteria,p__Proteobacteria,c__Alphaproteobacteria,o__Rhodobacterales,f__Rhodobacteraceae,g__Loktanella,s__Loktanella_vestfoldensis
k__Bacteria,p__Proteobacteria,c__Alphaproteobacteria,o__Rhodobacterales,f__Rhodobacteraceae,g__Oceanicola,s__Oceanicola_batsensis
k__Bacteria,p__Proteobacteria,c__Alphaproteobacteria,o__Rhodobacterales,f__Rhodobacteraceae,g__Oceanicola,s__Oceanicola_sp_S124
k__Bacteria,p__Proteobacteria,c__Alphaproteobacteria,o__Rhodobacterales,f__Rhodobacteraceae,g__Sagittula,s__Sagittula_stellata
k__Bacteria,p__Proteobacteria,c__Alphaproteobacteria,o__Rhodobacterales,f__Rhodobacteraceae,g__Salipiger,s__Salipiger_mucosus
k__Bacteria,p__Proteobacteria,c__Alphaproteobacteria,o__Rhodobacterales,f__Rhodobacteraceae,g__Citreicella,s__Citreicella_sp_357
k__Bacteria,p__Proteobacteria,c__Alphaproteobacteria,o__Rhodobacterales,f__Rhodobacteraceae,g__Donghicola,s__Donghicola_sp_S598
k__Bacteria,p__Proteobacteria,c__Alphaproteobacteria,o__Rhodobacterales,f__Rhodobacteraceae,g__Pelagibaca,s__Pelagibaca_bermudensis
k__Bacteria,p__Proteobacteria,c__Alphaproteobacteria,o__Rhodobacterales,f__Rhodobacteraceae,g__Citreicella,s__Citreicella_sp_SE45
k__Bacteria,p__Proteobacteria,c__Alphaproteobacteria,o__Rhodobacterales,f__Rhodobacteraceae,g__Roseovarius,s__Roseovarius_nubinhibens
k__Bacteria,p__Proteobacteria,c__Alphaproteobacteria,o__Rhodobacterales,f__Rhodobacteraceae,g__Roseobacter,s__Roseobacter_sp_AzwK_3b
k__Bacteria,p__Proteobacteria,c__Alphaproteobacteria,o__Rhodobacterales,f__Rhodobacteraceae,g__Roseovarius,s__Roseovarius_sp_217
k__Bacteria,p__Proteobacteria,c__Alphaproteobacteria,o__Rhodobacterales,f__Rhodobacteraceae,g__Roseovarius,s__Roseovarius_sp_TM1035
k__Bacteria,p__Proteobacteria,c__Alphaproteobacteria,o__Rhodobacterales,f__Rhodobacteraceae,g__Rhodobacteraceae_noname,s__Rhodobacteraceae_bacterium_HTCC2083
k__Bacteria,p__Proteobacteria,c__Alphaproteobacteria,o__Rhodobacterales,f__Rhodobacteraceae,g__Roseobacter,s__Roseobacter_denitrificans
k__Bacteria,p__Proteobacteria,c__Alphaproteobacteria,o__Rhodobacterales,f__Rhodobacteraceae,g__Roseobacter,s__Roseobacter_litoralis
k__Bacteria,p__Proteobacteria,c__Alphaproteobacteria,o__Rhodobacterales,f__Rhodobacteraceae,g__Oceanibulbus,s__Oceanibulbus_indolifex
k__Bacteria,p__Proteobacteria,c__Alphaproteobacteria,o__Rhodobacterales,f__Rhodobacteraceae,g__Roseobacter,s__Roseobacter_sp_GAI101
k__Bacteria,p__Proteobacteria,c__Alphaproteobacteria,o__Rhodobacterales,f__Rhodobacteraceae,g__Sulfitobacter,s__Sulfitobacter_sp_EE_36
k__Bacteria,p__Proteobacteria,c__Alphaproteobacteria,o__Rhodobacterales,f__Rhodobacteraceae,g__Sulfitobacter,s__Sulfitobacter_sp_NAS_14_1
k__Bacteria,p__Proteobacteria,c__Alphaproteobacteria,o__Rhodobacterales,f__Rhodobacteraceae,g__Ruegeria,s__Ruegeria_pomeroyi
k__Bacteria,p__Proteobacteria,c__Alphaproteobacteria,o__Rhodobacterales,f__Rhodobacteraceae,g__Rhodobacteraceae_noname,s__Rhodobacteraceae_bacterium_KLH11
k__Bacteria,p__Proteobacteria,c__Alphaproteobacteria,o__Rhodobacterales,f__Rhodobacteraceae,g__Ruegeria,s__Ruegeria_lacuscaerulensis
k__Bacteria,p__Proteobacteria,c__Alphaproteobacteria,o__Rhodobacterales,f__Rhodobacteraceae,g__Ruegeria,s__Ruegeria_sp_TM1040
k__Bacteria,p__Proteobacteria,c__Alphaproteobacteria,o__Rhodobacterales,f__Rhodobacteraceae,g__Ruegeria,s__Silicibacter_sp_TrichCH4B
k__Bacteria,p__Proteobacteria,c__Alphaproteobacteria,o__Rhodobacterales,f__Rhodobacteraceae,g__Ruegeria,s__Ruegeria_mobilis
k__Bacteria,p__Proteobacteria,c__Alphaproteobacteria,o__Rhodobacterales,f__Rhodobacteraceae,g__Phaeobacter,s__Phaeobacter_inhibens
k__Bacteria,p__Proteobacteria,c__Alphaproteobacteria,o__Rhodobacterales,f__Rhodobacteraceae,g__Ruegeria,s__Ruegeria_sp_R11
k__Bacteria,p__Proteobacteria,c__Alphaproteobacteria,o__Rhodobacterales,f__Rhodobacterales_noname,g__Rhodobacterales_noname,s__Rhodobacterales_bacterium_Y4I
k__Bacteria,p__Proteobacteria,c__Alphaproteobacteria,o__Rhodobacterales,f__Rhodobacteraceae,g__Phaeobacter,s__Phaeobacter_gallaeciensis
k__Bacteria,p__Proteobacteria,c__Alphaproteobacteria,o__Rhodobacterales,f__Rhodobacteraceae,g__Roseobacter,s__Roseobacter_sp_MED193
k__Bacteria,p__Proteobacteria,c__Alphaproteobacteria,o__Rhodobacterales,f__Rhodobacteraceae,g__Roseobacter,s__Roseobacter_sp_SK209_2_6
k__Bacteria,p__Proteobacteria,c__Alphaproteobacteria,o__Rhizobiales,f__Rhodobiaceae,g__Parvibaculum,s__Parvibaculum_lavamentivorans
k__Bacteria,p__Proteobacteria,c__Alphaproteobacteria,o__Rhizobiales,f__Hyphomicrobiaceae,g__Rhodomicrobium,s__Rhodomicrobium_vannielii
k__Bacteria,p__Proteobacteria,c__Alphaproteobacteria,o__Rhizobiales,f__Hyphomicrobiaceae,g__Hyphomicrobium,s__Hyphomicrobium_denitrificans
k__Bacteria,p__Proteobacteria,c__Alphaproteobacteria,o__Rhizobiales,f__Hyphomicrobiaceae,g__Hyphomicrobium,s__Hyphomicrobium_sp
k__Bacteria,p__Proteobacteria,c__Alphaproteobacteria,o__Rhizobiales,f__Hyphomicrobiaceae,g__Hyphomicrobium,s__Hyphomicrobium_zavarzinii
k__Bacteria,p__Proteobacteria,c__Alphaproteobacteria,o__Rhizobiales,f__Hyphomicrobiaceae,g__Hyphomicrobium,s__Hyphomicrobium_nitrativorans
k__Bacteria,p__Proteobacteria,c__Alphaproteobacteria,o__Rhizobiales,f__Rhodobiaceae,g__Lutibaculum,s__Lutibaculum_baratangense
k__Bacteria,p__Proteobacteria,c__Alphaproteobacteria,o__Rhizobiales,f__Methylocystaceae,g__Methylopila,s__Methylopila_sp_M107
k__Bacteria,p__Proteobacteria,c__Alphaproteobacteria,o__Rhizobiales,f__Beijerinckiaceae,g__Beijerinckia,s__Beijerinckia_indica
k__Bacteria,p__Proteobacteria,c__Alphaproteobacteria,o__Rhizobiales,f__Beijerinckiaceae,g__Methylocella,s__Methylocella_silvestris
k__Bacteria,p__Proteobacteria,c__Alphaproteobacteria,o__Rhizobiales,f__Beijerinckiaceae,g__Methyloferula,s__Methyloferula_stellata
k__Bacteria,p__Proteobacteria,c__Alphaproteobacteria,o__Rhizobiales,f__Methylocystaceae,g__Methylosinus,s__Methylosinus_trichosporium
k__Bacteria,p__Proteobacteria,c__Alphaproteobacteria,o__Rhizobiales,f__Methylocystaceae,g__Methylosinus,s__Methylosinus_sp_LW4
k__Bacteria,p__Proteobacteria,c__Alphaproteobacteria,o__Rhizobiales,f__Methylocystaceae,g__Methylocystis,s__Methylocystis_parvus
k__Bacteria,p__Proteobacteria,c__Alphaproteobacteria,o__Rhizobiales,f__Methylocystaceae,g__Methylocystis,s__Methylocystis_sp_SC2
k__Bacteria,p__Proteobacteria,c__Alphaproteobacteria,o__Rhizobiales,f__Methylocystaceae,g__Methylocystis,s__Methylocystis_rosea
k__Bacteria,p__Proteobacteria,c__Alphaproteobacteria,o__Rhizobiales,f__Beijerinckiaceae,g__Chelatococcus,s__Chelatococcus_sp_GW1
k__Bacteria,p__Proteobacteria,c__Alphaproteobacteria,o__Rhizobiales,f__Methylobacteriaceae,g__Microvirga,s__Microvirga_sp_WSM3557
k__Bacteria,p__Proteobacteria,c__Alphaproteobacteria,o__Rhizobiales,f__Methylobacteriaceae,g__Methylobacterium,s__Methylobacterium_nodulans
k__Bacteria,p__Proteobacteria,c__Alphaproteobacteria,o__Rhizobiales,f__Methylobacteriaceae,g__Methylobacterium,s__Methylobacterium_sp_4_46
k__Bacteria,p__Proteobacteria,c__Alphaproteobacteria,o__Rhizobiales,f__Methylobacteriaceae,g__Methylobacterium,s__Methylobacterium_sp_WSM2598
k__Bacteria,p__Proteobacteria,c__Alphaproteobacteria,o__Rhizobiales,f__Methylobacteriaceae,g__Methylobacterium,s__Methylobacterium_sp_GXF4
k__Bacteria,p__Proteobacteria,c__Alphaproteobacteria,o__Rhizobiales,f__Methylobacteriaceae,g__Methylobacterium,s__Methylobacterium_mesophilicum
k__Bacteria,p__Proteobacteria,c__Alphaproteobacteria,o__Rhizobiales,f__Methylobacteriaceae,g__Methylobacterium,s__Methylobacterium_radiotolerans
k__Bacteria,p__Proteobacteria,c__Alphaproteobacteria,o__Rhizobiales,f__Methylobacteriaceae,g__Methylobacterium,s__Methylobacterium_sp_285MFTsu5_1
k__Bacteria,p__Proteobacteria,c__Alphaproteobacteria,o__Rhizobiales,f__Methylobacteriaceae,g__Methylobacterium,s__Methylobacterium_sp_77
k__Bacteria,p__Proteobacteria,c__Alphaproteobacteria,o__Rhizobiales,f__Methylobacteriaceae,g__Methylobacterium,s__Methylobacterium_sp_88A
k__Bacteria,p__Proteobacteria,c__Alphaproteobacteria,o__Rhizobiales,f__Methylobacteriaceae,g__Methylobacterium,s__Methylobacterium_extorquens
k__Bacteria,p__Proteobacteria,c__Alphaproteobacteria,o__Rhizobiales,f__Methylobacteriaceae,g__Methylobacterium,s__Methylobacterium_populi
k__Bacteria,p__Proteobacteria,c__Alphaproteobacteria,o__Rhizobiales,f__Methylobacteriaceae,g__Methylobacterium,s__Methylobacterium_sp_MB200
k__Bacteria,p__Proteobacteria,c__Alphaproteobacteria,o__Rhizobiales,f__Xanthobacteraceae,g__Starkeya,s__Starkeya_novella
k__Bacteria,p__Proteobacteria,c__Alphaproteobacteria,o__Rhizobiales,f__Xanthobacteraceae,g__Ancylobacter,s__Ancylobacter_sp_FA202
k__Bacteria,p__Proteobacteria,c__Alphaproteobacteria,o__Rhizobiales,f__Xanthobacteraceae,g__Azorhizobium,s__Azorhizobium_caulinodans
k__Bacteria,p__Proteobacteria,c__Alphaproteobacteria,o__Rhizobiales,f__Xanthobacteraceae,g__Xanthobacter,s__Xanthobacter_autotrophicus
k__Bacteria,p__Proteobacteria,c__Alphaproteobacteria,o__Rhizobiales,f__Bradyrhizobiaceae,g__Oligotropha,s__Oligotropha_carboxidovorans
k__Bacteria,p__Proteobacteria,c__Alphaproteobacteria,o__Rhizobiales,f__Bradyrhizobiaceae,g__Afipia,s__Afipia_sp_1NLS2
k__Bacteria,p__Proteobacteria,c__Alphaproteobacteria,o__Rhizobiales,f__Bradyrhizobiaceae,g__Afipia,s__Afipia_felis
k__Bacteria,p__Proteobacteria,c__Alphaproteobacteria,o__Rhizobiales,f__Bradyrhizobiaceae,g__Afipia,s__Afipia_birgiae
k__Bacteria,p__Proteobacteria,c__Alphaproteobacteria,o__Rhizobiales,f__Bradyrhizobiaceae,g__Afipia,s__Afipia_broomeae
k__Bacteria,p__Proteobacteria,c__Alphaproteobacteria,o__Rhizobiales,f__Bradyrhizobiaceae,g__Bradyrhizobiaceae_noname,s__Bradyrhizobiaceae_bacterium_SG_6C
k__Bacteria,p__Proteobacteria,c__Alphaproteobacteria,o__Rhizobiales,f__Bradyrhizobiaceae,g__Afipia,s__Afipia_clevelandensis
k__Bacteria,p__Proteobacteria,c__Alphaproteobacteria,o__Rhizobiales,f__Bradyrhizobiaceae,g__Nitrobacter,s__Nitrobacter_hamburgensis
k__Bacteria,p__Proteobacteria,c__Alphaproteobacteria,o__Rhizobiales,f__Bradyrhizobiaceae,g__Nitrobacter,s__Nitrobacter_winogradskyi
k__Bacteria,p__Proteobacteria,c__Alphaproteobacteria,o__Rhizobiales,f__Bradyrhizobiaceae,g__Nitrobacter,s__Nitrobacter_sp_Nb_311A
k__Bacteria,p__Proteobacteria,c__Alphaproteobacteria,o__Rhizobiales,f__Bradyrhizobiaceae,g__Rhodopseudomonas,s__Rhodopseudomonas_palustris
k__Bacteria,p__Proteobacteria,c__Alphaproteobacteria,o__Rhizobiales,f__Bradyrhizobiaceae,g__Rhodopseudomonas,s__Rhodopseudomonas_sp_B29
k__Bacteria,p__Proteobacteria,c__Alphaproteobacteria,o__Rhizobiales,f__Bradyrhizobiaceae,g__Bradyrhizobium,s__Bradyrhizobium_sp_STM_3843
k__Bacteria,p__Proteobacteria,c__Alphaproteobacteria,o__Rhizobiales,f__Bradyrhizobiaceae,g__Bradyrhizobium,s__Bradyrhizobium_oligotrophicum
k__Bacteria,p__Proteobacteria,c__Alphaproteobacteria,o__Rhizobiales,f__Bradyrhizobiaceae,g__Bradyrhizobium,s__Bradyrhizobium_sp_BTAi1
k__Bacteria,p__Proteobacteria,c__Alphaproteobacteria,o__Rhizobiales,f__Bradyrhizobiaceae,g__Bradyrhizobium,s__Bradyrhizobium_sp_ORS_285
k__Bacteria,p__Proteobacteria,c__Alphaproteobacteria,o__Rhizobiales,f__Bradyrhizobiaceae,g__Bradyrhizobium,s__Bradyrhizobium_sp_ORS_278
k__Bacteria,p__Proteobacteria,c__Alphaproteobacteria,o__Rhizobiales,f__Bradyrhizobiaceae,g__Bradyrhizobium,s__Bradyrhizobium_sp_ORS_375
k__Bacteria,p__Proteobacteria,c__Alphaproteobacteria,o__Rhizobiales,f__Bradyrhizobiaceae,g__Bradyrhizobium,s__Bradyrhizobium_sp
k__Bacteria,p__Proteobacteria,c__Alphaproteobacteria,o__Rhizobiales,f__Bradyrhizobiaceae,g__Bradyrhizobium,s__Bradyrhizobium_elkanii
k__Bacteria,p__Proteobacteria,c__Alphaproteobacteria,o__Rhizobiales,f__Bradyrhizobiaceae,g__Bradyrhizobium,s__Bradyrhizobium_sp_DFCI_1
k__Bacteria,p__Proteobacteria,c__Alphaproteobacteria,o__Rhizobiales,f__Bradyrhizobiaceae,g__Bradyrhizobium,s__Bradyrhizobium_japonicum
k__Bacteria,p__Proteobacteria,c__Alphaproteobacteria,o__Rhizobiales,f__Bradyrhizobiaceae,g__Bradyrhizobium,s__Bradyrhizobium_sp_CCGE_LA001
k__Bacteria,p__Proteobacteria,c__Alphaproteobacteria,o__Rhizobiales,f__Bradyrhizobiaceae,g__Bradyrhizobium,s__Bradyrhizobium_diazoefficiens
k__Bacteria,p__Proteobacteria,c__Alphaproteobacteria,o__Rhizobiales,f__Bradyrhizobiaceae,g__Bradyrhizobium,s__Bradyrhizobium_sp_YR681
k__Bacteria,p__Proteobacteria,c__Alphaproteobacteria,o__Rhizobiales,f__Bradyrhizobiaceae,g__Bradyrhizobium,s__Bradyrhizobium_sp_S23321
k__Bacteria,p__Proteobacteria,c__Alphaproteobacteria,o__Rhizobiales,f__Bradyrhizobiaceae,g__Bradyrhizobium,s__Bradyrhizobium_sp_WSM471
k__Bacteria,p__Proteobacteria,c__Alphaproteobacteria,o__Rhizobiales,f__Bradyrhizobiaceae,g__Bradyrhizobium,s__Bradyrhizobium_sp_WSM1253
k__Bacteria,p__Proteobacteria,c__Alphaproteobacteria,o__Rhizobiales,f__Phyllobacteriaceae,g__Mesorhizobium,s__Mesorhizobium_sp_WSM4349
k__Bacteria,p__Proteobacteria,c__Alphaproteobacteria,o__Rhizobiales,f__Rhizobiaceae,g__Kaistia,s__Kaistia_granuli
k__Bacteria,p__Proteobacteria,c__Alphaproteobacteria,o__Rhizobiales,f__Rhodobiaceae,g__Amorphus,s__Amorphus_coralli
k__Bacteria,p__Proteobacteria,c__Alphaproteobacteria,o__Rhodobacterales,f__Rhodobacteraceae,g__Pseudovibrio,s__Pseudovibrio_sp_JE062
k__Bacteria,p__Proteobacteria,c__Alphaproteobacteria,o__Rhodobacterales,f__Rhodobacteraceae,g__Pseudovibrio,s__Pseudovibrio_sp_FO_BEG1
k__Bacteria,p__Proteobacteria,c__Alphaproteobacteria,o__Alphaproteobacteria_noname,f__Alphaproteobacteria_noname,g__Alphaproteobacteria_noname,s__Polymorphum_gilvum
k__Bacteria,p__Proteobacteria,c__Alphaproteobacteria,o__Rhodobacterales,f__Rhodobacteraceae,g__Pannonibacter,s__Pannonibacter_phragmitetus
k__Bacteria,p__Proteobacteria,c__Alphaproteobacteria,o__Rhodobacterales,f__Rhodobacteraceae,g__Roseibium,s__Roseibium_sp_TrichSKD4
k__Bacteria,p__Proteobacteria,c__Alphaproteobacteria,o__Rhodobacterales,f__Rhodobacteraceae,g__Labrenzia,s__Labrenzia_alexandrii
k__Bacteria,p__Proteobacteria,c__Alphaproteobacteria,o__Rhodobacterales,f__Rhodobacteraceae,g__Labrenzia,s__Labrenzia_aggregata
k__Bacteria,p__Proteobacteria,c__Alphaproteobacteria,o__Rhizobiales,f__Hyphomicrobiaceae,g__Pelagibacterium,s__Pelagibacterium_halotolerans
k__Bacteria,p__Proteobacteria,c__Alphaproteobacteria,o__Rhodobacterales,f__Rhodobacteraceae,g__Ahrensia,s__Ahrensia_sp_R2A130
k__Bacteria,p__Proteobacteria,c__Alphaproteobacteria,o__Rhizobiales,f__Aurantimonadaceae,g__Aureimonas,s__Aureimonas_ureilytica
k__Bacteria,p__Proteobacteria,c__Alphaproteobacteria,o__Rhizobiales,f__Aurantimonadaceae,g__Aurantimonas,s__Aurantimonas_manganoxydans
k__Bacteria,p__Proteobacteria,c__Alphaproteobacteria,o__Rhizobiales,f__Aurantimonadaceae,g__Fulvimarina,s__Fulvimarina_pelagi
k__Bacteria,p__Proteobacteria,c__Alphaproteobacteria,o__Rhizobiales,f__Phyllobacteriaceae,g__Hoeflea,s__Hoeflea_phototrophica
k__Bacteria,p__Proteobacteria,c__Alphaproteobacteria,o__Rhizobiales,f__Aurantimonadaceae,g__Martelella,s__Martelella_mediterranea
k__Bacteria,p__Proteobacteria,c__Alphaproteobacteria,o__Rhizobiales,f__Rhizobiaceae,g__Candidatus_Liberibacter,s__Liberibacter_crescens
k__Bacteria,p__Proteobacteria,c__Alphaproteobacteria,o__Rhizobiales,f__Rhizobiaceae,g__Candidatus_Liberibacter,s__Candidatus_Liberibacter_americanus
k__Bacteria,p__Proteobacteria,c__Alphaproteobacteria,o__Rhizobiales,f__Rhizobiaceae,g__Candidatus_Liberibacter,s__Candidatus_Liberibacter_solanacearum
k__Bacteria,p__Proteobacteria,c__Alphaproteobacteria,o__Rhizobiales,f__Rhizobiaceae,g__Candidatus_Liberibacter,s__Candidatus_Liberibacter_asiaticus
k__Bacteria,p__Proteobacteria,c__Alphaproteobacteria,o__Rhizobiales,f__Rhizobiaceae,g__Shinella,s__Shinella_zoogloeoides
k__Bacteria,p__Proteobacteria,c__Alphaproteobacteria,o__Rhizobiales,f__Rhizobiaceae,g__Rhizobium,s__Rhizobium_giardinii
k__Bacteria,p__Proteobacteria,c__Alphaproteobacteria,o__Rhizobiales,f__Rhizobiaceae,g__Sinorhizobium,s__Sinorhizobium_meliloti
k__Bacteria,p__Proteobacteria,c__Alphaproteobacteria,o__Rhizobiales,f__Rhizobiaceae,g__Sinorhizobium,s__Sinorhizobium_medicae
k__Bacteria,p__Proteobacteria,c__Alphaproteobacteria,o__Rhizobiales,f__Rhizobiaceae,g__Sinorhizobium,s__Sinorhizobium_fredii
k__Bacteria,p__Proteobacteria,c__Alphaproteobacteria,o__Rhizobiales,f__Rhizobiaceae,g__Rhizobium,s__Rhizobium_sp_BR816
k__Bacteria,p__Proteobacteria,c__Alphaproteobacteria,o__Rhizobiales,f__Rhizobiaceae,g__Agrobacterium,s__Agrobacterium_vitis
k__Bacteria,p__Proteobacteria,c__Alphaproteobacteria,o__Rhizobiales,f__Rhizobiaceae,g__Rhizobium,s__Rhizobium_sp_PDO1_076
k__Bacteria,p__Proteobacteria,c__Alphaproteobacteria,o__Rhizobiales,f__Rhizobiaceae,g__Agrobacterium,s__Agrobacterium_albertimagni
k__Bacteria,p__Proteobacteria,c__Alphaproteobacteria,o__Rhizobiales,f__Rhizobiaceae,g__Rhizobium,s__Rhizobium_sp_CF080
k__Bacteria,p__Proteobacteria,c__Alphaproteobacteria,o__Rhizobiales,f__Rhizobiaceae,g__Rhizobium,s__Rhizobium_lupini
k__Bacteria,p__Proteobacteria,c__Alphaproteobacteria,o__Rhizobiales,f__Rhizobiaceae,g__Agrobacterium,s__Agrobacterium_sp_224MFTsu3_1
k__Bacteria,p__Proteobacteria,c__Alphaproteobacteria,o__Rhizobiales,f__Rhizobiaceae,g__Agrobacterium,s__Agrobacterium_fabrum
k__Bacteria,p__Proteobacteria,c__Alphaproteobacteria,o__Rhizobiales,f__Rhizobiaceae,g__Agrobacterium,s__Agrobacterium_sp_ATCC_31749
k__Bacteria,p__Proteobacteria,c__Alphaproteobacteria,o__Rhizobiales,f__Rhizobiaceae,g__Agrobacterium,s__Agrobacterium_sp_H13_3
k__Bacteria,p__Proteobacteria,c__Alphaproteobacteria,o__Rhizobiales,f__Rhizobiaceae,g__Agrobacterium,s__Agrobacterium_tumefaciens
k__Bacteria,p__Proteobacteria,c__Alphaproteobacteria,o__Rhizobiales,f__Rhizobiaceae,g__Agrobacterium,s__Agrobacterium_sp_10MFCol1_1
k__Bacteria,p__Proteobacteria,c__Alphaproteobacteria,o__Rhizobiales,f__Rhizobiaceae,g__Rhizobium,s__Rhizobium_sp_AP16
k__Bacteria,p__Proteobacteria,c__Alphaproteobacteria,o__Rhizobiales,f__Rhizobiaceae,g__Rhizobium,s__Rhizobium_tropici
k__Bacteria,p__Proteobacteria,c__Alphaproteobacteria,o__Rhizobiales,f__Rhizobiaceae,g__Rhizobium,s__Rhizobium_freirei
k__Bacteria,p__Proteobacteria,c__Alphaproteobacteria,o__Rhizobiales,f__Rhizobiaceae,g__Rhizobium,s__Rhizobium_sp_2MFCol3_1
k__Bacteria,p__Proteobacteria,c__Alphaproteobacteria,o__Rhizobiales,f__Rhizobiaceae,g__Rhizobium,s__Rhizobium_sp_CF122
k__Bacteria,p__Proteobacteria,c__Alphaproteobacteria,o__Rhizobiales,f__Rhizobiaceae,g__Rhizobium,s__Rhizobium_mesoamericanum
k__Bacteria,p__Proteobacteria,c__Alphaproteobacteria,o__Rhizobiales,f__Rhizobiaceae,g__Rhizobium,s__Rhizobium_grahamii
k__Bacteria,p__Proteobacteria,c__Alphaproteobacteria,o__Rhizobiales,f__Rhizobiaceae,g__Rhizobium,s__Rhizobium_sp_JGI_0001005_H05
k__Bacteria,p__Proteobacteria,c__Alphaproteobacteria,o__Rhizobiales,f__Rhizobiaceae,g__Rhizobium,s__Rhizobium_sp_42MFCr_1
k__Bacteria,p__Proteobacteria,c__Alphaproteobacteria,o__Rhizobiales,f__Rhizobiaceae,g__Rhizobium,s__Rhizobium_mongolense
k__Bacteria,p__Proteobacteria,c__Alphaproteobacteria,o__Rhizobiales,f__Rhizobiaceae,g__Rhizobium,s__Rhizobium_sp_CF142
k__Bacteria,p__Proteobacteria,c__Alphaproteobacteria,o__Rhizobiales,f__Rhizobiaceae,g__Rhizobium,s__Rhizobium_sp_JGI_0001005_K05
k__Bacteria,p__Proteobacteria,c__Alphaproteobacteria,o__Rhizobiales,f__Rhizobiaceae,g__Rhizobium,s__Rhizobium_sp_CCGE_510
k__Bacteria,p__Proteobacteria,c__Alphaproteobacteria,o__Rhizobiales,f__Rhizobiaceae,g__Rhizobium,s__Rhizobium_gallicum
k__Bacteria,p__Proteobacteria,c__Alphaproteobacteria,o__Rhizobiales,f__Rhizobiaceae,g__Rhizobium,s__Rhizobium_leguminosarum
k__Bacteria,p__Proteobacteria,c__Alphaproteobacteria,o__Rhizobiales,f__Rhizobiaceae,g__Rhizobium,s__Rhizobium_etli
k__Bacteria,p__Proteobacteria,c__Alphaproteobacteria,o__Rhizobiales,f__Rhizobiaceae,g__Rhizobium,s__Rhizobium_phaseoli
k__Bacteria,p__Proteobacteria,c__Alphaproteobacteria,o__Rhizobiales,f__Rhizobiaceae,g__Rhizobium,s__Rhizobium_sp_Pop5
k__Bacteria,p__Proteobacteria,c__Alphaproteobacteria,o__Rhodobacterales,f__Rhodobacteraceae,g__Ahrensia,s__Ahrensia_kielensis
k__Bacteria,p__Proteobacteria,c__Alphaproteobacteria,o__Rhizobiales,f__Phyllobacteriaceae,g__Chelativorans,s__Chelativorans_sp_BNC1
k__Bacteria,p__Proteobacteria,c__Alphaproteobacteria,o__Rhizobiales,f__Phyllobacteriaceae,g__Nitratireductor,s__Nitratireductor_aquibiodomus
k__Bacteria,p__Proteobacteria,c__Alphaproteobacteria,o__Rhizobiales,f__Phyllobacteriaceae,g__Nitratireductor,s__Nitratireductor_pacificus
k__Bacteria,p__Proteobacteria,c__Alphaproteobacteria,o__Rhizobiales,f__Phyllobacteriaceae,g__Nitratireductor,s__Nitratireductor_indicus
k__Bacteria,p__Proteobacteria,c__Alphaproteobacteria,o__Rhizobiales,f__Phyllobacteriaceae,g__Pseudaminobacter,s__Pseudaminobacter_salicylatoxidans
k__Bacteria,p__Proteobacteria,c__Alphaproteobacteria,o__Rhizobiales,f__Phyllobacteriaceae,g__Mesorhizobium,s__Mesorhizobium_alhagi
k__Bacteria,p__Proteobacteria,c__Alphaproteobacteria,o__Rhizobiales,f__Phyllobacteriaceae,g__Hoeflea,s__Hoeflea_sp_108
k__Bacteria,p__Proteobacteria,c__Alphaproteobacteria,o__Rhizobiales,f__Phyllobacteriaceae,g__Mesorhizobium,s__Mesorhizobium_amorphae
k__Bacteria,p__Proteobacteria,c__Alphaproteobacteria,o__Rhizobiales,f__Phyllobacteriaceae,g__Mesorhizobium,s__Mesorhizobium_metallidurans
k__Bacteria,p__Proteobacteria,c__Alphaproteobacteria,o__Rhizobiales,f__Phyllobacteriaceae,g__Mesorhizobium,s__Mesorhizobium_ciceri
k__Bacteria,p__Proteobacteria,c__Alphaproteobacteria,o__Rhizobiales,f__Phyllobacteriaceae,g__Mesorhizobium,s__Mesorhizobium_australicum
k__Bacteria,p__Proteobacteria,c__Alphaproteobacteria,o__Rhizobiales,f__Phyllobacteriaceae,g__Mesorhizobium,s__Mesorhizobium_loti
k__Bacteria,p__Proteobacteria,c__Alphaproteobacteria,o__Rhizobiales,f__Phyllobacteriaceae,g__Mesorhizobium,s__Mesorhizobium_opportunistum
k__Bacteria,p__Proteobacteria,c__Alphaproteobacteria,o__Rhizobiales,f__Phyllobacteriaceae,g__Phyllobacterium,s__Phyllobacterium_sp_YR531
k__Bacteria,p__Proteobacteria,c__Alphaproteobacteria,o__Rhizobiales,f__Bartonellaceae,g__Bartonella,s__Bartonella_tamiae
k__Bacteria,p__Proteobacteria,c__Alphaproteobacteria,o__Rhizobiales,f__Bartonellaceae,g__Bartonella,s__Bartonella_clarridgeiae
k__Bacteria,p__Proteobacteria,c__Alphaproteobacteria,o__Rhizobiales,f__Bartonellaceae,g__Bartonella,s__Bartonella_bacilliformis
k__Bacteria,p__Proteobacteria,c__Alphaproteobacteria,o__Rhizobiales,f__Bartonellaceae,g__Bartonella,s__Bartonella_bovis
k__Bacteria,p__Proteobacteria,c__Alphaproteobacteria,o__Rhizobiales,f__Bartonellaceae,g__Bartonella,s__Bartonella_melophagi
k__Bacteria,p__Proteobacteria,c__Alphaproteobacteria,o__Rhizobiales,f__Bartonellaceae,g__Bartonella,s__Bartonella_schoenbuchensis
k__Bacteria,p__Proteobacteria,c__Alphaproteobacteria,o__Rhizobiales,f__Bartonellaceae,g__Bartonella,s__Bartonella_australis
k__Bacteria,p__Proteobacteria,c__Alphaproteobacteria,o__Rhizobiales,f__Bartonellaceae,g__Bartonella,s__Bartonella_doshiae
k__Bacteria,p__Proteobacteria,c__Alphaproteobacteria,o__Rhizobiales,f__Bartonellaceae,g__Bartonella,s__Bartonella_washoensis
k__Bacteria,p__Proteobacteria,c__Alphaproteobacteria,o__Rhizobiales,f__Bartonellaceae,g__Bartonella,s__Bartonella_quintana
k__Bacteria,p__Proteobacteria,c__Alphaproteobacteria,o__Rhizobiales,f__Bartonellaceae,g__Bartonella,s__Bartonella_henselae
k__Bacteria,p__Proteobacteria,c__Alphaproteobacteria,o__Rhizobiales,f__Bartonellaceae,g__Bartonella,s__Bartonella_sp_OS02
k__Bacteria,p__Proteobacteria,c__Alphaproteobacteria,o__Rhizobiales,f__Bartonellaceae,g__Bartonella,s__Bartonella_grahamii
k__Bacteria,p__Proteobacteria,c__Alphaproteobacteria,o__Rhizobiales,f__Bartonellaceae,g__Bartonella,s__Bartonella_rattimassiliensis
k__Bacteria,p__Proteobacteria,c__Alphaproteobacteria,o__Rhizobiales,f__Bartonellaceae,g__Bartonella,s__Bartonella_tribocorum
k__Bacteria,p__Proteobacteria,c__Alphaproteobacteria,o__Rhizobiales,f__Bartonellaceae,g__Bartonella,s__Bartonella_elizabethae
k__Bacteria,p__Proteobacteria,c__Alphaproteobacteria,o__Rhizobiales,f__Bartonellaceae,g__Bartonella,s__Bartonella_rattaustraliani
k__Bacteria,p__Proteobacteria,c__Alphaproteobacteria,o__Rhizobiales,f__Bartonellaceae,g__Bartonella,s__Bartonella_sp_DB5_6
k__Bacteria,p__Proteobacteria,c__Alphaproteobacteria,o__Rhizobiales,f__Bartonellaceae,g__Bartonella,s__Bartonella_taylorii
k__Bacteria,p__Proteobacteria,c__Alphaproteobacteria,o__Rhizobiales,f__Bartonellaceae,g__Bartonella,s__Bartonella_vinsonii
k__Bacteria,p__Proteobacteria,c__Alphaproteobacteria,o__Rhizobiales,f__Bartonellaceae,g__Bartonella,s__Bartonella_alsatica
k__Bacteria,p__Proteobacteria,c__Alphaproteobacteria,o__Rhizobiales,f__Bartonellaceae,g__Bartonella,s__Bartonella_birtlesii
k__Bacteria,p__Proteobacteria,c__Alphaproteobacteria,o__Rhizobiales,f__Bartonellaceae,g__Bartonella,s__Bartonella_sp_R4_2010
k__Bacteria,p__Proteobacteria,c__Alphaproteobacteria,o__Rhizobiales,f__Brucellaceae,g__Pseudochrobactrum,s__Pseudochrobactrum_sp_AO18b
k__Bacteria,p__Proteobacteria,c__Alphaproteobacteria,o__Rhizobiales,f__Brucellaceae,g__Ochrobactrum,s__Ochrobactrum_sp_CDB2
k__Bacteria,p__Proteobacteria,c__Alphaproteobacteria,o__Rhizobiales,f__Brucellaceae,g__Ochrobactrum,s__Ochrobactrum_anthropi
k__Bacteria,p__Proteobacteria,c__Alphaproteobacteria,o__Rhizobiales,f__Brucellaceae,g__Ochrobactrum,s__Ochrobactrum_intermedium
k__Bacteria,p__Proteobacteria,c__Alphaproteobacteria,o__Rhizobiales,f__Brucellaceae,g__Ochrobactrum,s__Ochrobactrum_sp_EGD_AQ16
k__Bacteria,p__Proteobacteria,c__Alphaproteobacteria,o__Rhizobiales,f__Brucellaceae,g__Brucella,s__Brucella_sp_BO2
k__Bacteria,p__Proteobacteria,c__Alphaproteobacteria,o__Rhizobiales,f__Brucellaceae,g__Brucella,s__Brucella_inopinata
k__Bacteria,p__Proteobacteria,c__Alphaproteobacteria,o__Rhizobiales,f__Brucellaceae,g__Brucella,s__Brucella_sp_83_13
k__Bacteria,p__Proteobacteria,c__Alphaproteobacteria,o__Rhizobiales,f__Brucellaceae,g__Brucella,s__Brucella_sp_NF_2653
k__Bacteria,p__Proteobacteria,c__Alphaproteobacteria,o__Rhizobiales,f__Brucellaceae,g__Brucella,s__Brucella_neotomae
k__Bacteria,p__Proteobacteria,c__Alphaproteobacteria,o__Rhizobiales,f__Brucellaceae,g__Brucella,s__Brucella_ovis
k__Bacteria,p__Proteobacteria,c__Alphaproteobacteria,o__Rhizobiales,f__Brucellaceae,g__Brucella,s__Brucella_ceti
k__Bacteria,p__Proteobacteria,c__Alphaproteobacteria,o__Rhizobiales,f__Brucellaceae,g__Brucella,s__Brucella_sp_F96_2
k__Bacteria,p__Proteobacteria,c__Alphaproteobacteria,o__Rhizobiales,f__Brucellaceae,g__Brucella,s__Brucella_sp_F23_97
k__Bacteria,p__Proteobacteria,c__Alphaproteobacteria,o__Rhizobiales,f__Brucellaceae,g__Brucella,s__Brucella_sp_UK1_97
k__Bacteria,p__Proteobacteria,c__Alphaproteobacteria,o__Rhizobiales,f__Brucellaceae,g__Brucella,s__Brucella_sp_NVSL_07_0026
k__Bacteria,p__Proteobacteria,c__Alphaproteobacteria,o__Rhizobiales,f__Brucellaceae,g__Brucella,s__Brucella_melitensis
k__Bacteria,p__Proteobacteria,c__Alphaproteobacteria,o__Rhizobiales,f__Brucellaceae,g__Brucella,s__Brucella_abortus
k__Bacteria,p__Proteobacteria,c__Alphaproteobacteria,o__Rhizobiales,f__Brucellaceae,g__Brucella,s__Brucella_sp_04_5288
k__Bacteria,p__Proteobacteria,c__Alphaproteobacteria,o__Rhizobiales,f__Brucellaceae,g__Brucella,s__Brucella_canis
k__Bacteria,p__Proteobacteria,c__Alphaproteobacteria,o__Rhizobiales,f__Brucellaceae,g__Brucella,s__Brucella_suis
k__Bacteria,p__Proteobacteria,c__Alphaproteobacteria,o__Rhizobiales,f__Brucellaceae,g__Brucella,s__Brucella_microti
k__Bacteria,p__Proteobacteria,c__Alphaproteobacteria,o__Rhizobiales,f__Brucellaceae,g__Brucella,s__Brucella_sp_56_94
k__Bacteria,p__Proteobacteria,c__Alphaproteobacteria,o__Rhizobiales,f__Brucellaceae,g__Brucella,s__Brucella_sp_F5_99
k__Bacteria,p__Proteobacteria,c__Alphaproteobacteria,o__Rhizobiales,f__Brucellaceae,g__Brucella,s__Brucella_sp_63_311
k__Bacteria,p__Proteobacteria,c__Alphaproteobacteria,o__Rhizobiales,f__Brucellaceae,g__Brucella,s__Brucella_sp_UK38_05
k__Bacteria,p__Proteobacteria,c__Alphaproteobacteria,o__Rhizobiales,f__Brucellaceae,g__Brucella,s__Brucella_sp_F5_06
k__Bacteria,p__Proteobacteria,c__Alphaproteobacteria,o__Rhizobiales,f__Brucellaceae,g__Brucella,s__Brucella_sp_F8_99
k__Bacteria,p__Proteobacteria,c__Alphaproteobacteria,o__Rhizobiales,f__Brucellaceae,g__Brucella,s__Brucella_sp_UK40_99
k__Bacteria,p__Proteobacteria,c__Alphaproteobacteria,o__Rhizobiales,f__Brucellaceae,g__Brucella,s__Brucella_pinnipedialis
k__Bacteria,p__Proteobacteria,c__Alphaproteobacteria,o__Rhizobiales,f__Brucellaceae,g__Brucella,s__Brucella_sp_UK5_01
k__Bacteria,p__Proteobacteria,c__Zetaproteobacteria,o__Zetaproteobacteria_noname,f__Zetaproteobacteria_noname,g__Zetaproteobacteria_noname,s__zeta_proteobacterium_SCGC_AB_604_O16
k__Bacteria,p__Proteobacteria,c__Zetaproteobacteria,o__Zetaproteobacteria_noname,f__Zetaproteobacteria_noname,g__Zetaproteobacteria_noname,s__zeta_proteobacterium_SCGC_AB_604_B04
k__Bacteria,p__Proteobacteria,c__Zetaproteobacteria,o__Zetaproteobacteria_noname,f__Zetaproteobacteria_noname,g__Zetaproteobacteria_noname,s__zeta_proteobacterium_SCGC_AB_137_J06
k__Bacteria,p__Proteobacteria,c__Zetaproteobacteria,o__Zetaproteobacteria_noname,f__Zetaproteobacteria_noname,g__Zetaproteobacteria_noname,s__zeta_proteobacterium_SCGC_AB_602_C20
k__Bacteria,p__Proteobacteria,c__Zetaproteobacteria,o__Mariprofundales,f__Mariprofundaceae,g__Mariprofundus,s__Mariprofundus_ferrooxydans
k__Bacteria,p__Proteobacteria,c__Zetaproteobacteria,o__Zetaproteobacteria_noname,f__Zetaproteobacteria_noname,g__Zetaproteobacteria_noname,s__zeta_proteobacterium_SCGC_AB_133_G06
k__Bacteria,p__Proteobacteria,c__Zetaproteobacteria,o__Zetaproteobacteria_noname,f__Zetaproteobacteria_noname,g__Zetaproteobacteria_noname,s__zeta_proteobacterium_SCGC_AB_133_C04
k__Bacteria,p__Proteobacteria,c__Zetaproteobacteria,o__Zetaproteobacteria_noname,f__Zetaproteobacteria_noname,g__Zetaproteobacteria_noname,s__zeta_proteobacterium_SCGC_AB_137_I08
k__Bacteria,p__Proteobacteria,c__Zetaproteobacteria,o__Zetaproteobacteria_noname,f__Zetaproteobacteria_noname,g__Zetaproteobacteria_noname,s__zeta_proteobacterium_SCGC_AB_137_C09
k__Bacteria,p__Proteobacteria,c__Zetaproteobacteria,o__Zetaproteobacteria_noname,f__Zetaproteobacteria_noname,g__Zetaproteobacteria_noname,s__zeta_proteobacterium_SCGC_AB_602_E04
k__Bacteria,p__Proteobacteria,c__Gammaproteobacteria,o__Acidithiobacillales,f__Acidithiobacillaceae,g__Acidithiobacillus,s__Acidithiobacillus_caldus
k__Bacteria,p__Proteobacteria,c__Gammaproteobacteria,o__Acidithiobacillales,f__Acidithiobacillaceae,g__Acidithiobacillus,s__Acidithiobacillus_thiooxidans
k__Bacteria,p__Proteobacteria,c__Gammaproteobacteria,o__Acidithiobacillales,f__Acidithiobacillaceae,g__Acidithiobacillus,s__Acidithiobacillus_ferrivorans
k__Bacteria,p__Proteobacteria,c__Gammaproteobacteria,o__Acidithiobacillales,f__Acidithiobacillaceae,g__Acidithiobacillus,s__Acidithiobacillus_ferrooxidans
k__Bacteria,p__Proteobacteria,c__Gammaproteobacteria,o__Acidithiobacillales,f__Acidithiobacillaceae,g__Acidithiobacillus,s__Acidithiobacillus_sp_GGI_221
k__Bacteria,p__Proteobacteria,c__Betaproteobacteria,o__Hydrogenophilales,f__Hydrogenophilaceae,g__Thiobacillus,s__Thiobacillus_thioparus
k__Bacteria,p__Proteobacteria,c__Betaproteobacteria,o__Hydrogenophilales,f__Hydrogenophilaceae,g__Thiobacillus,s__Thiobacillus_denitrificans
k__Bacteria,p__Proteobacteria,c__Betaproteobacteria,o__Hydrogenophilales,f__Hydrogenophilaceae,g__Sulfuricella,s__Sulfuricella_denitrificans
k__Bacteria,p__Proteobacteria,c__Betaproteobacteria,o__Gallionellales,f__Gallionellaceae,g__Sideroxydans,s__Sideroxydans_lithotrophicus
k__Bacteria,p__Proteobacteria,c__Betaproteobacteria,o__Gallionellales,f__Gallionellaceae,g__Gallionella,s__Gallionella_capsiferriformans
k__Bacteria,p__Proteobacteria,c__Betaproteobacteria,o__Gallionellales,f__Gallionellaceae,g__Gallionella,s__Gallionella_sp_SCGC_AAA018_N21
k__Bacteria,p__Proteobacteria,c__Betaproteobacteria,o__Nitrosomonadales,f__Nitrosomonadaceae,g__Nitrosospira,s__Nitrosospira_multiformis
k__Bacteria,p__Proteobacteria,c__Betaproteobacteria,o__Nitrosomonadales,f__Nitrosomonadaceae,g__Nitrosospira,s__Nitrosospira_sp_APG3
k__Bacteria,p__Proteobacteria,c__Betaproteobacteria,o__Nitrosomonadales,f__Nitrosomonadaceae,g__Nitrosomonas,s__Nitrosomonas_sp_AL212
k__Bacteria,p__Proteobacteria,c__Betaproteobacteria,o__Nitrosomonadales,f__Nitrosomonadaceae,g__Nitrosomonas,s__Nitrosomonas_sp_Is79A3
k__Bacteria,p__Proteobacteria,c__Betaproteobacteria,o__Nitrosomonadales,f__Nitrosomonadaceae,g__Nitrosomonas,s__Nitrosomonas_europaea
k__Bacteria,p__Proteobacteria,c__Betaproteobacteria,o__Nitrosomonadales,f__Nitrosomonadaceae,g__Nitrosomonas,s__Nitrosomonas_eutropha
k__Bacteria,p__Proteobacteria,c__Betaproteobacteria,o__Methylophilales,f__Methylophilaceae,g__Methylobacillus,s__Methylobacillus_flagellatus
k__Bacteria,p__Proteobacteria,c__Betaproteobacteria,o__Methylophilales,f__Methylophilaceae,g__Methylovorus,s__Methylovorus_glucosotrophus
k__Bacteria,p__Proteobacteria,c__Betaproteobacteria,o__Methylophilales,f__Methylophilaceae,g__Methylovorus,s__Methylovorus_sp_MP688
k__Bacteria,p__Proteobacteria,c__Betaproteobacteria,o__Betaproteobacteria_noname,f__Betaproteobacteria_noname,g__Betaproteobacteria_noname,s__beta_proteobacterium_KB13
k__Bacteria,p__Proteobacteria,c__Betaproteobacteria,o__Methylophilales,f__Methylophilales_noname,g__Methylophilales_noname,s__Methylophilales_bacterium_HTCC2181
k__Bacteria,p__Proteobacteria,c__Betaproteobacteria,o__Methylophilales,f__Methylophilaceae,g__Methylotenera,s__Methylotenera_mobilis
k__Bacteria,p__Proteobacteria,c__Betaproteobacteria,o__Methylophilales,f__Methylophilaceae,g__Methylotenera,s__Methylotenera_versatilis
k__Bacteria,p__Proteobacteria,c__Betaproteobacteria,o__Methylophilales,f__Methylophilaceae,g__Methylotenera,s__Methylotenera_sp_73s
k__Bacteria,p__Proteobacteria,c__Betaproteobacteria,o__Methylophilales,f__Methylophilaceae,g__Methylotenera,s__Methylotenera_sp_1P_1
k__Bacteria,p__Proteobacteria,c__Betaproteobacteria,o__Methylophilales,f__Methylophilaceae,g__Methylophilus,s__Methylophilus_methylotrophus
k__Bacteria,p__Proteobacteria,c__Betaproteobacteria,o__Methylophilales,f__Methylophilaceae,g__Methylophilus,s__Methylophilus_sp_1
k__Bacteria,p__Proteobacteria,c__Betaproteobacteria,o__Methylophilales,f__Methylophilaceae,g__Methylophilus,s__Methylophilus_sp_42
k__Bacteria,p__Proteobacteria,c__Betaproteobacteria,o__Neisseriales,f__Neisseriaceae,g__Leeia,s__Leeia_oryzae
k__Bacteria,p__Proteobacteria,c__Betaproteobacteria,o__Neisseriales,f__Neisseriaceae,g__Chitiniphilus,s__Chitiniphilus_shinanonensis
k__Bacteria,p__Proteobacteria,c__Betaproteobacteria,o__Neisseriales,f__Neisseriaceae,g__Laribacter,s__Laribacter_hongkongensis
k__Bacteria,p__Proteobacteria,c__Betaproteobacteria,o__Neisseriales,f__Neisseriaceae,g__Aquaspirillum,s__Aquaspirillum_serpens
k__Bacteria,p__Proteobacteria,c__Betaproteobacteria,o__Neisseriales,f__Neisseriaceae,g__Pseudogulbenkiania,s__Pseudogulbenkiania_ferrooxidans
k__Bacteria,p__Proteobacteria,c__Betaproteobacteria,o__Neisseriales,f__Neisseriaceae,g__Pseudogulbenkiania,s__Pseudogulbenkiania_sp_NH8B
k__Bacteria,p__Proteobacteria,c__Betaproteobacteria,o__Neisseriales,f__Neisseriaceae,g__Chromobacterium,s__Chromobacterium_violaceum
k__Bacteria,p__Proteobacteria,c__Betaproteobacteria,o__Neisseriales,f__Neisseriaceae,g__Chromobacterium,s__Chromobacterium_sp_C_61
k__Bacteria,p__Proteobacteria,c__Betaproteobacteria,o__Neisseriales,f__Neisseriaceae,g__Vitreoscilla,s__Vitreoscilla_stercoraria
k__Bacteria,p__Proteobacteria,c__Betaproteobacteria,o__Neisseriales,f__Neisseriaceae,g__Kingella,s__Kingella_oralis
k__Bacteria,p__Proteobacteria,c__Betaproteobacteria,o__Neisseriales,f__Neisseriaceae,g__Kingella,s__Kingella_denitrificans
k__Bacteria,p__Proteobacteria,c__Betaproteobacteria,o__Neisseriales,f__Neisseriaceae,g__Simonsiella,s__Simonsiella_muelleri
k__Bacteria,p__Proteobacteria,c__Betaproteobacteria,o__Neisseriales,f__Neisseriaceae,g__Kingella,s__Kingella_kingae
k__Bacteria,p__Proteobacteria,c__Betaproteobacteria,o__Neisseriales,f__Neisseriaceae,g__Neisseria,s__Neisseria_shayeganii
k__Bacteria,p__Proteobacteria,c__Betaproteobacteria,o__Neisseriales,f__Neisseriaceae,g__Eikenella,s__Eikenella_corrodens
k__Bacteria,p__Proteobacteria,c__Betaproteobacteria,o__Neisseriales,f__Neisseriaceae,g__Neisseria,s__Neisseria_weaveri
k__Bacteria,p__Proteobacteria,c__Betaproteobacteria,o__Neisseriales,f__Neisseriaceae,g__Neisseria,s__Neisseria_wadsworthii
k__Bacteria,p__Proteobacteria,c__Betaproteobacteria,o__Neisseriales,f__Neisseriaceae,g__Neisseria,s__Neisseria_elongata
k__Bacteria,p__Proteobacteria,c__Betaproteobacteria,o__Neisseriales,f__Neisseriaceae,g__Neisseria,s__Neisseria_bacilliformis
k__Bacteria,p__Proteobacteria,c__Betaproteobacteria,o__Neisseriales,f__Neisseriaceae,g__Neisseria,s__Neisseria_sp_oral_taxon_020
k__Bacteria,p__Proteobacteria,c__Betaproteobacteria,o__Neisseriales,f__Neisseriaceae,g__Neisseria,s__Neisseria_sp_oral_taxon_014
k__Bacteria,p__Proteobacteria,c__Betaproteobacteria,o__Neisseriales,f__Neisseriaceae,g__Neisseria,s__Neisseria_mucosa
k__Bacteria,p__Proteobacteria,c__Betaproteobacteria,o__Neisseriales,f__Neisseriaceae,g__Neisseria,s__Neisseria_sicca
k__Bacteria,p__Proteobacteria,c__Betaproteobacteria,o__Neisseriales,f__Neisseriaceae,g__Neisseria,s__Neisseria_macacae
k__Bacteria,p__Proteobacteria,c__Betaproteobacteria,o__Neisseriales,f__Neisseriaceae,g__Neisseria,s__Neisseria_sp_GT4A_CT1
k__Bacteria,p__Proteobacteria,c__Betaproteobacteria,o__Neisseriales,f__Neisseriaceae,g__Neisseria,s__Neisseria_subflava
k__Bacteria,p__Proteobacteria,c__Betaproteobacteria,o__Neisseriales,f__Neisseriaceae,g__Neisseria,s__Neisseria_flavescens
k__Bacteria,p__Proteobacteria,c__Betaproteobacteria,o__Neisseriales,f__Neisseriaceae,g__Neisseria,s__Neisseria_cinerea
k__Bacteria,p__Proteobacteria,c__Betaproteobacteria,o__Neisseriales,f__Neisseriaceae,g__Neisseria,s__Neisseria_polysaccharea
k__Bacteria,p__Proteobacteria,c__Betaproteobacteria,o__Neisseriales,f__Neisseriaceae,g__Neisseria,s__Neisseria_gonorrhoeae
k__Bacteria,p__Proteobacteria,c__Betaproteobacteria,o__Neisseriales,f__Neisseriaceae,g__Neisseria,s__Neisseria_lactamica
k__Bacteria,p__Proteobacteria,c__Betaproteobacteria,o__Neisseriales,f__Neisseriaceae,g__Neisseria,s__Neisseria_meningitidis
k__Bacteria,p__Proteobacteria,c__Betaproteobacteria,o__Rhodocyclales,f__Rhodocyclaceae,g__Dechloromonas,s__Dechloromonas_aromatica
k__Bacteria,p__Proteobacteria,c__Betaproteobacteria,o__Rhodocyclales,f__Rhodocyclaceae,g__Azospira,s__Azospira_oryzae
k__Bacteria,p__Proteobacteria,c__Betaproteobacteria,o__Betaproteobacteria_noname,f__Betaproteobacteria_noname,g__Candidatus_Accumulibacter,s__Candidatus_Accumulibacter_phosphatis
k__Bacteria,p__Proteobacteria,c__Betaproteobacteria,o__Rhodocyclales,f__Rhodocyclaceae,g__Rhodocyclus,s__Rhodocyclus_sp_UW_659_1_F08
k__Bacteria,p__Proteobacteria,c__Betaproteobacteria,o__Rhodocyclales,f__Rhodocyclaceae,g__Methyloversatilis,s__Methyloversatilis_sp_NVD
k__Bacteria,p__Proteobacteria,c__Betaproteobacteria,o__Rhodocyclales,f__Rhodocyclaceae,g__Methyloversatilis,s__Methyloversatilis_universalis
k__Bacteria,p__Proteobacteria,c__Betaproteobacteria,o__Rhodocyclales,f__Rhodocyclaceae,g__Uliginosibacterium,s__Uliginosibacterium_gangwonense
k__Bacteria,p__Proteobacteria,c__Betaproteobacteria,o__Rhodocyclales,f__Rhodocyclaceae,g__Aromatoleum,s__Aromatoleum_aromaticum
k__Bacteria,p__Proteobacteria,c__Betaproteobacteria,o__Rhodocyclales,f__Rhodocyclaceae,g__Azoarcus,s__Azoarcus_sp_KH32C
k__Bacteria,p__Proteobacteria,c__Betaproteobacteria,o__Rhodocyclales,f__Rhodocyclaceae,g__Azoarcus,s__Azoarcus_toluclasticus
k__Bacteria,p__Proteobacteria,c__Betaproteobacteria,o__Rhodocyclales,f__Rhodocyclaceae,g__Azoarcus,s__Azoarcus_sp_BH72
k__Bacteria,p__Proteobacteria,c__Betaproteobacteria,o__Rhodocyclales,f__Rhodocyclaceae,g__Thauera,s__Thauera_sp_63
k__Bacteria,p__Proteobacteria,c__Betaproteobacteria,o__Rhodocyclales,f__Rhodocyclaceae,g__Thauera,s__Thauera_terpenica
k__Bacteria,p__Proteobacteria,c__Betaproteobacteria,o__Rhodocyclales,f__Rhodocyclaceae,g__Thauera,s__Thauera_sp_27
k__Bacteria,p__Proteobacteria,c__Betaproteobacteria,o__Rhodocyclales,f__Rhodocyclaceae,g__Thauera,s__Thauera_sp_28
k__Bacteria,p__Proteobacteria,c__Betaproteobacteria,o__Rhodocyclales,f__Rhodocyclaceae,g__Thauera,s__Thauera_phenylacetica
k__Bacteria,p__Proteobacteria,c__Betaproteobacteria,o__Rhodocyclales,f__Rhodocyclaceae,g__Thauera,s__Thauera_selenatis
k__Bacteria,p__Proteobacteria,c__Betaproteobacteria,o__Rhodocyclales,f__Rhodocyclaceae,g__Thauera,s__Thauera_sp_MZ1T
k__Bacteria,p__Proteobacteria,c__Betaproteobacteria,o__Rhodocyclales,f__Rhodocyclaceae,g__Thauera,s__Thauera_aminoaromatica
k__Bacteria,p__Proteobacteria,c__Betaproteobacteria,o__Burkholderiales,f__Burkholderiaceae,g__Limnobacter,s__Limnobacter_sp_MED105
k__Bacteria,p__Proteobacteria,c__Betaproteobacteria,o__Burkholderiales,f__Burkholderiaceae,g__Lautropia,s__Lautropia_mirabilis
k__Bacteria,p__Proteobacteria,c__Betaproteobacteria,o__Burkholderiales,f__Burkholderiales_noname,g__Burkholderiales_noname,s__Burkholderiales_bacterium_1_1_47
k__Bacteria,p__Proteobacteria,c__Betaproteobacteria,o__Burkholderiales,f__Sutterellaceae,g__Parasutterella,s__Parasutterella_excrementihominis
k__Bacteria,p__Proteobacteria,c__Betaproteobacteria,o__Burkholderiales,f__Sutterellaceae,g__Sutterella,s__Sutterella_parvirubra
k__Bacteria,p__Proteobacteria,c__Betaproteobacteria,o__Burkholderiales,f__Sutterellaceae,g__Sutterella,s__Sutterella_wadsworthensis
k__Bacteria,p__Proteobacteria,c__Betaproteobacteria,o__Burkholderiales,f__Alcaligenaceae,g__Bordetella,s__Bordetella_sp_FB_8
k__Bacteria,p__Proteobacteria,c__Betaproteobacteria,o__Burkholderiales,f__Alcaligenaceae,g__Bordetella,s__Bordetella_petrii
k__Bacteria,p__Proteobacteria,c__Betaproteobacteria,o__Burkholderiales,f__Alcaligenaceae,g__Bordetella,s__Bordetella_pertussis
k__Bacteria,p__Proteobacteria,c__Betaproteobacteria,o__Burkholderiales,f__Alcaligenaceae,g__Bordetella,s__Bordetella_bronchiseptica
k__Bacteria,p__Proteobacteria,c__Betaproteobacteria,o__Burkholderiales,f__Alcaligenaceae,g__Bordetella,s__Bordetella_parapertussis
k__Bacteria,p__Proteobacteria,c__Betaproteobacteria,o__Burkholderiales,f__Alcaligenaceae,g__Bordetella,s__Bordetella_avium
k__Bacteria,p__Proteobacteria,c__Betaproteobacteria,o__Burkholderiales,f__Alcaligenaceae,g__Bordetella,s__Bordetella_holmesii
k__Bacteria,p__Proteobacteria,c__Betaproteobacteria,o__Burkholderiales,f__Alcaligenaceae,g__Achromobacter,s__Achromobacter_xylosoxidans
k__Bacteria,p__Proteobacteria,c__Betaproteobacteria,o__Burkholderiales,f__Alcaligenaceae,g__Achromobacter,s__Achromobacter_arsenitoxydans
k__Bacteria,p__Proteobacteria,c__Betaproteobacteria,o__Burkholderiales,f__Alcaligenaceae,g__Achromobacter,s__Achromobacter_piechaudii
k__Bacteria,p__Proteobacteria,c__Betaproteobacteria,o__Burkholderiales,f__Alcaligenaceae,g__Pusillimonas,s__Pusillimonas_sp_T7_7
k__Bacteria,p__Proteobacteria,c__Betaproteobacteria,o__Burkholderiales,f__Alcaligenaceae,g__Pusillimonas,s__Pusillimonas_noertemannii
k__Bacteria,p__Proteobacteria,c__Betaproteobacteria,o__Burkholderiales,f__Alcaligenaceae,g__Alcaligenes,s__Alcaligenes_faecalis
k__Bacteria,p__Proteobacteria,c__Betaproteobacteria,o__Burkholderiales,f__Alcaligenaceae,g__Alcaligenes,s__Alcaligenes_sp_HPC1271
k__Bacteria,p__Proteobacteria,c__Betaproteobacteria,o__Burkholderiales,f__Alcaligenaceae,g__Alcaligenes,s__Alcaligenes_sp_EGD_AK7
k__Bacteria,p__Proteobacteria,c__Betaproteobacteria,o__Burkholderiales,f__Alcaligenaceae,g__Advenella,s__Advenella_kashmirensis
k__Bacteria,p__Proteobacteria,c__Betaproteobacteria,o__Burkholderiales,f__Alcaligenaceae,g__Oligella,s__Oligella_urethralis
k__Bacteria,p__Proteobacteria,c__Betaproteobacteria,o__Burkholderiales,f__Alcaligenaceae,g__Oligella,s__Oligella_ureolytica
k__Bacteria,p__Proteobacteria,c__Betaproteobacteria,o__Burkholderiales,f__Alcaligenaceae,g__Pelistega,s__Pelistega_sp_HM_7
k__Bacteria,p__Proteobacteria,c__Betaproteobacteria,o__Burkholderiales,f__Alcaligenaceae,g__Taylorella,s__Taylorella_asinigenitalis
k__Bacteria,p__Proteobacteria,c__Betaproteobacteria,o__Burkholderiales,f__Alcaligenaceae,g__Taylorella,s__Taylorella_equigenitalis
k__Bacteria,p__Proteobacteria,c__Betaproteobacteria,o__Burkholderiales,f__Burkholderiales_noname,g__Thiomonas,s__Thiomonas_intermedia
k__Bacteria,p__Proteobacteria,c__Betaproteobacteria,o__Burkholderiales,f__Burkholderiales_noname,g__Thiomonas,s__Thiomonas_sp_FB_6
k__Bacteria,p__Proteobacteria,c__Betaproteobacteria,o__Burkholderiales,f__Burkholderiales_noname,g__Leptothrix,s__Leptothrix_ochracea
k__Bacteria,p__Proteobacteria,c__Betaproteobacteria,o__Burkholderiales,f__Comamonadaceae,g__Caldimonas,s__Caldimonas_manganoxidans
k__Bacteria,p__Proteobacteria,c__Betaproteobacteria,o__Burkholderiales,f__Burkholderiales_noname,g__Methylibium,s__Methylibium_petroleiphilum
k__Bacteria,p__Proteobacteria,c__Betaproteobacteria,o__Burkholderiales,f__Burkholderiales_noname,g__Leptothrix,s__Leptothrix_cholodnii
k__Bacteria,p__Proteobacteria,c__Betaproteobacteria,o__Burkholderiales,f__Burkholderiales_noname,g__Ideonella,s__Ideonella_sp_B508_1
k__Bacteria,p__Proteobacteria,c__Betaproteobacteria,o__Burkholderiales,f__Burkholderiales_noname,g__Burkholderiales_noname,s__Burkholderiales_bacterium_JOSHI_001
k__Bacteria,p__Proteobacteria,c__Betaproteobacteria,o__Burkholderiales,f__Burkholderiales_noname,g__Rubrivivax,s__Rubrivivax_benzoatilyticus
k__Bacteria,p__Proteobacteria,c__Betaproteobacteria,o__Burkholderiales,f__Burkholderiales_noname,g__Rubrivivax,s__Rubrivivax_gelatinosus
k__Bacteria,p__Proteobacteria,c__Betaproteobacteria,o__Burkholderiales,f__Comamonadaceae,g__Hydrogenophaga,s__Hydrogenophaga_sp_PBC
k__Bacteria,p__Proteobacteria,c__Betaproteobacteria,o__Burkholderiales,f__Comamonadaceae,g__Brachymonas,s__Brachymonas_chironomi
k__Bacteria,p__Proteobacteria,c__Betaproteobacteria,o__Burkholderiales,f__Comamonadaceae,g__Hylemonella,s__Hylemonella_gracilis
k__Bacteria,p__Proteobacteria,c__Betaproteobacteria,o__Burkholderiales,f__Comamonadaceae,g__Limnohabitans,s__Limnohabitans_sp_Rim47
k__Bacteria,p__Proteobacteria,c__Betaproteobacteria,o__Burkholderiales,f__Comamonadaceae,g__Limnohabitans,s__Limnohabitans_sp_Rim28
k__Bacteria,p__Proteobacteria,c__Betaproteobacteria,o__Burkholderiales,f__Comamonadaceae,g__Ramlibacter,s__Ramlibacter_tataouinensis
k__Bacteria,p__Proteobacteria,c__Betaproteobacteria,o__Burkholderiales,f__Comamonadaceae,g__Pseudacidovorax,s__Pseudacidovorax_intermedius
k__Bacteria,p__Proteobacteria,c__Betaproteobacteria,o__Burkholderiales,f__Comamonadaceae,g__Variovorax,s__Variovorax_paradoxus
k__Bacteria,p__Proteobacteria,c__Betaproteobacteria,o__Burkholderiales,f__Comamonadaceae,g__Variovorax,s__Variovorax_sp_CF313
k__Bacteria,p__Proteobacteria,c__Betaproteobacteria,o__Burkholderiales,f__Comamonadaceae,g__Albidiferax,s__Albidiferax_ferrireducens
k__Bacteria,p__Proteobacteria,c__Betaproteobacteria,o__Burkholderiales,f__Comamonadaceae,g__Candidatus_Symbiobacter,s__Candidatus_Symbiobacter_mobilis
k__Bacteria,p__Proteobacteria,c__Betaproteobacteria,o__Burkholderiales,f__Comamonadaceae,g__Polaromonas,s__Polaromonas_naphthalenivorans
k__Bacteria,p__Proteobacteria,c__Betaproteobacteria,o__Burkholderiales,f__Comamonadaceae,g__Polaromonas,s__Polaromonas_sp_JS666
k__Bacteria,p__Proteobacteria,c__Betaproteobacteria,o__Burkholderiales,f__Comamonadaceae,g__Polaromonas,s__Polaromonas_sp_CF318
k__Bacteria,p__Proteobacteria,c__Betaproteobacteria,o__Burkholderiales,f__Comamonadaceae,g__Curvibacter,s__Curvibacter_lanceolatus
k__Bacteria,p__Proteobacteria,c__Betaproteobacteria,o__Burkholderiales,f__Comamonadaceae,g__Acidovorax,s__Acidovorax_delafieldii
k__Bacteria,p__Proteobacteria,c__Betaproteobacteria,o__Burkholderiales,f__Comamonadaceae,g__Acidovorax,s__Acidovorax_sp_CF316
k__Bacteria,p__Proteobacteria,c__Betaproteobacteria,o__Burkholderiales,f__Comamonadaceae,g__Verminephrobacter,s__Verminephrobacter_eiseniae
k__Bacteria,p__Proteobacteria,c__Betaproteobacteria,o__Burkholderiales,f__Comamonadaceae,g__Verminephrobacter,s__Verminephrobacter_aporrectodeae
k__Bacteria,p__Proteobacteria,c__Betaproteobacteria,o__Burkholderiales,f__Comamonadaceae,g__Acidovorax,s__Acidovorax_radicis
k__Bacteria,p__Proteobacteria,c__Betaproteobacteria,o__Burkholderiales,f__Comamonadaceae,g__Acidovorax,s__Acidovorax_sp_NO_1
k__Bacteria,p__Proteobacteria,c__Betaproteobacteria,o__Burkholderiales,f__Comamonadaceae,g__Acidovorax,s__Acidovorax_sp_KKS102
k__Bacteria,p__Proteobacteria,c__Betaproteobacteria,o__Burkholderiales,f__Comamonadaceae,g__Acidovorax,s__Acidovorax_citrulli
k__Bacteria,p__Proteobacteria,c__Betaproteobacteria,o__Burkholderiales,f__Comamonadaceae,g__Acidovorax,s__Acidovorax_avenae
k__Bacteria,p__Proteobacteria,c__Betaproteobacteria,o__Burkholderiales,f__Comamonadaceae,g__Alicycliphilus,s__Alicycliphilus_sp_CRZ1
k__Bacteria,p__Proteobacteria,c__Betaproteobacteria,o__Burkholderiales,f__Comamonadaceae,g__Acidovorax,s__Acidovorax_sp_MR_S7
k__Bacteria,p__Proteobacteria,c__Betaproteobacteria,o__Burkholderiales,f__Comamonadaceae,g__Alicycliphilus,s__Alicycliphilus_denitrificans
k__Bacteria,p__Proteobacteria,c__Betaproteobacteria,o__Burkholderiales,f__Comamonadaceae,g__Acidovorax,s__Acidovorax_sp_JS42
k__Bacteria,p__Proteobacteria,c__Betaproteobacteria,o__Burkholderiales,f__Comamonadaceae,g__Acidovorax,s__Acidovorax_ebreus
k__Bacteria,p__Proteobacteria,c__Betaproteobacteria,o__Burkholderiales,f__Comamonadaceae,g__Comamonas,s__Comamonas_sp_B_9
k__Bacteria,p__Proteobacteria,c__Betaproteobacteria,o__Burkholderiales,f__Comamonadaceae,g__Comamonas,s__Comamonas_testosteroni
k__Bacteria,p__Bacteroidetes,c__Flavobacteriia,o__Flavobacteriales,f__Flavobacteriaceae,g__Chryseobacterium,s__Chryseobacterium_taeanense
k__Bacteria,p__Proteobacteria,c__Betaproteobacteria,o__Burkholderiales,f__Comamonadaceae,g__Delftia,s__Delftia_acidovorans
k__Bacteria,p__Proteobacteria,c__Betaproteobacteria,o__Burkholderiales,f__Comamonadaceae,g__Delftia,s__Delftia_sp_Cs1_4
k__Bacteria,p__Proteobacteria,c__Betaproteobacteria,o__Burkholderiales,f__Oxalobacteraceae,g__Oxalobacter,s__Oxalobacter_formigenes
k__Bacteria,p__Proteobacteria,c__Betaproteobacteria,o__Burkholderiales,f__Oxalobacteraceae,g__Massilia,s__Massilia_timonae
k__Bacteria,p__Proteobacteria,c__Betaproteobacteria,o__Burkholderiales,f__Oxalobacteraceae,g__Massilia,s__Massilia_niastensis
k__Bacteria,p__Proteobacteria,c__Betaproteobacteria,o__Burkholderiales,f__Oxalobacteraceae,g__Janthinobacterium,s__Janthinobacterium_sp_HH01
k__Bacteria,p__Proteobacteria,c__Betaproteobacteria,o__Burkholderiales,f__Oxalobacteraceae,g__Duganella,s__Duganella_zoogloeoides
k__Bacteria,p__Proteobacteria,c__Betaproteobacteria,o__Burkholderiales,f__Oxalobacteraceae,g__Janthinobacterium,s__Janthinobacterium_lividum
k__Bacteria,p__Proteobacteria,c__Betaproteobacteria,o__Burkholderiales,f__Oxalobacteraceae,g__Janthinobacterium,s__Janthinobacterium_sp_CG3
k__Bacteria,p__Proteobacteria,c__Betaproteobacteria,o__Burkholderiales,f__Oxalobacteraceae,g__Herbaspirillum,s__Herbaspirillum_sp_JC206
k__Bacteria,p__Proteobacteria,c__Betaproteobacteria,o__Burkholderiales,f__Oxalobacteraceae,g__Oxalobacteraceae_noname,s__Oxalobacteraceae_bacterium_IMCC9480
k__Bacteria,p__Proteobacteria,c__Betaproteobacteria,o__Burkholderiales,f__Oxalobacteraceae,g__Janthinobacterium,s__Janthinobacterium_sp_Marseille
k__Bacteria,p__Proteobacteria,c__Betaproteobacteria,o__Burkholderiales,f__Oxalobacteraceae,g__Herminiimonas,s__Herminiimonas_arsenicoxydans
k__Bacteria,p__Proteobacteria,c__Betaproteobacteria,o__Burkholderiales,f__Oxalobacteraceae,g__Collimonas,s__Collimonas_fungivorans
k__Bacteria,p__Proteobacteria,c__Betaproteobacteria,o__Burkholderiales,f__Oxalobacteraceae,g__Herbaspirillum,s__Herbaspirillum_lusitanum
k__Bacteria,p__Proteobacteria,c__Betaproteobacteria,o__Burkholderiales,f__Oxalobacteraceae,g__Herbaspirillum,s__Herbaspirillum_sp_CF444
k__Bacteria,p__Proteobacteria,c__Betaproteobacteria,o__Burkholderiales,f__Oxalobacteraceae,g__Herbaspirillum,s__Herbaspirillum_sp_YR522
k__Bacteria,p__Proteobacteria,c__Betaproteobacteria,o__Burkholderiales,f__Oxalobacteraceae,g__Herbaspirillum,s__Herbaspirillum_frisingense
k__Bacteria,p__Proteobacteria,c__Betaproteobacteria,o__Burkholderiales,f__Oxalobacteraceae,g__Herbaspirillum,s__Herbaspirillum_sp_GW103
k__Bacteria,p__Proteobacteria,c__Betaproteobacteria,o__Burkholderiales,f__Oxalobacteraceae,g__Herbaspirillum,s__Herbaspirillum_seropedicae
k__Bacteria,p__Proteobacteria,c__Betaproteobacteria,o__Burkholderiales,f__Burkholderiaceae,g__Polynucleobacter,s__Polynucleobacter_necessarius
k__Bacteria,p__Proteobacteria,c__Betaproteobacteria,o__Burkholderiales,f__Burkholderiaceae,g__Ralstonia,s__Ralstonia_sp_PBA
k__Bacteria,p__Proteobacteria,c__Betaproteobacteria,o__Burkholderiales,f__Burkholderiaceae,g__Ralstonia,s__Ralstonia_solanacearum
k__Bacteria,p__Proteobacteria,c__Betaproteobacteria,o__Burkholderiales,f__Burkholderiaceae,g__Ralstonia,s__Ralstonia_sp_AU12_08
k__Bacteria,p__Proteobacteria,c__Betaproteobacteria,o__Burkholderiales,f__Burkholderiaceae,g__Ralstonia,s__Ralstonia_sp_5_7_47FAA
k__Bacteria,p__Proteobacteria,c__Betaproteobacteria,o__Burkholderiales,f__Burkholderiaceae,g__Ralstonia,s__Ralstonia_sp_5_2_56FAA
k__Bacteria,p__Proteobacteria,c__Betaproteobacteria,o__Burkholderiales,f__Burkholderiaceae,g__Cupriavidus,s__Cupriavidus_sp_HPC_L
k__Bacteria,p__Proteobacteria,c__Betaproteobacteria,o__Burkholderiales,f__Burkholderiaceae,g__Cupriavidus,s__Cupriavidus_basilensis
k__Bacteria,p__Proteobacteria,c__Betaproteobacteria,o__Burkholderiales,f__Burkholderiaceae,g__Cupriavidus,s__Cupriavidus_sp_WS
k__Bacteria,p__Proteobacteria,c__Betaproteobacteria,o__Burkholderiales,f__Burkholderiaceae,g__Cupriavidus,s__Cupriavidus_sp_BIS7
k__Bacteria,p__Proteobacteria,c__Betaproteobacteria,o__Burkholderiales,f__Burkholderiaceae,g__Cupriavidus,s__Cupriavidus_metallidurans
k__Bacteria,p__Proteobacteria,c__Betaproteobacteria,o__Burkholderiales,f__Burkholderiaceae,g__Cupriavidus,s__Cupriavidus_sp_HMR_1
k__Bacteria,p__Proteobacteria,c__Betaproteobacteria,o__Burkholderiales,f__Burkholderiaceae,g__Cupriavidus,s__Cupriavidus_pinatubonensis
k__Bacteria,p__Proteobacteria,c__Betaproteobacteria,o__Burkholderiales,f__Burkholderiaceae,g__Ralstonia,s__Ralstonia_pickettii
k__Bacteria,p__Proteobacteria,c__Betaproteobacteria,o__Burkholderiales,f__Burkholderiaceae,g__Cupriavidus,s__Cupriavidus_taiwanensis
k__Bacteria,p__Proteobacteria,c__Betaproteobacteria,o__Burkholderiales,f__Burkholderiaceae,g__Cupriavidus,s__Cupriavidus_sp_UYPR2_512
k__Bacteria,p__Proteobacteria,c__Betaproteobacteria,o__Burkholderiales,f__Burkholderiaceae,g__Cupriavidus,s__Cupriavidus_necator
k__Bacteria,p__Proteobacteria,c__Betaproteobacteria,o__Burkholderiales,f__Burkholderiaceae,g__Ralstonia,s__Ralstonia_sp_GA3_3
k__Bacteria,p__Proteobacteria,c__Betaproteobacteria,o__Burkholderiales,f__Burkholderiaceae,g__Pandoraea,s__Pandoraea_sp_B_6
k__Bacteria,p__Proteobacteria,c__Betaproteobacteria,o__Burkholderiales,f__Burkholderiaceae,g__Burkholderia,s__Burkholderia_rhizoxinica
k__Bacteria,p__Proteobacteria,c__Betaproteobacteria,o__Burkholderiales,f__Burkholderiaceae,g__Candidatus_Glomeribacter,s__Candidatus_Glomeribacter_gigasporarum
k__Bacteria,p__Proteobacteria,c__Betaproteobacteria,o__Burkholderiales,f__Burkholderiaceae,g__Burkholderia,s__Burkholderia_gladioli
k__Bacteria,p__Proteobacteria,c__Betaproteobacteria,o__Burkholderiales,f__Burkholderiaceae,g__Burkholderia,s__Burkholderia_glumae
k__Bacteria,p__Proteobacteria,c__Betaproteobacteria,o__Burkholderiales,f__Burkholderiaceae,g__Burkholderia,s__Burkholderia_oklahomensis
k__Bacteria,p__Proteobacteria,c__Betaproteobacteria,o__Burkholderiales,f__Burkholderiaceae,g__Burkholderia,s__Burkholderia_thailandensis
k__Bacteria,p__Proteobacteria,c__Betaproteobacteria,o__Burkholderiales,f__Burkholderiaceae,g__Burkholderia,s__Burkholderia_pseudomallei
k__Bacteria,p__Proteobacteria,c__Betaproteobacteria,o__Burkholderiales,f__Burkholderiaceae,g__Burkholderia,s__Burkholderia_mallei
k__Bacteria,p__Proteobacteria,c__Betaproteobacteria,o__Burkholderiales,f__Burkholderiaceae,g__Burkholderia,s__Burkholderia_ubonensis
k__Bacteria,p__Proteobacteria,c__Betaproteobacteria,o__Burkholderiales,f__Burkholderiaceae,g__Burkholderia,s__Burkholderia_pyrrocinia
k__Bacteria,p__Proteobacteria,c__Betaproteobacteria,o__Burkholderiales,f__Burkholderiaceae,g__Burkholderia,s__Burkholderia_multivorans
k__Bacteria,p__Proteobacteria,c__Betaproteobacteria,o__Burkholderiales,f__Burkholderiaceae,g__Burkholderia,s__Burkholderia_dolosa
k__Bacteria,p__Proteobacteria,c__Betaproteobacteria,o__Burkholderiales,f__Burkholderiaceae,g__Burkholderia,s__Burkholderia_sp_TJI49
k__Bacteria,p__Proteobacteria,c__Betaproteobacteria,o__Burkholderiales,f__Burkholderiaceae,g__Burkholderia,s__Burkholderia_lata
k__Bacteria,p__Proteobacteria,c__Betaproteobacteria,o__Burkholderiales,f__Burkholderiaceae,g__Burkholderia,s__Burkholderia_cenocepacia
k__Bacteria,p__Proteobacteria,c__Betaproteobacteria,o__Burkholderiales,f__Burkholderiaceae,g__Burkholderia,s__Burkholderia_vietnamiensis
k__Bacteria,p__Proteobacteria,c__Betaproteobacteria,o__Burkholderiales,f__Burkholderiaceae,g__Burkholderia,s__Burkholderia_sp_KJ006
k__Bacteria,p__Proteobacteria,c__Betaproteobacteria,o__Burkholderiales,f__Burkholderiaceae,g__Burkholderia,s__Burkholderia_ambifaria
k__Bacteria,p__Proteobacteria,c__Betaproteobacteria,o__Burkholderiales,f__Burkholderiaceae,g__Burkholderia,s__Burkholderia_cepacia
k__Bacteria,p__Proteobacteria,c__Betaproteobacteria,o__Burkholderiales,f__Burkholderiaceae,g__Burkholderia,s__Burkholderia_sp_RPE64
k__Bacteria,p__Proteobacteria,c__Betaproteobacteria,o__Burkholderiales,f__Burkholderiaceae,g__Burkholderia,s__Candidatus_Burkholderia_kirkii
k__Bacteria,p__Proteobacteria,c__Betaproteobacteria,o__Burkholderiales,f__Burkholderiaceae,g__Burkholderia,s__Burkholderia_sp_YI23
k__Bacteria,p__Proteobacteria,c__Betaproteobacteria,o__Burkholderiales,f__Burkholderiaceae,g__Burkholderia,s__Burkholderia_sp_SJ98
k__Bacteria,p__Proteobacteria,c__Betaproteobacteria,o__Burkholderiales,f__Burkholderiaceae,g__Burkholderia,s__Burkholderia_kururiensis
k__Bacteria,p__Proteobacteria,c__Betaproteobacteria,o__Burkholderiales,f__Burkholderiaceae,g__Burkholderia,s__Burkholderia_sp_JPY347
k__Bacteria,p__Proteobacteria,c__Betaproteobacteria,o__Burkholderiales,f__Burkholderiaceae,g__Burkholderia,s__Burkholderia_phymatum
k__Bacteria,p__Proteobacteria,c__Betaproteobacteria,o__Burkholderiales,f__Burkholderiaceae,g__Burkholderia,s__Burkholderia_terrae
k__Bacteria,p__Proteobacteria,c__Betaproteobacteria,o__Burkholderiales,f__Burkholderiaceae,g__Burkholderia,s__Burkholderia_sp_BT03
k__Bacteria,p__Proteobacteria,c__Betaproteobacteria,o__Burkholderiales,f__Burkholderiaceae,g__Burkholderia,s__Burkholderia_sp_H160
k__Bacteria,p__Proteobacteria,c__Betaproteobacteria,o__Burkholderiales,f__Burkholderiaceae,g__Burkholderia,s__Burkholderia_sp_WSM4176
k__Bacteria,p__Proteobacteria,c__Betaproteobacteria,o__Burkholderiales,f__Burkholderiaceae,g__Burkholderia,s__Burkholderia_sp_CCGE1002
k__Bacteria,p__Proteobacteria,c__Betaproteobacteria,o__Burkholderiales,f__Burkholderiaceae,g__Burkholderia,s__Burkholderia_sp_JPY251
k__Bacteria,p__Proteobacteria,c__Betaproteobacteria,o__Burkholderiales,f__Burkholderiaceae,g__Burkholderia,s__Burkholderia_phytofirmans
k__Bacteria,p__Proteobacteria,c__Betaproteobacteria,o__Burkholderiales,f__Burkholderiaceae,g__Burkholderia,s__Burkholderia_xenovorans
k__Bacteria,p__Proteobacteria,c__Betaproteobacteria,o__Burkholderiales,f__Burkholderiaceae,g__Burkholderia,s__Burkholderia_sp_Ch1_1
k__Bacteria,p__Proteobacteria,c__Betaproteobacteria,o__Burkholderiales,f__Burkholderiaceae,g__Burkholderia,s__Burkholderia_bryophila
k__Bacteria,p__Proteobacteria,c__Betaproteobacteria,o__Burkholderiales,f__Burkholderiaceae,g__Burkholderia,s__Burkholderia_graminis
k__Bacteria,p__Proteobacteria,c__Betaproteobacteria,o__Burkholderiales,f__Burkholderiaceae,g__Burkholderia,s__Burkholderia_sp_CCGE1003
k__Bacteria,p__Proteobacteria,c__Betaproteobacteria,o__Burkholderiales,f__Burkholderiaceae,g__Burkholderia,s__Burkholderia_sp_CCGE1001
k__Bacteria,p__Proteobacteria,c__Betaproteobacteria,o__Burkholderiales,f__Burkholderiaceae,g__Burkholderia,s__Burkholderia_phenoliruptrix
k__Bacteria,p__Proteobacteria,c__Gammaproteobacteria,o__Chromatiales,f__Halothiobacillaceae,g__Halothiobacillus,s__Halothiobacillus_neapolitanus
k__Bacteria,p__Proteobacteria,c__Gammaproteobacteria,o__Gammaproteobacteria_noname,f__Gammaproteobacteria_noname,g__Gammaproteobacteria_noname,s__endosymbiont_of_Tevnia_jerichonana
k__Bacteria,p__Proteobacteria,c__Gammaproteobacteria,o__Gammaproteobacteria_noname,f__Gammaproteobacteria_noname,g__Endoriftia,s__Endoriftia_persephone
k__Bacteria,p__Proteobacteria,c__Gammaproteobacteria,o__Gammaproteobacteria_noname,f__Gammaproteobacteria_noname,g__Gammaproteobacteria_noname,s__endosymbiont_of_Riftia_pachyptila
k__Bacteria,p__Proteobacteria,c__Gammaproteobacteria,o__Chromatiales,f__Chromatiaceae,g__Thioflavicoccus,s__Thioflavicoccus_mobilis
k__Bacteria,p__Proteobacteria,c__Gammaproteobacteria,o__Chromatiales,f__Chromatiaceae,g__Thiorhodovibrio,s__Thiorhodovibrio_sp_970
k__Bacteria,p__Proteobacteria,c__Gammaproteobacteria,o__Chromatiales,f__Chromatiaceae,g__Lamprocystis,s__Lamprocystis_purpurea
k__Bacteria,p__Proteobacteria,c__Gammaproteobacteria,o__Chromatiales,f__Chromatiaceae,g__Thiocapsa,s__Thiocapsa_marina
k__Bacteria,p__Proteobacteria,c__Gammaproteobacteria,o__Chromatiales,f__Chromatiaceae,g__Marichromatium,s__Marichromatium_purpuratum
k__Bacteria,p__Proteobacteria,c__Gammaproteobacteria,o__Chromatiales,f__Chromatiaceae,g__Thiocystis,s__Thiocystis_violascens
k__Bacteria,p__Proteobacteria,c__Gammaproteobacteria,o__Chromatiales,f__Chromatiaceae,g__Allochromatium,s__Allochromatium_vinosum
k__Bacteria,p__Proteobacteria,c__Gammaproteobacteria,o__Chromatiales,f__Chromatiaceae,g__Thiorhodococcus,s__Thiorhodococcus_drewsii
k__Bacteria,p__Proteobacteria,c__Gammaproteobacteria,o__Chromatiales,f__Chromatiaceae,g__Nitrosococcus,s__Nitrosococcus_halophilus
k__Bacteria,p__Proteobacteria,c__Gammaproteobacteria,o__Chromatiales,f__Chromatiaceae,g__Nitrosococcus,s__Nitrosococcus_oceani
k__Bacteria,p__Proteobacteria,c__Gammaproteobacteria,o__Chromatiales,f__Chromatiaceae,g__Nitrosococcus,s__Nitrosococcus_watsonii
k__Bacteria,p__Proteobacteria,c__Gammaproteobacteria,o__Thiotrichales,f__Piscirickettsiaceae,g__Methylophaga,s__Methylophaga_lonarensis
k__Bacteria,p__Proteobacteria,c__Gammaproteobacteria,o__Thiotrichales,f__Piscirickettsiaceae,g__Methylophaga,s__Methylophaga_thiooxydans
k__Bacteria,p__Proteobacteria,c__Gammaproteobacteria,o__Thiotrichales,f__Piscirickettsiaceae,g__Methylophaga,s__Methylophaga_aminisulfidivorans
k__Bacteria,p__Proteobacteria,c__Gammaproteobacteria,o__Thiotrichales,f__Thiotrichaceae,g__Beggiatoa,s__Beggiatoa_sp_SS
k__Bacteria,p__Proteobacteria,c__Gammaproteobacteria,o__Thiotrichales,f__Thiotrichaceae,g__Beggiatoa,s__Beggiatoa_alba
k__Bacteria,p__Proteobacteria,c__Gammaproteobacteria,o__Thiotrichales,f__Piscirickettsiaceae,g__Cycloclasticus,s__Cycloclasticus_pugetii
k__Bacteria,p__Proteobacteria,c__Gammaproteobacteria,o__Thiotrichales,f__Piscirickettsiaceae,g__Cycloclasticus,s__Cycloclasticus_sp_P1
k__Bacteria,p__Proteobacteria,c__Gammaproteobacteria,o__Thiotrichales,f__Piscirickettsiaceae,g__Cycloclasticus,s__Cycloclasticus_zancles
k__Bacteria,p__Proteobacteria,c__Gammaproteobacteria,o__Thiotrichales,f__Piscirickettsiaceae,g__Cycloclasticus,s__Cycloclasticus_sp_PY97M
k__Bacteria,p__Proteobacteria,c__Gammaproteobacteria,o__Methylococcales,f__Methylococcaceae,g__Methylococcus,s__Methylococcus_capsulatus
k__Bacteria,p__Proteobacteria,c__Gammaproteobacteria,o__Methylococcales,f__Methylococcaceae,g__Methylohalobius,s__Methylohalobius_crimeensis
k__Bacteria,p__Proteobacteria,c__Gammaproteobacteria,o__Methylococcales,f__Methylococcaceae,g__Methylomonas,s__Methylomonas_methanica
k__Bacteria,p__Proteobacteria,c__Gammaproteobacteria,o__Methylococcales,f__Methylococcaceae,g__Methylomonas,s__Methylomonas_sp_MK1
k__Bacteria,p__Proteobacteria,c__Gammaproteobacteria,o__Methylococcales,f__Methylococcaceae,g__Methylomicrobium,s__Methylomicrobium_buryatense
k__Bacteria,p__Proteobacteria,c__Gammaproteobacteria,o__Methylococcales,f__Methylococcaceae,g__Methylobacter,s__Methylobacter_marinus
k__Bacteria,p__Proteobacteria,c__Gammaproteobacteria,o__Methylococcales,f__Methylococcaceae,g__Methylomicrobium,s__Methylomicrobium_album
k__Bacteria,p__Proteobacteria,c__Gammaproteobacteria,o__Methylococcales,f__Methylococcaceae,g__Methylosarcina,s__Methylosarcina_fibrata
k__Bacteria,p__Proteobacteria,c__Gammaproteobacteria,o__Methylococcales,f__Methylococcaceae,g__Methylovulum,s__Methylovulum_miyakonense
k__Bacteria,p__Proteobacteria,c__Gammaproteobacteria,o__Methylococcales,f__Methylococcaceae,g__Methyloglobulus,s__Methyloglobulus_morosus
k__Bacteria,p__Proteobacteria,c__Gammaproteobacteria,o__Methylococcales,f__Methylococcaceae,g__Methylobacter,s__Methylobacter_tundripaludum
k__Bacteria,p__Proteobacteria,c__Gammaproteobacteria,o__Methylococcales,f__Methylococcaceae,g__Methylobacter,s__Methylobacter_sp_UW_659_2_H10
k__Bacteria,p__Proteobacteria,c__Gammaproteobacteria,o__Methylococcales,f__Methylococcaceae,g__Methylobacter,s__Methylobacter_sp_UW_659_2_G11
k__Bacteria,p__Proteobacteria,c__Gammaproteobacteria,o__Chromatiales,f__Ectothiorhodospiraceae,g__Alkalilimnicola,s__Alkalilimnicola_ehrlichii
k__Bacteria,p__Proteobacteria,c__Gammaproteobacteria,o__Chromatiales,f__Ectothiorhodospiraceae,g__Halorhodospira,s__Halorhodospira_halophila
k__Bacteria,p__Proteobacteria,c__Gammaproteobacteria,o__Chromatiales,f__Ectothiorhodospiraceae,g__Nitrococcus,s__Nitrococcus_mobilis
k__Bacteria,p__Proteobacteria,c__Gammaproteobacteria,o__Chromatiales,f__Ectothiorhodospiraceae,g__Arhodomonas,s__Arhodomonas_aquaeolei
k__Bacteria,p__Proteobacteria,c__Gammaproteobacteria,o__Chromatiales,f__Ectothiorhodospiraceae,g__Spiribacter,s__Spiribacter_salinus
k__Bacteria,p__Proteobacteria,c__Gammaproteobacteria,o__Chromatiales,f__Ectothiorhodospiraceae,g__Spiribacter,s__Spiribacter_sp_UAH_SP71
k__Bacteria,p__Proteobacteria,c__Gammaproteobacteria,o__Salinisphaerales,f__Salinisphaeraceae,g__Salinisphaera,s__Salinisphaera_shabanensis
k__Bacteria,p__Proteobacteria,c__Gammaproteobacteria,o__Xanthomonadales,f__Sinobacteraceae,g__Singularimonas,s__Singularimonas_variicoloris
k__Bacteria,p__Proteobacteria,c__Gammaproteobacteria,o__Xanthomonadales,f__Sinobacteraceae,g__Hydrocarboniphaga,s__Hydrocarboniphaga_effusa
k__Bacteria,p__Proteobacteria,c__Gammaproteobacteria,o__Xanthomonadales,f__Sinobacteraceae,g__Nevskia,s__Nevskia_ramosa
k__Bacteria,p__Proteobacteria,c__Gammaproteobacteria,o__Xanthomonadales,f__Xanthomonadaceae,g__Rudaea,s__Rudaea_cellulosilytica
k__Bacteria,p__Proteobacteria,c__Gammaproteobacteria,o__Xanthomonadales,f__Xanthomonadaceae,g__Frateuria,s__Frateuria_aurantia
k__Bacteria,p__Proteobacteria,c__Gammaproteobacteria,o__Xanthomonadales,f__Xanthomonadaceae,g__Dyella,s__Dyella_japonica
k__Bacteria,p__Proteobacteria,c__Gammaproteobacteria,o__Xanthomonadales,f__Xanthomonadaceae,g__Dyella,s__Dyella_ginsengisoli
k__Bacteria,p__Proteobacteria,c__Gammaproteobacteria,o__Xanthomonadales,f__Xanthomonadaceae,g__Rhodanobacter,s__Rhodanobacter_sp_115
k__Bacteria,p__Proteobacteria,c__Gammaproteobacteria,o__Xanthomonadales,f__Xanthomonadaceae,g__Rhodanobacter,s__Rhodanobacter_fulvus
k__Bacteria,p__Proteobacteria,c__Gammaproteobacteria,o__Xanthomonadales,f__Xanthomonadaceae,g__Rhodanobacter,s__Rhodanobacter_spathiphylli
k__Bacteria,p__Proteobacteria,c__Gammaproteobacteria,o__Xanthomonadales,f__Xanthomonadaceae,g__Rhodanobacter,s__Rhodanobacter_thiooxydans
k__Bacteria,p__Proteobacteria,c__Gammaproteobacteria,o__Xanthomonadales,f__Xanthomonadaceae,g__Arenimonas,s__Arenimonas_oryziterrae
k__Bacteria,p__Proteobacteria,c__Gammaproteobacteria,o__Xanthomonadales,f__Xanthomonadaceae,g__Pseudoxanthomonas,s__Pseudoxanthomonas_suwonensis
k__Bacteria,p__Proteobacteria,c__Gammaproteobacteria,o__Xanthomonadales,f__Xanthomonadaceae,g__Pseudoxanthomonas,s__Pseudoxanthomonas_sp_GW2
k__Bacteria,p__Proteobacteria,c__Gammaproteobacteria,o__Xanthomonadales,f__Xanthomonadaceae,g__Pseudoxanthomonas,s__Pseudoxanthomonas_spadix
k__Bacteria,p__Proteobacteria,c__Gammaproteobacteria,o__Xanthomonadales,f__Xanthomonadaceae,g__Xylella,s__Xylella_fastidiosa
k__Bacteria,p__Proteobacteria,c__Gammaproteobacteria,o__Xanthomonadales,f__Xanthomonadaceae,g__Stenotrophomonas,s__Stenotrophomonas_sp_SKA14
k__Bacteria,p__Proteobacteria,c__Gammaproteobacteria,o__Xanthomonadales,f__Xanthomonadaceae,g__Xanthomonadaceae_noname,s__Pseudomonas_geniculata
k__Bacteria,p__Proteobacteria,c__Gammaproteobacteria,o__Xanthomonadales,f__Xanthomonadaceae,g__Stenotrophomonas,s__Stenotrophomonas_maltophilia
k__Bacteria,p__Proteobacteria,c__Gammaproteobacteria,o__Xanthomonadales,f__Xanthomonadaceae,g__Xanthomonas,s__Xanthomonas_translucens
k__Bacteria,p__Proteobacteria,c__Gammaproteobacteria,o__Xanthomonadales,f__Xanthomonadaceae,g__Xanthomonas,s__Xanthomonas_albilineans
k__Bacteria,p__Proteobacteria,c__Gammaproteobacteria,o__Xanthomonadales,f__Xanthomonadaceae,g__Xanthomonas,s__Xanthomonas_sacchari
k__Bacteria,p__Proteobacteria,c__Gammaproteobacteria,o__Xanthomonadales,f__Xanthomonadaceae,g__Xanthomonas,s__Xanthomonas_sp_NCPPB1132
k__Bacteria,p__Proteobacteria,c__Gammaproteobacteria,o__Xanthomonadales,f__Xanthomonadaceae,g__Xanthomonas,s__Xanthomonas_sp_NCPPB1131
k__Bacteria,p__Proteobacteria,c__Gammaproteobacteria,o__Xanthomonadales,f__Xanthomonadaceae,g__Xanthomonas,s__Xanthomonas_sp_SHU166
k__Bacteria,p__Proteobacteria,c__Gammaproteobacteria,o__Xanthomonadales,f__Xanthomonadaceae,g__Xanthomonas,s__Xanthomonas_sp_SHU308
k__Bacteria,p__Proteobacteria,c__Gammaproteobacteria,o__Xanthomonadales,f__Xanthomonadaceae,g__Xanthomonas,s__Xanthomonas_sp_SHU199
k__Bacteria,p__Proteobacteria,c__Gammaproteobacteria,o__Xanthomonadales,f__Xanthomonadaceae,g__Xanthomonas,s__Xanthomonas_sp_M97
k__Bacteria,p__Proteobacteria,c__Gammaproteobacteria,o__Xanthomonadales,f__Xanthomonadaceae,g__Xanthomonas,s__Xanthomonas_campestris
k__Bacteria,p__Proteobacteria,c__Gammaproteobacteria,o__Xanthomonadales,f__Xanthomonadaceae,g__Xanthomonas,s__Xanthomonas_vesicatoria
k__Bacteria,p__Proteobacteria,c__Gammaproteobacteria,o__Xanthomonadales,f__Xanthomonadaceae,g__Xanthomonas,s__Xanthomonas_arboricola
k__Bacteria,p__Proteobacteria,c__Gammaproteobacteria,o__Xanthomonadales,f__Xanthomonadaceae,g__Xanthomonas,s__Xanthomonas_fragariae
k__Bacteria,p__Proteobacteria,c__Gammaproteobacteria,o__Xanthomonadales,f__Xanthomonadaceae,g__Xanthomonas,s__Xanthomonas_gardneri
k__Bacteria,p__Proteobacteria,c__Gammaproteobacteria,o__Xanthomonadales,f__Xanthomonadaceae,g__Xanthomonas,s__Xanthomonas_hortorum
k__Bacteria,p__Proteobacteria,c__Gammaproteobacteria,o__Xanthomonadales,f__Xanthomonadaceae,g__Xanthomonas,s__Xanthomonas_oryzae
k__Bacteria,p__Proteobacteria,c__Gammaproteobacteria,o__Xanthomonadales,f__Xanthomonadaceae,g__Xanthomonas,s__Xanthomonas_vasicola
k__Bacteria,p__Proteobacteria,c__Gammaproteobacteria,o__Xanthomonadales,f__Xanthomonadaceae,g__Xanthomonas,s__Xanthomonas_citri
k__Bacteria,p__Proteobacteria,c__Gammaproteobacteria,o__Xanthomonadales,f__Xanthomonadaceae,g__Xanthomonas,s__Xanthomonas_fuscans
k__Bacteria,p__Proteobacteria,c__Gammaproteobacteria,o__Xanthomonadales,f__Xanthomonadaceae,g__Xanthomonas,s__Xanthomonas_axonopodis
k__Bacteria,p__Proteobacteria,c__Gammaproteobacteria,o__Xanthomonadales,f__Xanthomonadaceae,g__Xanthomonas,s__Xanthomonas_perforans
k__Bacteria,p__Proteobacteria,c__Gammaproteobacteria,o__Xanthomonadales,f__Xanthomonadaceae,g__Xanthomonas,s__Xanthomonas_euvesicatoria
k__Bacteria,p__Proteobacteria,c__Gammaproteobacteria,o__Xanthomonadales,f__Xanthomonadaceae,g__Xanthomonas,s__Xanthomonas_alfalfae
k__Bacteria,p__Proteobacteria,c__Gammaproteobacteria,o__Gammaproteobacteria_noname,f__Gammaproteobacteria_noname,g__Gammaproteobacteria_noname,s__gamma_proteobacterium_HTCC5015
k__Bacteria,p__Proteobacteria,c__Gammaproteobacteria,o__Thiotrichales,f__Thiotrichaceae,g__Leucothrix,s__Leucothrix_mucor
k__Bacteria,p__Proteobacteria,c__Gammaproteobacteria,o__Thiotrichales,f__Thiotrichaceae,g__Thiothrix,s__Thiothrix_nivea
k__Bacteria,p__Proteobacteria,c__Gammaproteobacteria,o__Thiotrichales,f__Thiotrichaceae,g__Thiothrix,s__Thiothrix_disciformis
k__Bacteria,p__Proteobacteria,c__Gammaproteobacteria,o__Thiotrichales,f__Thiotrichaceae,g__Thiothrix,s__Thiothrix_flexilis
k__Bacteria,p__Proteobacteria,c__Gammaproteobacteria,o__Chromatiales,f__Ectothiorhodospiraceae,g__Ectothiorhodospira,s__Ectothiorhodospira_sp_PHS_1
k__Bacteria,p__Proteobacteria,c__Gammaproteobacteria,o__Chromatiales,f__Ectothiorhodospiraceae,g__Thiorhodospira,s__Thiorhodospira_sibirica
k__Bacteria,p__Proteobacteria,c__Gammaproteobacteria,o__Chromatiales,f__Ectothiorhodospiraceae,g__Thioalkalivibrio,s__Thioalkalivibrio_thiocyanodenitrificans
k__Bacteria,p__Proteobacteria,c__Gammaproteobacteria,o__Chromatiales,f__Ectothiorhodospiraceae,g__Thioalkalivibrio,s__Thioalkalivibrio_sulfidophilus
k__Bacteria,p__Proteobacteria,c__Gammaproteobacteria,o__Chromatiales,f__Ectothiorhodospiraceae,g__Thioalkalivibrio,s__Thioalkalivibrio_sp_ALJ17
k__Bacteria,p__Proteobacteria,c__Gammaproteobacteria,o__Chromatiales,f__Ectothiorhodospiraceae,g__Thioalkalivibrio,s__Thioalkalivibrio_thiocyanoxidans
k__Bacteria,p__Proteobacteria,c__Gammaproteobacteria,o__Chromatiales,f__Ectothiorhodospiraceae,g__Thioalkalivibrio,s__Thioalkalivibrio_nitratireducens
k__Bacteria,p__Proteobacteria,c__Gammaproteobacteria,o__Chromatiales,f__Ectothiorhodospiraceae,g__Thioalkalivibrio,s__Thioalkalivibrio_sp_ALJ24
k__Bacteria,p__Proteobacteria,c__Gammaproteobacteria,o__Chromatiales,f__Ectothiorhodospiraceae,g__Thioalkalivibrio,s__Thioalkalivibrio_sp_ALSr1
k__Bacteria,p__Proteobacteria,c__Gammaproteobacteria,o__Chromatiales,f__Ectothiorhodospiraceae,g__Thioalkalivibrio,s__Thioalkalivibrio_sp_AKL17
k__Bacteria,p__Proteobacteria,c__Gammaproteobacteria,o__Chromatiales,f__Ectothiorhodospiraceae,g__Thioalkalivibrio,s__Thioalkalivibrio_sp_ALgr3
k__Bacteria,p__Proteobacteria,c__Gammaproteobacteria,o__Chromatiales,f__Ectothiorhodospiraceae,g__Thioalkalivibrio,s__Thioalkalivibrio_sp_ALE11
k__Bacteria,p__Proteobacteria,c__Gammaproteobacteria,o__Chromatiales,f__Ectothiorhodospiraceae,g__Thioalkalivibrio,s__Thioalkalivibrio_sp_ALE20
k__Bacteria,p__Proteobacteria,c__Gammaproteobacteria,o__Chromatiales,f__Ectothiorhodospiraceae,g__Thioalkalivibrio,s__Thioalkalivibrio_sp_ALE23
k__Bacteria,p__Proteobacteria,c__Gammaproteobacteria,o__Chromatiales,f__Ectothiorhodospiraceae,g__Thioalkalivibrio,s__Thioalkalivibrio_sp_ALE10
k__Bacteria,p__Proteobacteria,c__Gammaproteobacteria,o__Chromatiales,f__Ectothiorhodospiraceae,g__Thioalkalivibrio,s__Thioalkalivibrio_sp_ALE18
k__Bacteria,p__Proteobacteria,c__Gammaproteobacteria,o__Chromatiales,f__Ectothiorhodospiraceae,g__Thioalkalivibrio,s__Thioalkalivibrio_sp_AKL11
k__Bacteria,p__Proteobacteria,c__Gammaproteobacteria,o__Chromatiales,f__Ectothiorhodospiraceae,g__Thioalkalivibrio,s__Thioalkalivibrio_sp_ARh3
k__Bacteria,p__Proteobacteria,c__Gammaproteobacteria,o__Chromatiales,f__Ectothiorhodospiraceae,g__Thioalkalivibrio,s__Thioalkalivibrio_sp_ARh5
k__Bacteria,p__Proteobacteria,c__Gammaproteobacteria,o__Chromatiales,f__Ectothiorhodospiraceae,g__Thioalkalivibrio,s__Thioalkalivibrio_sp_ALJ3
k__Bacteria,p__Proteobacteria,c__Gammaproteobacteria,o__Chromatiales,f__Ectothiorhodospiraceae,g__Thioalkalivibrio,s__Thioalkalivibrio_sp_ALJ10
k__Bacteria,p__Proteobacteria,c__Gammaproteobacteria,o__Chromatiales,f__Ectothiorhodospiraceae,g__Thioalkalivibrio,s__Thioalkalivibrio_sp_ALD1
k__Bacteria,p__Proteobacteria,c__Gammaproteobacteria,o__Chromatiales,f__Ectothiorhodospiraceae,g__Thioalkalivibrio,s__Thioalkalivibrio_sp_K90mix
k__Bacteria,p__Proteobacteria,c__Gammaproteobacteria,o__Chromatiales,f__Ectothiorhodospiraceae,g__Thioalkalivibrio,s__Thioalkalivibrio_sp_HL_Eb18
k__Bacteria,p__Proteobacteria,c__Gammaproteobacteria,o__Chromatiales,f__Ectothiorhodospiraceae,g__Thioalkalivibrio,s__Thioalkalivibrio_sp_ALJ21
k__Bacteria,p__Proteobacteria,c__Gammaproteobacteria,o__Chromatiales,f__Ectothiorhodospiraceae,g__Thioalkalivibrio,s__Thioalkalivibrio_sp_ALJ20
k__Bacteria,p__Proteobacteria,c__Gammaproteobacteria,o__Chromatiales,f__Ectothiorhodospiraceae,g__Thioalkalivibrio,s__Thioalkalivibrio_sp_AL21
k__Bacteria,p__Proteobacteria,c__Gammaproteobacteria,o__Chromatiales,f__Ectothiorhodospiraceae,g__Thioalkalivibrio,s__Thioalkalivibrio_sp_ALJ15
k__Bacteria,p__Proteobacteria,c__Gammaproteobacteria,o__Chromatiales,f__Ectothiorhodospiraceae,g__Thioalkalivibrio,s__Thioalkalivibrio_sp_ALgr1
k__Bacteria,p__Proteobacteria,c__Gammaproteobacteria,o__Chromatiales,f__Ectothiorhodospiraceae,g__Thioalkalivibrio,s__Thioalkalivibrio_sp_ALRh
k__Bacteria,p__Proteobacteria,c__Gammaproteobacteria,o__Chromatiales,f__Ectothiorhodospiraceae,g__Thioalkalivibrio,s__Thioalkalivibrio_sp_ALJ12
k__Bacteria,p__Proteobacteria,c__Gammaproteobacteria,o__Chromatiales,f__Ectothiorhodospiraceae,g__Thioalkalivibrio,s__Thioalkalivibrio_sp_ALJ11
k__Bacteria,p__Proteobacteria,c__Gammaproteobacteria,o__Chromatiales,f__Ectothiorhodospiraceae,g__Thioalkalivibrio,s__Thioalkalivibrio_sp_ALJ8
k__Bacteria,p__Proteobacteria,c__Gammaproteobacteria,o__Chromatiales,f__Ectothiorhodospiraceae,g__Thioalkalivibrio,s__Thioalkalivibrio_sp_ALJ2
k__Bacteria,p__Proteobacteria,c__Gammaproteobacteria,o__Chromatiales,f__Ectothiorhodospiraceae,g__Thioalkalivibrio,s__Thioalkalivibrio_versutus
k__Bacteria,p__Proteobacteria,c__Gammaproteobacteria,o__Chromatiales,f__Ectothiorhodospiraceae,g__Thioalkalivibrio,s__Thioalkalivibrio_sp_ALJ9
k__Bacteria,p__Proteobacteria,c__Gammaproteobacteria,o__Chromatiales,f__Ectothiorhodospiraceae,g__Thioalkalivibrio,s__Thioalkalivibrio_sp_ALJ5
k__Bacteria,p__Proteobacteria,c__Gammaproteobacteria,o__Chromatiales,f__Ectothiorhodospiraceae,g__Thioalkalivibrio,s__Thioalkalivibrio_sp_AL5
k__Bacteria,p__Proteobacteria,c__Gammaproteobacteria,o__Chromatiales,f__Ectothiorhodospiraceae,g__Thioalkalivibrio,s__Thioalkalivibrio_sp_ALJ4
k__Bacteria,p__Proteobacteria,c__Gammaproteobacteria,o__Chromatiales,f__Ectothiorhodospiraceae,g__Thioalkalivibrio,s__Thioalkalivibrio_sp_ARh4
k__Bacteria,p__Proteobacteria,c__Gammaproteobacteria,o__Chromatiales,f__Ectothiorhodospiraceae,g__Thioalkalivibrio,s__Thioalkalivibrio_sp_ALJ16
k__Bacteria,p__Proteobacteria,c__Gammaproteobacteria,o__Chromatiales,f__Ectothiorhodospiraceae,g__Thioalkalivibrio,s__Thioalkalivibrio_sp_ALJT
k__Bacteria,p__Proteobacteria,c__Gammaproteobacteria,o__Chromatiales,f__Ectothiorhodospiraceae,g__Thioalkalivibrio,s__Thioalkalivibrio_sp_ALJ7
k__Bacteria,p__Proteobacteria,c__Gammaproteobacteria,o__Chromatiales,f__Ectothiorhodospiraceae,g__Thioalkalivibrio,s__Thioalkalivibrio_sp_ALJ6
k__Bacteria,p__Proteobacteria,c__Gammaproteobacteria,o__Chromatiales,f__Ectothiorhodospiraceae,g__Thioalkalivibrio,s__Thioalkalivibrio_sp_ALE16
k__Bacteria,p__Proteobacteria,c__Gammaproteobacteria,o__Chromatiales,f__Ectothiorhodospiraceae,g__Thioalkalivibrio,s__Thioalkalivibrio_sp_ALE31
k__Bacteria,p__Proteobacteria,c__Gammaproteobacteria,o__Chromatiales,f__Ectothiorhodospiraceae,g__Thioalkalivibrio,s__Thioalkalivibrio_sp_ALE27
k__Bacteria,p__Proteobacteria,c__Gammaproteobacteria,o__Chromatiales,f__Ectothiorhodospiraceae,g__Thioalkalivibrio,s__Thioalkalivibrio_sp_ALE22
k__Bacteria,p__Proteobacteria,c__Gammaproteobacteria,o__Chromatiales,f__Ectothiorhodospiraceae,g__Thioalkalivibrio,s__Thioalkalivibrio_sp_ALE12
k__Bacteria,p__Proteobacteria,c__Gammaproteobacteria,o__Chromatiales,f__Ectothiorhodospiraceae,g__Thioalkalivibrio,s__Thioalkalivibrio_sp_ALE28
k__Bacteria,p__Proteobacteria,c__Gammaproteobacteria,o__Chromatiales,f__Ectothiorhodospiraceae,g__Thioalkalivibrio,s__Thioalkalivibrio_sp_ALE30
k__Bacteria,p__Proteobacteria,c__Gammaproteobacteria,o__Chromatiales,f__Ectothiorhodospiraceae,g__Thioalkalivibrio,s__Thioalkalivibrio_sp_ALE9
k__Bacteria,p__Proteobacteria,c__Gammaproteobacteria,o__Chromatiales,f__Ectothiorhodospiraceae,g__Thioalkalivibrio,s__Thioalkalivibrio_sp_ALE25
k__Bacteria,p__Proteobacteria,c__Gammaproteobacteria,o__Chromatiales,f__Ectothiorhodospiraceae,g__Thioalkalivibrio,s__Thioalkalivibrio_sp_ALgr5
k__Bacteria,p__Proteobacteria,c__Gammaproteobacteria,o__Chromatiales,f__Ectothiorhodospiraceae,g__Thioalkalivibrio,s__Thioalkalivibrio_sp_ALE6
k__Bacteria,p__Proteobacteria,c__Gammaproteobacteria,o__Chromatiales,f__Ectothiorhodospiraceae,g__Thioalkalivibrio,s__Thioalkalivibrio_sp_ALE14
k__Bacteria,p__Proteobacteria,c__Gammaproteobacteria,o__Chromatiales,f__Ectothiorhodospiraceae,g__Thioalkalivibrio,s__Thioalkalivibrio_sp_ALMg11
k__Bacteria,p__Proteobacteria,c__Gammaproteobacteria,o__Chromatiales,f__Ectothiorhodospiraceae,g__Thioalkalivibrio,s__Thioalkalivibrio_sp_AKL6
k__Bacteria,p__Proteobacteria,c__Gammaproteobacteria,o__Chromatiales,f__Ectothiorhodospiraceae,g__Thioalkalivibrio,s__Thioalkalivibrio_sp_AKL7
k__Bacteria,p__Proteobacteria,c__Gammaproteobacteria,o__Chromatiales,f__Ectothiorhodospiraceae,g__Thioalkalivibrio,s__Thioalkalivibrio_sp_ALMg3
k__Bacteria,p__Proteobacteria,c__Gammaproteobacteria,o__Chromatiales,f__Ectothiorhodospiraceae,g__Thioalkalivibrio,s__Thioalkalivibrio_sp_AKL8
k__Bacteria,p__Proteobacteria,c__Gammaproteobacteria,o__Chromatiales,f__Ectothiorhodospiraceae,g__Thioalkalivibrio,s__Thioalkalivibrio_sp_ALMg9
k__Bacteria,p__Proteobacteria,c__Gammaproteobacteria,o__Chromatiales,f__Ectothiorhodospiraceae,g__Thioalkalivibrio,s__Thioalkalivibrio_sp_ALM2T
k__Bacteria,p__Proteobacteria,c__Gammaproteobacteria,o__Chromatiales,f__Ectothiorhodospiraceae,g__Thioalkalivibrio,s__Thioalkalivibrio_sp_AKL12
k__Bacteria,p__Proteobacteria,c__Gammaproteobacteria,o__Chromatiales,f__Ectothiorhodospiraceae,g__Thioalkalivibrio,s__Thioalkalivibrio_sp_AKL3
k__Bacteria,p__Proteobacteria,c__Gammaproteobacteria,o__Chromatiales,f__Ectothiorhodospiraceae,g__Thioalkalivibrio,s__Thioalkalivibrio_sp_AKL9
k__Bacteria,p__Proteobacteria,c__Gammaproteobacteria,o__Chromatiales,f__Ectothiorhodospiraceae,g__Thioalkalivibrio,s__Thioalkalivibrio_sp_ALMg13_2
k__Bacteria,p__Proteobacteria,c__Gammaproteobacteria,o__Chromatiales,f__Ectothiorhodospiraceae,g__Thioalkalivibrio,s__Thioalkalivibrio_sp_ALMg2
k__Bacteria,p__Proteobacteria,c__Gammaproteobacteria,o__Chromatiales,f__Ectothiorhodospiraceae,g__Thioalkalivibrio,s__Thioalkalivibrio_sp_AKL10
k__Bacteria,p__Proteobacteria,c__Gammaproteobacteria,o__Xanthomonadales,f__Xanthomonadaceae,g__Wohlfahrtiimonas,s__Wohlfahrtiimonas_chitiniclastica
k__Bacteria,p__Proteobacteria,c__Gammaproteobacteria,o__Cardiobacteriales,f__Cardiobacteriaceae,g__Dichelobacter,s__Dichelobacter_nodosus
k__Bacteria,p__Proteobacteria,c__Gammaproteobacteria,o__Cardiobacteriales,f__Cardiobacteriaceae,g__Cardiobacterium,s__Cardiobacterium_hominis
k__Bacteria,p__Proteobacteria,c__Gammaproteobacteria,o__Cardiobacteriales,f__Cardiobacteriaceae,g__Cardiobacterium,s__Cardiobacterium_valvarum
k__Bacteria,p__Proteobacteria,c__Gammaproteobacteria,o__Gammaproteobacteria_noname,f__Gammaproteobacteria_noname,g__Gammaproteobacteria_noname,s__Calyptogena_okutanii_thioautotrophic_gill_symbiont
k__Bacteria,p__Proteobacteria,c__Gammaproteobacteria,o__Gammaproteobacteria_noname,f__Gammaproteobacteria_noname,g__Gammaproteobacteria_noname,s__Candidatus_Ruthia_magnifica
k__Bacteria,p__Proteobacteria,c__Gammaproteobacteria,o__Gammaproteobacteria_noname,f__Gammaproteobacteria_noname,g__Gammaproteobacteria_noname,s__gamma_proteobacterium_SCGC_AAA001_B15
k__Bacteria,p__Proteobacteria,c__Gammaproteobacteria,o__Gammaproteobacteria_noname,f__Gammaproteobacteria_noname,g__Gammaproteobacteria_noname,s__endosymbiont_of_Bathymodiolus_sp
k__Bacteria,p__Proteobacteria,c__Gammaproteobacteria,o__Thiotrichales,f__Piscirickettsiaceae,g__Thioalkalimicrobium,s__Thioalkalimicrobium_cyclicum
k__Bacteria,p__Proteobacteria,c__Gammaproteobacteria,o__Thiotrichales,f__Piscirickettsiaceae,g__Thioalkalimicrobium,s__Thioalkalimicrobium_aerophilum
k__Bacteria,p__Proteobacteria,c__Gammaproteobacteria,o__Thiotrichales,f__Piscirickettsiaceae,g__Thiomicrospira,s__Thiomicrospira_arctica
k__Bacteria,p__Proteobacteria,c__Gammaproteobacteria,o__Thiotrichales,f__Piscirickettsiaceae,g__Thiomicrospira,s__Thiomicrospira_crunogena
k__Bacteria,p__Proteobacteria,c__Gammaproteobacteria,o__Thiotrichales,f__Piscirickettsiaceae,g__Thiomicrospira,s__Thiomicrospira_halophila
k__Bacteria,p__Proteobacteria,c__Gammaproteobacteria,o__Thiotrichales,f__Piscirickettsiaceae,g__Piscirickettsia,s__Piscirickettsia_salmonis
k__Bacteria,p__Proteobacteria,c__Gammaproteobacteria,o__Thiotrichales,f__Thiotrichales_noname,g__Fangia,s__Fangia_hongkongensis
k__Bacteria,p__Proteobacteria,c__Gammaproteobacteria,o__Thiotrichales,f__Francisellaceae,g__Francisella,s__Francisella_novicida
k__Bacteria,p__Proteobacteria,c__Gammaproteobacteria,o__Thiotrichales,f__Francisellaceae,g__Francisella,s__Francisella_tularensis
k__Bacteria,p__Proteobacteria,c__Gammaproteobacteria,o__Thiotrichales,f__Francisellaceae,g__Francisella,s__Francisella_sp_TX077308
k__Bacteria,p__Proteobacteria,c__Gammaproteobacteria,o__Thiotrichales,f__Francisellaceae,g__Francisella,s__Francisella_philomiragia
k__Bacteria,p__Proteobacteria,c__Gammaproteobacteria,o__Thiotrichales,f__Francisellaceae,g__Francisella,s__Francisella_noatunensis
k__Bacteria,p__Proteobacteria,c__Gammaproteobacteria,o__Legionellales,f__Coxiellaceae,g__Coxiella,s__Coxiella_burnetii
k__Bacteria,p__Proteobacteria,c__Gammaproteobacteria,o__Legionellales,f__Coxiellaceae,g__Rickettsiella,s__Rickettsiella_grylli
k__Bacteria,p__Proteobacteria,c__Gammaproteobacteria,o__Legionellales,f__Coxiellaceae,g__Diplorickettsia,s__Diplorickettsia_massiliensis
k__Bacteria,p__Proteobacteria,c__Gammaproteobacteria,o__Legionellales,f__Legionellaceae,g__Legionella,s__Legionella_tunisiensis
k__Bacteria,p__Proteobacteria,c__Gammaproteobacteria,o__Legionellales,f__Legionellaceae,g__Legionella,s__Legionella_pneumophila
k__Bacteria,p__Proteobacteria,c__Gammaproteobacteria,o__Legionellales,f__Legionellaceae,g__Legionella,s__Legionella_shakespearei
k__Bacteria,p__Proteobacteria,c__Gammaproteobacteria,o__Legionellales,f__Legionellaceae,g__Legionella,s__Legionella_drancourtii
k__Bacteria,p__Proteobacteria,c__Gammaproteobacteria,o__Legionellales,f__Legionellaceae,g__Legionella,s__Legionella_longbeachae
k__Bacteria,p__Proteobacteria,c__Gammaproteobacteria,o__Legionellales,f__Legionellaceae,g__Fluoribacter,s__Fluoribacter_dumoffii
k__Bacteria,p__Proteobacteria,c__Gammaproteobacteria,o__Legionellales,f__Legionellaceae,g__Legionella,s__Legionella_anisa
k__Bacteria,p__Proteobacteria,c__Gammaproteobacteria,o__Gammaproteobacteria_noname,f__Gammaproteobacteria_noname,g__Gammaproteobacteria_noname,s__gamma_proteobacterium_HIMB30
k__Bacteria,p__Proteobacteria,c__Gammaproteobacteria,o__Gammaproteobacteria_noname,f__Gammaproteobacteria_noname,g__Gammaproteobacteria_noname,s__SAR86_cluster_bacterium_SAR86E
k__Bacteria,p__Proteobacteria,c__Gammaproteobacteria,o__Gammaproteobacteria_noname,f__Gammaproteobacteria_noname,g__Gammaproteobacteria_noname,s__SAR86_cluster_bacterium_SAR86C
k__Bacteria,p__Proteobacteria,c__Gammaproteobacteria,o__Gammaproteobacteria_noname,f__Gammaproteobacteria_noname,g__Gammaproteobacteria_noname,s__SAR86_cluster_bacterium_SAR86D
k__Bacteria,p__Proteobacteria,c__Betaproteobacteria,o__Burkholderiales,f__Oxalobacteraceae,g__Candidatus_Zinderia,s__Candidatus_Zinderia_insecticola
k__Bacteria,p__Proteobacteria,c__Gammaproteobacteria,o__Gammaproteobacteria_noname,f__Gammaproteobacteria_noname,g__Candidatus_Carsonella,s__Candidatus_Carsonella_ruddii
k__Bacteria,p__Proteobacteria,c__Betaproteobacteria,o__Betaproteobacteria_noname,f__Betaproteobacteria_noname,g__Candidatus_Tremblaya,s__Candidatus_Tremblaya_princeps
k__Bacteria,p__Proteobacteria,c__Betaproteobacteria,o__Betaproteobacteria_noname,f__Betaproteobacteria_noname,g__Candidatus_Tremblaya,s__Candidatus_Tremblaya_phenacola
k__Bacteria,p__Proteobacteria,c__Gammaproteobacteria,o__Gammaproteobacteria_noname,f__Gammaproteobacteria_noname,g__Gammaproteobacteria_noname,s__gamma_proteobacterium_HdN1
k__Bacteria,p__Proteobacteria,c__Gammaproteobacteria,o__Oceanospirillales,f__Alcanivoracaceae,g__Alcanivorax,s__Alcanivorax_pacificus
k__Bacteria,p__Proteobacteria,c__Gammaproteobacteria,o__Oceanospirillales,f__Alcanivoracaceae,g__Alcanivorax,s__Alcanivorax_dieselolei
k__Bacteria,p__Proteobacteria,c__Gammaproteobacteria,o__Oceanospirillales,f__Alcanivoracaceae,g__Alcanivorax,s__Alcanivorax_hongdengensis
k__Bacteria,p__Proteobacteria,c__Gammaproteobacteria,o__Oceanospirillales,f__Alcanivoracaceae,g__Alcanivorax,s__Alcanivorax_borkumensis
k__Bacteria,p__Proteobacteria,c__Gammaproteobacteria,o__Oceanospirillales,f__Alcanivoracaceae,g__Alcanivorax,s__Alcanivorax_sp_DG881
k__Bacteria,p__Proteobacteria,c__Gammaproteobacteria,o__Pseudomonadales,f__Moraxellaceae,g__Perlucidibaca,s__Perlucidibaca_piscinae
k__Bacteria,p__Proteobacteria,c__Gammaproteobacteria,o__Pseudomonadales,f__Moraxellaceae,g__Enhydrobacter,s__Enhydrobacter_aerosaccus
k__Bacteria,p__Proteobacteria,c__Gammaproteobacteria,o__Pseudomonadales,f__Moraxellaceae,g__Moraxella,s__Moraxella_macacae
k__Bacteria,p__Proteobacteria,c__Gammaproteobacteria,o__Pseudomonadales,f__Moraxellaceae,g__Moraxella,s__Moraxella_boevrei
k__Bacteria,p__Proteobacteria,c__Gammaproteobacteria,o__Pseudomonadales,f__Moraxellaceae,g__Moraxella,s__Moraxella_catarrhalis
k__Bacteria,p__Proteobacteria,c__Gammaproteobacteria,o__Pseudomonadales,f__Moraxellaceae,g__Psychrobacter,s__Psychrobacter_lutiphocae
k__Bacteria,p__Proteobacteria,c__Gammaproteobacteria,o__Pseudomonadales,f__Moraxellaceae,g__Psychrobacter,s__Psychrobacter_sp_PRwf_1
k__Bacteria,p__Proteobacteria,c__Gammaproteobacteria,o__Pseudomonadales,f__Moraxellaceae,g__Psychrobacter,s__Psychrobacter_sp_1501_2011
k__Bacteria,p__Proteobacteria,c__Gammaproteobacteria,o__Pseudomonadales,f__Moraxellaceae,g__Psychrobacter,s__Psychrobacter_sp_PAMC_21119
k__Bacteria,p__Proteobacteria,c__Gammaproteobacteria,o__Pseudomonadales,f__Moraxellaceae,g__Psychrobacter,s__Psychrobacter_aquaticus
k__Bacteria,p__Proteobacteria,c__Gammaproteobacteria,o__Pseudomonadales,f__Moraxellaceae,g__Psychrobacter,s__Psychrobacter_arcticus
k__Bacteria,p__Proteobacteria,c__Gammaproteobacteria,o__Pseudomonadales,f__Moraxellaceae,g__Psychrobacter,s__Psychrobacter_cryohalolentis
k__Bacteria,p__Proteobacteria,c__Gammaproteobacteria,o__Pseudomonadales,f__Moraxellaceae,g__Psychrobacter,s__Psychrobacter_sp_G
k__Bacteria,p__Proteobacteria,c__Gammaproteobacteria,o__Pseudomonadales,f__Moraxellaceae,g__Acinetobacter,s__Acinetobacter_nectaris
k__Bacteria,p__Proteobacteria,c__Gammaproteobacteria,o__Pseudomonadales,f__Moraxellaceae,g__Acinetobacter,s__Acinetobacter_sp_ANC_3789
k__Bacteria,p__Proteobacteria,c__Gammaproteobacteria,o__Pseudomonadales,f__Moraxellaceae,g__Acinetobacter,s__Acinetobacter_brisouii
k__Bacteria,p__Proteobacteria,c__Gammaproteobacteria,o__Pseudomonadales,f__Moraxellaceae,g__Acinetobacter,s__Acinetobacter_radioresistens
k__Bacteria,p__Proteobacteria,c__Gammaproteobacteria,o__Pseudomonadales,f__Moraxellaceae,g__Acinetobacter,s__Acinetobacter_rudis
k__Bacteria,p__Proteobacteria,c__Gammaproteobacteria,o__Pseudomonadales,f__Moraxellaceae,g__Acinetobacter,s__Acinetobacter_gerneri
k__Bacteria,p__Proteobacteria,c__Gammaproteobacteria,o__Pseudomonadales,f__Moraxellaceae,g__Acinetobacter,s__Acinetobacter_sp_P8_3_8
k__Bacteria,p__Proteobacteria,c__Gammaproteobacteria,o__Pseudomonadales,f__Moraxellaceae,g__Acinetobacter,s__Acinetobacter_guillouiae
k__Bacteria,p__Proteobacteria,c__Gammaproteobacteria,o__Pseudomonadales,f__Moraxellaceae,g__Acinetobacter,s__Acinetobacter_sp_WC_743
k__Bacteria,p__Proteobacteria,c__Gammaproteobacteria,o__Pseudomonadales,f__Moraxellaceae,g__Acinetobacter,s__Acinetobacter_bereziniae
k__Bacteria,p__Proteobacteria,c__Gammaproteobacteria,o__Pseudomonadales,f__Moraxellaceae,g__Acinetobacter,s__Acinetobacter_sp_ANC_3994
k__Bacteria,p__Proteobacteria,c__Gammaproteobacteria,o__Pseudomonadales,f__Moraxellaceae,g__Acinetobacter,s__Acinetobacter_johnsonii
k__Bacteria,p__Proteobacteria,c__Gammaproteobacteria,o__Pseudomonadales,f__Moraxellaceae,g__Acinetobacter,s__Acinetobacter_tandoii
k__Bacteria,p__Proteobacteria,c__Gammaproteobacteria,o__Pseudomonadales,f__Moraxellaceae,g__Acinetobacter,s__Acinetobacter_bouvetii
k__Bacteria,p__Proteobacteria,c__Gammaproteobacteria,o__Pseudomonadales,f__Moraxellaceae,g__Acinetobacter,s__Acinetobacter_sp_CIP_53_82
k__Bacteria,p__Proteobacteria,c__Gammaproteobacteria,o__Pseudomonadales,f__Moraxellaceae,g__Acinetobacter,s__Acinetobacter_indicus
k__Bacteria,p__Proteobacteria,c__Gammaproteobacteria,o__Pseudomonadales,f__Moraxellaceae,g__Acinetobacter,s__Acinetobacter_towneri
k__Bacteria,p__Proteobacteria,c__Gammaproteobacteria,o__Pseudomonadales,f__Moraxellaceae,g__Acinetobacter,s__Acinetobacter_sp_MDS7A
k__Bacteria,p__Proteobacteria,c__Gammaproteobacteria,o__Pseudomonadales,f__Moraxellaceae,g__Acinetobacter,s__Acinetobacter_sp_NIPH_899
k__Bacteria,p__Proteobacteria,c__Gammaproteobacteria,o__Pseudomonadales,f__Moraxellaceae,g__Acinetobacter,s__Acinetobacter_sp_NIPH_2171
k__Bacteria,p__Proteobacteria,c__Gammaproteobacteria,o__Pseudomonadales,f__Moraxellaceae,g__Acinetobacter,s__Acinetobacter_sp_CIP_101934
k__Bacteria,p__Proteobacteria,c__Gammaproteobacteria,o__Pseudomonadales,f__Moraxellaceae,g__Acinetobacter,s__Acinetobacter_sp_HA
k__Bacteria,p__Proteobacteria,c__Gammaproteobacteria,o__Pseudomonadales,f__Moraxellaceae,g__Acinetobacter,s__Acinetobacter_schindleri
k__Bacteria,p__Proteobacteria,c__Gammaproteobacteria,o__Pseudomonadales,f__Moraxellaceae,g__Acinetobacter,s__Acinetobacter_sp_NIPH_713
k__Bacteria,p__Proteobacteria,c__Gammaproteobacteria,o__Pseudomonadales,f__Moraxellaceae,g__Acinetobacter,s__Acinetobacter_sp_CIP_51_11
k__Bacteria,p__Proteobacteria,c__Gammaproteobacteria,o__Pseudomonadales,f__Moraxellaceae,g__Acinetobacter,s__Acinetobacter_lwoffii
k__Bacteria,p__Proteobacteria,c__Gammaproteobacteria,o__Pseudomonadales,f__Moraxellaceae,g__Acinetobacter,s__Acinetobacter_sp_CIP_A162
k__Bacteria,p__Proteobacteria,c__Gammaproteobacteria,o__Pseudomonadales,f__Moraxellaceae,g__Acinetobacter,s__Acinetobacter_sp_CIP_102136
k__Bacteria,p__Proteobacteria,c__Gammaproteobacteria,o__Pseudomonadales,f__Moraxellaceae,g__Acinetobacter,s__Acinetobacter_sp_CIP_101966
k__Bacteria,p__Proteobacteria,c__Gammaproteobacteria,o__Pseudomonadales,f__Moraxellaceae,g__Acinetobacter,s__Acinetobacter_sp_CIP_64_7
k__Bacteria,p__Proteobacteria,c__Gammaproteobacteria,o__Pseudomonadales,f__Moraxellaceae,g__Acinetobacter,s__Acinetobacter_ursingii
k__Bacteria,p__Proteobacteria,c__Gammaproteobacteria,o__Pseudomonadales,f__Moraxellaceae,g__Acinetobacter,s__Acinetobacter_soli
k__Bacteria,p__Proteobacteria,c__Gammaproteobacteria,o__Pseudomonadales,f__Moraxellaceae,g__Acinetobacter,s__Acinetobacter_sp_ADP1
k__Bacteria,p__Proteobacteria,c__Gammaproteobacteria,o__Pseudomonadales,f__Moraxellaceae,g__Acinetobacter,s__Acinetobacter_baylyi
k__Bacteria,p__Proteobacteria,c__Gammaproteobacteria,o__Pseudomonadales,f__Moraxellaceae,g__Acinetobacter,s__Acinetobacter_sp_NCTC_10304
k__Bacteria,p__Proteobacteria,c__Gammaproteobacteria,o__Pseudomonadales,f__Moraxellaceae,g__Acinetobacter,s__Acinetobacter_baumannii
k__Bacteria,p__Proteobacteria,c__Gammaproteobacteria,o__Pseudomonadales,f__Moraxellaceae,g__Acinetobacter,s__Acinetobacter_nosocomialis
k__Bacteria,p__Proteobacteria,c__Gammaproteobacteria,o__Pseudomonadales,f__Moraxellaceae,g__Acinetobacter,s__Acinetobacter_sp_GG2
k__Bacteria,p__Proteobacteria,c__Gammaproteobacteria,o__Pseudomonadales,f__Moraxellaceae,g__Acinetobacter,s__Acinetobacter_sp_NIPH_973
k__Bacteria,p__Proteobacteria,c__Gammaproteobacteria,o__Pseudomonadales,f__Moraxellaceae,g__Acinetobacter,s__Acinetobacter_sp_NIPH_817
k__Bacteria,p__Proteobacteria,c__Gammaproteobacteria,o__Pseudomonadales,f__Moraxellaceae,g__Acinetobacter,s__Acinetobacter_sp_NIPH_542
k__Bacteria,p__Proteobacteria,c__Gammaproteobacteria,o__Pseudomonadales,f__Moraxellaceae,g__Acinetobacter,s__Acinetobacter_oleivorans
k__Bacteria,p__Proteobacteria,c__Gammaproteobacteria,o__Pseudomonadales,f__Moraxellaceae,g__Acinetobacter,s__Acinetobacter_calcoaceticus
k__Bacteria,p__Proteobacteria,c__Gammaproteobacteria,o__Pseudomonadales,f__Moraxellaceae,g__Acinetobacter,s__Acinetobacter_pittii
k__Bacteria,p__Proteobacteria,c__Gammaproteobacteria,o__Pseudomonadales,f__Moraxellaceae,g__Acinetobacter,s__Acinetobacter_sp_TG2027
k__Bacteria,p__Proteobacteria,c__Gammaproteobacteria,o__Pseudomonadales,f__Moraxellaceae,g__Acinetobacter,s__Acinetobacter_sp_TG27347
k__Bacteria,p__Proteobacteria,c__Gammaproteobacteria,o__Pseudomonadales,f__Moraxellaceae,g__Acinetobacter,s__Acinetobacter_sp_528
k__Bacteria,p__Proteobacteria,c__Gammaproteobacteria,o__Pseudomonadales,f__Moraxellaceae,g__Acinetobacter,s__Acinetobacter_sp_ATCC_27244
k__Bacteria,p__Proteobacteria,c__Gammaproteobacteria,o__Pseudomonadales,f__Moraxellaceae,g__Acinetobacter,s__Acinetobacter_haemolyticus
k__Bacteria,p__Proteobacteria,c__Gammaproteobacteria,o__Pseudomonadales,f__Moraxellaceae,g__Acinetobacter,s__Acinetobacter_sp_CIP_A165
k__Bacteria,p__Proteobacteria,c__Gammaproteobacteria,o__Pseudomonadales,f__Moraxellaceae,g__Acinetobacter,s__Acinetobacter_sp_NIPH_298
k__Bacteria,p__Proteobacteria,c__Gammaproteobacteria,o__Pseudomonadales,f__Moraxellaceae,g__Acinetobacter,s__Acinetobacter_beijerinckii
k__Bacteria,p__Proteobacteria,c__Gammaproteobacteria,o__Pseudomonadales,f__Moraxellaceae,g__Acinetobacter,s__Acinetobacter_tjernbergiae
k__Bacteria,p__Proteobacteria,c__Gammaproteobacteria,o__Pseudomonadales,f__Moraxellaceae,g__Acinetobacter,s__Acinetobacter_sp_NIPH_284
k__Bacteria,p__Proteobacteria,c__Gammaproteobacteria,o__Pseudomonadales,f__Moraxellaceae,g__Acinetobacter,s__Acinetobacter_sp_NIPH_236
k__Bacteria,p__Proteobacteria,c__Gammaproteobacteria,o__Pseudomonadales,f__Moraxellaceae,g__Acinetobacter,s__Acinetobacter_sp_ANC_3862
k__Bacteria,p__Proteobacteria,c__Gammaproteobacteria,o__Pseudomonadales,f__Moraxellaceae,g__Acinetobacter,s__Acinetobacter_junii
k__Bacteria,p__Proteobacteria,c__Gammaproteobacteria,o__Pseudomonadales,f__Moraxellaceae,g__Acinetobacter,s__Acinetobacter_parvus
k__Bacteria,p__Proteobacteria,c__Gammaproteobacteria,o__Pseudomonadales,f__Moraxellaceae,g__Acinetobacter,s__Acinetobacter_sp_CIP_102637
k__Bacteria,p__Proteobacteria,c__Gammaproteobacteria,o__Pseudomonadales,f__Moraxellaceae,g__Acinetobacter,s__Acinetobacter_sp_CIP_102129
k__Bacteria,p__Proteobacteria,c__Gammaproteobacteria,o__Pseudomonadales,f__Moraxellaceae,g__Acinetobacter,s__Acinetobacter_sp_CIP_102143
k__Bacteria,p__Proteobacteria,c__Gammaproteobacteria,o__Pseudomonadales,f__Moraxellaceae,g__Acinetobacter,s__Acinetobacter_sp_CIP_102529
k__Bacteria,p__Proteobacteria,c__Gammaproteobacteria,o__Pseudomonadales,f__Moraxellaceae,g__Acinetobacter,s__Acinetobacter_sp_CIP_102159
k__Bacteria,p__Proteobacteria,c__Gammaproteobacteria,o__Pseudomonadales,f__Moraxellaceae,g__Acinetobacter,s__Acinetobacter_sp_CIP_102082
k__Bacteria,p__Proteobacteria,c__Gammaproteobacteria,o__Pseudomonadales,f__Moraxellaceae,g__Acinetobacter,s__Acinetobacter_sp_NBRC_100985
k__Bacteria,p__Proteobacteria,c__Gammaproteobacteria,o__Pseudomonadales,f__Moraxellaceae,g__Acinetobacter,s__Acinetobacter_venetianus
k__Bacteria,p__Proteobacteria,c__Gammaproteobacteria,o__Pseudomonadales,f__Moraxellaceae,g__Acinetobacter,s__Acinetobacter_sp_NIPH_1847
k__Bacteria,p__Proteobacteria,c__Gammaproteobacteria,o__Pseudomonadales,f__Moraxellaceae,g__Acinetobacter,s__Acinetobacter_sp_NIPH_3623
k__Bacteria,p__Proteobacteria,c__Gammaproteobacteria,o__Pseudomonadales,f__Moraxellaceae,g__Acinetobacter,s__Acinetobacter_sp_NIPH_758
k__Bacteria,p__Proteobacteria,c__Gammaproteobacteria,o__Pseudomonadales,f__Moraxellaceae,g__Acinetobacter,s__Acinetobacter_sp_NIPH_2168
k__Bacteria,p__Proteobacteria,c__Gammaproteobacteria,o__Pseudomonadales,f__Moraxellaceae,g__Acinetobacter,s__Acinetobacter_sp_NIPH_809
k__Bacteria,p__Proteobacteria,c__Gammaproteobacteria,o__Pseudomonadales,f__Moraxellaceae,g__Acinetobacter,s__Acinetobacter_gyllenbergii
k__Bacteria,p__Proteobacteria,c__Gammaproteobacteria,o__Pseudomonadales,f__Moraxellaceae,g__Acinetobacter,s__Acinetobacter_sp_NCTC_7422
k__Bacteria,p__Proteobacteria,c__Gammaproteobacteria,o__Pseudomonadales,f__Moraxellaceae,g__Acinetobacter,s__Acinetobacter_sp_CIP_64_2
k__Bacteria,p__Proteobacteria,c__Gammaproteobacteria,o__Pseudomonadales,f__Moraxellaceae,g__Acinetobacter,s__Acinetobacter_sp_NIPH_1859
k__Bacteria,p__Proteobacteria,c__Gammaproteobacteria,o__Pseudomonadales,f__Moraxellaceae,g__Acinetobacter,s__Acinetobacter_sp_NIPH_2036
k__Bacteria,p__Proteobacteria,c__Gammaproteobacteria,o__Pseudomonadales,f__Moraxellaceae,g__Acinetobacter,s__Acinetobacter_sp_ANC_4105
k__Bacteria,p__Proteobacteria,c__Gammaproteobacteria,o__Pseudomonadales,f__Moraxellaceae,g__Acinetobacter,s__Acinetobacter_sp_NIPH_2100
k__Bacteria,p__Proteobacteria,c__Gammaproteobacteria,o__Pseudomonadales,f__Moraxellaceae,g__Acinetobacter,s__Acinetobacter_sp_ANC_3929
k__Bacteria,p__Proteobacteria,c__Gammaproteobacteria,o__Pseudomonadales,f__Moraxellaceae,g__Acinetobacter,s__Acinetobacter_sp_NIPH_1867
k__Bacteria,p__Proteobacteria,c__Gammaproteobacteria,o__Pseudomonadales,f__Moraxellaceae,g__Acinetobacter,s__Acinetobacter_sp_CIP_110321
k__Bacteria,p__Proteobacteria,c__Gammaproteobacteria,o__Pseudomonadales,f__Moraxellaceae,g__Acinetobacter,s__Acinetobacter_sp_TG19627
k__Bacteria,p__Proteobacteria,c__Gammaproteobacteria,o__Pseudomonadales,f__Moraxellaceae,g__Acinetobacter,s__Acinetobacter_sp_CIP_70_18
k__Bacteria,p__Proteobacteria,c__Gammaproteobacteria,o__Pseudomonadales,f__Moraxellaceae,g__Acinetobacter,s__Acinetobacter_sp_CIP_56_2
k__Bacteria,p__Proteobacteria,c__Gammaproteobacteria,o__Pseudomonadales,f__Moraxellaceae,g__Acinetobacter,s__Acinetobacter_sp_ANC_3880
k__Bacteria,p__Proteobacteria,c__Gammaproteobacteria,o__Gammaproteobacteria_noname,f__Gammaproteobacteria_noname,g__Gammaproteobacteria_noname,s__gamma_proteobacterium_IMCC2047
k__Bacteria,p__Proteobacteria,c__Gammaproteobacteria,o__Gammaproteobacteria_noname,f__Gammaproteobacteria_noname,g__Gammaproteobacteria_noname,s__gamma_proteobacterium_HTCC2207
k__Bacteria,p__Proteobacteria,c__Gammaproteobacteria,o__Alteromonadales,f__Alteromonadaceae,g__Microbulbifer,s__Microbulbifer_agarilyticus
k__Bacteria,p__Proteobacteria,c__Gammaproteobacteria,o__Alteromonadales,f__Alteromonadaceae,g__Microbulbifer,s__Microbulbifer_variabilis
k__Bacteria,p__Proteobacteria,c__Gammaproteobacteria,o__Alteromonadales,f__Alteromonadales_noname,g__Alteromonadales_noname,s__gamma_proteobacterium_IMCC1989
k__Bacteria,p__Proteobacteria,c__Gammaproteobacteria,o__Alteromonadales,f__Alteromonadaceae,g__Saccharophagus,s__Saccharophagus_degradans
k__Bacteria,p__Proteobacteria,c__Gammaproteobacteria,o__Alteromonadales,f__Alteromonadales_noname,g__Teredinibacter,s__Teredinibacter_turnerae
k__Bacteria,p__Proteobacteria,c__Gammaproteobacteria,o__Alteromonadales,f__Alteromonadales_noname,g__Gilvimarinus,s__Gilvimarinus_chinensis
k__Bacteria,p__Proteobacteria,c__Gammaproteobacteria,o__Pseudomonadales,f__Pseudomonadaceae,g__Cellvibrio,s__Cellvibrio_japonicus
k__Bacteria,p__Proteobacteria,c__Gammaproteobacteria,o__Pseudomonadales,f__Pseudomonadaceae,g__Cellvibrio,s__Cellvibrio_sp_BR
k__Bacteria,p__Proteobacteria,c__Gammaproteobacteria,o__Gammaproteobacteria_noname,f__Gammaproteobacteria_noname,g__Gammaproteobacteria_noname,s__marine_gamma_proteobacterium_HTCC2143
k__Bacteria,p__Proteobacteria,c__Gammaproteobacteria,o__Gammaproteobacteria_noname,f__Gammaproteobacteria_noname,g__Gammaproteobacteria_noname,s__gamma_proteobacterium_BDW918
k__Bacteria,p__Proteobacteria,c__Gammaproteobacteria,o__Gammaproteobacteria_noname,f__Gammaproteobacteria_noname,g__Gammaproteobacteria_noname,s__marine_gamma_proteobacterium_HTCC2148
k__Bacteria,p__Proteobacteria,c__Gammaproteobacteria,o__Gammaproteobacteria_noname,f__Gammaproteobacteria_noname,g__Congregibacter,s__Congregibacter_litoralis
k__Bacteria,p__Proteobacteria,c__Gammaproteobacteria,o__Gammaproteobacteria_noname,f__Gammaproteobacteria_noname,g__Gammaproteobacteria_noname,s__gamma_proteobacterium_NOR5_3
k__Bacteria,p__Proteobacteria,c__Gammaproteobacteria,o__Gammaproteobacteria_noname,f__Gammaproteobacteria_noname,g__Gammaproteobacteria_noname,s__gamma_proteobacterium_IMCC3088
k__Bacteria,p__Proteobacteria,c__Gammaproteobacteria,o__Gammaproteobacteria_noname,f__Gammaproteobacteria_noname,g__Gammaproteobacteria_noname,s__gamma_proteobacterium_HIMB55
k__Bacteria,p__Proteobacteria,c__Gammaproteobacteria,o__Gammaproteobacteria_noname,f__Gammaproteobacteria_noname,g__Luminiphilus,s__Luminiphilus_syltensis
k__Bacteria,p__Proteobacteria,c__Gammaproteobacteria,o__Gammaproteobacteria_noname,f__Gammaproteobacteria_noname,g__Gammaproteobacteria_noname,s__marine_gamma_proteobacterium_HTCC2080
k__Bacteria,p__Proteobacteria,c__Gammaproteobacteria,o__Gammaproteobacteria_noname,f__Gammaproteobacteria_noname,g__Reinekea,s__Reinekea_blandensis
k__Bacteria,p__Proteobacteria,c__Gammaproteobacteria,o__Oceanospirillales,f__Oceanospirillaceae,g__Bermanella,s__Bermanella_marisrubri
k__Bacteria,p__Proteobacteria,c__Gammaproteobacteria,o__Oceanospirillales,f__Oceanospirillaceae,g__Thalassolituus,s__Thalassolituus_oleivorans
k__Bacteria,p__Proteobacteria,c__Gammaproteobacteria,o__Oceanospirillales,f__Oceanospirillaceae,g__Neptuniibacter,s__Neptuniibacter_caesariensis
k__Bacteria,p__Proteobacteria,c__Gammaproteobacteria,o__Oceanospirillales,f__Oceanospirillaceae,g__Amphritea,s__Amphritea_japonica
k__Bacteria,p__Proteobacteria,c__Gammaproteobacteria,o__Alteromonadales,f__Alteromonadaceae,g__Marinobacterium,s__Marinobacterium_stanieri
k__Bacteria,p__Proteobacteria,c__Gammaproteobacteria,o__Alteromonadales,f__Alteromonadaceae,g__Marinobacterium,s__Marinobacterium_rhizophilum
k__Bacteria,p__Proteobacteria,c__Gammaproteobacteria,o__Oceanospirillales,f__Oceanospirillaceae,g__Marinomonas,s__Marinomonas_sp_MED121
k__Bacteria,p__Proteobacteria,c__Gammaproteobacteria,o__Oceanospirillales,f__Oceanospirillaceae,g__Marinomonas,s__Marinomonas_mediterranea
k__Bacteria,p__Proteobacteria,c__Gammaproteobacteria,o__Oceanospirillales,f__Oceanospirillaceae,g__Marinomonas,s__Marinomonas_sp_MWYL1
k__Bacteria,p__Proteobacteria,c__Gammaproteobacteria,o__Oceanospirillales,f__Oceanospirillaceae,g__Marinomonas,s__Marinomonas_posidonica
k__Bacteria,p__Proteobacteria,c__Gammaproteobacteria,o__Oceanospirillales,f__Hahellaceae,g__Hahella,s__Hahella_chejuensis
k__Bacteria,p__Proteobacteria,c__Gammaproteobacteria,o__Oceanospirillales,f__Hahellaceae,g__Hahella,s__Hahella_ganghwensis
k__Bacteria,p__Proteobacteria,c__Gammaproteobacteria,o__Alteromonadales,f__Alteromonadaceae,g__Marinobacter,s__Marinobacter_nanhaiticus
k__Bacteria,p__Proteobacteria,c__Gammaproteobacteria,o__Alteromonadales,f__Alteromonadaceae,g__Marinobacter,s__Marinobacter_hydrocarbonoclasticus
k__Bacteria,p__Proteobacteria,c__Gammaproteobacteria,o__Alteromonadales,f__Alteromonadaceae,g__Marinobacter,s__Marinobacter_santoriniensis
k__Bacteria,p__Proteobacteria,c__Gammaproteobacteria,o__Alteromonadales,f__Alteromonadaceae,g__Marinobacter,s__Marinobacter_algicola
k__Bacteria,p__Proteobacteria,c__Gammaproteobacteria,o__Alteromonadales,f__Alteromonadaceae,g__Marinobacter,s__Marinobacter_lipolyticus
k__Bacteria,p__Proteobacteria,c__Gammaproteobacteria,o__Alteromonadales,f__Alteromonadaceae,g__Marinobacter,s__Marinobacter_sp_ELB17
k__Bacteria,p__Proteobacteria,c__Gammaproteobacteria,o__Alteromonadales,f__Alteromonadaceae,g__Marinobacter,s__Marinobacter_sp_BSs20148
k__Bacteria,p__Proteobacteria,c__Gammaproteobacteria,o__Alteromonadales,f__Alteromonadaceae,g__Marinobacter,s__Marinobacter_adhaerens
k__Bacteria,p__Proteobacteria,c__Gammaproteobacteria,o__Alteromonadales,f__Alteromonadaceae,g__Marinobacter,s__Marinobacter_manganoxydans
k__Bacteria,p__Proteobacteria,c__Gammaproteobacteria,o__Oceanospirillales,f__Halomonadaceae,g__Candidatus_Portiera,s__Candidatus_Portiera_aleyrodidarum
k__Bacteria,p__Proteobacteria,c__Gammaproteobacteria,o__Oceanospirillales,f__Halomonadaceae,g__Kushneria,s__Kushneria_aurantia
k__Bacteria,p__Proteobacteria,c__Gammaproteobacteria,o__Oceanospirillales,f__Halomonadaceae,g__Chromohalobacter,s__Chromohalobacter_salexigens
k__Bacteria,p__Proteobacteria,c__Gammaproteobacteria,o__Oceanospirillales,f__Halomonadaceae,g__Halomonas,s__Halomonas_lutea
k__Bacteria,p__Proteobacteria,c__Gammaproteobacteria,o__Oceanospirillales,f__Halomonadaceae,g__Halomonas,s__Halomonas_anticariensis
k__Bacteria,p__Proteobacteria,c__Gammaproteobacteria,o__Oceanospirillales,f__Halomonadaceae,g__Halomonas,s__Halomonas_sp_BJGMM_B45
k__Bacteria,p__Proteobacteria,c__Gammaproteobacteria,o__Oceanospirillales,f__Halomonadaceae,g__Halomonas,s__Halomonas_elongata
k__Bacteria,p__Proteobacteria,c__Gammaproteobacteria,o__Oceanospirillales,f__Halomonadaceae,g__Halomonas,s__Halomonas_smyrnensis
k__Bacteria,p__Proteobacteria,c__Gammaproteobacteria,o__Oceanospirillales,f__Halomonadaceae,g__Halomonas,s__Halomonas_sp_KM_1
k__Bacteria,p__Proteobacteria,c__Gammaproteobacteria,o__Oceanospirillales,f__Halomonadaceae,g__Halomonas,s__Halomonas_jeotgali
k__Bacteria,p__Proteobacteria,c__Gammaproteobacteria,o__Oceanospirillales,f__Halomonadaceae,g__Halomonas,s__Halomonas_stevensii
k__Bacteria,p__Proteobacteria,c__Gammaproteobacteria,o__Oceanospirillales,f__Halomonadaceae,g__Halomonas,s__Halomonas_sp_TD01
k__Bacteria,p__Proteobacteria,c__Gammaproteobacteria,o__Oceanospirillales,f__Halomonadaceae,g__Halomonas,s__Halomonas_sp_GFAJ_1
k__Bacteria,p__Proteobacteria,c__Gammaproteobacteria,o__Oceanospirillales,f__Halomonadaceae,g__Halomonas,s__Halomonas_zhanjiangensis
k__Bacteria,p__Proteobacteria,c__Gammaproteobacteria,o__Oceanospirillales,f__Halomonadaceae,g__Halomonas,s__Halomonas_sp_HAL1
k__Bacteria,p__Proteobacteria,c__Gammaproteobacteria,o__Oceanospirillales,f__Halomonadaceae,g__Halomonas,s__Halomonas_boliviensis
k__Bacteria,p__Proteobacteria,c__Gammaproteobacteria,o__Oceanospirillales,f__Halomonadaceae,g__Halomonas,s__Halomonas_titanicae
k__Bacteria,p__Proteobacteria,c__Gammaproteobacteria,o__Oceanospirillales,f__Hahellaceae,g__Endozoicomonas,s__Endozoicomonas_elysicola
k__Bacteria,p__Proteobacteria,c__Gammaproteobacteria,o__Pseudomonadales,f__Pseudomonadaceae,g__Pseudomonas,s__Pseudomonas_pelagia
k__Bacteria,p__Proteobacteria,c__Gammaproteobacteria,o__Pseudomonadales,f__Pseudomonadaceae,g__Pseudomonas,s__Pseudomonas_caeni
k__Bacteria,p__Proteobacteria,c__Gammaproteobacteria,o__Pseudomonadales,f__Pseudomonadaceae,g__Pseudomonas,s__Pseudomonas_psychrotolerans
k__Bacteria,p__Proteobacteria,c__Gammaproteobacteria,o__Pseudomonadales,f__Pseudomonadaceae,g__Pseudomonas,s__Pseudomonas_sp_313
k__Bacteria,p__Proteobacteria,c__Gammaproteobacteria,o__Pseudomonadales,f__Pseudomonadaceae,g__Pseudomonas,s__Pseudomonas_luteola
k__Bacteria,p__Proteobacteria,c__Gammaproteobacteria,o__Pseudomonadales,f__Pseudomonadaceae,g__Pseudomonas,s__Pseudomonas_sp_HPB0071
k__Bacteria,p__Proteobacteria,c__Gammaproteobacteria,o__Pseudomonadales,f__Pseudomonadaceae,g__Azotobacter,s__Azotobacter_vinelandii
k__Bacteria,p__Proteobacteria,c__Gammaproteobacteria,o__Pseudomonadales,f__Pseudomonadaceae,g__Pseudomonas,s__Pseudomonas_sp_Chol1
k__Bacteria,p__Proteobacteria,c__Gammaproteobacteria,o__Pseudomonadales,f__Pseudomonadaceae,g__Pseudomonas,s__Pseudomonas_stutzeri
k__Bacteria,p__Proteobacteria,c__Gammaproteobacteria,o__Pseudomonadales,f__Pseudomonadaceae,g__Pseudomonas,s__Pseudomonas_chloritidismutans
k__Bacteria,p__Proteobacteria,c__Gammaproteobacteria,o__Pseudomonadales,f__Pseudomonadaceae,g__Pseudomonas,s__Pseudomonas_thermotolerans
k__Bacteria,p__Proteobacteria,c__Gammaproteobacteria,o__Pseudomonadales,f__Pseudomonadaceae,g__Pseudomonas,s__Pseudomonas_pseudoalcaligenes
k__Bacteria,p__Proteobacteria,c__Gammaproteobacteria,o__Pseudomonadales,f__Pseudomonadaceae,g__Pseudomonas,s__Pseudomonas_resinovorans
k__Bacteria,p__Proteobacteria,c__Gammaproteobacteria,o__Pseudomonadales,f__Pseudomonadaceae,g__Pseudomonas,s__Pseudomonas_sp_2_1_26
k__Bacteria,p__Proteobacteria,c__Gammaproteobacteria,o__Pseudomonadales,f__Pseudomonadaceae,g__Pseudomonas,s__Pseudomonas_aeruginosa
k__Bacteria,p__Proteobacteria,c__Gammaproteobacteria,o__Pseudomonadales,f__Pseudomonadaceae,g__Pseudomonas,s__Pseudomonas_sp_P179
k__Bacteria,p__Proteobacteria,c__Gammaproteobacteria,o__Pseudomonadales,f__Pseudomonadaceae,g__Pseudomonas,s__Pseudomonas_sp_M1
k__Bacteria,p__Proteobacteria,c__Gammaproteobacteria,o__Pseudomonadales,f__Pseudomonadaceae,g__Pseudomonas,s__Pseudomonas_nitroreducens
k__Bacteria,p__Proteobacteria,c__Gammaproteobacteria,o__Pseudomonadales,f__Pseudomonadaceae,g__Pseudomonas,s__Pseudomonas_denitrificans
k__Bacteria,p__Proteobacteria,c__Gammaproteobacteria,o__Pseudomonadales,f__Pseudomonadaceae,g__Pseudomonas,s__Pseudomonas_fulva
k__Bacteria,p__Proteobacteria,c__Gammaproteobacteria,o__Pseudomonadales,f__Pseudomonadaceae,g__Pseudomonas,s__Pseudomonas_alcaligenes
k__Bacteria,p__Proteobacteria,c__Gammaproteobacteria,o__Pseudomonadales,f__Pseudomonadaceae,g__Pseudomonas,s__Pseudomonas_sp_EGD_AK9
k__Bacteria,p__Proteobacteria,c__Gammaproteobacteria,o__Pseudomonadales,f__Pseudomonadaceae,g__Pseudomonas,s__Pseudomonas_mendocina
k__Bacteria,p__Proteobacteria,c__Gammaproteobacteria,o__Pseudomonadales,f__Pseudomonadaceae,g__Pseudomonas,s__Pseudomonas_alcaliphila
k__Bacteria,p__Proteobacteria,c__Gammaproteobacteria,o__Pseudomonadales,f__Pseudomonadaceae,g__Pseudomonas,s__Pseudomonas_sp_S9
k__Bacteria,p__Proteobacteria,c__Gammaproteobacteria,o__Pseudomonadales,f__Pseudomonadaceae,g__Pseudomonas,s__Pseudomonas_sp_M47T1
k__Bacteria,p__Proteobacteria,c__Gammaproteobacteria,o__Pseudomonadales,f__Pseudomonadaceae,g__Pseudomonas,s__Pseudomonas_sp_CFII64
k__Bacteria,p__Proteobacteria,c__Gammaproteobacteria,o__Pseudomonadales,f__Pseudomonadaceae,g__Pseudomonas,s__Pseudomonas_viridiflava
k__Bacteria,p__Proteobacteria,c__Gammaproteobacteria,o__Pseudomonadales,f__Pseudomonadaceae,g__Pseudomonas,s__Pseudomonas_savastanoi
k__Bacteria,p__Proteobacteria,c__Gammaproteobacteria,o__Pseudomonadales,f__Pseudomonadaceae,g__Pseudomonas,s__Pseudomonas_amygdali
k__Bacteria,p__Proteobacteria,c__Gammaproteobacteria,o__Pseudomonadales,f__Pseudomonadaceae,g__Pseudomonas,s__Pseudomonas_coronafaciens
k__Bacteria,p__Proteobacteria,c__Gammaproteobacteria,o__Pseudomonadales,f__Pseudomonadaceae,g__Pseudomonas,s__Pseudomonas_syringae_group_genomosp_3
k__Bacteria,p__Proteobacteria,c__Gammaproteobacteria,o__Pseudomonadales,f__Pseudomonadaceae,g__Pseudomonas,s__Pseudomonas_avellanae
k__Bacteria,p__Proteobacteria,c__Gammaproteobacteria,o__Pseudomonadales,f__Pseudomonadaceae,g__Pseudomonas,s__Pseudomonas_syringae
k__Bacteria,p__Proteobacteria,c__Gammaproteobacteria,o__Pseudomonadales,f__Pseudomonadaceae,g__Pseudomonas,s__Pseudomonas_sp_HYS
k__Bacteria,p__Proteobacteria,c__Gammaproteobacteria,o__Pseudomonadales,f__Pseudomonadaceae,g__Pseudomonas,s__Pseudomonas_entomophila
k__Bacteria,p__Proteobacteria,c__Gammaproteobacteria,o__Pseudomonadales,f__Pseudomonadaceae,g__Pseudomonas,s__Pseudomonas_mosselii
k__Bacteria,p__Proteobacteria,c__Gammaproteobacteria,o__Pseudomonadales,f__Pseudomonadaceae,g__Pseudomonas,s__Pseudomonas_sp_GM84
k__Bacteria,p__Proteobacteria,c__Gammaproteobacteria,o__Pseudomonadales,f__Pseudomonadaceae,g__Pseudomonas,s__Pseudomonas_plecoglossicida
k__Bacteria,p__Proteobacteria,c__Gammaproteobacteria,o__Pseudomonadales,f__Pseudomonadaceae,g__Pseudomonas,s__Pseudomonas_sp_S13_1_2
k__Bacteria,p__Proteobacteria,c__Gammaproteobacteria,o__Pseudomonadales,f__Pseudomonadaceae,g__Pseudomonas,s__Pseudomonas_putida
k__Bacteria,p__Proteobacteria,c__Gammaproteobacteria,o__Pseudomonadales,f__Pseudomonadaceae,g__Pseudomonas,s__Pseudomonas_monteilii
k__Bacteria,p__Proteobacteria,c__Gammaproteobacteria,o__Pseudomonadales,f__Pseudomonadaceae,g__Pseudomonas,s__Pseudomonas_sp_TJI_51
k__Bacteria,p__Proteobacteria,c__Gammaproteobacteria,o__Pseudomonadales,f__Pseudomonadaceae,g__Pseudomonas,s__Pseudomonas_taiwanensis
k__Bacteria,p__Proteobacteria,c__Gammaproteobacteria,o__Pseudomonadales,f__Pseudomonadaceae,g__Pseudomonas,s__Pseudomonas_psychrophila
k__Bacteria,p__Proteobacteria,c__Gammaproteobacteria,o__Pseudomonadales,f__Pseudomonadaceae,g__Pseudomonas,s__Pseudomonas_sp_CF149
k__Bacteria,p__Proteobacteria,c__Gammaproteobacteria,o__Pseudomonadales,f__Pseudomonadaceae,g__Pseudomonas,s__Pseudomonas_fragi
k__Bacteria,p__Proteobacteria,c__Gammaproteobacteria,o__Pseudomonadales,f__Pseudomonadaceae,g__Pseudomonas,s__Pseudomonas_sp_Lz4W
k__Bacteria,p__Proteobacteria,c__Gammaproteobacteria,o__Pseudomonadales,f__Pseudomonadaceae,g__Pseudomonas,s__Pseudomonas_fuscovaginae
k__Bacteria,p__Proteobacteria,c__Gammaproteobacteria,o__Pseudomonadales,f__Pseudomonadaceae,g__Pseudomonas,s__Pseudomonas_gingeri
k__Bacteria,p__Proteobacteria,c__Gammaproteobacteria,o__Pseudomonadales,f__Pseudomonadaceae,g__Pseudomonas,s__Pseudomonas_agarici
k__Bacteria,p__Proteobacteria,c__Gammaproteobacteria,o__Pseudomonadales,f__Pseudomonadaceae,g__Pseudomonas,s__Pseudomonas_sp_CF161
k__Bacteria,p__Proteobacteria,c__Gammaproteobacteria,o__Pseudomonadales,f__Pseudomonadaceae,g__Pseudomonas,s__Pseudomonas_sp_GM17
k__Bacteria,p__Proteobacteria,c__Gammaproteobacteria,o__Pseudomonadales,f__Pseudomonadaceae,g__Pseudomonas,s__Pseudomonas_chlororaphis
k__Bacteria,p__Proteobacteria,c__Gammaproteobacteria,o__Pseudomonadales,f__Pseudomonadaceae,g__Pseudomonas,s__Pseudomonas_protegens
k__Bacteria,p__Proteobacteria,c__Gammaproteobacteria,o__Pseudomonadales,f__Pseudomonadaceae,g__Pseudomonas,s__Pseudomonas_sp_CMAA1215
k__Bacteria,p__Proteobacteria,c__Gammaproteobacteria,o__Pseudomonadales,f__Pseudomonadaceae,g__Pseudomonas,s__Pseudomonas_sp_PAMC_25886
k__Bacteria,p__Proteobacteria,c__Gammaproteobacteria,o__Pseudomonadales,f__Pseudomonadaceae,g__Pseudomonas,s__Pseudomonas_sp_Ag1
k__Bacteria,p__Proteobacteria,c__Gammaproteobacteria,o__Pseudomonadales,f__Pseudomonadaceae,g__Pseudomonas,s__Pseudomonas_sp_PAMC_26793
k__Bacteria,p__Proteobacteria,c__Gammaproteobacteria,o__Pseudomonadales,f__Pseudomonadaceae,g__Pseudomonas,s__Pseudomonas_extremaustralis
k__Bacteria,p__Proteobacteria,c__Gammaproteobacteria,o__Pseudomonadales,f__Pseudomonadaceae,g__Pseudomonas,s__Pseudomonas_veronii
k__Bacteria,p__Proteobacteria,c__Gammaproteobacteria,o__Pseudomonadales,f__Pseudomonadaceae,g__Pseudomonas,s__Pseudomonas_sp_CBZ_4
k__Bacteria,p__Proteobacteria,c__Gammaproteobacteria,o__Pseudomonadales,f__Pseudomonadaceae,g__Pseudomonas,s__Pseudomonas_sp_R81
k__Bacteria,p__Proteobacteria,c__Gammaproteobacteria,o__Pseudomonadales,f__Pseudomonadaceae,g__Pseudomonas,s__Pseudomonas_tolaasii
k__Bacteria,p__Proteobacteria,c__Gammaproteobacteria,o__Pseudomonadales,f__Pseudomonadaceae,g__Pseudomonas,s__Pseudomonas_poae
k__Bacteria,p__Proteobacteria,c__Gammaproteobacteria,o__Pseudomonadales,f__Pseudomonadaceae,g__Pseudomonas,s__Pseudomonas_synxantha
k__Bacteria,p__Proteobacteria,c__Gammaproteobacteria,o__Pseudomonadales,f__Pseudomonadaceae,g__Pseudomonas,s__Pseudomonas_sp_CF150
k__Bacteria,p__Proteobacteria,c__Gammaproteobacteria,o__Pseudomonadales,f__Pseudomonadaceae,g__Pseudomonas,s__Pseudomonas_sp_CFT9
k__Bacteria,p__Proteobacteria,c__Gammaproteobacteria,o__Pseudomonadales,f__Pseudomonadaceae,g__Pseudomonas,s__Pseudomonas_brassicacearum
k__Bacteria,p__Proteobacteria,c__Gammaproteobacteria,o__Pseudomonadales,f__Pseudomonadaceae,g__Pseudomonas,s__Pseudomonas_sp_CFII68
k__Bacteria,p__Proteobacteria,c__Gammaproteobacteria,o__Pseudomonadales,f__Pseudomonadaceae,g__Pseudomonas,s__Pseudomonas_sp_GM41_2012
k__Bacteria,p__Proteobacteria,c__Gammaproteobacteria,o__Pseudomonadales,f__Pseudomonadaceae,g__Pseudomonas,s__Pseudomonas_sp_GM21
k__Bacteria,p__Proteobacteria,c__Gammaproteobacteria,o__Pseudomonadales,f__Pseudomonadaceae,g__Pseudomonas,s__Pseudomonas_mandelii
k__Bacteria,p__Proteobacteria,c__Gammaproteobacteria,o__Pseudomonadales,f__Pseudomonadaceae,g__Pseudomonas,s__Pseudomonas_fluorescens
k__Bacteria,p__Proteobacteria,c__Gammaproteobacteria,o__Pseudomonadales,f__Pseudomonadaceae,g__Pseudomonas,s__Pseudomonas_sp_GM60
k__Bacteria,p__Proteobacteria,c__Gammaproteobacteria,o__Pseudomonadales,f__Pseudomonadaceae,g__Pseudomonas,s__Pseudomonas_sp_GM67
k__Bacteria,p__Proteobacteria,c__Gammaproteobacteria,o__Pseudomonadales,f__Pseudomonadaceae,g__Pseudomonas,s__Pseudomonas_sp_GM79
k__Bacteria,p__Proteobacteria,c__Gammaproteobacteria,o__Pseudomonadales,f__Pseudomonadaceae,g__Pseudomonas,s__Pseudomonas_sp_GM50
k__Bacteria,p__Proteobacteria,c__Gammaproteobacteria,o__Pseudomonadales,f__Pseudomonadaceae,g__Pseudomonas,s__Pseudomonas_sp_GM102
k__Bacteria,p__Proteobacteria,c__Gammaproteobacteria,o__Pseudomonadales,f__Pseudomonadaceae,g__Pseudomonas,s__Pseudomonas_sp_GM18
k__Bacteria,p__Proteobacteria,c__Gammaproteobacteria,o__Pseudomonadales,f__Pseudomonadaceae,g__Pseudomonas,s__Pseudomonas_sp_45MFCol3_1
k__Bacteria,p__Proteobacteria,c__Gammaproteobacteria,o__Pseudomonadales,f__Pseudomonadaceae,g__Pseudomonas,s__Pseudomonas_umsongensis
k__Bacteria,p__Proteobacteria,c__Gammaproteobacteria,o__Pseudomonadales,f__Pseudomonadaceae,g__Pseudomonas,s__Pseudomonas_sp_35MFCvi1_1
k__Bacteria,p__Proteobacteria,c__Gammaproteobacteria,o__Pseudomonadales,f__Pseudomonadaceae,g__Pseudomonas,s__Pseudomonas_sp_GM25
k__Bacteria,p__Proteobacteria,c__Gammaproteobacteria,o__Pseudomonadales,f__Pseudomonadaceae,g__Pseudomonas,s__Pseudomonas_sp_GM30
k__Bacteria,p__Proteobacteria,c__Gammaproteobacteria,o__Pseudomonadales,f__Pseudomonadaceae,g__Pseudomonas,s__Pseudomonas_sp_R62
k__Bacteria,p__Proteobacteria,c__Gammaproteobacteria,o__Pseudomonadales,f__Pseudomonadaceae,g__Pseudomonas,s__Pseudomonas_sp_GM80
k__Bacteria,p__Proteobacteria,c__Gammaproteobacteria,o__Pseudomonadales,f__Pseudomonadaceae,g__Pseudomonas,s__Pseudomonas_sp_GM16
k__Bacteria,p__Proteobacteria,c__Gammaproteobacteria,o__Pseudomonadales,f__Pseudomonadaceae,g__Pseudomonas,s__Pseudomonas_sp_GM24
k__Bacteria,p__Proteobacteria,c__Gammaproteobacteria,o__Pseudomonadales,f__Pseudomonadaceae,g__Pseudomonas,s__Pseudomonas_sp_GM78
k__Bacteria,p__Proteobacteria,c__Gammaproteobacteria,o__Pseudomonadales,f__Pseudomonadaceae,g__Pseudomonas,s__Pseudomonas_sp_G5_2012
k__Bacteria,p__Proteobacteria,c__Gammaproteobacteria,o__Pseudomonadales,f__Pseudomonadaceae,g__Pseudomonas,s__Pseudomonas_sp_GM74
k__Bacteria,p__Proteobacteria,c__Gammaproteobacteria,o__Pseudomonadales,f__Pseudomonadaceae,g__Pseudomonas,s__Pseudomonas_sp_GM55
k__Bacteria,p__Proteobacteria,c__Gammaproteobacteria,o__Pseudomonadales,f__Pseudomonadaceae,g__Pseudomonas,s__Pseudomonas_sp_GM49
k__Bacteria,p__Proteobacteria,c__Gammaproteobacteria,o__Pseudomonadales,f__Pseudomonadaceae,g__Pseudomonas,s__Pseudomonas_sp_GM33
k__Bacteria,p__Proteobacteria,c__Gammaproteobacteria,o__Pseudomonadales,f__Pseudomonadaceae,g__Pseudomonas,s__Pseudomonas_sp_GM48
k__Bacteria,p__Proteobacteria,c__Gammaproteobacteria,o__Pseudomonadales,f__Pseudomonadaceae,g__Pseudomonas,s__Pseudomonas_sp_UW4
k__Bacteria,p__Proteobacteria,c__Gammaproteobacteria,o__Oceanospirillales,f__Alcanivoracaceae,g__Kangiella,s__Kangiella_koreensis
k__Bacteria,p__Proteobacteria,c__Gammaproteobacteria,o__Oceanospirillales,f__Alcanivoracaceae,g__Kangiella,s__Kangiella_aquimarina
k__Bacteria,p__Proteobacteria,c__Gammaproteobacteria,o__Alteromonadales,f__Idiomarinaceae,g__Idiomarina,s__Idiomarina_sp_A28L
k__Bacteria,p__Proteobacteria,c__Gammaproteobacteria,o__Alteromonadales,f__Idiomarinaceae,g__Idiomarina,s__Idiomarina_xiamenensis
k__Bacteria,p__Proteobacteria,c__Gammaproteobacteria,o__Alteromonadales,f__Idiomarinaceae,g__Idiomarina,s__Idiomarina_loihiensis
k__Bacteria,p__Proteobacteria,c__Gammaproteobacteria,o__Alteromonadales,f__Idiomarinaceae,g__Idiomarina,s__Idiomarina_baltica
k__Bacteria,p__Proteobacteria,c__Gammaproteobacteria,o__Alteromonadales,f__Alteromonadaceae,g__Catenovulum,s__Catenovulum_agarivorans
k__Bacteria,p__Proteobacteria,c__Gammaproteobacteria,o__Alteromonadales,f__Alteromonadaceae,g__Gayadomonas,s__Gayadomonas_joobiniege
k__Bacteria,p__Proteobacteria,c__Gammaproteobacteria,o__Alteromonadales,f__Alteromonadaceae,g__Salinimonas,s__Salinimonas_chungwhensis
k__Bacteria,p__Proteobacteria,c__Gammaproteobacteria,o__Alteromonadales,f__Alteromonadaceae,g__Alteromonas,s__Alteromonas_sp_SN2
k__Bacteria,p__Proteobacteria,c__Gammaproteobacteria,o__Alteromonadales,f__Alteromonadaceae,g__Alteromonas,s__Alteromonas_macleodii
k__Bacteria,p__Proteobacteria,c__Alphaproteobacteria,o__Rhodobacterales,f__Rhodobacterales_noname,g__Rhodobacterales_noname,s__Rhodobacterales_bacterium_HTCC2255
k__Bacteria,p__Proteobacteria,c__Gammaproteobacteria,o__Alteromonadales,f__Alteromonadaceae,g__Glaciecola,s__Glaciecola_sp_HTCC2999
k__Bacteria,p__Proteobacteria,c__Gammaproteobacteria,o__Alteromonadales,f__Alteromonadaceae,g__Glaciecola,s__Glaciecola_punicea
k__Bacteria,p__Proteobacteria,c__Gammaproteobacteria,o__Alteromonadales,f__Alteromonadaceae,g__Glaciecola,s__Glaciecola_nitratireducens
k__Bacteria,p__Proteobacteria,c__Gammaproteobacteria,o__Alteromonadales,f__Alteromonadaceae,g__Glaciecola,s__Glaciecola_pallidula
k__Bacteria,p__Proteobacteria,c__Gammaproteobacteria,o__Alteromonadales,f__Alteromonadaceae,g__Glaciecola,s__Glaciecola_lipolytica
k__Bacteria,p__Proteobacteria,c__Gammaproteobacteria,o__Alteromonadales,f__Alteromonadaceae,g__Glaciecola,s__Glaciecola_arctica
k__Bacteria,p__Proteobacteria,c__Gammaproteobacteria,o__Alteromonadales,f__Alteromonadaceae,g__Glaciecola,s__Glaciecola_psychrophila
k__Bacteria,p__Proteobacteria,c__Gammaproteobacteria,o__Alteromonadales,f__Alteromonadaceae,g__Glaciecola,s__Glaciecola_polaris
k__Bacteria,p__Proteobacteria,c__Gammaproteobacteria,o__Alteromonadales,f__Pseudoalteromonadaceae,g__Pseudoalteromonas,s__Pseudoalteromonas_atlantica
k__Bacteria,p__Proteobacteria,c__Gammaproteobacteria,o__Alteromonadales,f__Alteromonadaceae,g__Glaciecola,s__Glaciecola_mesophila
k__Bacteria,p__Proteobacteria,c__Gammaproteobacteria,o__Alteromonadales,f__Alteromonadaceae,g__Glaciecola,s__Glaciecola_agarilytica
k__Bacteria,p__Proteobacteria,c__Gammaproteobacteria,o__Alteromonadales,f__Alteromonadaceae,g__Glaciecola,s__Glaciecola_sp_4H_3_7_YE_5
k__Bacteria,p__Proteobacteria,c__Gammaproteobacteria,o__Alteromonadales,f__Alteromonadaceae,g__Glaciecola,s__Glaciecola_chathamensis
k__Bacteria,p__Proteobacteria,c__Gammaproteobacteria,o__Alteromonadales,f__Colwelliaceae,g__Colwellia,s__Colwellia_psychrerythraea
k__Bacteria,p__Proteobacteria,c__Gammaproteobacteria,o__Alteromonadales,f__Colwelliaceae,g__Colwellia,s__Colwellia_piezophila
k__Bacteria,p__Proteobacteria,c__Gammaproteobacteria,o__Alteromonadales,f__Pseudoalteromonadaceae,g__Algicola,s__Algicola_sagamiensis
k__Bacteria,p__Proteobacteria,c__Gammaproteobacteria,o__Chromatiales,f__Chromatiaceae,g__Rheinheimera,s__Rheinheimera_sp_A13L
k__Bacteria,p__Proteobacteria,c__Gammaproteobacteria,o__Chromatiales,f__Chromatiaceae,g__Rheinheimera,s__Rheinheimera_nanhaiensis
k__Bacteria,p__Proteobacteria,c__Gammaproteobacteria,o__Chromatiales,f__Chromatiaceae,g__Rheinheimera,s__Rheinheimera_perlucida
k__Bacteria,p__Proteobacteria,c__Gammaproteobacteria,o__Alteromonadales,f__Alteromonadaceae,g__Alishewanella,s__Alishewanella_agri
k__Bacteria,p__Proteobacteria,c__Gammaproteobacteria,o__Alteromonadales,f__Alteromonadaceae,g__Alishewanella,s__Alishewanella_jeotgali
k__Bacteria,p__Proteobacteria,c__Gammaproteobacteria,o__Alteromonadales,f__Alteromonadaceae,g__Alishewanella,s__Alishewanella_aestuarii
k__Bacteria,p__Proteobacteria,c__Gammaproteobacteria,o__Alteromonadales,f__Pseudoalteromonadaceae,g__Pseudoalteromonas,s__Pseudoalteromonas_spongiae
k__Bacteria,p__Proteobacteria,c__Gammaproteobacteria,o__Alteromonadales,f__Pseudoalteromonadaceae,g__Pseudoalteromonas,s__Pseudoalteromonas_tunicata
k__Bacteria,p__Proteobacteria,c__Gammaproteobacteria,o__Alteromonadales,f__Pseudoalteromonadaceae,g__Pseudoalteromonas,s__Pseudoalteromonas_ruthenica
k__Bacteria,p__Proteobacteria,c__Gammaproteobacteria,o__Alteromonadales,f__Pseudoalteromonadaceae,g__Pseudoalteromonas,s__Pseudoalteromonas_citrea
k__Bacteria,p__Proteobacteria,c__Gammaproteobacteria,o__Alteromonadales,f__Pseudoalteromonadaceae,g__Pseudoalteromonas,s__Pseudoalteromonas_rubra
k__Bacteria,p__Proteobacteria,c__Gammaproteobacteria,o__Alteromonadales,f__Pseudoalteromonadaceae,g__Pseudoalteromonas,s__Pseudoalteromonas_luteoviolacea
k__Bacteria,p__Proteobacteria,c__Gammaproteobacteria,o__Alteromonadales,f__Pseudoalteromonadaceae,g__Pseudoalteromonas,s__Pseudoalteromonas_flavipulchra
k__Bacteria,p__Proteobacteria,c__Gammaproteobacteria,o__Alteromonadales,f__Pseudoalteromonadaceae,g__Pseudoalteromonas,s__Pseudoalteromonas_sp_NJ631
k__Bacteria,p__Proteobacteria,c__Gammaproteobacteria,o__Alteromonadales,f__Pseudoalteromonadaceae,g__Pseudoalteromonas,s__Pseudoalteromonas_piscicida
k__Bacteria,p__Proteobacteria,c__Gammaproteobacteria,o__Alteromonadales,f__Pseudoalteromonadaceae,g__Pseudoalteromonas,s__Pseudoalteromonas_undina
k__Bacteria,p__Proteobacteria,c__Gammaproteobacteria,o__Alteromonadales,f__Pseudoalteromonadaceae,g__Pseudoalteromonas,s__Pseudoalteromonas_sp_BSi20439
k__Bacteria,p__Proteobacteria,c__Gammaproteobacteria,o__Alteromonadales,f__Pseudoalteromonadaceae,g__Pseudoalteromonas,s__Pseudoalteromonas_sp_BSi20311
k__Bacteria,p__Proteobacteria,c__Gammaproteobacteria,o__Alteromonadales,f__Pseudoalteromonadaceae,g__Pseudoalteromonas,s__Pseudoalteromonas_sp_SM9913
k__Bacteria,p__Proteobacteria,c__Gammaproteobacteria,o__Alteromonadales,f__Pseudoalteromonadaceae,g__Pseudoalteromonas,s__Pseudoalteromonas_sp_PAMC_22718
k__Bacteria,p__Proteobacteria,c__Gammaproteobacteria,o__Alteromonadales,f__Pseudoalteromonadaceae,g__Pseudoalteromonas,s__Pseudoalteromonas_agarivorans
k__Bacteria,p__Proteobacteria,c__Gammaproteobacteria,o__Alteromonadales,f__Pseudoalteromonadaceae,g__Pseudoalteromonas,s__Pseudoalteromonas_sp_BSi20480
k__Bacteria,p__Proteobacteria,c__Gammaproteobacteria,o__Alteromonadales,f__Alteromonadales_noname,g__Alteromonadales_noname,s__Alteromonadales_bacterium_TW_7
k__Bacteria,p__Proteobacteria,c__Gammaproteobacteria,o__Alteromonadales,f__Pseudoalteromonadaceae,g__Pseudoalteromonas,s__Pseudoalteromonas_marina
k__Bacteria,p__Proteobacteria,c__Gammaproteobacteria,o__Alteromonadales,f__Pseudoalteromonadaceae,g__Pseudoalteromonas,s__Pseudoalteromonas_sp_BSi20652
k__Bacteria,p__Proteobacteria,c__Gammaproteobacteria,o__Alteromonadales,f__Pseudoalteromonadaceae,g__Pseudoalteromonas,s__Pseudoalteromonas_sp_BSi20495
k__Bacteria,p__Proteobacteria,c__Gammaproteobacteria,o__Alteromonadales,f__Pseudoalteromonadaceae,g__Pseudoalteromonas,s__Pseudoalteromonas_haloplanktis
k__Bacteria,p__Proteobacteria,c__Gammaproteobacteria,o__Alteromonadales,f__Pseudoalteromonadaceae,g__Pseudoalteromonas,s__Pseudoalteromonas_arctica
k__Bacteria,p__Proteobacteria,c__Gammaproteobacteria,o__Alteromonadales,f__Pseudoalteromonadaceae,g__Pseudoalteromonas,s__Pseudoalteromonas_sp_BSi20429
k__Bacteria,p__Proteobacteria,c__Gammaproteobacteria,o__Alteromonadales,f__Ferrimonadaceae,g__Ferrimonas,s__Ferrimonas_balearica
k__Bacteria,p__Proteobacteria,c__Gammaproteobacteria,o__Alteromonadales,f__Shewanellaceae,g__Shewanella,s__Shewanella_amazonensis
k__Bacteria,p__Proteobacteria,c__Gammaproteobacteria,o__Alteromonadales,f__Shewanellaceae,g__Shewanella,s__Shewanella_loihica
k__Bacteria,p__Proteobacteria,c__Gammaproteobacteria,o__Alteromonadales,f__Shewanellaceae,g__Shewanella,s__Shewanella_piezotolerans
k__Bacteria,p__Proteobacteria,c__Gammaproteobacteria,o__Alteromonadales,f__Shewanellaceae,g__Shewanella,s__Shewanella_pealeana
k__Bacteria,p__Proteobacteria,c__Gammaproteobacteria,o__Alteromonadales,f__Shewanellaceae,g__Shewanella,s__Shewanella_halifaxensis
k__Bacteria,p__Proteobacteria,c__Gammaproteobacteria,o__Alteromonadales,f__Shewanellaceae,g__Shewanella,s__Shewanella_violacea
k__Bacteria,p__Proteobacteria,c__Gammaproteobacteria,o__Alteromonadales,f__Shewanellaceae,g__Shewanella,s__Shewanella_benthica
k__Bacteria,p__Proteobacteria,c__Gammaproteobacteria,o__Alteromonadales,f__Shewanellaceae,g__Shewanella,s__Shewanella_sediminis
k__Bacteria,p__Proteobacteria,c__Gammaproteobacteria,o__Alteromonadales,f__Shewanellaceae,g__Shewanella,s__Shewanella_woodyi
k__Bacteria,p__Proteobacteria,c__Gammaproteobacteria,o__Alteromonadales,f__Shewanellaceae,g__Shewanella,s__Shewanella_denitrificans
k__Bacteria,p__Proteobacteria,c__Gammaproteobacteria,o__Alteromonadales,f__Shewanellaceae,g__Shewanella,s__Shewanella_frigidimarina
k__Bacteria,p__Proteobacteria,c__Gammaproteobacteria,o__Alteromonadales,f__Shewanellaceae,g__Shewanella,s__Shewanella_sp_HN_41
k__Bacteria,p__Proteobacteria,c__Gammaproteobacteria,o__Alteromonadales,f__Shewanellaceae,g__Shewanella,s__Shewanella_baltica
k__Bacteria,p__Proteobacteria,c__Gammaproteobacteria,o__Alteromonadales,f__Shewanellaceae,g__Shewanella,s__Shewanella_sp_W3_18_1
k__Bacteria,p__Proteobacteria,c__Gammaproteobacteria,o__Alteromonadales,f__Shewanellaceae,g__Shewanella,s__Shewanella_putrefaciens
k__Bacteria,p__Proteobacteria,c__Gammaproteobacteria,o__Alteromonadales,f__Shewanellaceae,g__Shewanella,s__Shewanella_oneidensis
k__Bacteria,p__Proteobacteria,c__Gammaproteobacteria,o__Alteromonadales,f__Shewanellaceae,g__Shewanella,s__Shewanella_decolorationis
k__Bacteria,p__Proteobacteria,c__Gammaproteobacteria,o__Alteromonadales,f__Shewanellaceae,g__Shewanella,s__Shewanella_sp_ANA_3
k__Bacteria,p__Proteobacteria,c__Gammaproteobacteria,o__Alteromonadales,f__Shewanellaceae,g__Shewanella,s__Shewanella_sp_MR_7
k__Bacteria,p__Proteobacteria,c__Gammaproteobacteria,o__Alteromonadales,f__Shewanellaceae,g__Shewanella,s__Shewanella_sp_MR_4
k__Bacteria,p__Proteobacteria,c__Gammaproteobacteria,o__Alteromonadales,f__Alteromonadaceae,g__Agarivorans,s__Agarivorans_albus
k__Bacteria,p__Proteobacteria,c__Gammaproteobacteria,o__Alteromonadales,f__Moritellaceae,g__Moritella,s__Moritella_sp_PE36
k__Bacteria,p__Proteobacteria,c__Gammaproteobacteria,o__Alteromonadales,f__Moritellaceae,g__Moritella,s__Moritella_dasanensis
k__Bacteria,p__Proteobacteria,c__Gammaproteobacteria,o__Alteromonadales,f__Moritellaceae,g__Moritella,s__Moritella_marina
k__Bacteria,p__Proteobacteria,c__Gammaproteobacteria,o__Alteromonadales,f__Psychromonadaceae,g__Psychromonas,s__Psychromonas_ingrahamii
k__Bacteria,p__Proteobacteria,c__Gammaproteobacteria,o__Alteromonadales,f__Psychromonadaceae,g__Psychromonas,s__Psychromonas_ossibalaenae
k__Bacteria,p__Proteobacteria,c__Gammaproteobacteria,o__Alteromonadales,f__Psychromonadaceae,g__Psychromonas,s__Psychromonas_sp_CNPT3
k__Bacteria,p__Proteobacteria,c__Gammaproteobacteria,o__Alteromonadales,f__Psychromonadaceae,g__Psychromonas,s__Psychromonas_hadalis
k__Bacteria,p__Proteobacteria,c__Gammaproteobacteria,o__Aeromonadales,f__Aeromonadaceae,g__Oceanimonas,s__Oceanimonas_sp_GK1
k__Bacteria,p__Proteobacteria,c__Gammaproteobacteria,o__Aeromonadales,f__Aeromonadaceae,g__Oceanimonas,s__Oceanimonas_smirnovii
k__Bacteria,p__Proteobacteria,c__Gammaproteobacteria,o__Aeromonadales,f__Aeromonadaceae,g__Tolumonas,s__Tolumonas_auensis
k__Bacteria,p__Proteobacteria,c__Gammaproteobacteria,o__Aeromonadales,f__Succinivibrionaceae,g__Succinatimonas,s__Succinatimonas_hippei
k__Bacteria,p__Proteobacteria,c__Gammaproteobacteria,o__Aeromonadales,f__Succinivibrionaceae,g__Succinivibrionaceae_noname,s__Succinivibrionaceae_bacterium_WG_1
k__Bacteria,p__Proteobacteria,c__Gammaproteobacteria,o__Aeromonadales,f__Succinivibrionaceae,g__Succinimonas,s__Succinimonas_amylolytica
k__Bacteria,p__Proteobacteria,c__Gammaproteobacteria,o__Aeromonadales,f__Aeromonadaceae,g__Aeromonas,s__Aeromonas_diversa
k__Bacteria,p__Proteobacteria,c__Gammaproteobacteria,o__Aeromonadales,f__Aeromonadaceae,g__Aeromonas,s__Aeromonas_molluscorum
k__Bacteria,p__Proteobacteria,c__Gammaproteobacteria,o__Aeromonadales,f__Aeromonadaceae,g__Aeromonas,s__Aeromonas_salmonicida
k__Bacteria,p__Proteobacteria,c__Gammaproteobacteria,o__Aeromonadales,f__Aeromonadaceae,g__Aeromonas,s__Aeromonas_caviae
k__Bacteria,p__Proteobacteria,c__Gammaproteobacteria,o__Aeromonadales,f__Aeromonadaceae,g__Aeromonas,s__Aeromonas_media
k__Bacteria,p__Proteobacteria,c__Gammaproteobacteria,o__Aeromonadales,f__Aeromonadaceae,g__Aeromonas,s__Aeromonas_sp_159
k__Bacteria,p__Proteobacteria,c__Gammaproteobacteria,o__Aeromonadales,f__Aeromonadaceae,g__Aeromonas,s__Aeromonas_veronii
k__Bacteria,p__Proteobacteria,c__Gammaproteobacteria,o__Aeromonadales,f__Aeromonadaceae,g__Aeromonas,s__Aeromonas_hydrophila
k__Bacteria,p__Proteobacteria,c__Gammaproteobacteria,o__Aeromonadales,f__Aeromonadaceae,g__Aeromonas,s__Aeromonas_aquariorum
k__Bacteria,p__Proteobacteria,c__Gammaproteobacteria,o__Aeromonadales,f__Aeromonadaceae,g__Aeromonas,s__Aeromonas_sp_MDS8
k__Bacteria,p__Proteobacteria,c__Gammaproteobacteria,o__Vibrionales,f__Vibrionaceae,g__Salinivibrio,s__Salinivibrio_costicola
k__Bacteria,p__Proteobacteria,c__Gammaproteobacteria,o__Vibrionales,f__Vibrionaceae,g__Grimontia,s__Grimontia_hollisae
k__Bacteria,p__Proteobacteria,c__Gammaproteobacteria,o__Vibrionales,f__Vibrionaceae,g__Enterovibrio,s__Enterovibrio_norvegicus
k__Bacteria,p__Proteobacteria,c__Gammaproteobacteria,o__Vibrionales,f__Vibrionaceae,g__Enterovibrio,s__Enterovibrio_calviensis
k__Bacteria,p__Proteobacteria,c__Gammaproteobacteria,o__Vibrionales,f__Vibrionaceae,g__Photobacterium,s__Photobacterium_profundum
k__Bacteria,p__Proteobacteria,c__Gammaproteobacteria,o__Vibrionales,f__Vibrionaceae,g__Photobacterium,s__Photobacterium_damselae
k__Bacteria,p__Proteobacteria,c__Gammaproteobacteria,o__Vibrionales,f__Vibrionaceae,g__Photobacterium,s__Photobacterium_angustum
k__Bacteria,p__Proteobacteria,c__Gammaproteobacteria,o__Vibrionales,f__Vibrionaceae,g__Photobacterium,s__Photobacterium_sp_SKA34
k__Bacteria,p__Proteobacteria,c__Gammaproteobacteria,o__Vibrionales,f__Vibrionaceae,g__Aliivibrio,s__Aliivibrio_fischeri
k__Bacteria,p__Proteobacteria,c__Gammaproteobacteria,o__Vibrionales,f__Vibrionaceae,g__Aliivibrio,s__Aliivibrio_salmonicida
k__Bacteria,p__Proteobacteria,c__Gammaproteobacteria,o__Vibrionales,f__Vibrionaceae,g__Aliivibrio,s__Aliivibrio_logei
k__Bacteria,p__Proteobacteria,c__Gammaproteobacteria,o__Vibrionales,f__Vibrionaceae,g__Candidatus_Photodesmus,s__Candidatus_Photodesmus_katoptron
k__Bacteria,p__Proteobacteria,c__Gammaproteobacteria,o__Vibrionales,f__Vibrionaceae,g__Vibrio,s__Vibrio_breoganii
k__Bacteria,p__Proteobacteria,c__Gammaproteobacteria,o__Vibrionales,f__Vibrionaceae,g__Vibrio,s__Vibrio_ezurae
k__Bacteria,p__Proteobacteria,c__Gammaproteobacteria,o__Vibrionales,f__Vibrionaceae,g__Vibrio,s__Vibrio_halioticoli
k__Bacteria,p__Proteobacteria,c__Gammaproteobacteria,o__Vibrionales,f__Vibrionaceae,g__Vibrio,s__Vibrio_rumoiensis
k__Bacteria,p__Proteobacteria,c__Gammaproteobacteria,o__Vibrionales,f__Vibrionaceae,g__Vibrio,s__Vibrio_gazogenes
k__Bacteria,p__Proteobacteria,c__Gammaproteobacteria,o__Vibrionales,f__Vibrionaceae,g__Vibrio,s__Vibrio_nigripulchritudo
k__Bacteria,p__Proteobacteria,c__Gammaproteobacteria,o__Vibrionales,f__Vibrionaceae,g__Vibrio,s__Vibrio_genomosp_F10
k__Bacteria,p__Proteobacteria,c__Gammaproteobacteria,o__Vibrionales,f__Vibrionaceae,g__Vibrio,s__Vibrio_genomosp_F6
k__Bacteria,p__Proteobacteria,c__Gammaproteobacteria,o__Vibrionales,f__Vibrionaceae,g__Vibrio,s__Vibrio_cyclitrophicus
k__Bacteria,p__Proteobacteria,c__Gammaproteobacteria,o__Vibrionales,f__Vibrionaceae,g__Vibrio,s__Vibrio_splendidus
k__Bacteria,p__Proteobacteria,c__Gammaproteobacteria,o__Vibrionales,f__Vibrionaceae,g__Vibrio,s__Vibrio_tasmaniensis
k__Bacteria,p__Proteobacteria,c__Gammaproteobacteria,o__Vibrionales,f__Vibrionaceae,g__Vibrio,s__Vibrio_crassostreae
k__Bacteria,p__Proteobacteria,c__Gammaproteobacteria,o__Vibrionales,f__Vibrionaceae,g__Vibrio,s__Vibrio_kanaloae
k__Bacteria,p__Proteobacteria,c__Gammaproteobacteria,o__Vibrionales,f__Vibrionaceae,g__Vibrio,s__Vibrio_sp_624788
k__Bacteria,p__Proteobacteria,c__Gammaproteobacteria,o__Vibrionales,f__Vibrionaceae,g__Vibrio,s__Vibrio_sp_MED222
k__Bacteria,p__Proteobacteria,c__Gammaproteobacteria,o__Vibrionales,f__Vibrionales_noname,g__Vibrionales_noname,s__Vibrionales_bacterium_SWAT_3
k__Bacteria,p__Proteobacteria,c__Gammaproteobacteria,o__Vibrionales,f__Vibrionaceae,g__Vibrio,s__Vibrio_ordalii
k__Bacteria,p__Proteobacteria,c__Gammaproteobacteria,o__Vibrionales,f__Vibrionaceae,g__Vibrio,s__Vibrio_anguillarum
k__Bacteria,p__Proteobacteria,c__Gammaproteobacteria,o__Vibrionales,f__Vibrionaceae,g__Vibrio,s__Vibrio_metschnikovii
k__Bacteria,p__Proteobacteria,c__Gammaproteobacteria,o__Vibrionales,f__Vibrionaceae,g__Vibrio,s__Vibrio_furnissii
k__Bacteria,p__Proteobacteria,c__Gammaproteobacteria,o__Vibrionales,f__Vibrionaceae,g__Vibrio,s__Vibrio_mimicus
k__Bacteria,p__Proteobacteria,c__Gammaproteobacteria,o__Vibrionales,f__Vibrionaceae,g__Vibrio,s__Vibrio_albensis
k__Bacteria,p__Proteobacteria,c__Gammaproteobacteria,o__Vibrionales,f__Vibrionaceae,g__Vibrio,s__Vibrio_cholerae
k__Bacteria,p__Proteobacteria,c__Gammaproteobacteria,o__Vibrionales,f__Vibrionaceae,g__Vibrio,s__Vibrio_sp_RC341
k__Bacteria,p__Proteobacteria,c__Gammaproteobacteria,o__Vibrionales,f__Vibrionaceae,g__Vibrio,s__Vibrio_sp_RC586
k__Bacteria,p__Proteobacteria,c__Gammaproteobacteria,o__Vibrionales,f__Vibrionaceae,g__Vibrio,s__Vibrio_ichthyoenteri
k__Bacteria,p__Proteobacteria,c__Gammaproteobacteria,o__Vibrionales,f__Vibrionaceae,g__Vibrio,s__Vibrio_sp_N418
k__Bacteria,p__Proteobacteria,c__Gammaproteobacteria,o__Vibrionales,f__Vibrionaceae,g__Vibrio,s__Vibrio_scophthalmi
k__Bacteria,p__Proteobacteria,c__Gammaproteobacteria,o__Vibrionales,f__Vibrionaceae,g__Vibrio,s__Vibrio_caribbenthicus
k__Bacteria,p__Proteobacteria,c__Gammaproteobacteria,o__Vibrionales,f__Vibrionaceae,g__Vibrio,s__Vibrio_coralliilyticus
k__Bacteria,p__Proteobacteria,c__Gammaproteobacteria,o__Vibrionales,f__Vibrionaceae,g__Vibrio,s__Vibrio_brasiliensis
k__Bacteria,p__Proteobacteria,c__Gammaproteobacteria,o__Vibrionales,f__Vibrionaceae,g__Vibrio,s__Vibrio_orientalis
k__Bacteria,p__Proteobacteria,c__Gammaproteobacteria,o__Vibrionales,f__Vibrionaceae,g__Vibrio,s__Vibrio_tubiashii
k__Bacteria,p__Proteobacteria,c__Gammaproteobacteria,o__Vibrionales,f__Vibrionaceae,g__Vibrio,s__Vibrio_sp_16
k__Bacteria,p__Proteobacteria,c__Gammaproteobacteria,o__Vibrionales,f__Vibrionaceae,g__Vibrio,s__Vibrio_sinaloensis
k__Bacteria,p__Proteobacteria,c__Gammaproteobacteria,o__Vibrionales,f__Vibrionaceae,g__Vibrio,s__Vibrio_shilonii
k__Bacteria,p__Proteobacteria,c__Gammaproteobacteria,o__Vibrionales,f__Vibrionaceae,g__Vibrio,s__Vibrio_proteolyticus
k__Bacteria,p__Proteobacteria,c__Gammaproteobacteria,o__Vibrionales,f__Vibrionaceae,g__Vibrio,s__Vibrio_vulnificus
k__Bacteria,p__Proteobacteria,c__Gammaproteobacteria,o__Vibrionales,f__Vibrionaceae,g__Vibrio,s__Vibrio_parahaemolyticus
k__Bacteria,p__Proteobacteria,c__Gammaproteobacteria,o__Vibrionales,f__Vibrionaceae,g__Vibrio,s__Vibrio_sp_EJY3
k__Bacteria,p__Proteobacteria,c__Gammaproteobacteria,o__Vibrionales,f__Vibrionaceae,g__Vibrio,s__Vibrio_natriegens
k__Bacteria,p__Proteobacteria,c__Gammaproteobacteria,o__Vibrionales,f__Vibrionaceae,g__Vibrio,s__Vibrio_sp_Ex25
k__Bacteria,p__Proteobacteria,c__Gammaproteobacteria,o__Vibrionales,f__Vibrionaceae,g__Vibrio,s__Vibrio_sp_712i1
k__Bacteria,p__Proteobacteria,c__Gammaproteobacteria,o__Vibrionales,f__Vibrionaceae,g__Vibrio,s__Vibrio_alginolyticus
k__Bacteria,p__Proteobacteria,c__Gammaproteobacteria,o__Vibrionales,f__Vibrionaceae,g__Vibrio,s__Vibrio_sp_AND4
k__Bacteria,p__Proteobacteria,c__Gammaproteobacteria,o__Vibrionales,f__Vibrionaceae,g__Vibrio,s__Vibrio_azureus
k__Bacteria,p__Proteobacteria,c__Gammaproteobacteria,o__Vibrionales,f__Vibrionaceae,g__Vibrio,s__Vibrio_rotiferianus
k__Bacteria,p__Proteobacteria,c__Gammaproteobacteria,o__Vibrionales,f__Vibrionaceae,g__Vibrio,s__Vibrio_campbellii
k__Bacteria,p__Proteobacteria,c__Gammaproteobacteria,o__Vibrionales,f__Vibrionaceae,g__Vibrio,s__Vibrio_sp_HENC_02
k__Bacteria,p__Proteobacteria,c__Gammaproteobacteria,o__Vibrionales,f__Vibrionaceae,g__Vibrio,s__Vibrio_sp_HENC_01
k__Bacteria,p__Proteobacteria,c__Gammaproteobacteria,o__Vibrionales,f__Vibrionaceae,g__Vibrio,s__Vibrio_harveyi
k__Bacteria,p__Proteobacteria,c__Gammaproteobacteria,o__Vibrionales,f__Vibrionaceae,g__Vibrio,s__Vibrio_sp_HENC_03
k__Bacteria,p__Proteobacteria,c__Gammaproteobacteria,o__Vibrionales,f__Vibrionaceae,g__Vibrio,s__Vibrio_owensii
k__Bacteria,p__Proteobacteria,c__Gammaproteobacteria,o__Pasteurellales,f__Pasteurellaceae,g__Gallibacterium,s__Gallibacterium_anatis
k__Bacteria,p__Proteobacteria,c__Gammaproteobacteria,o__Pasteurellales,f__Pasteurellaceae,g__Bibersteinia,s__Bibersteinia_trehalosi
k__Bacteria,p__Proteobacteria,c__Gammaproteobacteria,o__Pasteurellales,f__Pasteurellaceae,g__Haemophilus,s__Haemophilus_parasuis
k__Bacteria,p__Proteobacteria,c__Gammaproteobacteria,o__Pasteurellales,f__Pasteurellaceae,g__Mannheimia,s__Mannheimia_haemolytica
k__Bacteria,p__Proteobacteria,c__Gammaproteobacteria,o__Pasteurellales,f__Pasteurellaceae,g__Actinobacillus,s__Actinobacillus_minor
k__Bacteria,p__Proteobacteria,c__Gammaproteobacteria,o__Pasteurellales,f__Pasteurellaceae,g__Haemophilus,s__Haemophilus_sputorum
k__Bacteria,p__Proteobacteria,c__Gammaproteobacteria,o__Pasteurellales,f__Pasteurellaceae,g__Haemophilus,s__Haemophilus_paraphrohaemolyticus
k__Bacteria,p__Proteobacteria,c__Gammaproteobacteria,o__Pasteurellales,f__Pasteurellaceae,g__Haemophilus,s__Haemophilus_parahaemolyticus
k__Bacteria,p__Proteobacteria,c__Gammaproteobacteria,o__Pasteurellales,f__Pasteurellaceae,g__Haemophilus,s__Haemophilus_ducreyi
k__Bacteria,p__Proteobacteria,c__Gammaproteobacteria,o__Pasteurellales,f__Pasteurellaceae,g__Actinobacillus,s__Actinobacillus_pleuropneumoniae
k__Bacteria,p__Proteobacteria,c__Gammaproteobacteria,o__Pasteurellales,f__Pasteurellaceae,g__Actinobacillus,s__Actinobacillus_suis
k__Bacteria,p__Proteobacteria,c__Gammaproteobacteria,o__Pasteurellales,f__Pasteurellaceae,g__Actinobacillus,s__Actinobacillus_ureae
k__Bacteria,p__Proteobacteria,c__Gammaproteobacteria,o__Pasteurellales,f__Pasteurellaceae,g__Actinobacillus,s__Actinobacillus_capsulatus
k__Bacteria,p__Proteobacteria,c__Gammaproteobacteria,o__Pasteurellales,f__Pasteurellaceae,g__Actinobacillus,s__Actinobacillus_succinogenes
k__Bacteria,p__Proteobacteria,c__Gammaproteobacteria,o__Pasteurellales,f__Pasteurellaceae,g__Basfia,s__Mannheimia_succiniciproducens
k__Bacteria,p__Proteobacteria,c__Gammaproteobacteria,o__Pasteurellales,f__Pasteurellaceae,g__Pasteurella,s__Pasteurella_bettyae
k__Bacteria,p__Proteobacteria,c__Gammaproteobacteria,o__Pasteurellales,f__Pasteurellaceae,g__Histophilus,s__Histophilus_somni
k__Bacteria,p__Proteobacteria,c__Gammaproteobacteria,o__Pasteurellales,f__Pasteurellaceae,g__Avibacterium,s__Avibacterium_paragallinarum
k__Bacteria,p__Proteobacteria,c__Gammaproteobacteria,o__Pasteurellales,f__Pasteurellaceae,g__Pasteurella,s__Pasteurella_multocida
k__Bacteria,p__Proteobacteria,c__Gammaproteobacteria,o__Pasteurellales,f__Pasteurellaceae,g__Pasteurella,s__Pasteurella_dagmatis
k__Bacteria,p__Proteobacteria,c__Gammaproteobacteria,o__Pasteurellales,f__Pasteurellaceae,g__Aggregatibacter,s__Aggregatibacter_actinomycetemcomitans
k__Bacteria,p__Proteobacteria,c__Gammaproteobacteria,o__Pasteurellales,f__Pasteurellaceae,g__Aggregatibacter,s__Aggregatibacter_aphrophilus
k__Bacteria,p__Proteobacteria,c__Gammaproteobacteria,o__Pasteurellales,f__Pasteurellaceae,g__Aggregatibacter,s__Aggregatibacter_segnis
k__Bacteria,p__Proteobacteria,c__Gammaproteobacteria,o__Pasteurellales,f__Pasteurellaceae,g__Aggregatibacter,s__Aggregatibacter_sp_oral_taxon_458
k__Bacteria,p__Proteobacteria,c__Gammaproteobacteria,o__Pasteurellales,f__Pasteurellaceae,g__Haemophilus,s__Haemophilus_pittmaniae
k__Bacteria,p__Proteobacteria,c__Gammaproteobacteria,o__Pasteurellales,f__Pasteurellaceae,g__Haemophilus,s__Haemophilus_parainfluenzae
k__Bacteria,p__Proteobacteria,c__Gammaproteobacteria,o__Pasteurellales,f__Pasteurellaceae,g__Pasteurella,s__Pasteurella_pneumotropica
k__Bacteria,p__Proteobacteria,c__Gammaproteobacteria,o__Pasteurellales,f__Pasteurellaceae,g__Haemophilus,s__Haemophilus_sp_oral_taxon_851
k__Bacteria,p__Proteobacteria,c__Gammaproteobacteria,o__Pasteurellales,f__Pasteurellaceae,g__Haemophilus,s__Haemophilus_haemolyticus
k__Bacteria,p__Proteobacteria,c__Gammaproteobacteria,o__Pasteurellales,f__Pasteurellaceae,g__Haemophilus,s__Haemophilus_influenzae
k__Bacteria,p__Proteobacteria,c__Gammaproteobacteria,o__Pasteurellales,f__Pasteurellaceae,g__Haemophilus,s__Haemophilus_aegyptius
k__Bacteria,p__Proteobacteria,c__Gammaproteobacteria,o__Enterobacteriales,f__Enterobacteriaceae,g__Plesiomonas,s__Plesiomonas_shigelloides
k__Bacteria,p__Proteobacteria,c__Gammaproteobacteria,o__Enterobacteriales,f__Enterobacteriaceae,g__Candidatus_Hamiltonella,s__Candidatus_Hamiltonella_defensa
k__Bacteria,p__Proteobacteria,c__Gammaproteobacteria,o__Enterobacteriales,f__Enterobacteriaceae,g__Candidatus_Regiella,s__Candidatus_Regiella_insecticola
k__Bacteria,p__Proteobacteria,c__Gammaproteobacteria,o__Enterobacteriales,f__Enterobacteriaceae,g__Xenorhabdus,s__Xenorhabdus_bovienii
k__Bacteria,p__Proteobacteria,c__Gammaproteobacteria,o__Enterobacteriales,f__Enterobacteriaceae,g__Xenorhabdus,s__Xenorhabdus_nematophila
k__Bacteria,p__Proteobacteria,c__Gammaproteobacteria,o__Enterobacteriales,f__Enterobacteriaceae,g__Photorhabdus,s__Photorhabdus_luminescens
k__Bacteria,p__Proteobacteria,c__Gammaproteobacteria,o__Enterobacteriales,f__Enterobacteriaceae,g__Photorhabdus,s__Photorhabdus_asymbiotica
k__Bacteria,p__Proteobacteria,c__Gammaproteobacteria,o__Enterobacteriales,f__Enterobacteriaceae,g__Photorhabdus,s__Photorhabdus_temperata
k__Bacteria,p__Proteobacteria,c__Gammaproteobacteria,o__Enterobacteriales,f__Enterobacteriaceae,g__Morganella,s__Morganella_morganii
k__Bacteria,p__Proteobacteria,c__Gammaproteobacteria,o__Enterobacteriales,f__Enterobacteriaceae,g__Proteus,s__Proteus_mirabilis
k__Bacteria,p__Proteobacteria,c__Gammaproteobacteria,o__Enterobacteriales,f__Enterobacteriaceae,g__Proteus,s__Proteus_penneri
k__Bacteria,p__Proteobacteria,c__Gammaproteobacteria,o__Enterobacteriales,f__Enterobacteriaceae,g__Providencia,s__Providencia_rettgeri
k__Bacteria,p__Proteobacteria,c__Gammaproteobacteria,o__Enterobacteriales,f__Enterobacteriaceae,g__Providencia,s__Providencia_rustigianii
k__Bacteria,p__Proteobacteria,c__Gammaproteobacteria,o__Enterobacteriales,f__Enterobacteriaceae,g__Providencia,s__Providencia_alcalifaciens
k__Bacteria,p__Proteobacteria,c__Gammaproteobacteria,o__Enterobacteriales,f__Enterobacteriaceae,g__Providencia,s__Providencia_sneebia
k__Bacteria,p__Proteobacteria,c__Gammaproteobacteria,o__Enterobacteriales,f__Enterobacteriaceae,g__Providencia,s__Providencia_stuartii
k__Bacteria,p__Proteobacteria,c__Gammaproteobacteria,o__Enterobacteriales,f__Enterobacteriaceae,g__Providencia,s__Providencia_burhodogranariea
k__Bacteria,p__Proteobacteria,c__Gammaproteobacteria,o__Enterobacteriales,f__Enterobacteriaceae,g__Enterobacteriaceae_noname,s__Enterobacteriaceae_bacterium_9_2_54FAA
k__Bacteria,p__Proteobacteria,c__Gammaproteobacteria,o__Enterobacteriales,f__Enterobacteriaceae,g__Hafnia,s__Hafnia_alvei
k__Bacteria,p__Proteobacteria,c__Gammaproteobacteria,o__Enterobacteriales,f__Enterobacteriaceae,g__Edwardsiella,s__Edwardsiella_ictaluri
k__Bacteria,p__Proteobacteria,c__Gammaproteobacteria,o__Enterobacteriales,f__Enterobacteriaceae,g__Edwardsiella,s__Edwardsiella_tarda
k__Bacteria,p__Proteobacteria,c__Gammaproteobacteria,o__Enterobacteriales,f__Enterobacteriaceae,g__Serratia,s__Serratia_sp_DD3
k__Bacteria,p__Proteobacteria,c__Gammaproteobacteria,o__Enterobacteriales,f__Enterobacteriaceae,g__Serratia,s__Serratia_symbiotica
k__Bacteria,p__Proteobacteria,c__Gammaproteobacteria,o__Enterobacteriales,f__Enterobacteriaceae,g__Serratia,s__Serratia_marcescens
k__Bacteria,p__Proteobacteria,c__Gammaproteobacteria,o__Enterobacteriales,f__Enterobacteriaceae,g__Serratia,s__Serratia_odorifera
k__Bacteria,p__Proteobacteria,c__Gammaproteobacteria,o__Enterobacteriales,f__Enterobacteriaceae,g__Serratia,s__Serratia_liquefaciens
k__Bacteria,p__Proteobacteria,c__Gammaproteobacteria,o__Enterobacteriales,f__Enterobacteriaceae,g__Serratia,s__Serratia_proteamaculans
k__Bacteria,p__Proteobacteria,c__Gammaproteobacteria,o__Enterobacteriales,f__Enterobacteriaceae,g__Serratia,s__Serratia_sp_S4
k__Bacteria,p__Proteobacteria,c__Gammaproteobacteria,o__Enterobacteriales,f__Enterobacteriaceae,g__Serratia,s__Serratia_sp_AS13
k__Bacteria,p__Proteobacteria,c__Gammaproteobacteria,o__Enterobacteriales,f__Enterobacteriaceae,g__Serratia,s__Serratia_sp_AS12
k__Bacteria,p__Proteobacteria,c__Gammaproteobacteria,o__Enterobacteriales,f__Enterobacteriaceae,g__Serratia,s__Serratia_plymuthica
k__Bacteria,p__Proteobacteria,c__Gammaproteobacteria,o__Enterobacteriales,f__Enterobacteriaceae,g__Yersinia,s__Yersinia_ruckeri
k__Bacteria,p__Proteobacteria,c__Gammaproteobacteria,o__Enterobacteriales,f__Enterobacteriaceae,g__Yersinia,s__Yersinia_pestis
k__Bacteria,p__Proteobacteria,c__Gammaproteobacteria,o__Enterobacteriales,f__Enterobacteriaceae,g__Yersinia,s__Yersinia_pseudotuberculosis
k__Bacteria,p__Proteobacteria,c__Gammaproteobacteria,o__Enterobacteriales,f__Enterobacteriaceae,g__Yersinia,s__Yersinia_massiliensis
k__Bacteria,p__Proteobacteria,c__Gammaproteobacteria,o__Enterobacteriales,f__Enterobacteriaceae,g__Yersinia,s__Yersinia_bercovieri
k__Bacteria,p__Proteobacteria,c__Gammaproteobacteria,o__Enterobacteriales,f__Enterobacteriaceae,g__Yersinia,s__Yersinia_mollaretii
k__Bacteria,p__Proteobacteria,c__Gammaproteobacteria,o__Enterobacteriales,f__Enterobacteriaceae,g__Yersinia,s__Yersinia_kristensenii
k__Bacteria,p__Proteobacteria,c__Gammaproteobacteria,o__Enterobacteriales,f__Enterobacteriaceae,g__Yersinia,s__Yersinia_frederiksenii
k__Bacteria,p__Proteobacteria,c__Gammaproteobacteria,o__Enterobacteriales,f__Enterobacteriaceae,g__Yersinia,s__Yersinia_rohdei
k__Bacteria,p__Proteobacteria,c__Gammaproteobacteria,o__Enterobacteriales,f__Enterobacteriaceae,g__Yersinia,s__Yersinia_enterocolitica
k__Bacteria,p__Proteobacteria,c__Gammaproteobacteria,o__Enterobacteriales,f__Enterobacteriaceae,g__Yersinia,s__Yersinia_intermedia
k__Bacteria,p__Proteobacteria,c__Gammaproteobacteria,o__Enterobacteriales,f__Enterobacteriaceae,g__Yersinia,s__Yersinia_aldovae
k__Bacteria,p__Proteobacteria,c__Gammaproteobacteria,o__Enterobacteriales,f__Enterobacteriaceae,g__Sodalis,s__Sodalis_glossinidius
k__Bacteria,p__Proteobacteria,c__Gammaproteobacteria,o__Enterobacteriales,f__Enterobacteriaceae,g__Candidatus_Moranella,s__Candidatus_Moranella_endobia
k__Bacteria,p__Proteobacteria,c__Gammaproteobacteria,o__Enterobacteriales,f__Enterobacteriaceae,g__Enterobacteriaceae_noname,s__secondary_endosymbiont_of_Ctenarytaina_eucalypti
k__Bacteria,p__Proteobacteria,c__Gammaproteobacteria,o__Enterobacteriales,f__Enterobacteriaceae,g__Enterobacteriaceae_noname,s__secondary_endosymbiont_of_Heteropsylla_cubana
k__Bacteria,p__Proteobacteria,c__Gammaproteobacteria,o__Gammaproteobacteria_noname,f__Gammaproteobacteria_noname,g__Gammaproteobacteria_noname,s__Candidatus_Baumannia_cicadellinicola
k__Bacteria,p__Proteobacteria,c__Gammaproteobacteria,o__Enterobacteriales,f__Enterobacteriaceae,g__Buchnera,s__Buchnera_aphidicola
k__Bacteria,p__Proteobacteria,c__Gammaproteobacteria,o__Enterobacteriales,f__Enterobacteriaceae,g__Wigglesworthia,s__Wigglesworthia_glossinidia
k__Bacteria,p__Proteobacteria,c__Gammaproteobacteria,o__Enterobacteriales,f__Enterobacteriaceae,g__Candidatus_Riesia,s__Candidatus_Riesia_pediculicola
k__Bacteria,p__Proteobacteria,c__Gammaproteobacteria,o__Enterobacteriales,f__Enterobacteriaceae,g__Candidatus_Blochmannia,s__Candidatus_Blochmannia_pennsylvanicus
k__Bacteria,p__Proteobacteria,c__Gammaproteobacteria,o__Enterobacteriales,f__Enterobacteriaceae,g__Candidatus_Blochmannia,s__Candidatus_Blochmannia_chromaiodes
k__Bacteria,p__Proteobacteria,c__Gammaproteobacteria,o__Enterobacteriales,f__Enterobacteriaceae,g__Candidatus_Blochmannia,s__Candidatus_Blochmannia_floridanus
k__Bacteria,p__Proteobacteria,c__Gammaproteobacteria,o__Enterobacteriales,f__Enterobacteriaceae,g__Candidatus_Blochmannia,s__Candidatus_Blochmannia_vafer
k__Bacteria,p__Proteobacteria,c__Gammaproteobacteria,o__Enterobacteriales,f__Enterobacteriaceae,g__Brenneria,s__Brenneria_sp_EniD312
k__Bacteria,p__Proteobacteria,c__Gammaproteobacteria,o__Enterobacteriales,f__Enterobacteriaceae,g__Pectobacterium,s__Pectobacterium_carotovorum
k__Bacteria,p__Proteobacteria,c__Gammaproteobacteria,o__Enterobacteriales,f__Enterobacteriaceae,g__Pectobacterium,s__Pectobacterium_atrosepticum
k__Bacteria,p__Proteobacteria,c__Gammaproteobacteria,o__Enterobacteriales,f__Enterobacteriaceae,g__Pectobacterium,s__Pectobacterium_wasabiae
k__Bacteria,p__Proteobacteria,c__Gammaproteobacteria,o__Enterobacteriales,f__Enterobacteriaceae,g__Serratia,s__Serratia_sp_ATCC_39006
k__Bacteria,p__Proteobacteria,c__Gammaproteobacteria,o__Enterobacteriales,f__Enterobacteriaceae,g__Dickeya,s__Dickeya_paradisiaca
k__Bacteria,p__Proteobacteria,c__Gammaproteobacteria,o__Enterobacteriales,f__Enterobacteriaceae,g__Dickeya,s__Dickeya_zeae
k__Bacteria,p__Proteobacteria,c__Gammaproteobacteria,o__Enterobacteriales,f__Enterobacteriaceae,g__Dickeya,s__Dickeya_dadantii
k__Bacteria,p__Proteobacteria,c__Gammaproteobacteria,o__Enterobacteriales,f__Enterobacteriaceae,g__Dickeya,s__Dickeya_solani
k__Bacteria,p__Proteobacteria,c__Gammaproteobacteria,o__Enterobacteriales,f__Enterobacteriaceae,g__Dickeya,s__Dickeya_sp_D_s0432_1
k__Bacteria,p__Proteobacteria,c__Gammaproteobacteria,o__Enterobacteriales,f__Enterobacteriaceae,g__Serratia,s__Serratia_sp_M24T3
k__Bacteria,p__Proteobacteria,c__Gammaproteobacteria,o__Enterobacteriales,f__Enterobacteriaceae,g__Rahnella,s__Rahnella_sp_Y9602
k__Bacteria,p__Proteobacteria,c__Gammaproteobacteria,o__Enterobacteriales,f__Enterobacteriaceae,g__Rahnella,s__Rahnella_aquatilis
k__Bacteria,p__Proteobacteria,c__Gammaproteobacteria,o__Enterobacteriales,f__Enterobacteriaceae,g__Erwinia,s__Erwinia_toletana
k__Bacteria,p__Proteobacteria,c__Gammaproteobacteria,o__Enterobacteriales,f__Enterobacteriaceae,g__Erwinia,s__Erwinia_billingiae
k__Bacteria,p__Proteobacteria,c__Gammaproteobacteria,o__Enterobacteriales,f__Enterobacteriaceae,g__Erwinia,s__Erwinia_tracheiphila
k__Bacteria,p__Proteobacteria,c__Gammaproteobacteria,o__Enterobacteriales,f__Enterobacteriaceae,g__Erwinia,s__Erwinia_tasmaniensis
k__Bacteria,p__Proteobacteria,c__Gammaproteobacteria,o__Enterobacteriales,f__Enterobacteriaceae,g__Erwinia,s__Erwinia_amylovora
k__Bacteria,p__Proteobacteria,c__Gammaproteobacteria,o__Enterobacteriales,f__Enterobacteriaceae,g__Erwinia,s__Erwinia_pyrifoliae
k__Bacteria,p__Proteobacteria,c__Gammaproteobacteria,o__Enterobacteriales,f__Enterobacteriaceae,g__Erwinia,s__Erwinia_sp_Ejp617
k__Bacteria,p__Proteobacteria,c__Gammaproteobacteria,o__Enterobacteriales,f__Enterobacteriaceae,g__Pantoea,s__Pantoea_sp_At_9b
k__Bacteria,p__Proteobacteria,c__Gammaproteobacteria,o__Enterobacteriales,f__Enterobacteriaceae,g__Pantoea,s__Pantoea_sp_A4
k__Bacteria,p__Proteobacteria,c__Gammaproteobacteria,o__Enterobacteriales,f__Enterobacteriaceae,g__Enterobacteriaceae_noname,s__Plautia_stali_symbiont
k__Bacteria,p__Proteobacteria,c__Gammaproteobacteria,o__Enterobacteriales,f__Enterobacteriaceae,g__Pantoea,s__Pantoea_dispersa
k__Bacteria,p__Proteobacteria,c__Gammaproteobacteria,o__Enterobacteriales,f__Enterobacteriaceae,g__Pantoea,s__Pantoea_sp_GM01
k__Bacteria,p__Proteobacteria,c__Gammaproteobacteria,o__Enterobacteriales,f__Enterobacteriaceae,g__Pantoea,s__Pantoea_sp_YR343
k__Bacteria,p__Proteobacteria,c__Gammaproteobacteria,o__Enterobacteriales,f__Enterobacteriaceae,g__Pantoea,s__Pantoea_stewartii
k__Bacteria,p__Proteobacteria,c__Gammaproteobacteria,o__Enterobacteriales,f__Enterobacteriaceae,g__Pantoea,s__Pantoea_ananatis
k__Bacteria,p__Proteobacteria,c__Gammaproteobacteria,o__Enterobacteriales,f__Enterobacteriaceae,g__Pantoea,s__Pantoea_sp_Sc1
k__Bacteria,p__Proteobacteria,c__Gammaproteobacteria,o__Enterobacteriales,f__Enterobacteriaceae,g__Pantoea,s__Pantoea_vagans
k__Bacteria,p__Proteobacteria,c__Gammaproteobacteria,o__Enterobacteriales,f__Enterobacteriaceae,g__Pantoea,s__Pantoea_sp_aB
k__Bacteria,p__Proteobacteria,c__Gammaproteobacteria,o__Enterobacteriales,f__Enterobacteriaceae,g__Pantoea,s__Pantoea_sp_SL1_M5
k__Bacteria,p__Proteobacteria,c__Gammaproteobacteria,o__Enterobacteriales,f__Enterobacteriaceae,g__Pantoea,s__Pantoea_agglomerans
k__Bacteria,p__Proteobacteria,c__Gammaproteobacteria,o__Enterobacteriales,f__Enterobacteriaceae,g__Cronobacter,s__Cronobacter_universalis
k__Bacteria,p__Proteobacteria,c__Gammaproteobacteria,o__Enterobacteriales,f__Enterobacteriaceae,g__Cronobacter,s__Cronobacter_malonaticus
k__Bacteria,p__Proteobacteria,c__Gammaproteobacteria,o__Enterobacteriales,f__Enterobacteriaceae,g__Cronobacter,s__Cronobacter_turicensis
k__Bacteria,p__Proteobacteria,c__Gammaproteobacteria,o__Enterobacteriales,f__Enterobacteriaceae,g__Cronobacter,s__Cronobacter_sakazakii
k__Bacteria,p__Proteobacteria,c__Gammaproteobacteria,o__Enterobacteriales,f__Enterobacteriaceae,g__Cronobacter,s__Cronobacter_condimenti
k__Bacteria,p__Proteobacteria,c__Gammaproteobacteria,o__Enterobacteriales,f__Enterobacteriaceae,g__Cronobacter,s__Cronobacter_dublinensis
k__Bacteria,p__Proteobacteria,c__Gammaproteobacteria,o__Enterobacteriales,f__Enterobacteriaceae,g__Escherichia,s__Escherichia_hermannii
k__Bacteria,p__Proteobacteria,c__Gammaproteobacteria,o__Enterobacteriales,f__Enterobacteriaceae,g__Enterobacter,s__Enterobacter_sp_Ag1
k__Bacteria,p__Proteobacteria,c__Gammaproteobacteria,o__Enterobacteriales,f__Enterobacteriaceae,g__Cedecea,s__Cedecea_davisae
k__Bacteria,p__Proteobacteria,c__Gammaproteobacteria,o__Enterobacteriales,f__Enterobacteriaceae,g__Shimwellia,s__Shimwellia_blattae
k__Bacteria,p__Proteobacteria,c__Gammaproteobacteria,o__Enterobacteriales,f__Enterobacteriaceae,g__Kosakonia,s__Kosakonia_radicincitans
k__Bacteria,p__Proteobacteria,c__Gammaproteobacteria,o__Enterobacteriales,f__Enterobacteriaceae,g__Enterobacter,s__Enterobacter_sp_R4_368
k__Bacteria,p__Proteobacteria,c__Gammaproteobacteria,o__Enterobacteriales,f__Enterobacteriaceae,g__Raoultella,s__Raoultella_ornithinolytica
k__Bacteria,p__Proteobacteria,c__Gammaproteobacteria,o__Enterobacteriales,f__Enterobacteriaceae,g__Klebsiella,s__Klebsiella_oxytoca
k__Bacteria,p__Proteobacteria,c__Gammaproteobacteria,o__Enterobacteriales,f__Enterobacteriaceae,g__Klebsiella,s__Klebsiella_sp_OBRC7
k__Bacteria,p__Proteobacteria,c__Gammaproteobacteria,o__Enterobacteriales,f__Enterobacteriaceae,g__Enterobacter,s__Enterobacter_aerogenes
k__Bacteria,p__Proteobacteria,c__Gammaproteobacteria,o__Enterobacteriales,f__Enterobacteriaceae,g__Klebsiella,s__Klebsiella_sp_KTE92
k__Bacteria,p__Proteobacteria,c__Gammaproteobacteria,o__Enterobacteriales,f__Enterobacteriaceae,g__Klebsiella,s__Klebsiella_variicola
k__Bacteria,p__Proteobacteria,c__Gammaproteobacteria,o__Enterobacteriales,f__Enterobacteriaceae,g__Klebsiella,s__Klebsiella_sp_1_1_55
k__Bacteria,p__Proteobacteria,c__Gammaproteobacteria,o__Enterobacteriales,f__Enterobacteriaceae,g__Klebsiella,s__Klebsiella_sp_MS_92_3
k__Bacteria,p__Proteobacteria,c__Gammaproteobacteria,o__Enterobacteriales,f__Enterobacteriaceae,g__Klebsiella,s__Klebsiella_sp_4_1_44FAA
k__Bacteria,p__Proteobacteria,c__Gammaproteobacteria,o__Enterobacteriales,f__Enterobacteriaceae,g__Klebsiella,s__Klebsiella_pneumoniae
k__Bacteria,p__Proteobacteria,c__Gammaproteobacteria,o__Enterobacteriales,f__Enterobacteriaceae,g__Enterobacter,s__Enterobacter_lignolyticus
k__Bacteria,p__Proteobacteria,c__Gammaproteobacteria,o__Enterobacteriales,f__Enterobacteriaceae,g__Yokenella,s__Yokenella_regensburgei
k__Bacteria,p__Proteobacteria,c__Gammaproteobacteria,o__Enterobacteriales,f__Enterobacteriaceae,g__Enterobacter,s__Enterobacter_sp_638
k__Bacteria,p__Proteobacteria,c__Gammaproteobacteria,o__Enterobacteriales,f__Enterobacteriaceae,g__Enterobacter,s__Enterobacter_asburiae
k__Bacteria,p__Proteobacteria,c__Gammaproteobacteria,o__Enterobacteriales,f__Enterobacteriaceae,g__Enterobacter,s__Enterobacter_mori
k__Bacteria,p__Proteobacteria,c__Gammaproteobacteria,o__Enterobacteriales,f__Enterobacteriaceae,g__Enterobacter,s__Enterobacter_cancerogenus
k__Bacteria,p__Proteobacteria,c__Gammaproteobacteria,o__Enterobacteriales,f__Enterobacteriaceae,g__Enterobacter,s__Enterobacter_sp_MR1
k__Bacteria,p__Proteobacteria,c__Gammaproteobacteria,o__Enterobacteriales,f__Enterobacteriaceae,g__Enterobacter,s__Enterobacter_sp_MGH_38
k__Bacteria,p__Proteobacteria,c__Gammaproteobacteria,o__Enterobacteriales,f__Enterobacteriaceae,g__Enterobacter,s__Enterobacter_sp_MGH_14
k__Bacteria,p__Proteobacteria,c__Gammaproteobacteria,o__Enterobacteriales,f__Enterobacteriaceae,g__Enterobacter,s__Enterobacter_hormaechei
k__Bacteria,p__Proteobacteria,c__Gammaproteobacteria,o__Enterobacteriales,f__Enterobacteriaceae,g__Enterobacter,s__Enterobacter_sp_MGH_8
k__Bacteria,p__Proteobacteria,c__Gammaproteobacteria,o__Enterobacteriales,f__Enterobacteriaceae,g__Enterobacter,s__Enterobacter_sp_MGH_26
k__Bacteria,p__Proteobacteria,c__Gammaproteobacteria,o__Enterobacteriales,f__Enterobacteriaceae,g__Enterobacter,s__Enterobacter_sp_MGH_24
k__Bacteria,p__Proteobacteria,c__Gammaproteobacteria,o__Enterobacteriales,f__Enterobacteriaceae,g__Enterobacter,s__Enterobacter_sp_MGH_25
k__Bacteria,p__Proteobacteria,c__Gammaproteobacteria,o__Enterobacteriales,f__Enterobacteriaceae,g__Enterobacter,s__Enterobacter_sp_MGH_23
k__Bacteria,p__Proteobacteria,c__Gammaproteobacteria,o__Enterobacteriales,f__Enterobacteriaceae,g__Enterobacter,s__Enterobacter_sp_MGH_22
k__Bacteria,p__Proteobacteria,c__Gammaproteobacteria,o__Enterobacteriales,f__Enterobacteriaceae,g__Enterobacter,s__Enterobacter_sp_MGH_34
k__Bacteria,p__Proteobacteria,c__Gammaproteobacteria,o__Enterobacteriales,f__Enterobacteriaceae,g__Enterobacter,s__Enterobacter_sp_MGH_16
k__Bacteria,p__Proteobacteria,c__Gammaproteobacteria,o__Enterobacteriales,f__Enterobacteriaceae,g__Enterobacter,s__Enterobacter_sp_SST3
k__Bacteria,p__Proteobacteria,c__Gammaproteobacteria,o__Enterobacteriales,f__Enterobacteriaceae,g__Enterobacter,s__Enterobacter_cloacae
k__Bacteria,p__Proteobacteria,c__Gammaproteobacteria,o__Enterobacteriales,f__Enterobacteriaceae,g__Citrobacter,s__Citrobacter_koseri
k__Bacteria,p__Proteobacteria,c__Gammaproteobacteria,o__Enterobacteriales,f__Enterobacteriaceae,g__Citrobacter,s__Citrobacter_youngae
k__Bacteria,p__Proteobacteria,c__Gammaproteobacteria,o__Enterobacteriales,f__Enterobacteriaceae,g__Citrobacter,s__Citrobacter_freundii
k__Bacteria,p__Proteobacteria,c__Gammaproteobacteria,o__Enterobacteriales,f__Enterobacteriaceae,g__Citrobacter,s__Citrobacter_sp_KTE30
k__Bacteria,p__Proteobacteria,c__Gammaproteobacteria,o__Enterobacteriales,f__Enterobacteriaceae,g__Citrobacter,s__Citrobacter_sp_KTE32
k__Bacteria,p__Proteobacteria,c__Gammaproteobacteria,o__Enterobacteriales,f__Enterobacteriaceae,g__Citrobacter,s__Citrobacter_sp_KTE151
k__Bacteria,p__Proteobacteria,c__Gammaproteobacteria,o__Enterobacteriales,f__Enterobacteriaceae,g__Citrobacter,s__Citrobacter_sp_30_2
k__Bacteria,p__Proteobacteria,c__Gammaproteobacteria,o__Enterobacteriales,f__Enterobacteriaceae,g__Citrobacter,s__Citrobacter_sp_A1
k__Bacteria,p__Proteobacteria,c__Gammaproteobacteria,o__Enterobacteriales,f__Enterobacteriaceae,g__Citrobacter,s__Citrobacter_sp_L17
k__Bacteria,p__Proteobacteria,c__Gammaproteobacteria,o__Enterobacteriales,f__Enterobacteriaceae,g__Salmonella,s__Salmonella_bongori
k__Bacteria,p__Proteobacteria,c__Gammaproteobacteria,o__Enterobacteriales,f__Enterobacteriaceae,g__Salmonella,s__Salmonella_enterica
k__Bacteria,p__Proteobacteria,c__Gammaproteobacteria,o__Enterobacteriales,f__Enterobacteriaceae,g__Citrobacter,s__Citrobacter_rodentium
k__Bacteria,p__Proteobacteria,c__Gammaproteobacteria,o__Enterobacteriales,f__Enterobacteriaceae,g__Escherichia,s__Escherichia_fergusonii
k__Bacteria,p__Proteobacteria,c__Gammaproteobacteria,o__Enterobacteriales,f__Enterobacteriaceae,g__Escherichia,s__Escherichia_sp_TW09308
k__Bacteria,p__Proteobacteria,c__Gammaproteobacteria,o__Enterobacteriales,f__Enterobacteriaceae,g__Escherichia,s__Escherichia_sp_TW11588
k__Bacteria,p__Proteobacteria,c__Gammaproteobacteria,o__Enterobacteriales,f__Enterobacteriaceae,g__Escherichia,s__Escherichia_sp_TW09276
k__Bacteria,p__Proteobacteria,c__Gammaproteobacteria,o__Enterobacteriales,f__Enterobacteriaceae,g__Escherichia,s__Escherichia_sp_TW09231
k__Bacteria,p__Proteobacteria,c__Gammaproteobacteria,o__Enterobacteriales,f__Enterobacteriaceae,g__Escherichia,s__Escherichia_sp_TW10509
k__Bacteria,p__Proteobacteria,c__Gammaproteobacteria,o__Enterobacteriales,f__Enterobacteriaceae,g__Escherichia,s__Escherichia_sp_1_1_43
k__Bacteria,p__Proteobacteria,c__Gammaproteobacteria,o__Enterobacteriales,f__Enterobacteriaceae,g__Shigella,s__Shigella_sp_D9
k__Bacteria,p__Proteobacteria,c__Gammaproteobacteria,o__Enterobacteriales,f__Enterobacteriaceae,g__Escherichia,s__Escherichia_sp_4_1_40B
k__Bacteria,p__Proteobacteria,c__Gammaproteobacteria,o__Enterobacteriales,f__Enterobacteriaceae,g__Escherichia,s__Escherichia_albertii
k__Bacteria,p__Proteobacteria,c__Gammaproteobacteria,o__Enterobacteriales,f__Enterobacteriaceae,g__Escherichia,s__Escherichia_sp_3_2_53FAA
k__Bacteria,p__Proteobacteria,c__Gammaproteobacteria,o__Enterobacteriales,f__Enterobacteriaceae,g__Shigella,s__Shigella_dysenteriae
k__Bacteria,p__Proteobacteria,c__Gammaproteobacteria,o__Enterobacteriales,f__Enterobacteriaceae,g__Shigella,s__Shigella_flexneri
k__Bacteria,p__Proteobacteria,c__Gammaproteobacteria,o__Enterobacteriales,f__Enterobacteriaceae,g__Escherichia,s__Escherichia_coli
k__Bacteria,p__Proteobacteria,c__Gammaproteobacteria,o__Enterobacteriales,f__Enterobacteriaceae,g__Shigella,s__Shigella_boydii
k__Bacteria,p__Proteobacteria,c__Gammaproteobacteria,o__Enterobacteriales,f__Enterobacteriaceae,g__Shigella,s__Shigella_sonnei
